# ------------------------------------------------------------------------
# Radiance spectrum
# NASA-GSFC Planetary Spectrum Generator (PSG) (Villanueva et al. 2018, 2022)
# Synthesized on Wed May 20 20:44:13 2026
# Doppler velocities [km/s] (vobs,vrot+vorb,vwidth,vrfl,vstr): 29.78000,-0.00000,0.00000,-0.00000,-0.00000
# ------------------------------------------------------------------------
# Spectra synthesized with the Planetary and Universal Model of Atmospheric Scattering (PUMAS, Villanueva et al. 2018, 2022)
# Single scattering radiative transfer method
# Radiative transfer took 8.335 seconds
# ------------------------------------------------------------------------
# Spectral unit: Wavelength [um]
# Radiance unit: Contrast [radiance ratio w.r.t. parent star]
# Wave/freq Total Stellar Earthlike-Cloudy Transit
5.000000000e-01  6.6870418e-04  1.00000e+00  7.51388e-05  7.51388e-05
5.001000000e-01  5.0948479e-04  1.00000e+00  7.51517e-05  7.51517e-05
5.002000200e-01  3.8230709e-04  1.00000e+00  7.51618e-05  7.51618e-05
5.003000600e-01  2.8464293e-04  1.00000e+00  7.51692e-05  7.51692e-05
5.004001200e-01  2.1269374e-04  1.00000e+00  7.51744e-05  7.51744e-05
5.005002000e-01  1.6193918e-04  1.00000e+00  7.51776e-05  7.51776e-05
5.006003001e-01  1.2770994e-04  1.00000e+00  7.51794e-05  7.51794e-05
5.007004201e-01  1.0566961e-04  1.00000e+00  7.51800e-05  7.51800e-05
5.008005602e-01  9.2134287e-05  1.00000e+00  7.51798e-05  7.51798e-05
5.009007203e-01  8.4213147e-05  1.00000e+00  7.51790e-05  7.51790e-05
5.010009005e-01  7.9798030e-05  1.00000e+00  7.51778e-05  7.51778e-05
5.011011007e-01  7.7454549e-05  1.00000e+00  7.51763e-05  7.51763e-05
5.012013209e-01  7.6269664e-05  1.00000e+00  7.51746e-05  7.51746e-05
5.013015611e-01  7.5698651e-05  1.00000e+00  7.51728e-05  7.51728e-05
5.014018215e-01  7.5436492e-05  1.00000e+00  7.51708e-05  7.51708e-05
5.015021018e-01  7.5322644e-05  1.00000e+00  7.51689e-05  7.51689e-05
5.016024022e-01  7.5277398e-05  1.00000e+00  7.51669e-05  7.51669e-05
5.017027227e-01  7.5263042e-05  1.00000e+00  7.51650e-05  7.51650e-05
5.018030633e-01  7.5262039e-05  1.00000e+00  7.51632e-05  7.51632e-05
5.019034239e-01  7.5265803e-05  1.00000e+00  7.51615e-05  7.51615e-05
5.020038046e-01  7.5269565e-05  1.00000e+00  7.51599e-05  7.51599e-05
5.021042053e-01  7.5270310e-05  1.00000e+00  7.51583e-05  7.51583e-05
5.022046262e-01  7.5266057e-05  1.00000e+00  7.51568e-05  7.51568e-05
5.023050671e-01  7.5256153e-05  1.00000e+00  7.51552e-05  7.51552e-05
5.024055281e-01  7.5240773e-05  1.00000e+00  7.51535e-05  7.51535e-05
5.025060092e-01  7.5220558e-05  1.00000e+00  7.51517e-05  7.51517e-05
5.026065104e-01  7.5196096e-05  1.00000e+00  7.51496e-05  7.51496e-05
5.027070317e-01  7.5167497e-05  1.00000e+00  7.51473e-05  7.51473e-05
5.028075731e-01  7.5134391e-05  1.00000e+00  7.51446e-05  7.51446e-05
5.029081346e-01  7.5096473e-05  1.00000e+00  7.51416e-05  7.51416e-05
5.030087163e-01  7.5054503e-05  1.00000e+00  7.51381e-05  7.51381e-05
5.031093180e-01  7.5011350e-05  1.00000e+00  7.51343e-05  7.51343e-05
5.032099399e-01  7.4972518e-05  1.00000e+00  7.51300e-05  7.51300e-05
5.033105819e-01  7.4945714e-05  1.00000e+00  7.51253e-05  7.51253e-05
5.034112440e-01  7.4939386e-05  1.00000e+00  7.51206e-05  7.51206e-05
5.035119262e-01  7.4960609e-05  1.00000e+00  7.51160e-05  7.51160e-05
5.036126286e-01  7.5013139e-05  1.00000e+00  7.51119e-05  7.51119e-05
5.037133511e-01  7.5096326e-05  1.00000e+00  7.51086e-05  7.51086e-05
5.038140938e-01  7.5205360e-05  1.00000e+00  7.51065e-05  7.51065e-05
5.039148566e-01  7.5332497e-05  1.00000e+00  7.51058e-05  7.51058e-05
5.040156396e-01  7.5468763e-05  1.00000e+00  7.51067e-05  7.51067e-05
5.041164427e-01  7.5605224e-05  1.00000e+00  7.51092e-05  7.51092e-05
5.042172660e-01  7.5733650e-05  1.00000e+00  7.51132e-05  7.51132e-05
5.043181095e-01  7.5846580e-05  1.00000e+00  7.51185e-05  7.51185e-05
5.044189731e-01  7.5937380e-05  1.00000e+00  7.51250e-05  7.51250e-05
5.045198569e-01  7.6000680e-05  1.00000e+00  7.51323e-05  7.51323e-05
5.046207609e-01  7.6033246e-05  1.00000e+00  7.51401e-05  7.51401e-05
5.047216850e-01  7.6034874e-05  1.00000e+00  7.51480e-05  7.51480e-05
5.048226293e-01  7.6008835e-05  1.00000e+00  7.51556e-05  7.51556e-05
5.049235939e-01  7.5961498e-05  1.00000e+00  7.51628e-05  7.51628e-05
5.050245786e-01  7.5901287e-05  1.00000e+00  7.51693e-05  7.51693e-05
5.051255835e-01  7.5837430e-05  1.00000e+00  7.51750e-05  7.51750e-05
5.052266086e-01  7.5778869e-05  1.00000e+00  7.51799e-05  7.51799e-05
5.053276539e-01  7.5733525e-05  1.00000e+00  7.51841e-05  7.51841e-05
5.054287195e-01  7.5707753e-05  1.00000e+00  7.51880e-05  7.51880e-05
5.055298052e-01  7.5705729e-05  1.00000e+00  7.51916e-05  7.51916e-05
5.056309112e-01  7.5728594e-05  1.00000e+00  7.51953e-05  7.51953e-05
5.057320374e-01  7.5773664e-05  1.00000e+00  7.51993e-05  7.51993e-05
5.058331838e-01  7.5834257e-05  1.00000e+00  7.52040e-05  7.52040e-05
5.059343504e-01  7.5900515e-05  1.00000e+00  7.52093e-05  7.52093e-05
5.060355373e-01  7.5961463e-05  1.00000e+00  7.52153e-05  7.52153e-05
5.061367444e-01  7.6007866e-05  1.00000e+00  7.52219e-05  7.52219e-05
5.062379717e-01  7.6034758e-05  1.00000e+00  7.52288e-05  7.52288e-05
5.063392193e-01  7.6042859e-05  1.00000e+00  7.52359e-05  7.52359e-05
5.064404872e-01  7.6038064e-05  1.00000e+00  7.52429e-05  7.52429e-05
5.065417753e-01  7.6029238e-05  1.00000e+00  7.52498e-05  7.52498e-05
5.066430836e-01  7.6025089e-05  1.00000e+00  7.52565e-05  7.52565e-05
5.067444122e-01  7.6031390e-05  1.00000e+00  7.52631e-05  7.52631e-05
5.068457611e-01  7.6049644e-05  1.00000e+00  7.52698e-05  7.52698e-05
5.069471303e-01  7.6077472e-05  1.00000e+00  7.52767e-05  7.52767e-05
5.070485197e-01  7.6110404e-05  1.00000e+00  7.52839e-05  7.52839e-05
5.071499294e-01  7.6144110e-05  1.00000e+00  7.52914e-05  7.52914e-05
5.072513594e-01  7.6176104e-05  1.00000e+00  7.52993e-05  7.52993e-05
5.073528097e-01  7.6206294e-05  1.00000e+00  7.53073e-05  7.53073e-05
5.074542802e-01  7.6236387e-05  1.00000e+00  7.53157e-05  7.53157e-05
5.075557711e-01  7.6268550e-05  1.00000e+00  7.53243e-05  7.53243e-05
5.076572822e-01  7.6304004e-05  1.00000e+00  7.53332e-05  7.53332e-05
5.077588137e-01  7.6342141e-05  1.00000e+00  7.53425e-05  7.53425e-05
5.078603654e-01  7.6380453e-05  1.00000e+00  7.53521e-05  7.53521e-05
5.079619375e-01  7.6415302e-05  1.00000e+00  7.53620e-05  7.53620e-05
5.080635299e-01  7.6443137e-05  1.00000e+00  7.53721e-05  7.53721e-05
5.081651426e-01  7.6461737e-05  1.00000e+00  7.53825e-05  7.53825e-05
5.082667756e-01  7.6470834e-05  1.00000e+00  7.53928e-05  7.53928e-05
5.083684290e-01  7.6472037e-05  1.00000e+00  7.54032e-05  7.54032e-05
5.084701027e-01  7.6467957e-05  1.00000e+00  7.54134e-05  7.54134e-05
5.085717967e-01  7.6461110e-05  1.00000e+00  7.54234e-05  7.54234e-05
5.086735111e-01  7.6453091e-05  1.00000e+00  7.54333e-05  7.54333e-05
5.087752458e-01  7.6444404e-05  1.00000e+00  7.54430e-05  7.54430e-05
5.088770008e-01  7.6434972e-05  1.00000e+00  7.54524e-05  7.54524e-05
5.089787762e-01  7.6424942e-05  1.00000e+00  7.54617e-05  7.54617e-05
5.090805720e-01  7.6415225e-05  1.00000e+00  7.54708e-05  7.54708e-05
5.091823881e-01  7.6407439e-05  1.00000e+00  7.54796e-05  7.54796e-05
5.092842246e-01  7.6403275e-05  1.00000e+00  7.54884e-05  7.54884e-05
5.093860814e-01  7.6403595e-05  1.00000e+00  7.54970e-05  7.54970e-05
5.094879586e-01  7.6407858e-05  1.00000e+00  7.55056e-05  7.55056e-05
5.095898562e-01  7.6414151e-05  1.00000e+00  7.55141e-05  7.55141e-05
5.096917742e-01  7.6419895e-05  1.00000e+00  7.55226e-05  7.55226e-05
5.097937125e-01  7.6422784e-05  1.00000e+00  7.55311e-05  7.55311e-05
5.098956713e-01  7.6421587e-05  1.00000e+00  7.55396e-05  7.55396e-05
5.099976504e-01  7.6416400e-05  1.00000e+00  7.55479e-05  7.55479e-05
5.100996499e-01  7.6408265e-05  1.00000e+00  7.55561e-05  7.55561e-05
5.102016699e-01  7.6398500e-05  1.00000e+00  7.55641e-05  7.55641e-05
5.103037102e-01  7.6388066e-05  1.00000e+00  7.55719e-05  7.55719e-05
5.104057710e-01  7.6377249e-05  1.00000e+00  7.55795e-05  7.55795e-05
5.105078521e-01  7.6365835e-05  1.00000e+00  7.55869e-05  7.55869e-05
5.106099537e-01  7.6353523e-05  1.00000e+00  7.55942e-05  7.55942e-05
5.107120757e-01  7.6340332e-05  1.00000e+00  7.56012e-05  7.56012e-05
5.108142181e-01  7.6326739e-05  1.00000e+00  7.56080e-05  7.56080e-05
5.109163809e-01  7.6313486e-05  1.00000e+00  7.56146e-05  7.56146e-05
5.110185642e-01  7.6301224e-05  1.00000e+00  7.56210e-05  7.56210e-05
5.111207679e-01  7.6290133e-05  1.00000e+00  7.56273e-05  7.56273e-05
5.112229921e-01  7.6279838e-05  1.00000e+00  7.56333e-05  7.56333e-05
5.113252367e-01  7.6269573e-05  1.00000e+00  7.56392e-05  7.56392e-05
5.114275017e-01  7.6258549e-05  1.00000e+00  7.56449e-05  7.56449e-05
5.115297872e-01  7.6246301e-05  1.00000e+00  7.56505e-05  7.56505e-05
5.116320932e-01  7.6232879e-05  1.00000e+00  7.56558e-05  7.56558e-05
5.117344196e-01  7.6218786e-05  1.00000e+00  7.56610e-05  7.56610e-05
5.118367665e-01  7.6204762e-05  1.00000e+00  7.56660e-05  7.56660e-05
5.119391338e-01  7.6191504e-05  1.00000e+00  7.56708e-05  7.56708e-05
5.120415217e-01  7.6179457e-05  1.00000e+00  7.56754e-05  7.56754e-05
5.121439300e-01  7.6168736e-05  1.00000e+00  7.56799e-05  7.56799e-05
5.122463587e-01  7.6159173e-05  1.00000e+00  7.56842e-05  7.56842e-05
5.123488080e-01  7.6150433e-05  1.00000e+00  7.56883e-05  7.56883e-05
5.124512778e-01  7.6142155e-05  1.00000e+00  7.56924e-05  7.56924e-05
5.125537680e-01  7.6134062e-05  1.00000e+00  7.56963e-05  7.56963e-05
5.126562788e-01  7.6126017e-05  1.00000e+00  7.57002e-05  7.57002e-05
5.127588100e-01  7.6118029e-05  1.00000e+00  7.57039e-05  7.57039e-05
5.128613618e-01  7.6110217e-05  1.00000e+00  7.57075e-05  7.57075e-05
5.129639341e-01  7.6102753e-05  1.00000e+00  7.57110e-05  7.57110e-05
5.130665269e-01  7.6095802e-05  1.00000e+00  7.57144e-05  7.57144e-05
5.131691402e-01  7.6089473e-05  1.00000e+00  7.57177e-05  7.57177e-05
5.132717740e-01  7.6083813e-05  1.00000e+00  7.57209e-05  7.57209e-05
5.133744284e-01  7.6078818e-05  1.00000e+00  7.57241e-05  7.57241e-05
5.134771032e-01  7.6074467e-05  1.00000e+00  7.57271e-05  7.57271e-05
5.135797987e-01  7.6070752e-05  1.00000e+00  7.57301e-05  7.57301e-05
5.136825146e-01  7.6067692e-05  1.00000e+00  7.57331e-05  7.57331e-05
5.137852511e-01  7.6065319e-05  1.00000e+00  7.57360e-05  7.57360e-05
5.138880082e-01  7.6063661e-05  1.00000e+00  7.57389e-05  7.57389e-05
5.139907858e-01  7.6062711e-05  1.00000e+00  7.57417e-05  7.57417e-05
5.140935839e-01  7.6062419e-05  1.00000e+00  7.57446e-05  7.57446e-05
5.141964027e-01  7.6062706e-05  1.00000e+00  7.57474e-05  7.57474e-05
5.142992419e-01  7.6063487e-05  1.00000e+00  7.57502e-05  7.57502e-05
5.144021018e-01  7.6064701e-05  1.00000e+00  7.57530e-05  7.57530e-05
5.145049822e-01  7.6066328e-05  1.00000e+00  7.57558e-05  7.57558e-05
5.146078832e-01  7.6068382e-05  1.00000e+00  7.57586e-05  7.57586e-05
5.147108048e-01  7.6070894e-05  1.00000e+00  7.57614e-05  7.57614e-05
5.148137469e-01  7.6073885e-05  1.00000e+00  7.57643e-05  7.57643e-05
5.149167097e-01  7.6077340e-05  1.00000e+00  7.57671e-05  7.57671e-05
5.150196930e-01  7.6081199e-05  1.00000e+00  7.57700e-05  7.57700e-05
5.151226970e-01  7.6085365e-05  1.00000e+00  7.57729e-05  7.57729e-05
5.152257215e-01  7.6089720e-05  1.00000e+00  7.57758e-05  7.57758e-05
5.153287666e-01  7.6094150e-05  1.00000e+00  7.57788e-05  7.57788e-05
5.154318324e-01  7.6098568e-05  1.00000e+00  7.57818e-05  7.57818e-05
5.155349188e-01  7.6102920e-05  1.00000e+00  7.57848e-05  7.57848e-05
5.156380258e-01  7.6107188e-05  1.00000e+00  7.57879e-05  7.57879e-05
5.157411534e-01  7.6111382e-05  1.00000e+00  7.57910e-05  7.57910e-05
5.158443016e-01  7.6115521e-05  1.00000e+00  7.57941e-05  7.57941e-05
5.159474704e-01  7.6119625e-05  1.00000e+00  7.57973e-05  7.57973e-05
5.160506599e-01  7.6123700e-05  1.00000e+00  7.58004e-05  7.58004e-05
5.161538701e-01  7.6127738e-05  1.00000e+00  7.58036e-05  7.58036e-05
5.162571008e-01  7.6131722e-05  1.00000e+00  7.58068e-05  7.58068e-05
5.163603523e-01  7.6135630e-05  1.00000e+00  7.58101e-05  7.58101e-05
5.164636243e-01  7.6139441e-05  1.00000e+00  7.58134e-05  7.58134e-05
5.165669171e-01  7.6143141e-05  1.00000e+00  7.58166e-05  7.58166e-05
5.166702304e-01  7.6146716e-05  1.00000e+00  7.58200e-05  7.58200e-05
5.167735645e-01  7.6150153e-05  1.00000e+00  7.58233e-05  7.58233e-05
5.168769192e-01  7.6153433e-05  1.00000e+00  7.58266e-05  7.58266e-05
5.169802946e-01  7.6156528e-05  1.00000e+00  7.58300e-05  7.58300e-05
5.170836906e-01  7.6159405e-05  1.00000e+00  7.58333e-05  7.58333e-05
5.171871074e-01  7.6162027e-05  1.00000e+00  7.58367e-05  7.58367e-05
5.172905448e-01  7.6164357e-05  1.00000e+00  7.58401e-05  7.58401e-05
5.173940029e-01  7.6166363e-05  1.00000e+00  7.58435e-05  7.58435e-05
5.174974817e-01  7.6168016e-05  1.00000e+00  7.58469e-05  7.58469e-05
5.176009812e-01  7.6169293e-05  1.00000e+00  7.58502e-05  7.58502e-05
5.177045014e-01  7.6170177e-05  1.00000e+00  7.58536e-05  7.58536e-05
5.178080423e-01  7.6170661e-05  1.00000e+00  7.58570e-05  7.58570e-05
5.179116039e-01  7.6170759e-05  1.00000e+00  7.58603e-05  7.58603e-05
5.180151862e-01  7.6170502e-05  1.00000e+00  7.58636e-05  7.58636e-05
5.181187893e-01  7.6169932e-05  1.00000e+00  7.58669e-05  7.58669e-05
5.182224130e-01  7.6169092e-05  1.00000e+00  7.58702e-05  7.58702e-05
5.183260575e-01  7.6168007e-05  1.00000e+00  7.58734e-05  7.58734e-05
5.184297227e-01  7.6166675e-05  1.00000e+00  7.58767e-05  7.58767e-05
5.185334087e-01  7.6165067e-05  1.00000e+00  7.58798e-05  7.58798e-05
5.186371154e-01  7.6163134e-05  1.00000e+00  7.58830e-05  7.58830e-05
5.187408428e-01  7.6160823e-05  1.00000e+00  7.58861e-05  7.58861e-05
5.188445909e-01  7.6158086e-05  1.00000e+00  7.58891e-05  7.58891e-05
5.189483599e-01  7.6154880e-05  1.00000e+00  7.58921e-05  7.58921e-05
5.190521495e-01  7.6151173e-05  1.00000e+00  7.58951e-05  7.58951e-05
5.191559600e-01  7.6146931e-05  1.00000e+00  7.58980e-05  7.58980e-05
5.192597912e-01  7.6142129e-05  1.00000e+00  7.59008e-05  7.59008e-05
5.193636431e-01  7.6136758e-05  1.00000e+00  7.59036e-05  7.59036e-05
5.194675158e-01  7.6130837e-05  1.00000e+00  7.59063e-05  7.59063e-05
5.195714093e-01  7.6124417e-05  1.00000e+00  7.59089e-05  7.59089e-05
5.196753236e-01  7.6117580e-05  1.00000e+00  7.59114e-05  7.59114e-05
5.197792587e-01  7.6110418e-05  1.00000e+00  7.59139e-05  7.59139e-05
5.198832145e-01  7.6103005e-05  1.00000e+00  7.59163e-05  7.59163e-05
5.199871912e-01  7.6095379e-05  1.00000e+00  7.59185e-05  7.59185e-05
5.200911886e-01  7.6087526e-05  1.00000e+00  7.59207e-05  7.59207e-05
5.201952069e-01  7.6079386e-05  1.00000e+00  7.59228e-05  7.59228e-05
5.202992459e-01  7.6070870e-05  1.00000e+00  7.59248e-05  7.59248e-05
5.204033058e-01  7.6061884e-05  1.00000e+00  7.59267e-05  7.59267e-05
5.205073864e-01  7.6052357e-05  1.00000e+00  7.59285e-05  7.59285e-05
5.206114879e-01  7.6042257e-05  1.00000e+00  7.59302e-05  7.59302e-05
5.207156102e-01  7.6031596e-05  1.00000e+00  7.59318e-05  7.59318e-05
5.208197533e-01  7.6020432e-05  1.00000e+00  7.59333e-05  7.59333e-05
5.209239173e-01  7.6008852e-05  1.00000e+00  7.59347e-05  7.59347e-05
5.210281020e-01  7.5996964e-05  1.00000e+00  7.59359e-05  7.59359e-05
5.211323077e-01  7.5984873e-05  1.00000e+00  7.59370e-05  7.59370e-05
5.212365341e-01  7.5972666e-05  1.00000e+00  7.59380e-05  7.59380e-05
5.213407814e-01  7.5960399e-05  1.00000e+00  7.59389e-05  7.59389e-05
5.214450496e-01  7.5948088e-05  1.00000e+00  7.59396e-05  7.59396e-05
5.215493386e-01  7.5935711e-05  1.00000e+00  7.59402e-05  7.59402e-05
5.216536485e-01  7.5923223e-05  1.00000e+00  7.59407e-05  7.59407e-05
5.217579792e-01  7.5910565e-05  1.00000e+00  7.59411e-05  7.59411e-05
5.218623308e-01  7.5897688e-05  1.00000e+00  7.59414e-05  7.59414e-05
5.219667033e-01  7.5884559e-05  1.00000e+00  7.59415e-05  7.59415e-05
5.220710966e-01  7.5871165e-05  1.00000e+00  7.59416e-05  7.59416e-05
5.221755108e-01  7.5857506e-05  1.00000e+00  7.59415e-05  7.59415e-05
5.222799459e-01  7.5843582e-05  1.00000e+00  7.59412e-05  7.59412e-05
5.223844019e-01  7.5829387e-05  1.00000e+00  7.59409e-05  7.59409e-05
5.224888788e-01  7.5814901e-05  1.00000e+00  7.59404e-05  7.59404e-05
5.225933766e-01  7.5800096e-05  1.00000e+00  7.59398e-05  7.59398e-05
5.226978952e-01  7.5784944e-05  1.00000e+00  7.59390e-05  7.59390e-05
5.228024348e-01  7.5769435e-05  1.00000e+00  7.59381e-05  7.59381e-05
5.229069953e-01  7.5753583e-05  1.00000e+00  7.59371e-05  7.59371e-05
5.230115767e-01  7.5737427e-05  1.00000e+00  7.59360e-05  7.59360e-05
5.231161790e-01  7.5721022e-05  1.00000e+00  7.59347e-05  7.59347e-05
5.232208023e-01  7.5704431e-05  1.00000e+00  7.59332e-05  7.59332e-05
5.233254464e-01  7.5687727e-05  1.00000e+00  7.59316e-05  7.59316e-05
5.234301115e-01  7.5671014e-05  1.00000e+00  7.59299e-05  7.59299e-05
5.235347975e-01  7.5654471e-05  1.00000e+00  7.59280e-05  7.59280e-05
5.236395045e-01  7.5638383e-05  1.00000e+00  7.59260e-05  7.59260e-05
5.237442324e-01  7.5623152e-05  1.00000e+00  7.59239e-05  7.59239e-05
5.238489812e-01  7.5609238e-05  1.00000e+00  7.59217e-05  7.59217e-05
5.239537510e-01  7.5597062e-05  1.00000e+00  7.59194e-05  7.59194e-05
5.240585418e-01  7.5586872e-05  1.00000e+00  7.59170e-05  7.59170e-05
5.241633535e-01  7.5578648e-05  1.00000e+00  7.59145e-05  7.59145e-05
5.242681862e-01  7.5572069e-05  1.00000e+00  7.59120e-05  7.59120e-05
5.243730398e-01  7.5566580e-05  1.00000e+00  7.59095e-05  7.59095e-05
5.244779144e-01  7.5561532e-05  1.00000e+00  7.59070e-05  7.59070e-05
5.245828100e-01  7.5556358e-05  1.00000e+00  7.59045e-05  7.59045e-05
5.246877266e-01  7.5550705e-05  1.00000e+00  7.59019e-05  7.59019e-05
5.247926641e-01  7.5544494e-05  1.00000e+00  7.58994e-05  7.58994e-05
5.248976226e-01  7.5537868e-05  1.00000e+00  7.58968e-05  7.58968e-05
5.250026022e-01  7.5531060e-05  1.00000e+00  7.58942e-05  7.58942e-05
5.251076027e-01  7.5524226e-05  1.00000e+00  7.58916e-05  7.58916e-05
5.252126242e-01  7.5517307e-05  1.00000e+00  7.58890e-05  7.58890e-05
5.253176667e-01  7.5509987e-05  1.00000e+00  7.58863e-05  7.58863e-05
5.254227303e-01  7.5501757e-05  1.00000e+00  7.58836e-05  7.58836e-05
5.255278148e-01  7.5492062e-05  1.00000e+00  7.58808e-05  7.58808e-05
5.256329204e-01  7.5480485e-05  1.00000e+00  7.58780e-05  7.58780e-05
5.257380470e-01  7.5466888e-05  1.00000e+00  7.58751e-05  7.58751e-05
5.258431946e-01  7.5451475e-05  1.00000e+00  7.58721e-05  7.58721e-05
5.259483632e-01  7.5434770e-05  1.00000e+00  7.58690e-05  7.58690e-05
5.260535529e-01  7.5417529e-05  1.00000e+00  7.58658e-05  7.58658e-05
5.261587636e-01  7.5400628e-05  1.00000e+00  7.58624e-05  7.58624e-05
5.262639953e-01  7.5384952e-05  1.00000e+00  7.58589e-05  7.58589e-05
5.263692481e-01  7.5371298e-05  1.00000e+00  7.58553e-05  7.58553e-05
5.264745220e-01  7.5360287e-05  1.00000e+00  7.58516e-05  7.58516e-05
5.265798169e-01  7.5352280e-05  1.00000e+00  7.58479e-05  7.58479e-05
5.266851329e-01  7.5347310e-05  1.00000e+00  7.58442e-05  7.58442e-05
5.267904699e-01  7.5345051e-05  1.00000e+00  7.58405e-05  7.58405e-05
5.268958280e-01  7.5344849e-05  1.00000e+00  7.58368e-05  7.58368e-05
5.270012071e-01  7.5345820e-05  1.00000e+00  7.58332e-05  7.58332e-05
5.271066074e-01  7.5347007e-05  1.00000e+00  7.58297e-05  7.58297e-05
5.272120287e-01  7.5347551e-05  1.00000e+00  7.58263e-05  7.58263e-05
5.273174711e-01  7.5346846e-05  1.00000e+00  7.58229e-05  7.58229e-05
5.274229346e-01  7.5344615e-05  1.00000e+00  7.58195e-05  7.58195e-05
5.275284192e-01  7.5340913e-05  1.00000e+00  7.58161e-05  7.58161e-05
5.276339249e-01  7.5336046e-05  1.00000e+00  7.58128e-05  7.58128e-05
5.277394517e-01  7.5330450e-05  1.00000e+00  7.58095e-05  7.58095e-05
5.278449995e-01  7.5324587e-05  1.00000e+00  7.58061e-05  7.58061e-05
5.279505685e-01  7.5318870e-05  1.00000e+00  7.58028e-05  7.58028e-05
5.280561587e-01  7.5313644e-05  1.00000e+00  7.57994e-05  7.57994e-05
5.281617699e-01  7.5309199e-05  1.00000e+00  7.57960e-05  7.57960e-05
5.282674022e-01  7.5305782e-05  1.00000e+00  7.57927e-05  7.57927e-05
5.283730557e-01  7.5303585e-05  1.00000e+00  7.57894e-05  7.57894e-05
5.284787303e-01  7.5302728e-05  1.00000e+00  7.57861e-05  7.57861e-05
5.285844261e-01  7.5303220e-05  1.00000e+00  7.57828e-05  7.57828e-05
5.286901430e-01  7.5304956e-05  1.00000e+00  7.57797e-05  7.57797e-05
5.287958810e-01  7.5307730e-05  1.00000e+00  7.57765e-05  7.57765e-05
5.289016402e-01  7.5311276e-05  1.00000e+00  7.57735e-05  7.57735e-05
5.290074205e-01  7.5315325e-05  1.00000e+00  7.57706e-05  7.57706e-05
5.291132220e-01  7.5319661e-05  1.00000e+00  7.57677e-05  7.57677e-05
5.292190446e-01  7.5324147e-05  1.00000e+00  7.57650e-05  7.57650e-05
5.293248884e-01  7.5328749e-05  1.00000e+00  7.57623e-05  7.57623e-05
5.294307534e-01  7.5333522e-05  1.00000e+00  7.57598e-05  7.57598e-05
5.295366396e-01  7.5338582e-05  1.00000e+00  7.57573e-05  7.57573e-05
5.296425469e-01  7.5344060e-05  1.00000e+00  7.57549e-05  7.57549e-05
5.297484754e-01  7.5350066e-05  1.00000e+00  7.57526e-05  7.57526e-05
5.298544251e-01  7.5356674e-05  1.00000e+00  7.57505e-05  7.57505e-05
5.299603960e-01  7.5363930e-05  1.00000e+00  7.57484e-05  7.57484e-05
5.300663881e-01  7.5371887e-05  1.00000e+00  7.57465e-05  7.57465e-05
5.301724013e-01  7.5380633e-05  1.00000e+00  7.57446e-05  7.57446e-05
5.302784358e-01  7.5390288e-05  1.00000e+00  7.57429e-05  7.57429e-05
5.303844915e-01  7.5400974e-05  1.00000e+00  7.57414e-05  7.57414e-05
5.304905684e-01  7.5412756e-05  1.00000e+00  7.57400e-05  7.57400e-05
5.305966665e-01  7.5425587e-05  1.00000e+00  7.57387e-05  7.57387e-05
5.307027859e-01  7.5439292e-05  1.00000e+00  7.57376e-05  7.57376e-05
5.308089264e-01  7.5453596e-05  1.00000e+00  7.57367e-05  7.57367e-05
5.309150882e-01  7.5468197e-05  1.00000e+00  7.57359e-05  7.57359e-05
5.310212712e-01  7.5482843e-05  1.00000e+00  7.57354e-05  7.57354e-05
5.311274755e-01  7.5497398e-05  1.00000e+00  7.57350e-05  7.57350e-05
5.312337010e-01  7.5511864e-05  1.00000e+00  7.57347e-05  7.57347e-05
5.313399477e-01  7.5526361e-05  1.00000e+00  7.57347e-05  7.57347e-05
5.314462157e-01  7.5541085e-05  1.00000e+00  7.57348e-05  7.57348e-05
5.315525049e-01  7.5556245e-05  1.00000e+00  7.57350e-05  7.57350e-05
5.316588154e-01  7.5572019e-05  1.00000e+00  7.57354e-05  7.57354e-05
5.317651472e-01  7.5588525e-05  1.00000e+00  7.57361e-05  7.57361e-05
5.318715002e-01  7.5605819e-05  1.00000e+00  7.57368e-05  7.57368e-05
5.319778745e-01  7.5623910e-05  1.00000e+00  7.57378e-05  7.57378e-05
5.320842701e-01  7.5642795e-05  1.00000e+00  7.57390e-05  7.57390e-05
5.321906870e-01  7.5662477e-05  1.00000e+00  7.57403e-05  7.57403e-05
5.322971251e-01  7.5682980e-05  1.00000e+00  7.57419e-05  7.57419e-05
5.324035845e-01  7.5704349e-05  1.00000e+00  7.57437e-05  7.57437e-05
5.325100652e-01  7.5726627e-05  1.00000e+00  7.57457e-05  7.57457e-05
5.326165673e-01  7.5749836e-05  1.00000e+00  7.57479e-05  7.57479e-05
5.327230906e-01  7.5773970e-05  1.00000e+00  7.57504e-05  7.57504e-05
5.328296352e-01  7.5798994e-05  1.00000e+00  7.57531e-05  7.57531e-05
5.329362011e-01  7.5824857e-05  1.00000e+00  7.57560e-05  7.57560e-05
5.330427884e-01  7.5851510e-05  1.00000e+00  7.57592e-05  7.57592e-05
5.331493969e-01  7.5878916e-05  1.00000e+00  7.57627e-05  7.57627e-05
5.332560268e-01  7.5907052e-05  1.00000e+00  7.57664e-05  7.57664e-05
5.333626780e-01  7.5935896e-05  1.00000e+00  7.57704e-05  7.57704e-05
5.334693505e-01  7.5965398e-05  1.00000e+00  7.57746e-05  7.57746e-05
5.335760444e-01  7.5995451e-05  1.00000e+00  7.57791e-05  7.57791e-05
5.336827596e-01  7.6025865e-05  1.00000e+00  7.57839e-05  7.57839e-05
5.337894962e-01  7.6056351e-05  1.00000e+00  7.57890e-05  7.57890e-05
5.338962541e-01  7.6086533e-05  1.00000e+00  7.57943e-05  7.57943e-05
5.340030333e-01  7.6115973e-05  1.00000e+00  7.57999e-05  7.57999e-05
5.341098339e-01  7.6144220e-05  1.00000e+00  7.58058e-05  7.58058e-05
5.342166559e-01  7.6170853e-05  1.00000e+00  7.58119e-05  7.58119e-05
5.343234992e-01  7.6195526e-05  1.00000e+00  7.58182e-05  7.58182e-05
5.344303639e-01  7.6217990e-05  1.00000e+00  7.58247e-05  7.58247e-05
5.345372500e-01  7.6238110e-05  1.00000e+00  7.58313e-05  7.58313e-05
5.346441574e-01  7.6255851e-05  1.00000e+00  7.58381e-05  7.58381e-05
5.347510863e-01  7.6271264e-05  1.00000e+00  7.58450e-05  7.58450e-05
5.348580365e-01  7.6284458e-05  1.00000e+00  7.58520e-05  7.58520e-05
5.349650081e-01  7.6295574e-05  1.00000e+00  7.58590e-05  7.58590e-05
5.350720011e-01  7.6304763e-05  1.00000e+00  7.58661e-05  7.58661e-05
5.351790155e-01  7.6312166e-05  1.00000e+00  7.58732e-05  7.58732e-05
5.352860513e-01  7.6317905e-05  1.00000e+00  7.58804e-05  7.58804e-05
5.353931085e-01  7.6322081e-05  1.00000e+00  7.58875e-05  7.58875e-05
5.355001871e-01  7.6324786e-05  1.00000e+00  7.58946e-05  7.58946e-05
5.356072872e-01  7.6326115e-05  1.00000e+00  7.59016e-05  7.59016e-05
5.357144086e-01  7.6326173e-05  1.00000e+00  7.59086e-05  7.59086e-05
5.358215515e-01  7.6325086e-05  1.00000e+00  7.59156e-05  7.59156e-05
5.359287158e-01  7.6322995e-05  1.00000e+00  7.59224e-05  7.59224e-05
5.360359016e-01  7.6320038e-05  1.00000e+00  7.59292e-05  7.59292e-05
5.361431087e-01  7.6316333e-05  1.00000e+00  7.59359e-05  7.59359e-05
5.362503374e-01  7.6311960e-05  1.00000e+00  7.59425e-05  7.59425e-05
5.363575874e-01  7.6306949e-05  1.00000e+00  7.59490e-05  7.59490e-05
5.364648589e-01  7.6301285e-05  1.00000e+00  7.59554e-05  7.59554e-05
5.365721519e-01  7.6294919e-05  1.00000e+00  7.59617e-05  7.59617e-05
5.366794663e-01  7.6287779e-05  1.00000e+00  7.59679e-05  7.59679e-05
5.367868022e-01  7.6279782e-05  1.00000e+00  7.59740e-05  7.59740e-05
5.368941596e-01  7.6270846e-05  1.00000e+00  7.59799e-05  7.59799e-05
5.370015384e-01  7.6260904e-05  1.00000e+00  7.59857e-05  7.59857e-05
5.371089387e-01  7.6249922e-05  1.00000e+00  7.59913e-05  7.59913e-05
5.372163605e-01  7.6237932e-05  1.00000e+00  7.59968e-05  7.59968e-05
5.373238038e-01  7.6225034e-05  1.00000e+00  7.60021e-05  7.60021e-05
5.374312686e-01  7.6211388e-05  1.00000e+00  7.60073e-05  7.60073e-05
5.375387548e-01  7.6197170e-05  1.00000e+00  7.60123e-05  7.60123e-05
5.376462626e-01  7.6182516e-05  1.00000e+00  7.60171e-05  7.60171e-05
5.377537918e-01  7.6167481e-05  1.00000e+00  7.60217e-05  7.60217e-05
5.378613426e-01  7.6152037e-05  1.00000e+00  7.60261e-05  7.60261e-05
5.379689148e-01  7.6136112e-05  1.00000e+00  7.60304e-05  7.60304e-05
5.380765086e-01  7.6119651e-05  1.00000e+00  7.60344e-05  7.60344e-05
5.381841239e-01  7.6102670e-05  1.00000e+00  7.60383e-05  7.60383e-05
5.382917608e-01  7.6085279e-05  1.00000e+00  7.60420e-05  7.60420e-05
5.383994191e-01  7.6067654e-05  1.00000e+00  7.60455e-05  7.60455e-05
5.385070990e-01  7.6049974e-05  1.00000e+00  7.60488e-05  7.60488e-05
5.386148004e-01  7.6032341e-05  1.00000e+00  7.60519e-05  7.60519e-05
5.387225234e-01  7.6014716e-05  1.00000e+00  7.60548e-05  7.60548e-05
5.388302679e-01  7.5996893e-05  1.00000e+00  7.60575e-05  7.60575e-05
5.389380339e-01  7.5978531e-05  1.00000e+00  7.60601e-05  7.60601e-05
5.390458215e-01  7.5959245e-05  1.00000e+00  7.60624e-05  7.60624e-05
5.391536307e-01  7.5938717e-05  1.00000e+00  7.60645e-05  7.60645e-05
5.392614614e-01  7.5916834e-05  1.00000e+00  7.60665e-05  7.60665e-05
5.393693137e-01  7.5893748e-05  1.00000e+00  7.60682e-05  7.60682e-05
5.394771876e-01  7.5869847e-05  1.00000e+00  7.60696e-05  7.60696e-05
5.395850830e-01  7.5845608e-05  1.00000e+00  7.60708e-05  7.60708e-05
5.396930000e-01  7.5821377e-05  1.00000e+00  7.60718e-05  7.60718e-05
5.398009386e-01  7.5797162e-05  1.00000e+00  7.60726e-05  7.60726e-05
5.399088988e-01  7.5772538e-05  1.00000e+00  7.60731e-05  7.60731e-05
5.400168806e-01  7.5746768e-05  1.00000e+00  7.60734e-05  7.60734e-05
5.401248840e-01  7.5719135e-05  1.00000e+00  7.60735e-05  7.60735e-05
5.402329090e-01  7.5689403e-05  1.00000e+00  7.60732e-05  7.60732e-05
5.403409555e-01  7.5658279e-05  1.00000e+00  7.60727e-05  7.60727e-05
5.404490237e-01  7.5627621e-05  1.00000e+00  7.60719e-05  7.60719e-05
5.405571135e-01  7.5600272e-05  1.00000e+00  7.60709e-05  7.60709e-05
5.406652250e-01  7.5579480e-05  1.00000e+00  7.60696e-05  7.60696e-05
5.407733580e-01  7.5568066e-05  1.00000e+00  7.60682e-05  7.60682e-05
5.408815127e-01  7.5567579e-05  1.00000e+00  7.60668e-05  7.60668e-05
5.409896890e-01  7.5577795e-05  1.00000e+00  7.60654e-05  7.60654e-05
5.410978869e-01  7.5596701e-05  1.00000e+00  7.60642e-05  7.60642e-05
5.412061065e-01  7.5621006e-05  1.00000e+00  7.60633e-05  7.60633e-05
5.413143477e-01  7.5646992e-05  1.00000e+00  7.60627e-05  7.60627e-05
5.414226106e-01  7.5671425e-05  1.00000e+00  7.60623e-05  7.60623e-05
5.415308951e-01  7.5692279e-05  1.00000e+00  7.60622e-05  7.60622e-05
5.416392013e-01  7.5709040e-05  1.00000e+00  7.60623e-05  7.60623e-05
5.417475291e-01  7.5722526e-05  1.00000e+00  7.60625e-05  7.60625e-05
5.418558786e-01  7.5734288e-05  1.00000e+00  7.60629e-05  7.60629e-05
5.419642498e-01  7.5745762e-05  1.00000e+00  7.60634e-05  7.60634e-05
5.420726427e-01  7.5757453e-05  1.00000e+00  7.60641e-05  7.60641e-05
5.421810572e-01  7.5768461e-05  1.00000e+00  7.60648e-05  7.60648e-05
5.422894934e-01  7.5776559e-05  1.00000e+00  7.60657e-05  7.60657e-05
5.423979513e-01  7.5778799e-05  1.00000e+00  7.60666e-05  7.60666e-05
5.425064309e-01  7.5772475e-05  1.00000e+00  7.60676e-05  7.60676e-05
5.426149322e-01  7.5756091e-05  1.00000e+00  7.60684e-05  7.60684e-05
5.427234552e-01  7.5730024e-05  1.00000e+00  7.60690e-05  7.60690e-05
5.428319998e-01  7.5696692e-05  1.00000e+00  7.60693e-05  7.60693e-05
5.429405662e-01  7.5660267e-05  1.00000e+00  7.60693e-05  7.60693e-05
5.430491544e-01  7.5626020e-05  1.00000e+00  7.60690e-05  7.60690e-05
5.431577642e-01  7.5599431e-05  1.00000e+00  7.60683e-05  7.60683e-05
5.432663957e-01  7.5585211e-05  1.00000e+00  7.60675e-05  7.60675e-05
5.433750490e-01  7.5586312e-05  1.00000e+00  7.60667e-05  7.60667e-05
5.434837240e-01  7.5603153e-05  1.00000e+00  7.60659e-05  7.60659e-05
5.435924208e-01  7.5633261e-05  1.00000e+00  7.60654e-05  7.60654e-05
5.437011393e-01  7.5671625e-05  1.00000e+00  7.60653e-05  7.60653e-05
5.438098795e-01  7.5711700e-05  1.00000e+00  7.60656e-05  7.60656e-05
5.439186415e-01  7.5746911e-05  1.00000e+00  7.60663e-05  7.60663e-05
5.440274252e-01  7.5772176e-05  1.00000e+00  7.60672e-05  7.60672e-05
5.441362307e-01  7.5784970e-05  1.00000e+00  7.60684e-05  7.60684e-05
5.442450579e-01  7.5785645e-05  1.00000e+00  7.60697e-05  7.60697e-05
5.443539069e-01  7.5776971e-05  1.00000e+00  7.60709e-05  7.60709e-05
5.444627777e-01  7.5763107e-05  1.00000e+00  7.60720e-05  7.60720e-05
5.445716703e-01  7.5748368e-05  1.00000e+00  7.60729e-05  7.60729e-05
5.446805846e-01  7.5736099e-05  1.00000e+00  7.60738e-05  7.60738e-05
5.447895207e-01  7.5727949e-05  1.00000e+00  7.60745e-05  7.60745e-05
5.448984786e-01  7.5723672e-05  1.00000e+00  7.60752e-05  7.60752e-05
5.450074583e-01  7.5721557e-05  1.00000e+00  7.60758e-05  7.60758e-05
5.451164598e-01  7.5719344e-05  1.00000e+00  7.60765e-05  7.60765e-05
5.452254831e-01  7.5715320e-05  1.00000e+00  7.60771e-05  7.60771e-05
5.453345282e-01  7.5709197e-05  1.00000e+00  7.60777e-05  7.60777e-05
5.454435951e-01  7.5702431e-05  1.00000e+00  7.60782e-05  7.60782e-05
5.455526838e-01  7.5697808e-05  1.00000e+00  7.60787e-05  7.60787e-05
5.456617944e-01  7.5698536e-05  1.00000e+00  7.60791e-05  7.60791e-05
5.457709267e-01  7.5707190e-05  1.00000e+00  7.60797e-05  7.60797e-05
5.458800809e-01  7.5724949e-05  1.00000e+00  7.60803e-05  7.60803e-05
5.459892569e-01  7.5751330e-05  1.00000e+00  7.60812e-05  7.60812e-05
5.460984548e-01  7.5784411e-05  1.00000e+00  7.60824e-05  7.60824e-05
5.462076745e-01  7.5821347e-05  1.00000e+00  7.60839e-05  7.60839e-05
5.463169160e-01  7.5858958e-05  1.00000e+00  7.60858e-05  7.60858e-05
5.464261794e-01  7.5894233e-05  1.00000e+00  7.60881e-05  7.60881e-05
5.465354646e-01  7.5924701e-05  1.00000e+00  7.60906e-05  7.60906e-05
5.466447717e-01  7.5948647e-05  1.00000e+00  7.60935e-05  7.60935e-05
5.467541007e-01  7.5965215e-05  1.00000e+00  7.60965e-05  7.60965e-05
5.468634515e-01  7.5974351e-05  1.00000e+00  7.60996e-05  7.60996e-05
5.469728242e-01  7.5976655e-05  1.00000e+00  7.61027e-05  7.61027e-05
5.470822187e-01  7.5973186e-05  1.00000e+00  7.61059e-05  7.61059e-05
5.471916352e-01  7.5965314e-05  1.00000e+00  7.61090e-05  7.61090e-05
5.473010735e-01  7.5954630e-05  1.00000e+00  7.61119e-05  7.61119e-05
5.474105337e-01  7.5942894e-05  1.00000e+00  7.61147e-05  7.61147e-05
5.475200158e-01  7.5931911e-05  1.00000e+00  7.61175e-05  7.61175e-05
5.476295198e-01  7.5923295e-05  1.00000e+00  7.61201e-05  7.61201e-05
5.477390457e-01  7.5918130e-05  1.00000e+00  7.61226e-05  7.61226e-05
5.478485936e-01  7.5916676e-05  1.00000e+00  7.61251e-05  7.61251e-05
5.479581633e-01  7.5918268e-05  1.00000e+00  7.61275e-05  7.61275e-05
5.480677549e-01  7.5921510e-05  1.00000e+00  7.61300e-05  7.61300e-05
5.481773685e-01  7.5924725e-05  1.00000e+00  7.61325e-05  7.61325e-05
5.482870039e-01  7.5926468e-05  1.00000e+00  7.61351e-05  7.61351e-05
5.483966613e-01  7.5925918e-05  1.00000e+00  7.61376e-05  7.61376e-05
5.485063407e-01  7.5923010e-05  1.00000e+00  7.61401e-05  7.61401e-05
5.486160419e-01  7.5918261e-05  1.00000e+00  7.61426e-05  7.61426e-05
5.487257651e-01  7.5912478e-05  1.00000e+00  7.61450e-05  7.61450e-05
5.488355103e-01  7.5906460e-05  1.00000e+00  7.61473e-05  7.61473e-05
5.489452774e-01  7.5900831e-05  1.00000e+00  7.61495e-05  7.61495e-05
5.490550665e-01  7.5896053e-05  1.00000e+00  7.61518e-05  7.61518e-05
5.491648775e-01  7.5892496e-05  1.00000e+00  7.61539e-05  7.61539e-05
5.492747104e-01  7.5890511e-05  1.00000e+00  7.61560e-05  7.61560e-05
5.493845654e-01  7.5890390e-05  1.00000e+00  7.61582e-05  7.61582e-05
5.494944423e-01  7.5892243e-05  1.00000e+00  7.61603e-05  7.61603e-05
5.496043412e-01  7.5895865e-05  1.00000e+00  7.61624e-05  7.61624e-05
5.497142621e-01  7.5900641e-05  1.00000e+00  7.61646e-05  7.61646e-05
5.498242049e-01  7.5905616e-05  1.00000e+00  7.61668e-05  7.61668e-05
5.499341697e-01  7.5909675e-05  1.00000e+00  7.61691e-05  7.61691e-05
5.500441566e-01  7.5911789e-05  1.00000e+00  7.61714e-05  7.61714e-05
5.501541654e-01  7.5911269e-05  1.00000e+00  7.61736e-05  7.61736e-05
5.502641962e-01  7.5907921e-05  1.00000e+00  7.61759e-05  7.61759e-05
5.503742491e-01  7.5902082e-05  1.00000e+00  7.61781e-05  7.61781e-05
5.504843239e-01  7.5894539e-05  1.00000e+00  7.61802e-05  7.61802e-05
5.505944208e-01  7.5886344e-05  1.00000e+00  7.61823e-05  7.61823e-05
5.507045397e-01  7.5878592e-05  1.00000e+00  7.61843e-05  7.61843e-05
5.508146806e-01  7.5872187e-05  1.00000e+00  7.61862e-05  7.61862e-05
5.509248435e-01  7.5867669e-05  1.00000e+00  7.61880e-05  7.61880e-05
5.510350285e-01  7.5865125e-05  1.00000e+00  7.61898e-05  7.61898e-05
5.511452355e-01  7.5864212e-05  1.00000e+00  7.61916e-05  7.61916e-05
5.512554645e-01  7.5864267e-05  1.00000e+00  7.61934e-05  7.61934e-05
5.513657156e-01  7.5864469e-05  1.00000e+00  7.61952e-05  7.61952e-05
5.514759888e-01  7.5864012e-05  1.00000e+00  7.61970e-05  7.61970e-05
5.515862840e-01  7.5862236e-05  1.00000e+00  7.61988e-05  7.61988e-05
5.516966012e-01  7.5858722e-05  1.00000e+00  7.62005e-05  7.62005e-05
5.518069406e-01  7.5853330e-05  1.00000e+00  7.62023e-05  7.62023e-05
5.519173019e-01  7.5846204e-05  1.00000e+00  7.62039e-05  7.62039e-05
5.520276854e-01  7.5837741e-05  1.00000e+00  7.62055e-05  7.62055e-05
5.521380909e-01  7.5828508e-05  1.00000e+00  7.62070e-05  7.62070e-05
5.522485186e-01  7.5819139e-05  1.00000e+00  7.62084e-05  7.62084e-05
5.523589683e-01  7.5810192e-05  1.00000e+00  7.62097e-05  7.62097e-05
5.524694401e-01  7.5802033e-05  1.00000e+00  7.62109e-05  7.62109e-05
5.525799339e-01  7.5794765e-05  1.00000e+00  7.62121e-05  7.62121e-05
5.526904499e-01  7.5788238e-05  1.00000e+00  7.62132e-05  7.62132e-05
5.528009880e-01  7.5782134e-05  1.00000e+00  7.62143e-05  7.62143e-05
5.529115482e-01  7.5776082e-05  1.00000e+00  7.62153e-05  7.62153e-05
5.530221305e-01  7.5769778e-05  1.00000e+00  7.62162e-05  7.62162e-05
5.531327350e-01  7.5763042e-05  1.00000e+00  7.62171e-05  7.62171e-05
5.532433615e-01  7.5755830e-05  1.00000e+00  7.62180e-05  7.62180e-05
5.533540102e-01  7.5748178e-05  1.00000e+00  7.62188e-05  7.62188e-05
5.534646810e-01  7.5740156e-05  1.00000e+00  7.62195e-05  7.62195e-05
5.535753739e-01  7.5731814e-05  1.00000e+00  7.62201e-05  7.62201e-05
5.536860890e-01  7.5723174e-05  1.00000e+00  7.62207e-05  7.62207e-05
5.537968262e-01  7.5714242e-05  1.00000e+00  7.62212e-05  7.62212e-05
5.539075856e-01  7.5705029e-05  1.00000e+00  7.62216e-05  7.62216e-05
5.540183671e-01  7.5695565e-05  1.00000e+00  7.62220e-05  7.62220e-05
5.541291708e-01  7.5685894e-05  1.00000e+00  7.62223e-05  7.62223e-05
5.542399966e-01  7.5676053e-05  1.00000e+00  7.62225e-05  7.62225e-05
5.543508446e-01  7.5666051e-05  1.00000e+00  7.62226e-05  7.62226e-05
5.544617148e-01  7.5655852e-05  1.00000e+00  7.62226e-05  7.62226e-05
5.545726071e-01  7.5645376e-05  1.00000e+00  7.62226e-05  7.62226e-05
5.546835216e-01  7.5634516e-05  1.00000e+00  7.62225e-05  7.62225e-05
5.547944583e-01  7.5623163e-05  1.00000e+00  7.62222e-05  7.62222e-05
5.549054172e-01  7.5611244e-05  1.00000e+00  7.62219e-05  7.62219e-05
5.550163983e-01  7.5598737e-05  1.00000e+00  7.62215e-05  7.62215e-05
5.551274016e-01  7.5585688e-05  1.00000e+00  7.62210e-05  7.62210e-05
5.552384271e-01  7.5572187e-05  1.00000e+00  7.62204e-05  7.62204e-05
5.553494748e-01  7.5558347e-05  1.00000e+00  7.62197e-05  7.62197e-05
5.554605447e-01  7.5544263e-05  1.00000e+00  7.62189e-05  7.62189e-05
5.555716368e-01  7.5529978e-05  1.00000e+00  7.62180e-05  7.62180e-05
5.556827511e-01  7.5515469e-05  1.00000e+00  7.62170e-05  7.62170e-05
5.557938876e-01  7.5500650e-05  1.00000e+00  7.62158e-05  7.62158e-05
5.559050464e-01  7.5485405e-05  1.00000e+00  7.62146e-05  7.62146e-05
5.560162274e-01  7.5469617e-05  1.00000e+00  7.62132e-05  7.62132e-05
5.561274307e-01  7.5453209e-05  1.00000e+00  7.62117e-05  7.62117e-05
5.562386562e-01  7.5436166e-05  1.00000e+00  7.62101e-05  7.62101e-05
5.563499039e-01  7.5418545e-05  1.00000e+00  7.62083e-05  7.62083e-05
5.564611739e-01  7.5400459e-05  1.00000e+00  7.62064e-05  7.62064e-05
5.565724661e-01  7.5382064e-05  1.00000e+00  7.62044e-05  7.62044e-05
5.566837806e-01  7.5363528e-05  1.00000e+00  7.62022e-05  7.62022e-05
5.567951174e-01  7.5345010e-05  1.00000e+00  7.62000e-05  7.62000e-05
5.569064764e-01  7.5326637e-05  1.00000e+00  7.61975e-05  7.61975e-05
5.570178577e-01  7.5308496e-05  1.00000e+00  7.61950e-05  7.61950e-05
5.571292612e-01  7.5290621e-05  1.00000e+00  7.61923e-05  7.61923e-05
5.572406871e-01  7.5273001e-05  1.00000e+00  7.61895e-05  7.61895e-05
5.573521352e-01  7.5255579e-05  1.00000e+00  7.61865e-05  7.61865e-05
5.574636057e-01  7.5238270e-05  1.00000e+00  7.61835e-05  7.61835e-05
5.575750984e-01  7.5220976e-05  1.00000e+00  7.61803e-05  7.61803e-05
5.576866134e-01  7.5203606e-05  1.00000e+00  7.61771e-05  7.61771e-05
5.577981507e-01  7.5186099e-05  1.00000e+00  7.61737e-05  7.61737e-05
5.579097104e-01  7.5168437e-05  1.00000e+00  7.61702e-05  7.61702e-05
5.580212923e-01  7.5150662e-05  1.00000e+00  7.61665e-05  7.61665e-05
5.581328966e-01  7.5132869e-05  1.00000e+00  7.61628e-05  7.61628e-05
5.582445231e-01  7.5115196e-05  1.00000e+00  7.61589e-05  7.61589e-05
5.583561720e-01  7.5097797e-05  1.00000e+00  7.61550e-05  7.61550e-05
5.584678433e-01  7.5080807e-05  1.00000e+00  7.61509e-05  7.61509e-05
5.585795368e-01  7.5064311e-05  1.00000e+00  7.61468e-05  7.61468e-05
5.586912527e-01  7.5048326e-05  1.00000e+00  7.61425e-05  7.61425e-05
5.588029910e-01  7.5032803e-05  1.00000e+00  7.61381e-05  7.61381e-05
5.589147516e-01  7.5017660e-05  1.00000e+00  7.61337e-05  7.61337e-05
5.590265345e-01  7.5002822e-05  1.00000e+00  7.61292e-05  7.61292e-05
5.591383399e-01  7.4988268e-05  1.00000e+00  7.61246e-05  7.61246e-05
5.592501675e-01  7.4974045e-05  1.00000e+00  7.61199e-05  7.61199e-05
5.593620176e-01  7.4960260e-05  1.00000e+00  7.61152e-05  7.61152e-05
5.594738900e-01  7.4947029e-05  1.00000e+00  7.61104e-05  7.61104e-05
5.595857847e-01  7.4934426e-05  1.00000e+00  7.61055e-05  7.61055e-05
5.596977019e-01  7.4922427e-05  1.00000e+00  7.61006e-05  7.61006e-05
5.598096414e-01  7.4910907e-05  1.00000e+00  7.60957e-05  7.60957e-05
5.599216034e-01  7.4899665e-05  1.00000e+00  7.60907e-05  7.60907e-05
5.600335877e-01  7.4888505e-05  1.00000e+00  7.60856e-05  7.60856e-05
5.601455944e-01  7.4877309e-05  1.00000e+00  7.60805e-05  7.60805e-05
5.602576235e-01  7.4866112e-05  1.00000e+00  7.60754e-05  7.60754e-05
5.603696750e-01  7.4855116e-05  1.00000e+00  7.60703e-05  7.60703e-05
5.604817490e-01  7.4844653e-05  1.00000e+00  7.60651e-05  7.60651e-05
5.605938453e-01  7.4835096e-05  1.00000e+00  7.60598e-05  7.60598e-05
5.607059641e-01  7.4826749e-05  1.00000e+00  7.60546e-05  7.60546e-05
5.608181053e-01  7.4819746e-05  1.00000e+00  7.60494e-05  7.60494e-05
5.609302689e-01  7.4814001e-05  1.00000e+00  7.60441e-05  7.60441e-05
5.610424550e-01  7.4809219e-05  1.00000e+00  7.60389e-05  7.60389e-05
5.611546635e-01  7.4804981e-05  1.00000e+00  7.60337e-05  7.60337e-05
5.612668944e-01  7.4800866e-05  1.00000e+00  7.60285e-05  7.60285e-05
5.613791478e-01  7.4796577e-05  1.00000e+00  7.60234e-05  7.60234e-05
5.614914236e-01  7.4792024e-05  1.00000e+00  7.60182e-05  7.60182e-05
5.616037219e-01  7.4787333e-05  1.00000e+00  7.60131e-05  7.60131e-05
5.617160426e-01  7.4782786e-05  1.00000e+00  7.60080e-05  7.60080e-05
5.618283858e-01  7.4778709e-05  1.00000e+00  7.60030e-05  7.60030e-05
5.619407515e-01  7.4775373e-05  1.00000e+00  7.59979e-05  7.59979e-05
5.620531397e-01  7.4772920e-05  1.00000e+00  7.59929e-05  7.59929e-05
5.621655503e-01  7.4771360e-05  1.00000e+00  7.59880e-05  7.59880e-05
5.622779834e-01  7.4770598e-05  1.00000e+00  7.59831e-05  7.59831e-05
5.623904390e-01  7.4770498e-05  1.00000e+00  7.59782e-05  7.59782e-05
5.625029171e-01  7.4770908e-05  1.00000e+00  7.59734e-05  7.59734e-05
5.626154177e-01  7.4771676e-05  1.00000e+00  7.59687e-05  7.59687e-05
5.627279408e-01  7.4772628e-05  1.00000e+00  7.59641e-05  7.59641e-05
5.628404863e-01  7.4773548e-05  1.00000e+00  7.59595e-05  7.59595e-05
5.629530544e-01  7.4774181e-05  1.00000e+00  7.59549e-05  7.59549e-05
5.630656450e-01  7.4774262e-05  1.00000e+00  7.59505e-05  7.59505e-05
5.631782582e-01  7.4773575e-05  1.00000e+00  7.59461e-05  7.59461e-05
5.632908938e-01  7.4772022e-05  1.00000e+00  7.59417e-05  7.59417e-05
5.634035520e-01  7.4769664e-05  1.00000e+00  7.59374e-05  7.59374e-05
5.635162327e-01  7.4766726e-05  1.00000e+00  7.59331e-05  7.59331e-05
5.636289360e-01  7.4763549e-05  1.00000e+00  7.59288e-05  7.59288e-05
5.637416618e-01  7.4760500e-05  1.00000e+00  7.59246e-05  7.59246e-05
5.638544101e-01  7.4757870e-05  1.00000e+00  7.59204e-05  7.59204e-05
5.639671810e-01  7.4755783e-05  1.00000e+00  7.59162e-05  7.59162e-05
5.640799744e-01  7.4754159e-05  1.00000e+00  7.59120e-05  7.59120e-05
5.641927904e-01  7.4752732e-05  1.00000e+00  7.59079e-05  7.59079e-05
5.643056290e-01  7.4751136e-05  1.00000e+00  7.59039e-05  7.59039e-05
5.644184901e-01  7.4749011e-05  1.00000e+00  7.58998e-05  7.58998e-05
5.645313738e-01  7.4746104e-05  1.00000e+00  7.58958e-05  7.58958e-05
5.646442801e-01  7.4742338e-05  1.00000e+00  7.58918e-05  7.58918e-05
5.647572089e-01  7.4737792e-05  1.00000e+00  7.58879e-05  7.58879e-05
5.648701604e-01  7.4732645e-05  1.00000e+00  7.58839e-05  7.58839e-05
5.649831344e-01  7.4727070e-05  1.00000e+00  7.58799e-05  7.58799e-05
5.650961310e-01  7.4721146e-05  1.00000e+00  7.58760e-05  7.58760e-05
5.652091502e-01  7.4714808e-05  1.00000e+00  7.58720e-05  7.58720e-05
5.653221921e-01  7.4707844e-05  1.00000e+00  7.58680e-05  7.58680e-05
5.654352565e-01  7.4699969e-05  1.00000e+00  7.58641e-05  7.58641e-05
5.655483436e-01  7.4690904e-05  1.00000e+00  7.58600e-05  7.58600e-05
5.656614532e-01  7.4680472e-05  1.00000e+00  7.58560e-05  7.58560e-05
5.657745855e-01  7.4668664e-05  1.00000e+00  7.58519e-05  7.58519e-05
5.658877404e-01  7.4655656e-05  1.00000e+00  7.58477e-05  7.58477e-05
5.660009180e-01  7.4641767e-05  1.00000e+00  7.58435e-05  7.58435e-05
5.661141182e-01  7.4627361e-05  1.00000e+00  7.58392e-05  7.58392e-05
5.662273410e-01  7.4612712e-05  1.00000e+00  7.58348e-05  7.58348e-05
5.663405865e-01  7.4597892e-05  1.00000e+00  7.58303e-05  7.58303e-05
5.664538546e-01  7.4582660e-05  1.00000e+00  7.58258e-05  7.58258e-05
5.665671453e-01  7.4566490e-05  1.00000e+00  7.58211e-05  7.58211e-05
5.666804588e-01  7.4548633e-05  1.00000e+00  7.58164e-05  7.58164e-05
5.667937949e-01  7.4528304e-05  1.00000e+00  7.58115e-05  7.58115e-05
5.669071536e-01  7.4504791e-05  1.00000e+00  7.58066e-05  7.58066e-05
5.670205351e-01  7.4477545e-05  1.00000e+00  7.58014e-05  7.58014e-05
5.671339392e-01  7.4446069e-05  1.00000e+00  7.57960e-05  7.57960e-05
5.672473659e-01  7.4409834e-05  1.00000e+00  7.57904e-05  7.57904e-05
5.673608154e-01  7.4368115e-05  1.00000e+00  7.57845e-05  7.57845e-05
5.674742876e-01  7.4320064e-05  1.00000e+00  7.57783e-05  7.57783e-05
5.675877824e-01  7.4265024e-05  1.00000e+00  7.57717e-05  7.57717e-05
5.677013000e-01  7.4203012e-05  1.00000e+00  7.57646e-05  7.57646e-05
5.678148403e-01  7.4135245e-05  1.00000e+00  7.57570e-05  7.57570e-05
5.679284032e-01  7.4064382e-05  1.00000e+00  7.57488e-05  7.57488e-05
5.680419889e-01  7.3994423e-05  1.00000e+00  7.57401e-05  7.57401e-05
5.681555973e-01  7.3930220e-05  1.00000e+00  7.57309e-05  7.57309e-05
5.682692284e-01  7.3876877e-05  1.00000e+00  7.57212e-05  7.57212e-05
5.683828823e-01  7.3839152e-05  1.00000e+00  7.57113e-05  7.57113e-05
5.684965588e-01  7.3820945e-05  1.00000e+00  7.57011e-05  7.57011e-05
5.686102582e-01  7.3824762e-05  1.00000e+00  7.56910e-05  7.56910e-05
5.687239802e-01  7.3851034e-05  1.00000e+00  7.56812e-05  7.56812e-05
5.688377250e-01  7.3897356e-05  1.00000e+00  7.56718e-05  7.56718e-05
5.689514926e-01  7.3958082e-05  1.00000e+00  7.56630e-05  7.56630e-05
5.690652829e-01  7.4024794e-05  1.00000e+00  7.56549e-05  7.56549e-05
5.691790959e-01  7.4087968e-05  1.00000e+00  7.56474e-05  7.56474e-05
5.692929317e-01  7.4139562e-05  1.00000e+00  7.56406e-05  7.56406e-05
5.694067903e-01  7.4175651e-05  1.00000e+00  7.56343e-05  7.56343e-05
5.695206717e-01  7.4197851e-05  1.00000e+00  7.56283e-05  7.56283e-05
5.696345758e-01  7.4212674e-05  1.00000e+00  7.56225e-05  7.56225e-05
5.697485027e-01  7.4228789e-05  1.00000e+00  7.56170e-05  7.56170e-05
5.698624524e-01  7.4253130e-05  1.00000e+00  7.56116e-05  7.56116e-05
5.699764249e-01  7.4287571e-05  1.00000e+00  7.56067e-05  7.56067e-05
5.700904202e-01  7.4327536e-05  1.00000e+00  7.56021e-05  7.56021e-05
5.702044383e-01  7.4363274e-05  1.00000e+00  7.55979e-05  7.55979e-05
5.703184792e-01  7.4383168e-05  1.00000e+00  7.55941e-05  7.55941e-05
5.704325429e-01  7.4377687e-05  1.00000e+00  7.55903e-05  7.55903e-05
5.705466294e-01  7.4342377e-05  1.00000e+00  7.55865e-05  7.55865e-05
5.706607387e-01  7.4278888e-05  1.00000e+00  7.55822e-05  7.55822e-05
5.707748708e-01  7.4193864e-05  1.00000e+00  7.55773e-05  7.55773e-05
5.708890258e-01  7.4096580e-05  1.00000e+00  7.55717e-05  7.55717e-05
5.710032036e-01  7.3996375e-05  1.00000e+00  7.55652e-05  7.55652e-05
5.711174043e-01  7.3900834e-05  1.00000e+00  7.55579e-05  7.55579e-05
5.712316277e-01  7.3815271e-05  1.00000e+00  7.55498e-05  7.55498e-05
5.713458741e-01  7.3743206e-05  1.00000e+00  7.55411e-05  7.55411e-05
5.714601432e-01  7.3687354e-05  1.00000e+00  7.55320e-05  7.55320e-05
5.715744353e-01  7.3650311e-05  1.00000e+00  7.55225e-05  7.55225e-05
5.716887502e-01  7.3634565e-05  1.00000e+00  7.55128e-05  7.55128e-05
5.718030879e-01  7.3641662e-05  1.00000e+00  7.55033e-05  7.55033e-05
5.719174485e-01  7.3671049e-05  1.00000e+00  7.54940e-05  7.54940e-05
5.720318320e-01  7.3719157e-05  1.00000e+00  7.54851e-05  7.54851e-05
5.721462384e-01  7.3779492e-05  1.00000e+00  7.54768e-05  7.54768e-05
5.722606676e-01  7.3843827e-05  1.00000e+00  7.54692e-05  7.54692e-05
5.723751198e-01  7.3904168e-05  1.00000e+00  7.54623e-05  7.54623e-05
5.724895948e-01  7.3954763e-05  1.00000e+00  7.54559e-05  7.54559e-05
5.726040927e-01  7.3993189e-05  1.00000e+00  7.54500e-05  7.54500e-05
5.727186135e-01  7.4020198e-05  1.00000e+00  7.54445e-05  7.54445e-05
5.728331573e-01  7.4038434e-05  1.00000e+00  7.54392e-05  7.54392e-05
5.729477239e-01  7.4050802e-05  1.00000e+00  7.54341e-05  7.54341e-05
5.730623134e-01  7.4059270e-05  1.00000e+00  7.54292e-05  7.54292e-05
5.731769259e-01  7.4064641e-05  1.00000e+00  7.54244e-05  7.54244e-05
5.732915613e-01  7.4067196e-05  1.00000e+00  7.54197e-05  7.54197e-05
5.734062196e-01  7.4067652e-05  1.00000e+00  7.54151e-05  7.54151e-05
5.735209008e-01  7.4067731e-05  1.00000e+00  7.54105e-05  7.54105e-05
5.736356050e-01  7.4070047e-05  1.00000e+00  7.54060e-05  7.54060e-05
5.737503321e-01  7.4077443e-05  1.00000e+00  7.54016e-05  7.54016e-05
5.738650822e-01  7.4092247e-05  1.00000e+00  7.53973e-05  7.53973e-05
5.739798552e-01  7.4115890e-05  1.00000e+00  7.53932e-05  7.53932e-05
5.740946512e-01  7.4149009e-05  1.00000e+00  7.53895e-05  7.53895e-05
5.742094701e-01  7.4191672e-05  1.00000e+00  7.53861e-05  7.53861e-05
5.743243120e-01  7.4243417e-05  1.00000e+00  7.53832e-05  7.53832e-05
5.744391769e-01  7.4302877e-05  1.00000e+00  7.53809e-05  7.53809e-05
5.745540647e-01  7.4367270e-05  1.00000e+00  7.53791e-05  7.53791e-05
5.746689755e-01  7.4432337e-05  1.00000e+00  7.53779e-05  7.53779e-05
5.747839093e-01  7.4492992e-05  1.00000e+00  7.53774e-05  7.53774e-05
5.748988661e-01  7.4544764e-05  1.00000e+00  7.53774e-05  7.53774e-05
5.750138459e-01  7.4585305e-05  1.00000e+00  7.53777e-05  7.53777e-05
5.751288486e-01  7.4615297e-05  1.00000e+00  7.53785e-05  7.53785e-05
5.752438744e-01  7.4638201e-05  1.00000e+00  7.53794e-05  7.53794e-05
5.753589232e-01  7.4658931e-05  1.00000e+00  7.53806e-05  7.53806e-05
5.754739950e-01  7.4682065e-05  1.00000e+00  7.53819e-05  7.53819e-05
5.755890898e-01  7.4710444e-05  1.00000e+00  7.53835e-05  7.53835e-05
5.757042076e-01  7.4744605e-05  1.00000e+00  7.53853e-05  7.53853e-05
5.758193484e-01  7.4783134e-05  1.00000e+00  7.53875e-05  7.53875e-05
5.759345123e-01  7.4823599e-05  1.00000e+00  7.53900e-05  7.53900e-05
5.760496992e-01  7.4863475e-05  1.00000e+00  7.53929e-05  7.53929e-05
5.761649091e-01  7.4900780e-05  1.00000e+00  7.53961e-05  7.53961e-05
5.762801421e-01  7.4934379e-05  1.00000e+00  7.53996e-05  7.53996e-05
5.763953982e-01  7.4964070e-05  1.00000e+00  7.54034e-05  7.54034e-05
5.765106772e-01  7.4990675e-05  1.00000e+00  7.54074e-05  7.54074e-05
5.766259794e-01  7.5016069e-05  1.00000e+00  7.54116e-05  7.54116e-05
5.767413046e-01  7.5043130e-05  1.00000e+00  7.54160e-05  7.54160e-05
5.768566528e-01  7.5075412e-05  1.00000e+00  7.54207e-05  7.54207e-05
5.769720242e-01  7.5116298e-05  1.00000e+00  7.54256e-05  7.54256e-05
5.770874186e-01  7.5168065e-05  1.00000e+00  7.54309e-05  7.54309e-05
5.772028360e-01  7.5230939e-05  1.00000e+00  7.54367e-05  7.54367e-05
5.773182766e-01  7.5302542e-05  1.00000e+00  7.54431e-05  7.54431e-05
5.774337403e-01  7.5377950e-05  1.00000e+00  7.54501e-05  7.54501e-05
5.775492270e-01  7.5450346e-05  1.00000e+00  7.54577e-05  7.54577e-05
5.776647369e-01  7.5512085e-05  1.00000e+00  7.54658e-05  7.54658e-05
5.777802698e-01  7.5555980e-05  1.00000e+00  7.54744e-05  7.54744e-05
5.778958259e-01  7.5576701e-05  1.00000e+00  7.54832e-05  7.54832e-05
5.780114050e-01  7.5572359e-05  1.00000e+00  7.54920e-05  7.54920e-05
5.781270073e-01  7.5546185e-05  1.00000e+00  7.55005e-05  7.55005e-05
5.782426327e-01  7.5508106e-05  1.00000e+00  7.55088e-05  7.55088e-05
5.783582812e-01  7.5475315e-05  1.00000e+00  7.55166e-05  7.55166e-05
5.784739529e-01  7.5470986e-05  1.00000e+00  7.55242e-05  7.55242e-05
5.785896477e-01  7.5520344e-05  1.00000e+00  7.55320e-05  7.55320e-05
5.787053656e-01  7.5644350e-05  1.00000e+00  7.55404e-05  7.55404e-05
5.788211067e-01  7.5852684e-05  1.00000e+00  7.55502e-05  7.55502e-05
5.789368709e-01  7.6138462e-05  1.00000e+00  7.55622e-05  7.55622e-05
5.790526583e-01  7.6477238e-05  1.00000e+00  7.55768e-05  7.55768e-05
5.791684688e-01  7.6831430e-05  1.00000e+00  7.55945e-05  7.55945e-05
5.792843025e-01  7.7159216e-05  1.00000e+00  7.56150e-05  7.56150e-05
5.794001594e-01  7.7424972e-05  1.00000e+00  7.56380e-05  7.56380e-05
5.795160394e-01  7.7607695e-05  1.00000e+00  7.56628e-05  7.56628e-05
5.796319426e-01  7.7704624e-05  1.00000e+00  7.56887e-05  7.56887e-05
5.797478690e-01  7.7729267e-05  1.00000e+00  7.57149e-05  7.57149e-05
5.798638186e-01  7.7705215e-05  1.00000e+00  7.57408e-05  7.57408e-05
5.799797913e-01  7.7658384e-05  1.00000e+00  7.57662e-05  7.57662e-05
5.800957873e-01  7.7610343e-05  1.00000e+00  7.57909e-05  7.57909e-05
5.802118064e-01  7.7574518e-05  1.00000e+00  7.58150e-05  7.58150e-05
5.803278488e-01  7.7555572e-05  1.00000e+00  7.58387e-05  7.58387e-05
5.804439144e-01  7.7551218e-05  1.00000e+00  7.58622e-05  7.58622e-05
5.805600032e-01  7.7555215e-05  1.00000e+00  7.58854e-05  7.58854e-05
5.806761152e-01  7.7560368e-05  1.00000e+00  7.59084e-05  7.59084e-05
5.807922504e-01  7.7560727e-05  1.00000e+00  7.59313e-05  7.59313e-05
5.809084088e-01  7.7552745e-05  1.00000e+00  7.59540e-05  7.59540e-05
5.810245905e-01  7.7535415e-05  1.00000e+00  7.59764e-05  7.59764e-05
5.811407954e-01  7.7509726e-05  1.00000e+00  7.59984e-05  7.59984e-05
5.812570236e-01  7.7477772e-05  1.00000e+00  7.60199e-05  7.60199e-05
5.813732750e-01  7.7441853e-05  1.00000e+00  7.60410e-05  7.60410e-05
5.814895497e-01  7.7403817e-05  1.00000e+00  7.60616e-05  7.60616e-05
5.816058476e-01  7.7364776e-05  1.00000e+00  7.60816e-05  7.60816e-05
5.817221687e-01  7.7325079e-05  1.00000e+00  7.61012e-05  7.61012e-05
5.818385132e-01  7.7284634e-05  1.00000e+00  7.61202e-05  7.61202e-05
5.819548809e-01  7.7243225e-05  1.00000e+00  7.61388e-05  7.61388e-05
5.820712718e-01  7.7200785e-05  1.00000e+00  7.61568e-05  7.61568e-05
5.821876861e-01  7.7157531e-05  1.00000e+00  7.61742e-05  7.61742e-05
5.823041236e-01  7.7113949e-05  1.00000e+00  7.61912e-05  7.61912e-05
5.824205845e-01  7.7070677e-05  1.00000e+00  7.62076e-05  7.62076e-05
5.825370686e-01  7.7028386e-05  1.00000e+00  7.62236e-05  7.62236e-05
5.826535760e-01  7.6987646e-05  1.00000e+00  7.62390e-05  7.62390e-05
5.827701067e-01  7.6948888e-05  1.00000e+00  7.62540e-05  7.62540e-05
5.828866607e-01  7.6912349e-05  1.00000e+00  7.62685e-05  7.62685e-05
5.830032381e-01  7.6878118e-05  1.00000e+00  7.62826e-05  7.62826e-05
5.831198387e-01  7.6846089e-05  1.00000e+00  7.62963e-05  7.62963e-05
5.832364627e-01  7.6816026e-05  1.00000e+00  7.63096e-05  7.63096e-05
5.833531100e-01  7.6787579e-05  1.00000e+00  7.63226e-05  7.63226e-05
5.834697806e-01  7.6760332e-05  1.00000e+00  7.63352e-05  7.63352e-05
5.835864745e-01  7.6733899e-05  1.00000e+00  7.63475e-05  7.63475e-05
5.837031918e-01  7.6707987e-05  1.00000e+00  7.63594e-05  7.63594e-05
5.838199325e-01  7.6682432e-05  1.00000e+00  7.63711e-05  7.63711e-05
5.839366965e-01  7.6657226e-05  1.00000e+00  7.63824e-05  7.63824e-05
5.840534838e-01  7.6632456e-05  1.00000e+00  7.63934e-05  7.63934e-05
5.841702945e-01  7.6608213e-05  1.00000e+00  7.64042e-05  7.64042e-05
5.842871286e-01  7.6584554e-05  1.00000e+00  7.64146e-05  7.64146e-05
5.844039860e-01  7.6561472e-05  1.00000e+00  7.64248e-05  7.64248e-05
5.845208668e-01  7.6538933e-05  1.00000e+00  7.64347e-05  7.64347e-05
5.846377710e-01  7.6516879e-05  1.00000e+00  7.64443e-05  7.64443e-05
5.847546985e-01  7.6495191e-05  1.00000e+00  7.64536e-05  7.64536e-05
5.848716495e-01  7.6473549e-05  1.00000e+00  7.64627e-05  7.64627e-05
5.849886238e-01  7.6451294e-05  1.00000e+00  7.64716e-05  7.64716e-05
5.851056215e-01  7.6427383e-05  1.00000e+00  7.64802e-05  7.64802e-05
5.852226426e-01  7.6400548e-05  1.00000e+00  7.64885e-05  7.64885e-05
5.853396872e-01  7.6369696e-05  1.00000e+00  7.64965e-05  7.64965e-05
5.854567551e-01  7.6334420e-05  1.00000e+00  7.65041e-05  7.65041e-05
5.855738464e-01  7.6295373e-05  1.00000e+00  7.65114e-05  7.65114e-05
5.856909612e-01  7.6254235e-05  1.00000e+00  7.65183e-05  7.65183e-05
5.858080994e-01  7.6213254e-05  1.00000e+00  7.65247e-05  7.65247e-05
5.859252610e-01  7.6174490e-05  1.00000e+00  7.65308e-05  7.65308e-05
5.860424461e-01  7.6138967e-05  1.00000e+00  7.65365e-05  7.65365e-05
5.861596546e-01  7.6106176e-05  1.00000e+00  7.65419e-05  7.65419e-05
5.862768865e-01  7.6074078e-05  1.00000e+00  7.65470e-05  7.65470e-05
5.863941419e-01  7.6039416e-05  1.00000e+00  7.65518e-05  7.65518e-05
5.865114207e-01  7.5998536e-05  1.00000e+00  7.65562e-05  7.65562e-05
5.866287230e-01  7.5947861e-05  1.00000e+00  7.65602e-05  7.65602e-05
5.867460487e-01  7.5884234e-05  1.00000e+00  7.65637e-05  7.65637e-05
5.868633979e-01  7.5804911e-05  1.00000e+00  7.65665e-05  7.65665e-05
5.869807706e-01  7.5707330e-05  1.00000e+00  7.65686e-05  7.65686e-05
5.870981668e-01  7.5588881e-05  1.00000e+00  7.65697e-05  7.65697e-05
5.872155864e-01  7.5446864e-05  1.00000e+00  7.65697e-05  7.65697e-05
5.873330295e-01  7.5278793e-05  1.00000e+00  7.65684e-05  7.65684e-05
5.874504961e-01  7.5083278e-05  1.00000e+00  7.65655e-05  7.65655e-05
5.875679862e-01  7.4861364e-05  1.00000e+00  7.65609e-05  7.65609e-05
5.876854998e-01  7.4618049e-05  1.00000e+00  7.65543e-05  7.65543e-05
5.878030369e-01  7.4363340e-05  1.00000e+00  7.65456e-05  7.65456e-05
5.879205975e-01  7.4112680e-05  1.00000e+00  7.65348e-05  7.65348e-05
5.880381817e-01  7.3885972e-05  1.00000e+00  7.65220e-05  7.65220e-05
5.881557893e-01  7.3705218e-05  1.00000e+00  7.65076e-05  7.65076e-05
5.882734205e-01  7.3591311e-05  1.00000e+00  7.64920e-05  7.64920e-05
5.883910751e-01  7.3560274e-05  1.00000e+00  7.64760e-05  7.64760e-05
5.885087534e-01  7.3619775e-05  1.00000e+00  7.64602e-05  7.64602e-05
5.886264551e-01  7.3766536e-05  1.00000e+00  7.64454e-05  7.64454e-05
5.887441804e-01  7.3985313e-05  1.00000e+00  7.64324e-05  7.64324e-05
5.888619292e-01  7.4250030e-05  1.00000e+00  7.64217e-05  7.64217e-05
5.889797016e-01  7.4527775e-05  1.00000e+00  7.64134e-05  7.64134e-05
5.890974976e-01  7.4785337e-05  1.00000e+00  7.64075e-05  7.64075e-05
5.892153171e-01  7.4997759e-05  1.00000e+00  7.64038e-05  7.64038e-05
5.893331601e-01  7.5156161e-05  1.00000e+00  7.64017e-05  7.64017e-05
5.894510268e-01  7.5272177e-05  1.00000e+00  7.64009e-05  7.64009e-05
5.895689170e-01  7.5375762e-05  1.00000e+00  7.64009e-05  7.64009e-05
5.896868307e-01  7.5505620e-05  1.00000e+00  7.64020e-05  7.64020e-05
5.898047681e-01  7.5694475e-05  1.00000e+00  7.64044e-05  7.64044e-05
5.899227291e-01  7.5953787e-05  1.00000e+00  7.64088e-05  7.64088e-05
5.900407136e-01  7.6264502e-05  1.00000e+00  7.64156e-05  7.64156e-05
5.901587217e-01  7.6578821e-05  1.00000e+00  7.64251e-05  7.64251e-05
5.902767535e-01  7.6833134e-05  1.00000e+00  7.64371e-05  7.64371e-05
5.903948088e-01  7.6967798e-05  1.00000e+00  7.64506e-05  7.64506e-05
5.905128878e-01  7.6945860e-05  1.00000e+00  7.64646e-05  7.64646e-05
5.906309904e-01  7.6763525e-05  1.00000e+00  7.64776e-05  7.64776e-05
5.907491166e-01  7.6448438e-05  1.00000e+00  7.64884e-05  7.64884e-05
5.908672664e-01  7.6047403e-05  1.00000e+00  7.64959e-05  7.64959e-05
5.909854399e-01  7.5610255e-05  1.00000e+00  7.64998e-05  7.64998e-05
5.911036369e-01  7.5177290e-05  1.00000e+00  7.64999e-05  7.64999e-05
5.912218577e-01  7.4775011e-05  1.00000e+00  7.64964e-05  7.64964e-05
5.913401020e-01  7.4420879e-05  1.00000e+00  7.64897e-05  7.64897e-05
5.914583701e-01  7.4132204e-05  1.00000e+00  7.64802e-05  7.64802e-05
5.915766617e-01  7.3933175e-05  1.00000e+00  7.64688e-05  7.64688e-05
5.916949771e-01  7.3855051e-05  1.00000e+00  7.64562e-05  7.64562e-05
5.918133161e-01  7.3928198e-05  1.00000e+00  7.64438e-05  7.64438e-05
5.919316787e-01  7.4169417e-05  1.00000e+00  7.64328e-05  7.64328e-05
5.920500651e-01  7.4570238e-05  1.00000e+00  7.64246e-05  7.64246e-05
5.921684751e-01  7.5091454e-05  1.00000e+00  7.64206e-05  7.64206e-05
5.922869088e-01  7.5667075e-05  1.00000e+00  7.64213e-05  7.64213e-05
5.924053662e-01  7.6216954e-05  1.00000e+00  7.64270e-05  7.64270e-05
5.925238472e-01  7.6663927e-05  1.00000e+00  7.64369e-05  7.64369e-05
5.926423520e-01  7.6949899e-05  1.00000e+00  7.64500e-05  7.64500e-05
5.927608805e-01  7.7046036e-05  1.00000e+00  7.64646e-05  7.64646e-05
5.928794326e-01  7.6953996e-05  1.00000e+00  7.64791e-05  7.64791e-05
5.929980085e-01  7.6698375e-05  1.00000e+00  7.64921e-05  7.64921e-05
5.931166081e-01  7.6314455e-05  1.00000e+00  7.65021e-05  7.65021e-05
5.932352315e-01  7.5836386e-05  1.00000e+00  7.65084e-05  7.65084e-05
5.933538785e-01  7.5291341e-05  1.00000e+00  7.65103e-05  7.65103e-05
5.934725493e-01  7.4701714e-05  1.00000e+00  7.65073e-05  7.65073e-05
5.935912438e-01  7.4093664e-05  1.00000e+00  7.64992e-05  7.64992e-05
5.937099620e-01  7.3506489e-05  1.00000e+00  7.64860e-05  7.64860e-05
5.938287040e-01  7.2996059e-05  1.00000e+00  7.64683e-05  7.64683e-05
5.939474698e-01  7.2628809e-05  1.00000e+00  7.64469e-05  7.64469e-05
5.940662593e-01  7.2467159e-05  1.00000e+00  7.64234e-05  7.64234e-05
5.941850725e-01  7.2551420e-05  1.00000e+00  7.63998e-05  7.63998e-05
5.943039095e-01  7.2885887e-05  1.00000e+00  7.63781e-05  7.63781e-05
5.944227703e-01  7.3434174e-05  1.00000e+00  7.63605e-05  7.63605e-05
5.945416549e-01  7.4125493e-05  1.00000e+00  7.63483e-05  7.63483e-05
5.946605632e-01  7.4868809e-05  1.00000e+00  7.63425e-05  7.63425e-05
5.947794953e-01  7.5569805e-05  1.00000e+00  7.63430e-05  7.63430e-05
5.948984512e-01  7.6146628e-05  1.00000e+00  7.63490e-05  7.63490e-05
5.950174309e-01  7.6542191e-05  1.00000e+00  7.63591e-05  7.63591e-05
5.951364344e-01  7.6731480e-05  1.00000e+00  7.63716e-05  7.63716e-05
5.952554617e-01  7.6723715e-05  1.00000e+00  7.63849e-05  7.63849e-05
5.953745128e-01  7.6558422e-05  1.00000e+00  7.63972e-05  7.63972e-05
5.954935877e-01  7.6294863e-05  1.00000e+00  7.64076e-05  7.64076e-05
5.956126864e-01  7.5996452e-05  1.00000e+00  7.64156e-05  7.64156e-05
5.957318089e-01  7.5713954e-05  1.00000e+00  7.64209e-05  7.64209e-05
5.958509553e-01  7.5473814e-05  1.00000e+00  7.64240e-05  7.64240e-05
5.959701255e-01  7.5276157e-05  1.00000e+00  7.64252e-05  7.64252e-05
5.960893195e-01  7.5103295e-05  1.00000e+00  7.64249e-05  7.64249e-05
5.962085374e-01  7.4935098e-05  1.00000e+00  7.64231e-05  7.64231e-05
5.963277791e-01  7.4763770e-05  1.00000e+00  7.64199e-05  7.64199e-05
5.964470446e-01  7.4600832e-05  1.00000e+00  7.64154e-05  7.64154e-05
5.965663340e-01  7.4473243e-05  1.00000e+00  7.64096e-05  7.64096e-05
5.966856473e-01  7.4410748e-05  1.00000e+00  7.64031e-05  7.64031e-05
5.968049844e-01  7.4431326e-05  1.00000e+00  7.63964e-05  7.63964e-05
5.969243454e-01  7.4531925e-05  1.00000e+00  7.63904e-05  7.63904e-05
5.970437303e-01  7.4688745e-05  1.00000e+00  7.63855e-05  7.63855e-05
5.971631390e-01  7.4866589e-05  1.00000e+00  7.63821e-05  7.63821e-05
5.972825717e-01  7.5032193e-05  1.00000e+00  7.63802e-05  7.63802e-05
5.974020282e-01  7.5164641e-05  1.00000e+00  7.63797e-05  7.63797e-05
5.975215086e-01  7.5258599e-05  1.00000e+00  7.63801e-05  7.63801e-05
5.976410129e-01  7.5320083e-05  1.00000e+00  7.63811e-05  7.63811e-05
5.977605411e-01  7.5358275e-05  1.00000e+00  7.63826e-05  7.63826e-05
5.978800932e-01  7.5378145e-05  1.00000e+00  7.63844e-05  7.63844e-05
5.979996692e-01  7.5377936e-05  1.00000e+00  7.63862e-05  7.63862e-05
5.981192692e-01  7.5352001e-05  1.00000e+00  7.63879e-05  7.63879e-05
5.982388930e-01  7.5296676e-05  1.00000e+00  7.63893e-05  7.63893e-05
5.983585408e-01  7.5215519e-05  1.00000e+00  7.63901e-05  7.63901e-05
5.984782125e-01  7.5121151e-05  1.00000e+00  7.63901e-05  7.63901e-05
5.985979081e-01  7.5032715e-05  1.00000e+00  7.63894e-05  7.63894e-05
5.987176277e-01  7.4969983e-05  1.00000e+00  7.63881e-05  7.63881e-05
5.988373712e-01  7.4947220e-05  1.00000e+00  7.63863e-05  7.63863e-05
5.989571387e-01  7.4968738e-05  1.00000e+00  7.63847e-05  7.63847e-05
5.990769301e-01  7.5027995e-05  1.00000e+00  7.63833e-05  7.63833e-05
5.991967455e-01  7.5110189e-05  1.00000e+00  7.63826e-05  7.63826e-05
5.993165849e-01  7.5197261e-05  1.00000e+00  7.63827e-05  7.63827e-05
5.994364482e-01  7.5273394e-05  1.00000e+00  7.63835e-05  7.63835e-05
5.995563355e-01  7.5329016e-05  1.00000e+00  7.63848e-05  7.63848e-05
5.996762468e-01  7.5362320e-05  1.00000e+00  7.63865e-05  7.63865e-05
5.997961820e-01  7.5377970e-05  1.00000e+00  7.63884e-05  7.63884e-05
5.999161412e-01  7.5384021e-05  1.00000e+00  7.63904e-05  7.63904e-05
6.000361245e-01  7.5388221e-05  1.00000e+00  7.63924e-05  7.63924e-05
6.001561317e-01  7.5395312e-05  1.00000e+00  7.63945e-05  7.63945e-05
6.002761629e-01  7.5406046e-05  1.00000e+00  7.63966e-05  7.63966e-05
6.003962182e-01  7.5417790e-05  1.00000e+00  7.63988e-05  7.63988e-05
6.005162974e-01  7.5426478e-05  1.00000e+00  7.64011e-05  7.64011e-05
6.006364007e-01  7.5428560e-05  1.00000e+00  7.64034e-05  7.64034e-05
6.007565279e-01  7.5422583e-05  1.00000e+00  7.64057e-05  7.64057e-05
6.008766792e-01  7.5409792e-05  1.00000e+00  7.64079e-05  7.64079e-05
6.009968546e-01  7.5393778e-05  1.00000e+00  7.64100e-05  7.64100e-05
6.011170539e-01  7.5379480e-05  1.00000e+00  7.64120e-05  7.64120e-05
6.012372774e-01  7.5371874e-05  1.00000e+00  7.64138e-05  7.64138e-05
6.013575248e-01  7.5374721e-05  1.00000e+00  7.64156e-05  7.64156e-05
6.014777963e-01  7.5389620e-05  1.00000e+00  7.64175e-05  7.64175e-05
6.015980919e-01  7.5415675e-05  1.00000e+00  7.64196e-05  7.64196e-05
6.017184115e-01  7.5449818e-05  1.00000e+00  7.64219e-05  7.64219e-05
6.018387552e-01  7.5487691e-05  1.00000e+00  7.64245e-05  7.64245e-05
6.019591229e-01  7.5524879e-05  1.00000e+00  7.64274e-05  7.64274e-05
6.020795148e-01  7.5558079e-05  1.00000e+00  7.64306e-05  7.64306e-05
6.021999307e-01  7.5585864e-05  1.00000e+00  7.64340e-05  7.64340e-05
6.023203706e-01  7.5608767e-05  1.00000e+00  7.64376e-05  7.64376e-05
6.024408347e-01  7.5628769e-05  1.00000e+00  7.64414e-05  7.64414e-05
6.025613229e-01  7.5648444e-05  1.00000e+00  7.64453e-05  7.64453e-05
6.026818352e-01  7.5670019e-05  1.00000e+00  7.64494e-05  7.64494e-05
6.028023715e-01  7.5694769e-05  1.00000e+00  7.64536e-05  7.64536e-05
6.029229320e-01  7.5722758e-05  1.00000e+00  7.64580e-05  7.64580e-05
6.030435166e-01  7.5753048e-05  1.00000e+00  7.64627e-05  7.64627e-05
6.031641253e-01  7.5784124e-05  1.00000e+00  7.64675e-05  7.64675e-05
6.032847581e-01  7.5814432e-05  1.00000e+00  7.64726e-05  7.64726e-05
6.034054151e-01  7.5842810e-05  1.00000e+00  7.64780e-05  7.64780e-05
6.035260961e-01  7.5868748e-05  1.00000e+00  7.64835e-05  7.64835e-05
6.036468014e-01  7.5892421e-05  1.00000e+00  7.64891e-05  7.64891e-05
6.037675307e-01  7.5914546e-05  1.00000e+00  7.64950e-05  7.64950e-05
6.038882842e-01  7.5936124e-05  1.00000e+00  7.65010e-05  7.65010e-05
6.040090619e-01  7.5958177e-05  1.00000e+00  7.65071e-05  7.65071e-05
6.041298637e-01  7.5981512e-05  1.00000e+00  7.65133e-05  7.65133e-05
6.042506897e-01  7.6006584e-05  1.00000e+00  7.65198e-05  7.65198e-05
6.043715398e-01  7.6033473e-05  1.00000e+00  7.65263e-05  7.65263e-05
6.044924141e-01  7.6061900e-05  1.00000e+00  7.65331e-05  7.65331e-05
6.046133126e-01  7.6091354e-05  1.00000e+00  7.65401e-05  7.65401e-05
6.047342353e-01  7.6121213e-05  1.00000e+00  7.65473e-05  7.65473e-05
6.048551821e-01  7.6150862e-05  1.00000e+00  7.65547e-05  7.65547e-05
6.049761531e-01  7.6179801e-05  1.00000e+00  7.65622e-05  7.65622e-05
6.050971484e-01  7.6207693e-05  1.00000e+00  7.65700e-05  7.65700e-05
6.052181678e-01  7.6234383e-05  1.00000e+00  7.65779e-05  7.65779e-05
6.053392114e-01  7.6259863e-05  1.00000e+00  7.65860e-05  7.65860e-05
6.054602793e-01  7.6284234e-05  1.00000e+00  7.65942e-05  7.65942e-05
6.055813713e-01  7.6307651e-05  1.00000e+00  7.66026e-05  7.66026e-05
6.057024876e-01  7.6330289e-05  1.00000e+00  7.66111e-05  7.66111e-05
6.058236281e-01  7.6352330e-05  1.00000e+00  7.66197e-05  7.66197e-05
6.059447928e-01  7.6373962e-05  1.00000e+00  7.66285e-05  7.66285e-05
6.060659818e-01  7.6395389e-05  1.00000e+00  7.66374e-05  7.66374e-05
6.061871950e-01  7.6416821e-05  1.00000e+00  7.66463e-05  7.66463e-05
6.063084324e-01  7.6438461e-05  1.00000e+00  7.66554e-05  7.66554e-05
6.064296941e-01  7.6460466e-05  1.00000e+00  7.66647e-05  7.66647e-05
6.065509801e-01  7.6482917e-05  1.00000e+00  7.66740e-05  7.66740e-05
6.066722902e-01  7.6505793e-05  1.00000e+00  7.66834e-05  7.66834e-05
6.067936247e-01  7.6528969e-05  1.00000e+00  7.66930e-05  7.66930e-05
6.069149834e-01  7.6552224e-05  1.00000e+00  7.67027e-05  7.67027e-05
6.070363664e-01  7.6575279e-05  1.00000e+00  7.67125e-05  7.67125e-05
6.071577737e-01  7.6597826e-05  1.00000e+00  7.67225e-05  7.67225e-05
6.072792053e-01  7.6619567e-05  1.00000e+00  7.67325e-05  7.67325e-05
6.074006611e-01  7.6640253e-05  1.00000e+00  7.67427e-05  7.67427e-05
6.075221412e-01  7.6659706e-05  1.00000e+00  7.67529e-05  7.67529e-05
6.076436457e-01  7.6677845e-05  1.00000e+00  7.67633e-05  7.67633e-05
6.077651744e-01  7.6694693e-05  1.00000e+00  7.67737e-05  7.67737e-05
6.078867274e-01  7.6710374e-05  1.00000e+00  7.67841e-05  7.67841e-05
6.080083048e-01  7.6725085e-05  1.00000e+00  7.67947e-05  7.67947e-05
6.081299064e-01  7.6739065e-05  1.00000e+00  7.68052e-05  7.68052e-05
6.082515324e-01  7.6752554e-05  1.00000e+00  7.68158e-05  7.68158e-05
6.083731827e-01  7.6765765e-05  1.00000e+00  7.68264e-05  7.68264e-05
6.084948574e-01  7.6778866e-05  1.00000e+00  7.68371e-05  7.68371e-05
6.086165563e-01  7.6791977e-05  1.00000e+00  7.68478e-05  7.68478e-05
6.087382796e-01  7.6805186e-05  1.00000e+00  7.68585e-05  7.68585e-05
6.088600273e-01  7.6818550e-05  1.00000e+00  7.68693e-05  7.68693e-05
6.089817993e-01  7.6832097e-05  1.00000e+00  7.68801e-05  7.68801e-05
6.091035957e-01  7.6845814e-05  1.00000e+00  7.68909e-05  7.68909e-05
6.092254164e-01  7.6859630e-05  1.00000e+00  7.69018e-05  7.69018e-05
6.093472615e-01  7.6873410e-05  1.00000e+00  7.69127e-05  7.69127e-05
6.094691309e-01  7.6886960e-05  1.00000e+00  7.69236e-05  7.69236e-05
6.095910247e-01  7.6900055e-05  1.00000e+00  7.69346e-05  7.69346e-05
6.097129429e-01  7.6912479e-05  1.00000e+00  7.69456e-05  7.69456e-05
6.098348855e-01  7.6924062e-05  1.00000e+00  7.69566e-05  7.69566e-05
6.099568525e-01  7.6934709e-05  1.00000e+00  7.69676e-05  7.69676e-05
6.100788439e-01  7.6944399e-05  1.00000e+00  7.69786e-05  7.69786e-05
6.102008596e-01  7.6953171e-05  1.00000e+00  7.69897e-05  7.69897e-05
6.103228998e-01  7.6961092e-05  1.00000e+00  7.70007e-05  7.70007e-05
6.104449644e-01  7.6968227e-05  1.00000e+00  7.70117e-05  7.70117e-05
6.105670534e-01  7.6974620e-05  1.00000e+00  7.70227e-05  7.70227e-05
6.106891668e-01  7.6980304e-05  1.00000e+00  7.70336e-05  7.70336e-05
6.108113046e-01  7.6985318e-05  1.00000e+00  7.70446e-05  7.70446e-05
6.109334669e-01  7.6989739e-05  1.00000e+00  7.70554e-05  7.70554e-05
6.110556536e-01  7.6993696e-05  1.00000e+00  7.70663e-05  7.70663e-05
6.111778647e-01  7.6997367e-05  1.00000e+00  7.70771e-05  7.70771e-05
6.113001003e-01  7.7000943e-05  1.00000e+00  7.70878e-05  7.70878e-05
6.114223603e-01  7.7004585e-05  1.00000e+00  7.70986e-05  7.70986e-05
6.115446448e-01  7.7008376e-05  1.00000e+00  7.71092e-05  7.71092e-05
6.116669537e-01  7.7012294e-05  1.00000e+00  7.71198e-05  7.71198e-05
6.117892871e-01  7.7016225e-05  1.00000e+00  7.71304e-05  7.71304e-05
6.119116450e-01  7.7020002e-05  1.00000e+00  7.71410e-05  7.71410e-05
6.120340273e-01  7.7023473e-05  1.00000e+00  7.71514e-05  7.71514e-05
6.121564341e-01  7.7026558e-05  1.00000e+00  7.71619e-05  7.71619e-05
6.122788654e-01  7.7029281e-05  1.00000e+00  7.71723e-05  7.71723e-05
6.124013212e-01  7.7031761e-05  1.00000e+00  7.71826e-05  7.71826e-05
6.125238014e-01  7.7034157e-05  1.00000e+00  7.71929e-05  7.71929e-05
6.126463062e-01  7.7036606e-05  1.00000e+00  7.72032e-05  7.72032e-05
6.127688354e-01  7.7039157e-05  1.00000e+00  7.72134e-05  7.72134e-05
6.128913892e-01  7.7041753e-05  1.00000e+00  7.72235e-05  7.72235e-05
6.130139675e-01  7.7044246e-05  1.00000e+00  7.72336e-05  7.72336e-05
6.131365703e-01  7.7046448e-05  1.00000e+00  7.72437e-05  7.72437e-05
6.132591976e-01  7.7048185e-05  1.00000e+00  7.72537e-05  7.72537e-05
6.133818494e-01  7.7049337e-05  1.00000e+00  7.72636e-05  7.72636e-05
6.135045258e-01  7.7049846e-05  1.00000e+00  7.72735e-05  7.72735e-05
6.136272267e-01  7.7049706e-05  1.00000e+00  7.72833e-05  7.72833e-05
6.137499522e-01  7.7048936e-05  1.00000e+00  7.72931e-05  7.72931e-05
6.138727021e-01  7.7047563e-05  1.00000e+00  7.73027e-05  7.73027e-05
6.139954767e-01  7.7045627e-05  1.00000e+00  7.73123e-05  7.73123e-05
6.141182758e-01  7.7043185e-05  1.00000e+00  7.73219e-05  7.73219e-05
6.142410994e-01  7.7040325e-05  1.00000e+00  7.73313e-05  7.73313e-05
6.143639477e-01  7.7037178e-05  1.00000e+00  7.73406e-05  7.73406e-05
6.144868204e-01  7.7033905e-05  1.00000e+00  7.73499e-05  7.73499e-05
6.146097178e-01  7.7030686e-05  1.00000e+00  7.73590e-05  7.73590e-05
6.147326398e-01  7.7027691e-05  1.00000e+00  7.73681e-05  7.73681e-05
6.148555863e-01  7.7025054e-05  1.00000e+00  7.73771e-05  7.73771e-05
6.149785574e-01  7.7022851e-05  1.00000e+00  7.73860e-05  7.73860e-05
6.151015531e-01  7.7021079e-05  1.00000e+00  7.73948e-05  7.73948e-05
6.152245734e-01  7.7019660e-05  1.00000e+00  7.74036e-05  7.74036e-05
6.153476183e-01  7.7018451e-05  1.00000e+00  7.74123e-05  7.74123e-05
6.154706879e-01  7.7017266e-05  1.00000e+00  7.74209e-05  7.74209e-05
6.155937820e-01  7.7015914e-05  1.00000e+00  7.74295e-05  7.74295e-05
6.157169008e-01  7.7014223e-05  1.00000e+00  7.74380e-05  7.74380e-05
6.158400441e-01  7.7012064e-05  1.00000e+00  7.74464e-05  7.74464e-05
6.159632121e-01  7.7009353e-05  1.00000e+00  7.74548e-05  7.74548e-05
6.160864048e-01  7.7006047e-05  1.00000e+00  7.74631e-05  7.74631e-05
6.162096221e-01  7.7002127e-05  1.00000e+00  7.74713e-05  7.74713e-05
6.163328640e-01  7.6997582e-05  1.00000e+00  7.74794e-05  7.74794e-05
6.164561306e-01  7.6992406e-05  1.00000e+00  7.74874e-05  7.74874e-05
6.165794218e-01  7.6986604e-05  1.00000e+00  7.74953e-05  7.74953e-05
6.167027377e-01  7.6980206e-05  1.00000e+00  7.75031e-05  7.75031e-05
6.168260782e-01  7.6973284e-05  1.00000e+00  7.75109e-05  7.75109e-05
6.169494434e-01  7.6965957e-05  1.00000e+00  7.75185e-05  7.75185e-05
6.170728333e-01  7.6958386e-05  1.00000e+00  7.75260e-05  7.75260e-05
6.171962479e-01  7.6950751e-05  1.00000e+00  7.75334e-05  7.75334e-05
6.173196871e-01  7.6943220e-05  1.00000e+00  7.75407e-05  7.75407e-05
6.174431511e-01  7.6935918e-05  1.00000e+00  7.75478e-05  7.75478e-05
6.175666397e-01  7.6928901e-05  1.00000e+00  7.75549e-05  7.75549e-05
6.176901530e-01  7.6922153e-05  1.00000e+00  7.75619e-05  7.75619e-05
6.178136911e-01  7.6915591e-05  1.00000e+00  7.75688e-05  7.75688e-05
6.179372538e-01  7.6909081e-05  1.00000e+00  7.75756e-05  7.75756e-05
6.180608413e-01  7.6902467e-05  1.00000e+00  7.75823e-05  7.75823e-05
6.181844534e-01  7.6895590e-05  1.00000e+00  7.75889e-05  7.75889e-05
6.183080903e-01  7.6888316e-05  1.00000e+00  7.75954e-05  7.75954e-05
6.184317519e-01  7.6880543e-05  1.00000e+00  7.76018e-05  7.76018e-05
6.185554383e-01  7.6872214e-05  1.00000e+00  7.76081e-05  7.76081e-05
6.186791494e-01  7.6863313e-05  1.00000e+00  7.76143e-05  7.76143e-05
6.188028852e-01  7.6853860e-05  1.00000e+00  7.76204e-05  7.76204e-05
6.189266458e-01  7.6843907e-05  1.00000e+00  7.76264e-05  7.76264e-05
6.190504311e-01  7.6833533e-05  1.00000e+00  7.76323e-05  7.76323e-05
6.191742412e-01  7.6822840e-05  1.00000e+00  7.76380e-05  7.76380e-05
6.192980760e-01  7.6811946e-05  1.00000e+00  7.76436e-05  7.76436e-05
6.194219357e-01  7.6800975e-05  1.00000e+00  7.76491e-05  7.76491e-05
6.195458200e-01  7.6790041e-05  1.00000e+00  7.76545e-05  7.76545e-05
6.196697292e-01  7.6779234e-05  1.00000e+00  7.76598e-05  7.76598e-05
6.197936632e-01  7.6768606e-05  1.00000e+00  7.76650e-05  7.76650e-05
6.199176219e-01  7.6758173e-05  1.00000e+00  7.76700e-05  7.76700e-05
6.200416054e-01  7.6747911e-05  1.00000e+00  7.76749e-05  7.76749e-05
6.201656137e-01  7.6737776e-05  1.00000e+00  7.76798e-05  7.76798e-05
6.202896469e-01  7.6727711e-05  1.00000e+00  7.76845e-05  7.76845e-05
6.204137048e-01  7.6717652e-05  1.00000e+00  7.76891e-05  7.76891e-05
6.205377875e-01  7.6707540e-05  1.00000e+00  7.76936e-05  7.76936e-05
6.206618951e-01  7.6697321e-05  1.00000e+00  7.76980e-05  7.76980e-05
6.207860275e-01  7.6686958e-05  1.00000e+00  7.77023e-05  7.77023e-05
6.209101847e-01  7.6676441e-05  1.00000e+00  7.77066e-05  7.77066e-05
6.210343667e-01  7.6665789e-05  1.00000e+00  7.77106e-05  7.77106e-05
6.211585736e-01  7.6655061e-05  1.00000e+00  7.77146e-05  7.77146e-05
6.212828053e-01  7.6644339e-05  1.00000e+00  7.77185e-05  7.77185e-05
6.214070619e-01  7.6633716e-05  1.00000e+00  7.77223e-05  7.77223e-05
6.215313433e-01  7.6623275e-05  1.00000e+00  7.77260e-05  7.77260e-05
6.216556495e-01  7.6613071e-05  1.00000e+00  7.77296e-05  7.77296e-05
6.217799807e-01  7.6603118e-05  1.00000e+00  7.77331e-05  7.77331e-05
6.219043367e-01  7.6593388e-05  1.00000e+00  7.77365e-05  7.77365e-05
6.220287175e-01  7.6583804e-05  1.00000e+00  7.77398e-05  7.77398e-05
6.221531233e-01  7.6574251e-05  1.00000e+00  7.77430e-05  7.77430e-05
6.222775539e-01  7.6564577e-05  1.00000e+00  7.77461e-05  7.77461e-05
6.224020094e-01  7.6554609e-05  1.00000e+00  7.77492e-05  7.77492e-05
6.225264898e-01  7.6544187e-05  1.00000e+00  7.77521e-05  7.77521e-05
6.226509951e-01  7.6533196e-05  1.00000e+00  7.77550e-05  7.77550e-05
6.227755253e-01  7.6521612e-05  1.00000e+00  7.77577e-05  7.77577e-05
6.229000804e-01  7.6509536e-05  1.00000e+00  7.77604e-05  7.77604e-05
6.230246604e-01  7.6497199e-05  1.00000e+00  7.77629e-05  7.77629e-05
6.231492654e-01  7.6484945e-05  1.00000e+00  7.77653e-05  7.77653e-05
6.232738952e-01  7.6473172e-05  1.00000e+00  7.77677e-05  7.77677e-05
6.233985500e-01  7.6462267e-05  1.00000e+00  7.77699e-05  7.77699e-05
6.235232297e-01  7.6452536e-05  1.00000e+00  7.77721e-05  7.77721e-05
6.236479343e-01  7.6444157e-05  1.00000e+00  7.77742e-05  7.77742e-05
6.237726639e-01  7.6437160e-05  1.00000e+00  7.77762e-05  7.77762e-05
6.238974185e-01  7.6431459e-05  1.00000e+00  7.77781e-05  7.77781e-05
6.240221980e-01  7.6426911e-05  1.00000e+00  7.77800e-05  7.77800e-05
6.241470024e-01  7.6423379e-05  1.00000e+00  7.77819e-05  7.77819e-05
6.242718318e-01  7.6420799e-05  1.00000e+00  7.77838e-05  7.77838e-05
6.243966862e-01  7.6419158e-05  1.00000e+00  7.77856e-05  7.77856e-05
6.245215655e-01  7.6418447e-05  1.00000e+00  7.77874e-05  7.77874e-05
6.246464698e-01  7.6418525e-05  1.00000e+00  7.77893e-05  7.77893e-05
6.247713991e-01  7.6419011e-05  1.00000e+00  7.77911e-05  7.77911e-05
6.248963534e-01  7.6419215e-05  1.00000e+00  7.77929e-05  7.77929e-05
6.250213327e-01  7.6418242e-05  1.00000e+00  7.77947e-05  7.77947e-05
6.251463369e-01  7.6415135e-05  1.00000e+00  7.77966e-05  7.77966e-05
6.252713662e-01  7.6408919e-05  1.00000e+00  7.77983e-05  7.77983e-05
6.253964205e-01  7.6398282e-05  1.00000e+00  7.78000e-05  7.78000e-05
6.255214997e-01  7.6382057e-05  1.00000e+00  7.78016e-05  7.78016e-05
6.256466040e-01  7.6357574e-05  1.00000e+00  7.78031e-05  7.78031e-05
6.257717334e-01  7.6317459e-05  1.00000e+00  7.78042e-05  7.78042e-05
6.258968877e-01  7.6244881e-05  1.00000e+00  7.78050e-05  7.78050e-05
6.260220671e-01  7.6106961e-05  1.00000e+00  7.78050e-05  7.78050e-05
6.261472715e-01  7.5843915e-05  1.00000e+00  7.78034e-05  7.78034e-05
6.262725010e-01  7.5358220e-05  1.00000e+00  7.77990e-05  7.77990e-05
6.263977555e-01  7.4506223e-05  1.00000e+00  7.77895e-05  7.77895e-05
6.265230350e-01  7.3101039e-05  1.00000e+00  7.77712e-05  7.77712e-05
6.266483396e-01  7.0934749e-05  1.00000e+00  7.77392e-05  7.77392e-05
6.267736693e-01  6.7831942e-05  1.00000e+00  7.76866e-05  7.76866e-05
6.268990240e-01  6.3729781e-05  1.00000e+00  7.76060e-05  7.76060e-05
6.270244038e-01  5.8776964e-05  1.00000e+00  7.74900e-05  7.74900e-05
6.271498087e-01  5.3410698e-05  1.00000e+00  7.73336e-05  7.73336e-05
6.272752387e-01  4.8374488e-05  1.00000e+00  7.71368e-05  7.71368e-05
6.274006937e-01  4.4632979e-05  1.00000e+00  7.69060e-05  7.69060e-05
6.275261739e-01  4.3174983e-05  1.00000e+00  7.66558e-05  7.66558e-05
6.276516791e-01  4.4745051e-05  1.00000e+00  7.64076e-05  7.64076e-05
6.277772094e-01  4.9579037e-05  1.00000e+00  7.61866e-05  7.61866e-05
6.279027649e-01  5.7249296e-05  1.00000e+00  7.60172e-05  7.60172e-05
6.280283454e-01  6.6693555e-05  1.00000e+00  7.59176e-05  7.59176e-05
6.281539511e-01  7.6437265e-05  1.00000e+00  7.58958e-05  7.58958e-05
6.282795819e-01  8.4951381e-05  1.00000e+00  7.59472e-05  7.59472e-05
6.284052378e-01  9.1028440e-05  1.00000e+00  7.60567e-05  7.60567e-05
6.285309188e-01  9.4052771e-05  1.00000e+00  7.62017e-05  7.62017e-05
6.286566250e-01  9.4089217e-05  1.00000e+00  7.63574e-05  7.63574e-05
6.287823563e-01  9.1779817e-05  1.00000e+00  7.65025e-05  7.65025e-05
6.289081128e-01  8.8103277e-05  1.00000e+00  7.66222e-05  7.66222e-05
6.290338944e-01  8.4091716e-05  1.00000e+00  7.67100e-05  7.67100e-05
6.291597012e-01  8.0592067e-05  1.00000e+00  7.67669e-05  7.67669e-05
6.292855332e-01  7.8128473e-05  1.00000e+00  7.67996e-05  7.67996e-05
6.294113903e-01  7.6877768e-05  1.00000e+00  7.68174e-05  7.68174e-05
6.295372725e-01  7.6733783e-05  1.00000e+00  7.68296e-05  7.68296e-05
6.296631800e-01  7.7417192e-05  1.00000e+00  7.68441e-05  7.68441e-05
6.297891126e-01  7.8588476e-05  1.00000e+00  7.68659e-05  7.68659e-05
6.299150705e-01  7.9935195e-05  1.00000e+00  7.68977e-05  7.68977e-05
6.300410535e-01  8.1222396e-05  1.00000e+00  7.69398e-05  7.69398e-05
6.301670617e-01  8.2308668e-05  1.00000e+00  7.69909e-05  7.69909e-05
6.302930951e-01  8.3136840e-05  1.00000e+00  7.70493e-05  7.70493e-05
6.304191537e-01  8.3711240e-05  1.00000e+00  7.71127e-05  7.71127e-05
6.305452375e-01  8.4070426e-05  1.00000e+00  7.71792e-05  7.71792e-05
6.306713466e-01  8.4263182e-05  1.00000e+00  7.72474e-05  7.72474e-05
6.307974809e-01  8.4330054e-05  1.00000e+00  7.73161e-05  7.73161e-05
6.309236404e-01  8.4295038e-05  1.00000e+00  7.73844e-05  7.73844e-05
6.310498251e-01  8.4166852e-05  1.00000e+00  7.74515e-05  7.74515e-05
6.311760351e-01  8.3946561e-05  1.00000e+00  7.75167e-05  7.75167e-05
6.313022703e-01  8.3636138e-05  1.00000e+00  7.75793e-05  7.75793e-05
6.314285307e-01  8.3246699e-05  1.00000e+00  7.76387e-05  7.76387e-05
6.315548164e-01  8.2801218e-05  1.00000e+00  7.76943e-05  7.76943e-05
6.316811274e-01  8.2332351e-05  1.00000e+00  7.77459e-05  7.77459e-05
6.318074636e-01  8.1875346e-05  1.00000e+00  7.77934e-05  7.77934e-05
6.319338251e-01  8.1461155e-05  1.00000e+00  7.78371e-05  7.78371e-05
6.320602119e-01  8.1108306e-05  1.00000e+00  7.78775e-05  7.78775e-05
6.321866239e-01  8.0821738e-05  1.00000e+00  7.79151e-05  7.79151e-05
6.323130612e-01  8.0591832e-05  1.00000e+00  7.79503e-05  7.79503e-05
6.324395238e-01  8.0400958e-05  1.00000e+00  7.79837e-05  7.79837e-05
6.325660117e-01  8.0229245e-05  1.00000e+00  7.80154e-05  7.80154e-05
6.326925250e-01  8.0060432e-05  1.00000e+00  7.80455e-05  7.80455e-05
6.328190635e-01  7.9887080e-05  1.00000e+00  7.80741e-05  7.80741e-05
6.329456273e-01  7.9709100e-05  1.00000e+00  7.81010e-05  7.81010e-05
6.330722164e-01  7.9532488e-05  1.00000e+00  7.81264e-05  7.81264e-05
6.331988308e-01  7.9365704e-05  1.00000e+00  7.81503e-05  7.81503e-05
6.333254706e-01  7.9214730e-05  1.00000e+00  7.81727e-05  7.81727e-05
6.334521357e-01  7.9082445e-05  1.00000e+00  7.81939e-05  7.81939e-05
6.335788261e-01  7.8969141e-05  1.00000e+00  7.82139e-05  7.82139e-05
6.337055419e-01  7.8873078e-05  1.00000e+00  7.82330e-05  7.82330e-05
6.338322830e-01  7.8793277e-05  1.00000e+00  7.82512e-05  7.82512e-05
6.339590495e-01  7.8730634e-05  1.00000e+00  7.82688e-05  7.82688e-05
6.340858413e-01  7.8686858e-05  1.00000e+00  7.82858e-05  7.82858e-05
6.342126584e-01  7.8663896e-05  1.00000e+00  7.83024e-05  7.83024e-05
6.343395010e-01  7.8662249e-05  1.00000e+00  7.83188e-05  7.83188e-05
6.344663689e-01  7.8679763e-05  1.00000e+00  7.83352e-05  7.83352e-05
6.345932621e-01  7.8711367e-05  1.00000e+00  7.83516e-05  7.83516e-05
6.347201808e-01  7.8749908e-05  1.00000e+00  7.83682e-05  7.83682e-05
6.348471248e-01  7.8787462e-05  1.00000e+00  7.83850e-05  7.83850e-05
6.349740943e-01  7.8816834e-05  1.00000e+00  7.84020e-05  7.84020e-05
6.351010891e-01  7.8832847e-05  1.00000e+00  7.84190e-05  7.84190e-05
6.352281093e-01  7.8833352e-05  1.00000e+00  7.84359e-05  7.84359e-05
6.353551549e-01  7.8819583e-05  1.00000e+00  7.84527e-05  7.84527e-05
6.354822259e-01  7.8795512e-05  1.00000e+00  7.84692e-05  7.84692e-05
6.356093224e-01  7.8766936e-05  1.00000e+00  7.84854e-05  7.84854e-05
6.357364443e-01  7.8739763e-05  1.00000e+00  7.85012e-05  7.85012e-05
6.358635915e-01  7.8718364e-05  1.00000e+00  7.85167e-05  7.85167e-05
6.359907643e-01  7.8704299e-05  1.00000e+00  7.85320e-05  7.85320e-05
6.361179624e-01  7.8696148e-05  1.00000e+00  7.85471e-05  7.85471e-05
6.362451860e-01  7.8690456e-05  1.00000e+00  7.85621e-05  7.85621e-05
6.363724350e-01  7.8683541e-05  1.00000e+00  7.85769e-05  7.85769e-05
6.364997095e-01  7.8673365e-05  1.00000e+00  7.85915e-05  7.85915e-05
6.366270095e-01  7.8660665e-05  1.00000e+00  7.86059e-05  7.86059e-05
6.367543349e-01  7.8648783e-05  1.00000e+00  7.86201e-05  7.86201e-05
6.368816857e-01  7.8642222e-05  1.00000e+00  7.86342e-05  7.86342e-05
6.370090621e-01  7.8644604e-05  1.00000e+00  7.86481e-05  7.86481e-05
6.371364639e-01  7.8656891e-05  1.00000e+00  7.86620e-05  7.86620e-05
6.372638912e-01  7.8676739e-05  1.00000e+00  7.86760e-05  7.86760e-05
6.373913440e-01  7.8699165e-05  1.00000e+00  7.86900e-05  7.86900e-05
6.375188222e-01  7.8718310e-05  1.00000e+00  7.87041e-05  7.87041e-05
6.376463260e-01  7.8729444e-05  1.00000e+00  7.87182e-05  7.87182e-05
6.377738553e-01  7.8730393e-05  1.00000e+00  7.87322e-05  7.87322e-05
6.379014100e-01  7.8721956e-05  1.00000e+00  7.87461e-05  7.87461e-05
6.380289903e-01  7.8707212e-05  1.00000e+00  7.87599e-05  7.87599e-05
6.381565961e-01  7.8690159e-05  1.00000e+00  7.87734e-05  7.87734e-05
6.382842274e-01  7.8674357e-05  1.00000e+00  7.87867e-05  7.87867e-05
6.384118843e-01  7.8662073e-05  1.00000e+00  7.87998e-05  7.87998e-05
6.385395667e-01  7.8654117e-05  1.00000e+00  7.88127e-05  7.88127e-05
6.386672746e-01  7.8650200e-05  1.00000e+00  7.88255e-05  7.88255e-05
6.387950080e-01  7.8649518e-05  1.00000e+00  7.88382e-05  7.88382e-05
6.389227670e-01  7.8651178e-05  1.00000e+00  7.88508e-05  7.88508e-05
6.390505516e-01  7.8654383e-05  1.00000e+00  7.88633e-05  7.88633e-05
6.391783617e-01  7.8658394e-05  1.00000e+00  7.88758e-05  7.88758e-05
6.393061974e-01  7.8662465e-05  1.00000e+00  7.88882e-05  7.88882e-05
6.394340586e-01  7.8665854e-05  1.00000e+00  7.89006e-05  7.89006e-05
6.395619454e-01  7.8667920e-05  1.00000e+00  7.89129e-05  7.89129e-05
6.396898578e-01  7.8668246e-05  1.00000e+00  7.89252e-05  7.89252e-05
6.398177958e-01  7.8666698e-05  1.00000e+00  7.89373e-05  7.89373e-05
6.399457593e-01  7.8663375e-05  1.00000e+00  7.89494e-05  7.89494e-05
6.400737485e-01  7.8658567e-05  1.00000e+00  7.89613e-05  7.89613e-05
6.402017632e-01  7.8652711e-05  1.00000e+00  7.89732e-05  7.89732e-05
6.403298036e-01  7.8646399e-05  1.00000e+00  7.89849e-05  7.89849e-05
6.404578695e-01  7.8640353e-05  1.00000e+00  7.89964e-05  7.89964e-05
6.405859611e-01  7.8635297e-05  1.00000e+00  7.90079e-05  7.90079e-05
6.407140783e-01  7.8631733e-05  1.00000e+00  7.90192e-05  7.90192e-05
6.408422211e-01  7.8629668e-05  1.00000e+00  7.90305e-05  7.90305e-05
6.409703896e-01  7.8628530e-05  1.00000e+00  7.90416e-05  7.90416e-05
6.410985836e-01  7.8627254e-05  1.00000e+00  7.90527e-05  7.90527e-05
6.412268034e-01  7.8624650e-05  1.00000e+00  7.90637e-05  7.90637e-05
6.413550487e-01  7.8619755e-05  1.00000e+00  7.90746e-05  7.90746e-05
6.414833197e-01  7.8612081e-05  1.00000e+00  7.90854e-05  7.90854e-05
6.416116164e-01  7.8601610e-05  1.00000e+00  7.90960e-05  7.90960e-05
6.417399387e-01  7.8588586e-05  1.00000e+00  7.91065e-05  7.91065e-05
6.418682867e-01  7.8573282e-05  1.00000e+00  7.91168e-05  7.91168e-05
6.419966604e-01  7.8555893e-05  1.00000e+00  7.91269e-05  7.91269e-05
6.421250597e-01  7.8536619e-05  1.00000e+00  7.91369e-05  7.91369e-05
6.422534847e-01  7.8515856e-05  1.00000e+00  7.91465e-05  7.91465e-05
6.423819354e-01  7.8494360e-05  1.00000e+00  7.91560e-05  7.91560e-05
6.425104118e-01  7.8473315e-05  1.00000e+00  7.91653e-05  7.91653e-05
6.426389139e-01  7.8454200e-05  1.00000e+00  7.91743e-05  7.91743e-05
6.427674417e-01  7.8438540e-05  1.00000e+00  7.91831e-05  7.91831e-05
6.428959951e-01  7.8427537e-05  1.00000e+00  7.91918e-05  7.91918e-05
6.430245743e-01  7.8421650e-05  1.00000e+00  7.92004e-05  7.92004e-05
6.431531793e-01  7.8420281e-05  1.00000e+00  7.92089e-05  7.92089e-05
6.432818099e-01  7.8421596e-05  1.00000e+00  7.92173e-05  7.92173e-05
6.434104663e-01  7.8422795e-05  1.00000e+00  7.92257e-05  7.92257e-05
6.435391484e-01  7.8420721e-05  1.00000e+00  7.92341e-05  7.92341e-05
6.436678562e-01  7.8412844e-05  1.00000e+00  7.92423e-05  7.92423e-05
6.437965898e-01  7.8398001e-05  1.00000e+00  7.92505e-05  7.92505e-05
6.439253491e-01  7.8376806e-05  1.00000e+00  7.92584e-05  7.92584e-05
6.440541341e-01  7.8351290e-05  1.00000e+00  7.92661e-05  7.92661e-05
6.441829450e-01  7.8323922e-05  1.00000e+00  7.92736e-05  7.92736e-05
6.443117816e-01  7.8296318e-05  1.00000e+00  7.92808e-05  7.92808e-05
6.444406439e-01  7.8268176e-05  1.00000e+00  7.92877e-05  7.92877e-05
6.445695320e-01  7.8236830e-05  1.00000e+00  7.92944e-05  7.92944e-05
6.446984459e-01  7.8197861e-05  1.00000e+00  7.93008e-05  7.93008e-05
6.448273856e-01  7.8146232e-05  1.00000e+00  7.93068e-05  7.93068e-05
6.449563511e-01  7.8078129e-05  1.00000e+00  7.93123e-05  7.93123e-05
6.450853424e-01  7.7992368e-05  1.00000e+00  7.93172e-05  7.93172e-05
6.452143595e-01  7.7891277e-05  1.00000e+00  7.93214e-05  7.93214e-05
6.453434023e-01  7.7780461e-05  1.00000e+00  7.93247e-05  7.93247e-05
6.454724710e-01  7.7667381e-05  1.00000e+00  7.93271e-05  7.93271e-05
6.456015655e-01  7.7559390e-05  1.00000e+00  7.93287e-05  7.93287e-05
6.457306858e-01  7.7461648e-05  1.00000e+00  7.93295e-05  7.93295e-05
6.458598320e-01  7.7375139e-05  1.00000e+00  7.93296e-05  7.93296e-05
6.459890039e-01  7.7295939e-05  1.00000e+00  7.93291e-05  7.93291e-05
6.461182017e-01  7.7215457e-05  1.00000e+00  7.93280e-05  7.93280e-05
6.462474254e-01  7.7121850e-05  1.00000e+00  7.93262e-05  7.93262e-05
6.463766748e-01  7.7002796e-05  1.00000e+00  7.93237e-05  7.93237e-05
6.465059502e-01  7.6849117e-05  1.00000e+00  7.93202e-05  7.93202e-05
6.466352514e-01  7.6658907e-05  1.00000e+00  7.93154e-05  7.93154e-05
6.467645784e-01  7.6441607e-05  1.00000e+00  7.93091e-05  7.93091e-05
6.468939313e-01  7.6220028e-05  1.00000e+00  7.93012e-05  7.93012e-05
6.470233101e-01  7.6029770e-05  1.00000e+00  7.92917e-05  7.92917e-05
6.471527148e-01  7.5913694e-05  1.00000e+00  7.92811e-05  7.92811e-05
6.472821453e-01  7.5912815e-05  1.00000e+00  7.92702e-05  7.92702e-05
6.474116018e-01  7.6054737e-05  1.00000e+00  7.92598e-05  7.92598e-05
6.475410841e-01  7.6344104e-05  1.00000e+00  7.92512e-05  7.92512e-05
6.476705923e-01  7.6758753e-05  1.00000e+00  7.92454e-05  7.92454e-05
6.478001264e-01  7.7253600e-05  1.00000e+00  7.92431e-05  7.92431e-05
6.479296864e-01  7.7771202e-05  1.00000e+00  7.92448e-05  7.92448e-05
6.480592724e-01  7.8255181e-05  1.00000e+00  7.92503e-05  7.92503e-05
6.481888842e-01  7.8661752e-05  1.00000e+00  7.92592e-05  7.92592e-05
6.483185220e-01  7.8966193e-05  1.00000e+00  7.92708e-05  7.92708e-05
6.484481857e-01  7.9163922e-05  1.00000e+00  7.92842e-05  7.92842e-05
6.485778753e-01  7.9267943e-05  1.00000e+00  7.92987e-05  7.92987e-05
6.487075909e-01  7.9304782e-05  1.00000e+00  7.93135e-05  7.93135e-05
6.488373324e-01  7.9310038e-05  1.00000e+00  7.93285e-05  7.93285e-05
6.489670999e-01  7.9323053e-05  1.00000e+00  7.93434e-05  7.93434e-05
6.490968933e-01  7.9379425e-05  1.00000e+00  7.93584e-05  7.93584e-05
6.492267127e-01  7.9502359e-05  1.00000e+00  7.93740e-05  7.93740e-05
6.493565580e-01  7.9694586e-05  1.00000e+00  7.93906e-05  7.93906e-05
6.494864294e-01  7.9933847e-05  1.00000e+00  7.94089e-05  7.94089e-05
6.496163266e-01  8.0175751e-05  1.00000e+00  7.94288e-05  7.94288e-05
6.497462499e-01  8.0363096e-05  1.00000e+00  7.94503e-05  7.94503e-05
6.498761992e-01  8.0439779e-05  1.00000e+00  7.94727e-05  7.94727e-05
6.500061744e-01  8.0364201e-05  1.00000e+00  7.94950e-05  7.94950e-05
6.501361756e-01  8.0117579e-05  1.00000e+00  7.95159e-05  7.95159e-05
6.502662029e-01  7.9705107e-05  1.00000e+00  7.95341e-05  7.95341e-05
6.503962561e-01  7.9151030e-05  1.00000e+00  7.95486e-05  7.95486e-05
6.505263354e-01  7.8491795e-05  1.00000e+00  7.95583e-05  7.95583e-05
6.506564406e-01  7.7771511e-05  1.00000e+00  7.95627e-05  7.95627e-05
6.507865719e-01  7.7042059e-05  1.00000e+00  7.95615e-05  7.95615e-05
6.509167292e-01  7.6366694e-05  1.00000e+00  7.95550e-05  7.95550e-05
6.510469126e-01  7.5821715e-05  1.00000e+00  7.95439e-05  7.95439e-05
6.511771220e-01  7.5490920e-05  1.00000e+00  7.95295e-05  7.95295e-05
6.513073574e-01  7.5450541e-05  1.00000e+00  7.95137e-05  7.95137e-05
6.514376189e-01  7.5746730e-05  1.00000e+00  7.94990e-05  7.94990e-05
6.515679064e-01  7.6373969e-05  1.00000e+00  7.94880e-05  7.94880e-05
6.516982200e-01  7.7264560e-05  1.00000e+00  7.94828e-05  7.94828e-05
6.518285596e-01  7.8295667e-05  1.00000e+00  7.94851e-05  7.94851e-05
6.519589253e-01  7.9314310e-05  1.00000e+00  7.94952e-05  7.94952e-05
6.520893171e-01  8.0172740e-05  1.00000e+00  7.95124e-05  7.95124e-05
6.522197350e-01  8.0761459e-05  1.00000e+00  7.95350e-05  7.95350e-05
6.523501789e-01  8.1030597e-05  1.00000e+00  7.95608e-05  7.95608e-05
6.524806489e-01  8.0993212e-05  1.00000e+00  7.95873e-05  7.95873e-05
6.526111451e-01  8.0713503e-05  1.00000e+00  7.96123e-05  7.96123e-05
6.527416673e-01  8.0284966e-05  1.00000e+00  7.96344e-05  7.96344e-05
6.528722156e-01  7.9806829e-05  1.00000e+00  7.96529e-05  7.96529e-05
6.530027901e-01  7.9363628e-05  1.00000e+00  7.96677e-05  7.96677e-05
6.531333906e-01  7.9010532e-05  1.00000e+00  7.96794e-05  7.96794e-05
6.532640173e-01  7.8766648e-05  1.00000e+00  7.96887e-05  7.96887e-05
6.533946701e-01  7.8616845e-05  1.00000e+00  7.96966e-05  7.96966e-05
6.535253491e-01  7.8521831e-05  1.00000e+00  7.97034e-05  7.97034e-05
6.536560541e-01  7.8434394e-05  1.00000e+00  7.97096e-05  7.97096e-05
6.537867853e-01  7.8317303e-05  1.00000e+00  7.97150e-05  7.97150e-05
6.539175427e-01  7.8156529e-05  1.00000e+00  7.97193e-05  7.97193e-05
6.540483262e-01  7.7965419e-05  1.00000e+00  7.97223e-05  7.97223e-05
6.541791359e-01  7.7778215e-05  1.00000e+00  7.97238e-05  7.97238e-05
6.543099717e-01  7.7636455e-05  1.00000e+00  7.97240e-05  7.97240e-05
6.544408337e-01  7.7573908e-05  1.00000e+00  7.97234e-05  7.97234e-05
6.545717219e-01  7.7606566e-05  1.00000e+00  7.97228e-05  7.97228e-05
6.547026362e-01  7.7730229e-05  1.00000e+00  7.97227e-05  7.97227e-05
6.548335767e-01  7.7925154e-05  1.00000e+00  7.97239e-05  7.97239e-05
6.549645434e-01  7.8164409e-05  1.00000e+00  7.97268e-05  7.97268e-05
6.550955364e-01  7.8420883e-05  1.00000e+00  7.97315e-05  7.97315e-05
6.552265555e-01  7.8671530e-05  1.00000e+00  7.97381e-05  7.97381e-05
6.553576008e-01  7.8897943e-05  1.00000e+00  7.97465e-05  7.97465e-05
6.554886723e-01  7.9085956e-05  1.00000e+00  7.97564e-05  7.97564e-05
6.556197700e-01  7.9225523e-05  1.00000e+00  7.97674e-05  7.97674e-05
6.557508940e-01  7.9311888e-05  1.00000e+00  7.97793e-05  7.97793e-05
6.558820442e-01  7.9346593e-05  1.00000e+00  7.97915e-05  7.97915e-05
6.560132206e-01  7.9337219e-05  1.00000e+00  7.98038e-05  7.98038e-05
6.561444232e-01  7.9294947e-05  1.00000e+00  7.98157e-05  7.98157e-05
6.562756521e-01  7.9231139e-05  1.00000e+00  7.98272e-05  7.98272e-05
6.564069072e-01  7.9154423e-05  1.00000e+00  7.98381e-05  7.98381e-05
6.565381886e-01  7.9070461e-05  1.00000e+00  7.98483e-05  7.98483e-05
6.566694962e-01  7.8984224e-05  1.00000e+00  7.98578e-05  7.98578e-05
6.568008301e-01  7.8903197e-05  1.00000e+00  7.98667e-05  7.98667e-05
6.569321903e-01  7.8839058e-05  1.00000e+00  7.98749e-05  7.98749e-05
6.570635767e-01  7.8806025e-05  1.00000e+00  7.98827e-05  7.98827e-05
6.571949895e-01  7.8815949e-05  1.00000e+00  7.98903e-05  7.98903e-05
6.573264285e-01  7.8872564e-05  1.00000e+00  7.98981e-05  7.98981e-05
6.574578937e-01  7.8967823e-05  1.00000e+00  7.99065e-05  7.99065e-05
6.575893853e-01  7.9082549e-05  1.00000e+00  7.99157e-05  7.99157e-05
6.577209032e-01  7.9191971e-05  1.00000e+00  7.99256e-05  7.99256e-05
6.578524474e-01  7.9273830e-05  1.00000e+00  7.99362e-05  7.99362e-05
6.579840179e-01  7.9315669e-05  1.00000e+00  7.99472e-05  7.99472e-05
6.581156147e-01  7.9318241e-05  1.00000e+00  7.99583e-05  7.99583e-05
6.582472378e-01  7.9293896e-05  1.00000e+00  7.99692e-05  7.99692e-05
6.583788872e-01  7.9260594e-05  1.00000e+00  7.99799e-05  7.99799e-05
6.585105630e-01  7.9234095e-05  1.00000e+00  7.99902e-05  7.99902e-05
6.586422651e-01  7.9222176e-05  1.00000e+00  8.00003e-05  8.00003e-05
6.587739936e-01  7.9222636e-05  1.00000e+00  8.00104e-05  8.00104e-05
6.589057484e-01  7.9225626e-05  1.00000e+00  8.00204e-05  8.00204e-05
6.590375295e-01  7.9218943e-05  1.00000e+00  8.00303e-05  8.00303e-05
6.591693370e-01  7.9193824e-05  1.00000e+00  8.00400e-05  8.00400e-05
6.593011709e-01  7.9148596e-05  1.00000e+00  8.00495e-05  8.00495e-05
6.594330311e-01  7.9089415e-05  1.00000e+00  8.00584e-05  8.00584e-05
6.595649178e-01  7.9027664e-05  1.00000e+00  8.00669e-05  8.00669e-05
6.596968307e-01  7.8975963e-05  1.00000e+00  8.00749e-05  8.00749e-05
6.598287701e-01  7.8943966e-05  1.00000e+00  8.00825e-05  8.00825e-05
6.599607359e-01  7.8935610e-05  1.00000e+00  8.00899e-05  8.00899e-05
6.600927280e-01  7.8948334e-05  1.00000e+00  8.00973e-05  8.00973e-05
6.602247465e-01  7.8974514e-05  1.00000e+00  8.01048e-05  8.01048e-05
6.603567915e-01  7.9004019e-05  1.00000e+00  8.01125e-05  8.01125e-05
6.604888629e-01  7.9027419e-05  1.00000e+00  8.01203e-05  8.01203e-05
6.606209606e-01  7.9038549e-05  1.00000e+00  8.01282e-05  8.01282e-05
6.607530848e-01  7.9035604e-05  1.00000e+00  8.01362e-05  8.01362e-05
6.608852354e-01  7.9020982e-05  1.00000e+00  8.01439e-05  8.01439e-05
6.610174125e-01  7.8999681e-05  1.00000e+00  8.01516e-05  8.01516e-05
6.611496160e-01  7.8977185e-05  1.00000e+00  8.01590e-05  8.01590e-05
6.612818459e-01  7.8957537e-05  1.00000e+00  8.01662e-05  8.01662e-05
6.614141023e-01  7.8942382e-05  1.00000e+00  8.01732e-05  8.01732e-05
6.615463851e-01  7.8930986e-05  1.00000e+00  8.01801e-05  8.01801e-05
6.616786944e-01  7.8921235e-05  1.00000e+00  8.01869e-05  8.01869e-05
6.618110301e-01  7.8910851e-05  1.00000e+00  8.01935e-05  8.01935e-05
6.619433923e-01  7.8898517e-05  1.00000e+00  8.02001e-05  8.02001e-05
6.620757810e-01  7.8884399e-05  1.00000e+00  8.02065e-05  8.02065e-05
6.622081961e-01  7.8870056e-05  1.00000e+00  8.02128e-05  8.02128e-05
6.623406378e-01  7.8857879e-05  1.00000e+00  8.02189e-05  8.02189e-05
6.624731059e-01  7.8850349e-05  1.00000e+00  8.02249e-05  8.02249e-05
6.626056005e-01  7.8849291e-05  1.00000e+00  8.02309e-05  8.02309e-05
6.627381216e-01  7.8855384e-05  1.00000e+00  8.02368e-05  8.02368e-05
6.628706693e-01  7.8867920e-05  1.00000e+00  8.02428e-05  8.02428e-05
6.630032434e-01  7.8884939e-05  1.00000e+00  8.02489e-05  8.02489e-05
6.631358441e-01  7.8903597e-05  1.00000e+00  8.02551e-05  8.02551e-05
6.632684712e-01  7.8920873e-05  1.00000e+00  8.02613e-05  8.02613e-05
6.634011249e-01  7.8934303e-05  1.00000e+00  8.02677e-05  8.02677e-05
6.635338051e-01  7.8942656e-05  1.00000e+00  8.02741e-05  8.02741e-05
6.636665119e-01  7.8946317e-05  1.00000e+00  8.02805e-05  8.02805e-05
6.637992452e-01  7.8947193e-05  1.00000e+00  8.02869e-05  8.02869e-05
6.639320051e-01  7.8948165e-05  1.00000e+00  8.02932e-05  8.02932e-05
6.640647915e-01  7.8952199e-05  1.00000e+00  8.02996e-05  8.02996e-05
6.641976044e-01  7.8961402e-05  1.00000e+00  8.03059e-05  8.03059e-05
6.643304439e-01  7.8976364e-05  1.00000e+00  8.03123e-05  8.03123e-05
6.644633100e-01  7.8996005e-05  1.00000e+00  8.03188e-05  8.03188e-05
6.645962027e-01  7.9018004e-05  1.00000e+00  8.03254e-05  8.03254e-05
6.647291219e-01  7.9039583e-05  1.00000e+00  8.03322e-05  8.03322e-05
6.648620677e-01  7.9058334e-05  1.00000e+00  8.03390e-05  8.03390e-05
6.649950402e-01  7.9072775e-05  1.00000e+00  8.03460e-05  8.03460e-05
6.651280392e-01  7.9082497e-05  1.00000e+00  8.03530e-05  8.03530e-05
6.652610648e-01  7.9087974e-05  1.00000e+00  8.03600e-05  8.03600e-05
6.653941170e-01  7.9090197e-05  1.00000e+00  8.03670e-05  8.03670e-05
6.655271958e-01  7.9090358e-05  1.00000e+00  8.03740e-05  8.03740e-05
6.656603013e-01  7.9089664e-05  1.00000e+00  8.03809e-05  8.03809e-05
6.657934333e-01  7.9089244e-05  1.00000e+00  8.03878e-05  8.03878e-05
6.659265920e-01  7.9090073e-05  1.00000e+00  8.03946e-05  8.03946e-05
6.660597773e-01  7.9092849e-05  1.00000e+00  8.04014e-05  8.04014e-05
6.661929893e-01  7.9097848e-05  1.00000e+00  8.04083e-05  8.04083e-05
6.663262279e-01  7.9104839e-05  1.00000e+00  8.04151e-05  8.04151e-05
6.664594931e-01  7.9113131e-05  1.00000e+00  8.04219e-05  8.04219e-05
6.665927850e-01  7.9121767e-05  1.00000e+00  8.04288e-05  8.04288e-05
6.667261036e-01  7.9129809e-05  1.00000e+00  8.04357e-05  8.04357e-05
6.668594488e-01  7.9136588e-05  1.00000e+00  8.04426e-05  8.04426e-05
6.669928207e-01  7.9141813e-05  1.00000e+00  8.04495e-05  8.04495e-05
6.671262192e-01  7.9145536e-05  1.00000e+00  8.04564e-05  8.04564e-05
6.672596445e-01  7.9147996e-05  1.00000e+00  8.04633e-05  8.04633e-05
6.673930964e-01  7.9149464e-05  1.00000e+00  8.04702e-05  8.04702e-05
6.675265750e-01  7.9150149e-05  1.00000e+00  8.04770e-05  8.04770e-05
6.676600804e-01  7.9150223e-05  1.00000e+00  8.04838e-05  8.04838e-05
6.677936124e-01  7.9149916e-05  1.00000e+00  8.04906e-05  8.04906e-05
6.679271711e-01  7.9149584e-05  1.00000e+00  8.04973e-05  8.04973e-05
6.680607565e-01  7.9149717e-05  1.00000e+00  8.05040e-05  8.05040e-05
6.681943687e-01  7.9150826e-05  1.00000e+00  8.05107e-05  8.05107e-05
6.683280076e-01  7.9153285e-05  1.00000e+00  8.05173e-05  8.05173e-05
6.684616732e-01  7.9157179e-05  1.00000e+00  8.05239e-05  8.05239e-05
6.685953655e-01  7.9162248e-05  1.00000e+00  8.05306e-05  8.05306e-05
6.687290846e-01  7.9167949e-05  1.00000e+00  8.05372e-05  8.05372e-05
6.688628304e-01  7.9173624e-05  1.00000e+00  8.05438e-05  8.05438e-05
6.689966029e-01  7.9178685e-05  1.00000e+00  8.05504e-05  8.05504e-05
6.691304023e-01  7.9182765e-05  1.00000e+00  8.05571e-05  8.05571e-05
6.692642283e-01  7.9185777e-05  1.00000e+00  8.05637e-05  8.05637e-05
6.693980812e-01  7.9187877e-05  1.00000e+00  8.05703e-05  8.05703e-05
6.695319608e-01  7.9189371e-05  1.00000e+00  8.05769e-05  8.05769e-05
6.696658672e-01  7.9190592e-05  1.00000e+00  8.05835e-05  8.05835e-05
6.697998004e-01  7.9191795e-05  1.00000e+00  8.05900e-05  8.05900e-05
6.699337603e-01  7.9193095e-05  1.00000e+00  8.05965e-05  8.05965e-05
6.700677471e-01  7.9194454e-05  1.00000e+00  8.06030e-05  8.06030e-05
6.702017606e-01  7.9195709e-05  1.00000e+00  8.06095e-05  8.06095e-05
6.703358010e-01  7.9196646e-05  1.00000e+00  8.06159e-05  8.06159e-05
6.704698681e-01  7.9197078e-05  1.00000e+00  8.06223e-05  8.06223e-05
6.706039621e-01  7.9196926e-05  1.00000e+00  8.06287e-05  8.06287e-05
6.707380829e-01  7.9196259e-05  1.00000e+00  8.06350e-05  8.06350e-05
6.708722305e-01  7.9195289e-05  1.00000e+00  8.06413e-05  8.06413e-05
6.710064050e-01  7.9194325e-05  1.00000e+00  8.06476e-05  8.06476e-05
6.711406063e-01  7.9193696e-05  1.00000e+00  8.06538e-05  8.06538e-05
6.712748344e-01  7.9193663e-05  1.00000e+00  8.06600e-05  8.06600e-05
6.714090893e-01  7.9194371e-05  1.00000e+00  8.06661e-05  8.06661e-05
6.715433712e-01  7.9195825e-05  1.00000e+00  8.06723e-05  8.06723e-05
6.716776798e-01  7.9197908e-05  1.00000e+00  8.06784e-05  8.06784e-05
6.718120154e-01  7.9200433e-05  1.00000e+00  8.06845e-05  8.06845e-05
6.719463778e-01  7.9203197e-05  1.00000e+00  8.06906e-05  8.06906e-05
6.720807671e-01  7.9206016e-05  1.00000e+00  8.06967e-05  8.06967e-05
6.722151832e-01  7.9208747e-05  1.00000e+00  8.07027e-05  8.07027e-05
6.723496262e-01  7.9211291e-05  1.00000e+00  8.07088e-05  8.07088e-05
6.724840962e-01  7.9213575e-05  1.00000e+00  8.07148e-05  8.07148e-05
6.726185930e-01  7.9215548e-05  1.00000e+00  8.07209e-05  8.07209e-05
6.727531167e-01  7.9217179e-05  1.00000e+00  8.07269e-05  8.07269e-05
6.728876673e-01  7.9218463e-05  1.00000e+00  8.07329e-05  8.07329e-05
6.730222449e-01  7.9219425e-05  1.00000e+00  8.07388e-05  8.07388e-05
6.731568493e-01  7.9220127e-05  1.00000e+00  8.07448e-05  8.07448e-05
6.732914807e-01  7.9220658e-05  1.00000e+00  8.07507e-05  8.07507e-05
6.734261390e-01  7.9221123e-05  1.00000e+00  8.07566e-05  8.07566e-05
6.735608242e-01  7.9221625e-05  1.00000e+00  8.07625e-05  8.07625e-05
6.736955364e-01  7.9222256e-05  1.00000e+00  8.07683e-05  8.07683e-05
6.738302755e-01  7.9223082e-05  1.00000e+00  8.07741e-05  8.07741e-05
6.739650415e-01  7.9224137e-05  1.00000e+00  8.07799e-05  8.07799e-05
6.740998345e-01  7.9225420e-05  1.00000e+00  8.07857e-05  8.07857e-05
6.742346545e-01  7.9226888e-05  1.00000e+00  8.07915e-05  8.07915e-05
6.743695014e-01  7.9228469e-05  1.00000e+00  8.07972e-05  8.07972e-05
6.745043753e-01  7.9230072e-05  1.00000e+00  8.08029e-05  8.08029e-05
6.746392762e-01  7.9231610e-05  1.00000e+00  8.08086e-05  8.08086e-05
6.747742041e-01  7.9233025e-05  1.00000e+00  8.08143e-05  8.08143e-05
6.749091589e-01  7.9234305e-05  1.00000e+00  8.08200e-05  8.08200e-05
6.750441407e-01  7.9235493e-05  1.00000e+00  8.08257e-05  8.08257e-05
6.751791496e-01  7.9236681e-05  1.00000e+00  8.08313e-05  8.08313e-05
6.753141854e-01  7.9237990e-05  1.00000e+00  8.08369e-05  8.08369e-05
6.754492482e-01  7.9239540e-05  1.00000e+00  8.08425e-05  8.08425e-05
6.755843381e-01  7.9241425e-05  1.00000e+00  8.08481e-05  8.08481e-05
6.757194550e-01  7.9243678e-05  1.00000e+00  8.08537e-05  8.08537e-05
6.758545988e-01  7.9246264e-05  1.00000e+00  8.08592e-05  8.08592e-05
6.759897698e-01  7.9249077e-05  1.00000e+00  8.08648e-05  8.08648e-05
6.761249677e-01  7.9251963e-05  1.00000e+00  8.08703e-05  8.08703e-05
6.762601927e-01  7.9254754e-05  1.00000e+00  8.08759e-05  8.08759e-05
6.763954447e-01  7.9257307e-05  1.00000e+00  8.08814e-05  8.08814e-05
6.765307238e-01  7.9259534e-05  1.00000e+00  8.08869e-05  8.08869e-05
6.766660300e-01  7.9261399e-05  1.00000e+00  8.08924e-05  8.08924e-05
6.768013632e-01  7.9262910e-05  1.00000e+00  8.08979e-05  8.08979e-05
6.769367235e-01  7.9264081e-05  1.00000e+00  8.09034e-05  8.09034e-05
6.770721108e-01  7.9264906e-05  1.00000e+00  8.09089e-05  8.09089e-05
6.772075252e-01  7.9265343e-05  1.00000e+00  8.09143e-05  8.09143e-05
6.773429667e-01  7.9265332e-05  1.00000e+00  8.09197e-05  8.09197e-05
6.774784353e-01  7.9264824e-05  1.00000e+00  8.09251e-05  8.09251e-05
6.776139310e-01  7.9263831e-05  1.00000e+00  8.09305e-05  8.09305e-05
6.777494538e-01  7.9262454e-05  1.00000e+00  8.09358e-05  8.09358e-05
6.778850037e-01  7.9260885e-05  1.00000e+00  8.09411e-05  8.09411e-05
6.780205807e-01  7.9259359e-05  1.00000e+00  8.09464e-05  8.09464e-05
6.781561848e-01  7.9258072e-05  1.00000e+00  8.09516e-05  8.09516e-05
6.782918160e-01  7.9257089e-05  1.00000e+00  8.09568e-05  8.09568e-05
6.784274744e-01  7.9256277e-05  1.00000e+00  8.09619e-05  8.09619e-05
6.785631599e-01  7.9255305e-05  1.00000e+00  8.09670e-05  8.09670e-05
6.786988725e-01  7.9253707e-05  1.00000e+00  8.09721e-05  8.09721e-05
6.788346123e-01  7.9251015e-05  1.00000e+00  8.09772e-05  8.09772e-05
6.789703792e-01  7.9246897e-05  1.00000e+00  8.09822e-05  8.09822e-05
6.791061733e-01  7.9241266e-05  1.00000e+00  8.09871e-05  8.09871e-05
6.792419945e-01  7.9234323e-05  1.00000e+00  8.09920e-05  8.09920e-05
6.793778429e-01  7.9226506e-05  1.00000e+00  8.09968e-05  8.09968e-05
6.795137185e-01  7.9218391e-05  1.00000e+00  8.10016e-05  8.10016e-05
6.796496213e-01  7.9210562e-05  1.00000e+00  8.10062e-05  8.10062e-05
6.797855512e-01  7.9203495e-05  1.00000e+00  8.10108e-05  8.10108e-05
6.799215083e-01  7.9197481e-05  1.00000e+00  8.10153e-05  8.10153e-05
6.800574926e-01  7.9192595e-05  1.00000e+00  8.10198e-05  8.10198e-05
6.801935041e-01  7.9188680e-05  1.00000e+00  8.10242e-05  8.10242e-05
6.803295428e-01  7.9185380e-05  1.00000e+00  8.10285e-05  8.10285e-05
6.804656087e-01  7.9182183e-05  1.00000e+00  8.10329e-05  8.10329e-05
6.806017018e-01  7.9178522e-05  1.00000e+00  8.10371e-05  8.10371e-05
6.807378222e-01  7.9173904e-05  1.00000e+00  8.10414e-05  8.10414e-05
6.808739697e-01  7.9168059e-05  1.00000e+00  8.10456e-05  8.10456e-05
6.810101445e-01  7.9161034e-05  1.00000e+00  8.10497e-05  8.10497e-05
6.811463465e-01  7.9153192e-05  1.00000e+00  8.10537e-05  8.10537e-05
6.812825758e-01  7.9145109e-05  1.00000e+00  8.10577e-05  8.10577e-05
6.814188323e-01  7.9137408e-05  1.00000e+00  8.10616e-05  8.10616e-05
6.815551161e-01  7.9130616e-05  1.00000e+00  8.10655e-05  8.10655e-05
6.816914271e-01  7.9125108e-05  1.00000e+00  8.10692e-05  8.10692e-05
6.818277654e-01  7.9121173e-05  1.00000e+00  8.10730e-05  8.10730e-05
6.819641310e-01  7.9119094e-05  1.00000e+00  8.10767e-05  8.10767e-05
6.821005238e-01  7.9119194e-05  1.00000e+00  8.10803e-05  8.10803e-05
6.822369439e-01  7.9121737e-05  1.00000e+00  8.10840e-05  8.10840e-05
6.823733913e-01  7.9126720e-05  1.00000e+00  8.10877e-05  8.10877e-05
6.825098660e-01  7.9133643e-05  1.00000e+00  8.10914e-05  8.10914e-05
6.826463679e-01  7.9141407e-05  1.00000e+00  8.10952e-05  8.10952e-05
6.827828972e-01  7.9148416e-05  1.00000e+00  8.10990e-05  8.10990e-05
6.829194538e-01  7.9152944e-05  1.00000e+00  8.11028e-05  8.11028e-05
6.830560377e-01  7.9153597e-05  1.00000e+00  8.11066e-05  8.11066e-05
6.831926489e-01  7.9149812e-05  1.00000e+00  8.11105e-05  8.11105e-05
6.833292874e-01  7.9142150e-05  1.00000e+00  8.11142e-05  8.11142e-05
6.834659533e-01  7.9132334e-05  1.00000e+00  8.11179e-05  8.11179e-05
6.836026465e-01  7.9122947e-05  1.00000e+00  8.11215e-05  8.11215e-05
6.837393670e-01  7.9116842e-05  1.00000e+00  8.11250e-05  8.11250e-05
6.838761149e-01  7.9116397e-05  1.00000e+00  8.11285e-05  8.11285e-05
6.840128901e-01  7.9122752e-05  1.00000e+00  8.11320e-05  8.11320e-05
6.841496927e-01  7.9132228e-05  1.00000e+00  8.11355e-05  8.11355e-05
6.842865226e-01  7.9135535e-05  1.00000e+00  8.11390e-05  8.11390e-05
6.844233799e-01  7.9120057e-05  1.00000e+00  8.11426e-05  8.11426e-05
6.845602646e-01  7.9050948e-05  1.00000e+00  8.11458e-05  8.11458e-05
6.846971766e-01  7.8861545e-05  1.00000e+00  8.11481e-05  8.11481e-05
6.848341161e-01  7.8423618e-05  1.00000e+00  8.11484e-05  8.11484e-05
6.849710829e-01  7.7498465e-05  1.00000e+00  8.11439e-05  8.11439e-05
6.851080771e-01  7.5677643e-05  1.00000e+00  8.11300e-05  8.11300e-05
6.852450987e-01  7.2311806e-05  1.00000e+00  8.10982e-05  8.10982e-05
6.853821477e-01  6.6464570e-05  1.00000e+00  8.10345e-05  8.10345e-05
6.855192242e-01  5.6938557e-05  1.00000e+00  8.09171e-05  8.09171e-05
6.856563280e-01  4.2416774e-05  1.00000e+00  8.07156e-05  8.07156e-05
6.857934593e-01  2.1779418e-05  1.00000e+00  8.03905e-05  8.03905e-05
6.859306180e-01 -5.4183012e-06  1.00000e+00  7.98970e-05  7.98970e-05
6.860678041e-01 -3.8409223e-05  1.00000e+00  7.91911e-05  7.91911e-05
6.862050177e-01 -7.4769362e-05  1.00000e+00  7.82405e-05  7.82405e-05
6.863422587e-01 -1.1033489e-04  1.00000e+00  7.70367e-05  7.70367e-05
6.864795271e-01 -1.3961750e-04  1.00000e+00  7.56059e-05  7.56059e-05
6.866168230e-01 -1.5678364e-04  1.00000e+00  7.40155e-05  7.40155e-05
6.867541464e-01 -1.5699233e-04  1.00000e+00  7.23712e-05  7.23712e-05
6.868914972e-01 -1.3771752e-04  1.00000e+00  7.08052e-05  7.08052e-05
6.870288755e-01 -9.9633434e-05  1.00000e+00  6.94558e-05  6.94558e-05
6.871662813e-01 -4.6724735e-05  1.00000e+00  6.84433e-05  6.84433e-05
6.873037145e-01  1.4418630e-05  1.00000e+00  6.78493e-05  6.78493e-05
6.874411753e-01  7.5913485e-05  1.00000e+00  6.77019e-05  6.77019e-05
6.875786635e-01  1.3012916e-04  1.00000e+00  6.79728e-05  6.79728e-05
6.877161793e-01  1.7104290e-04  1.00000e+00  6.85848e-05  6.85848e-05
6.878537225e-01  1.9513503e-04  1.00000e+00  6.94262e-05  6.94262e-05
6.879912932e-01  2.0172577e-04  1.00000e+00  7.03715e-05  7.03715e-05
6.881288915e-01  1.9277639e-04  1.00000e+00  7.13005e-05  7.13005e-05
6.882665173e-01  1.7227932e-04  1.00000e+00  7.21157e-05  7.21157e-05
6.884041706e-01  1.4539068e-04  1.00000e+00  7.27534e-05  7.27534e-05
6.885418514e-01  1.1745080e-04  1.00000e+00  7.31882e-05  7.31882e-05
6.886795598e-01  9.3062525e-05  1.00000e+00  7.34309e-05  7.34309e-05
6.888172957e-01  7.5399329e-05  1.00000e+00  7.35206e-05  7.35206e-05
6.889550592e-01  6.5862345e-05  1.00000e+00  7.35120e-05  7.35120e-05
6.890928502e-01  6.4135421e-05  1.00000e+00  7.34638e-05  7.34638e-05
6.892306687e-01  6.8592429e-05  1.00000e+00  7.34265e-05  7.34265e-05
6.893685149e-01  7.6912549e-05  1.00000e+00  7.34363e-05  7.34363e-05
6.895063886e-01  8.6720373e-05  1.00000e+00  7.35117e-05  7.35117e-05
6.896442899e-01  9.6088640e-05  1.00000e+00  7.36558e-05  7.36558e-05
6.897822187e-01  1.0380806e-04  1.00000e+00  7.38602e-05  7.38602e-05
6.899201752e-01  1.0941954e-04  1.00000e+00  7.41107e-05  7.41107e-05
6.900581592e-01  1.1305502e-04  1.00000e+00  7.43922e-05  7.43922e-05
6.901961708e-01  1.1518546e-04  1.00000e+00  7.46920e-05  7.46920e-05
6.903342101e-01  1.1638812e-04  1.00000e+00  7.50012e-05  7.50012e-05
6.904722769e-01  1.1716710e-04  1.00000e+00  7.53151e-05  7.53151e-05
6.906103714e-01  1.1785322e-04  1.00000e+00  7.56318e-05  7.56318e-05
6.907484934e-01  1.1858464e-04  1.00000e+00  7.59513e-05  7.59513e-05
6.908866431e-01  1.1932604e-04  1.00000e+00  7.62738e-05  7.62738e-05
6.910248205e-01  1.1992039e-04  1.00000e+00  7.65990e-05  7.65990e-05
6.911630254e-01  1.2015126e-04  1.00000e+00  7.69249e-05  7.69249e-05
6.913012580e-01  1.1980579e-04  1.00000e+00  7.72483e-05  7.72483e-05
6.914395183e-01  1.1874263e-04  1.00000e+00  7.75644e-05  7.75644e-05
6.915778062e-01  1.1694051e-04  1.00000e+00  7.78682e-05  7.78682e-05
6.917161217e-01  1.1450882e-04  1.00000e+00  7.81547e-05  7.81547e-05
6.918544650e-01  1.1167314e-04  1.00000e+00  7.84204e-05  7.84204e-05
6.919928359e-01  1.0870545e-04  1.00000e+00  7.86635e-05  7.86635e-05
6.921312344e-01  1.0586203e-04  1.00000e+00  7.88841e-05  7.88841e-05
6.922696607e-01  1.0331646e-04  1.00000e+00  7.90840e-05  7.90840e-05
6.924081146e-01  1.0113276e-04  1.00000e+00  7.92657e-05  7.92657e-05
6.925465962e-01  9.9277254e-05  1.00000e+00  7.94319e-05  7.94319e-05
6.926851055e-01  9.7651715e-05  1.00000e+00  7.95846e-05  7.95846e-05
6.928236426e-01  9.6144731e-05  1.00000e+00  7.97253e-05  7.97253e-05
6.929622073e-01  9.4661451e-05  1.00000e+00  7.98544e-05  7.98544e-05
6.931007997e-01  9.3138843e-05  1.00000e+00  7.99719e-05  7.99719e-05
6.932394199e-01  9.1558547e-05  1.00000e+00  8.00777e-05  8.00777e-05
6.933780678e-01  8.9940039e-05  1.00000e+00  8.01715e-05  8.01715e-05
6.935167434e-01  8.8340883e-05  1.00000e+00  8.02531e-05  8.02531e-05
6.936554467e-01  8.6856642e-05  1.00000e+00  8.03232e-05  8.03232e-05
6.937941778e-01  8.5601018e-05  1.00000e+00  8.03831e-05  8.03831e-05
6.939329367e-01  8.4678961e-05  1.00000e+00  8.04348e-05  8.04348e-05
6.940717233e-01  8.4156820e-05  1.00000e+00  8.04810e-05  8.04810e-05
6.942105376e-01  8.4030773e-05  1.00000e+00  8.05246e-05  8.05246e-05
6.943493797e-01  8.4215142e-05  1.00000e+00  8.05682e-05  8.05682e-05
6.944882496e-01  8.4559031e-05  1.00000e+00  8.06135e-05  8.06135e-05
6.946271472e-01  8.4879266e-05  1.00000e+00  8.06610e-05  8.06610e-05
6.947660727e-01  8.5004997e-05  1.00000e+00  8.07098e-05  8.07098e-05
6.949050259e-01  8.4825838e-05  1.00000e+00  8.07582e-05  8.07582e-05
6.950440069e-01  8.4324871e-05  1.00000e+00  8.08038e-05  8.08038e-05
6.951830157e-01  8.3588365e-05  1.00000e+00  8.08447e-05  8.08447e-05
6.953220523e-01  8.2789300e-05  1.00000e+00  8.08799e-05  8.08799e-05
6.954611167e-01  8.2145271e-05  1.00000e+00  8.09095e-05  8.09095e-05
6.956002089e-01  8.1859153e-05  1.00000e+00  8.09355e-05  8.09355e-05
6.957393290e-01  8.2053664e-05  1.00000e+00  8.09610e-05  8.09610e-05
6.958784768e-01  8.2731530e-05  1.00000e+00  8.09895e-05  8.09895e-05
6.960176525e-01  8.3765826e-05  1.00000e+00  8.10238e-05  8.10238e-05
6.961568561e-01  8.4933103e-05  1.00000e+00  8.10659e-05  8.10659e-05
6.962960874e-01  8.5970454e-05  1.00000e+00  8.11156e-05  8.11156e-05
6.964353466e-01  8.6648154e-05  1.00000e+00  8.11711e-05  8.11711e-05
6.965746337e-01  8.6823663e-05  1.00000e+00  8.12294e-05  8.12294e-05
6.967139486e-01  8.6467132e-05  1.00000e+00  8.12866e-05  8.12866e-05
6.968532914e-01  8.5650729e-05  1.00000e+00  8.13393e-05  8.13393e-05
6.969926621e-01  8.4513273e-05  1.00000e+00  8.13847e-05  8.13847e-05
6.971320606e-01  8.3211928e-05  1.00000e+00  8.14211e-05  8.14211e-05
6.972714870e-01  8.1881269e-05  1.00000e+00  8.14479e-05  8.14479e-05
6.974109413e-01  8.0608367e-05  1.00000e+00  8.14653e-05  8.14653e-05
6.975504235e-01  7.9428489e-05  1.00000e+00  8.14740e-05  8.14740e-05
6.976899336e-01  7.8339783e-05  1.00000e+00  8.14746e-05  8.14746e-05
6.978294716e-01  7.7325812e-05  1.00000e+00  8.14679e-05  8.14679e-05
6.979690375e-01  7.6381653e-05  1.00000e+00  8.14543e-05  8.14543e-05
6.981086313e-01  7.5530244e-05  1.00000e+00  8.14345e-05  8.14345e-05
6.982482530e-01  7.4827957e-05  1.00000e+00  8.14093e-05  8.14093e-05
6.983879027e-01  7.4354979e-05  1.00000e+00  8.13801e-05  8.13801e-05
6.985275802e-01  7.4192277e-05  1.00000e+00  8.13489e-05  8.13489e-05
6.986672858e-01  7.4393593e-05  1.00000e+00  8.13179e-05  8.13179e-05
6.988070192e-01  7.4960020e-05  1.00000e+00  8.12899e-05  8.12899e-05
6.989467806e-01  7.5829875e-05  1.00000e+00  8.12672e-05  8.12672e-05
6.990865700e-01  7.6885159e-05  1.00000e+00  8.12515e-05  8.12515e-05
6.992263873e-01  7.7977800e-05  1.00000e+00  8.12436e-05  8.12436e-05
6.993662326e-01  7.8962806e-05  1.00000e+00  8.12431e-05  8.12431e-05
6.995061058e-01  7.9730505e-05  1.00000e+00  8.12488e-05  8.12488e-05
6.996460070e-01  8.0227581e-05  1.00000e+00  8.12590e-05  8.12590e-05
6.997859362e-01  8.0460897e-05  1.00000e+00  8.12717e-05  8.12717e-05
6.999258934e-01  8.0486278e-05  1.00000e+00  8.12851e-05  8.12851e-05
7.000658786e-01  8.0385782e-05  1.00000e+00  8.12982e-05  8.12982e-05
7.002058918e-01  8.0242361e-05  1.00000e+00  8.13103e-05  8.13103e-05
7.003459330e-01  8.0116775e-05  1.00000e+00  8.13214e-05  8.13214e-05
7.004860021e-01  8.0034102e-05  1.00000e+00  8.13317e-05  8.13317e-05
7.006260993e-01  7.9983089e-05  1.00000e+00  8.13414e-05  8.13414e-05
7.007662246e-01  7.9927964e-05  1.00000e+00  8.13508e-05  8.13508e-05
7.009063778e-01  7.9828506e-05  1.00000e+00  8.13596e-05  8.13596e-05
7.010465591e-01  7.9660551e-05  1.00000e+00  8.13674e-05  8.13674e-05
7.011867684e-01  7.9428090e-05  1.00000e+00  8.13737e-05  8.13737e-05
7.013270058e-01  7.9162350e-05  1.00000e+00  8.13783e-05  8.13783e-05
7.014672712e-01  7.8909559e-05  1.00000e+00  8.13810e-05  8.13810e-05
7.016075646e-01  7.8713684e-05  1.00000e+00  8.13821e-05  8.13821e-05
7.017478861e-01  7.8605635e-05  1.00000e+00  8.13821e-05  8.13821e-05
7.018882357e-01  7.8602825e-05  1.00000e+00  8.13817e-05  8.13817e-05
7.020286133e-01  7.8716860e-05  1.00000e+00  8.13818e-05  8.13818e-05
7.021690191e-01  7.8962232e-05  1.00000e+00  8.13830e-05  8.13830e-05
7.023094529e-01  7.9354018e-05  1.00000e+00  8.13865e-05  8.13865e-05
7.024499148e-01  7.9893477e-05  1.00000e+00  8.13933e-05  8.13933e-05
7.025904047e-01  8.0547656e-05  1.00000e+00  8.14042e-05  8.14042e-05
7.027309228e-01  8.1236039e-05  1.00000e+00  8.14198e-05  8.14198e-05
7.028714690e-01  8.1837910e-05  1.00000e+00  8.14399e-05  8.14399e-05
7.030120433e-01  8.2223956e-05  1.00000e+00  8.14634e-05  8.14634e-05
7.031526457e-01  8.2301504e-05  1.00000e+00  8.14884e-05  8.14884e-05
7.032932762e-01  8.2052730e-05  1.00000e+00  8.15127e-05  8.15127e-05
7.034339349e-01  8.1548486e-05  1.00000e+00  8.15341e-05  8.15341e-05
7.035746217e-01  8.0926770e-05  1.00000e+00  8.15514e-05  8.15514e-05
7.037153366e-01  8.0344676e-05  1.00000e+00  8.15643e-05  8.15643e-05
7.038560797e-01  7.9922756e-05  1.00000e+00  8.15735e-05  8.15735e-05
7.039968509e-01  7.9706520e-05  1.00000e+00  8.15804e-05  8.15804e-05
7.041376503e-01  7.9660580e-05  1.00000e+00  8.15865e-05  8.15865e-05
7.042784778e-01  7.9695339e-05  1.00000e+00  8.15925e-05  8.15925e-05
7.044193335e-01  7.9713109e-05  1.00000e+00  8.15987e-05  8.15987e-05
7.045602174e-01  7.9651434e-05  1.00000e+00  8.16048e-05  8.16048e-05
7.047011294e-01  7.9506298e-05  1.00000e+00  8.16101e-05  8.16101e-05
7.048420696e-01  7.9326923e-05  1.00000e+00  8.16142e-05  8.16142e-05
7.049830380e-01  7.9188242e-05  1.00000e+00  8.16171e-05  8.16171e-05
7.051240346e-01  7.9155012e-05  1.00000e+00  8.16194e-05  8.16194e-05
7.052650595e-01  7.9255162e-05  1.00000e+00  8.16220e-05  8.16220e-05
7.054061125e-01  7.9470763e-05  1.00000e+00  8.16256e-05  8.16256e-05
7.055471937e-01  7.9748746e-05  1.00000e+00  8.16310e-05  8.16310e-05
7.056883031e-01  8.0023984e-05  1.00000e+00  8.16383e-05  8.16383e-05
7.058294408e-01  8.0242691e-05  1.00000e+00  8.16473e-05  8.16473e-05
7.059706067e-01  8.0378166e-05  1.00000e+00  8.16575e-05  8.16575e-05
7.061118008e-01  8.0432079e-05  1.00000e+00  8.16683e-05  8.16683e-05
7.062530232e-01  8.0425500e-05  1.00000e+00  8.16792e-05  8.16792e-05
7.063942738e-01  8.0384225e-05  1.00000e+00  8.16899e-05  8.16899e-05
7.065355526e-01  8.0326164e-05  1.00000e+00  8.17002e-05  8.17002e-05
7.066768597e-01  8.0255996e-05  1.00000e+00  8.17099e-05  8.17099e-05
7.068181951e-01  8.0168289e-05  1.00000e+00  8.17191e-05  8.17191e-05
7.069595587e-01  8.0056516e-05  1.00000e+00  8.17275e-05  8.17275e-05
7.071009506e-01  7.9922603e-05  1.00000e+00  8.17350e-05  8.17350e-05
7.072423708e-01  7.9782164e-05  1.00000e+00  8.17415e-05  8.17415e-05
7.073838193e-01  7.9661825e-05  1.00000e+00  8.17470e-05  8.17470e-05
7.075252961e-01  7.9590542e-05  1.00000e+00  8.17519e-05  8.17519e-05
7.076668011e-01  7.9587530e-05  1.00000e+00  8.17564e-05  8.17564e-05
7.078083345e-01  7.9653153e-05  1.00000e+00  8.17612e-05  8.17612e-05
7.079498962e-01  7.9766892e-05  1.00000e+00  8.17665e-05  8.17665e-05
7.080914861e-01  7.9893659e-05  1.00000e+00  8.17727e-05  8.17727e-05
7.082331044e-01  7.9995650e-05  1.00000e+00  8.17797e-05  8.17797e-05
7.083747511e-01  8.0044991e-05  1.00000e+00  8.17872e-05  8.17872e-05
7.085164260e-01  8.0031241e-05  1.00000e+00  8.17948e-05  8.17948e-05
7.086581293e-01  7.9961638e-05  1.00000e+00  8.18020e-05  8.18020e-05
7.087998609e-01  7.9855048e-05  1.00000e+00  8.18086e-05  8.18086e-05
7.089416209e-01  7.9733186e-05  1.00000e+00  8.18144e-05  8.18144e-05
7.090834092e-01  7.9613485e-05  1.00000e+00  8.18192e-05  8.18192e-05
7.092252259e-01  7.9506383e-05  1.00000e+00  8.18233e-05  8.18233e-05
7.093670709e-01  7.9416884e-05  1.00000e+00  8.18267e-05  8.18267e-05
7.095089444e-01  7.9347752e-05  1.00000e+00  8.18295e-05  8.18295e-05
7.096508461e-01  7.9302205e-05  1.00000e+00  8.18319e-05  8.18319e-05
7.097927763e-01  7.9284301e-05  1.00000e+00  8.18340e-05  8.18340e-05
7.099347349e-01  7.9297502e-05  1.00000e+00  8.18362e-05  8.18362e-05
7.100767218e-01  7.9342324e-05  1.00000e+00  8.18385e-05  8.18385e-05
7.102187372e-01  7.9415028e-05  1.00000e+00  8.18413e-05  8.18413e-05
7.103607809e-01  7.9507498e-05  1.00000e+00  8.18446e-05  8.18446e-05
7.105028531e-01  7.9608294e-05  1.00000e+00  8.18486e-05  8.18486e-05
7.106449536e-01  7.9704273e-05  1.00000e+00  8.18533e-05  8.18533e-05
7.107870826e-01  7.9782401e-05  1.00000e+00  8.18585e-05  8.18585e-05
7.109292400e-01  7.9831599e-05  1.00000e+00  8.18642e-05  8.18642e-05
7.110714259e-01  7.9844548e-05  1.00000e+00  8.18701e-05  8.18701e-05
7.112136402e-01  7.9819276e-05  1.00000e+00  8.18759e-05  8.18759e-05
7.113558829e-01  7.9759608e-05  1.00000e+00  8.18814e-05  8.18814e-05
7.114981541e-01  7.9674408e-05  1.00000e+00  8.18863e-05  8.18863e-05
7.116404537e-01  7.9575022e-05  1.00000e+00  8.18906e-05  8.18906e-05
7.117827818e-01  7.9472053e-05  1.00000e+00  8.18942e-05  8.18942e-05
7.119251384e-01  7.9372549e-05  1.00000e+00  8.18970e-05  8.18970e-05
7.120675234e-01  7.9279158e-05  1.00000e+00  8.18992e-05  8.18992e-05
7.122099369e-01  7.9191581e-05  1.00000e+00  8.19008e-05  8.19008e-05
7.123523789e-01  7.9109070e-05  1.00000e+00  8.19017e-05  8.19017e-05
7.124948494e-01  7.9033097e-05  1.00000e+00  8.19022e-05  8.19022e-05
7.126373483e-01  7.8967800e-05  1.00000e+00  8.19021e-05  8.19021e-05
7.127798758e-01  7.8918141e-05  1.00000e+00  8.19017e-05  8.19017e-05
7.129224318e-01  7.8886603e-05  1.00000e+00  8.19010e-05  8.19010e-05
7.130650163e-01  7.8870345e-05  1.00000e+00  8.19002e-05  8.19002e-05
7.132076293e-01  7.8860163e-05  1.00000e+00  8.18992e-05  8.18992e-05
7.133502708e-01  7.8842501e-05  1.00000e+00  8.18983e-05  8.18983e-05
7.134929408e-01  7.8802927e-05  1.00000e+00  8.18971e-05  8.18971e-05
7.136356394e-01  7.8730591e-05  1.00000e+00  8.18956e-05  8.18956e-05
7.137783666e-01  7.8621337e-05  1.00000e+00  8.18935e-05  8.18935e-05
7.139211222e-01  7.8479619e-05  1.00000e+00  8.18906e-05  8.18906e-05
7.140639065e-01  7.8317605e-05  1.00000e+00  8.18866e-05  8.18866e-05
7.142067192e-01  7.8154728e-05  1.00000e+00  8.18816e-05  8.18816e-05
7.143495606e-01  7.8012274e-05  1.00000e+00  8.18755e-05  8.18755e-05
7.144924305e-01  7.7909630e-05  1.00000e+00  8.18686e-05  8.18686e-05
7.146353290e-01  7.7855133e-05  1.00000e+00  8.18613e-05  8.18613e-05
7.147782560e-01  7.7840749e-05  1.00000e+00  8.18537e-05  8.18537e-05
7.149212117e-01  7.7833214e-05  1.00000e+00  8.18462e-05  8.18462e-05
7.150641959e-01  7.7771448e-05  1.00000e+00  8.18386e-05  8.18386e-05
7.152072088e-01  7.7570192e-05  1.00000e+00  8.18302e-05  8.18302e-05
7.153502502e-01  7.7125527e-05  1.00000e+00  8.18197e-05  8.18197e-05
7.154933203e-01  7.6328291e-05  1.00000e+00  8.18050e-05  8.18050e-05
7.156364189e-01  7.5084077e-05  1.00000e+00  8.17836e-05  8.17836e-05
7.157795462e-01  7.3329700e-05  1.00000e+00  8.17521e-05  8.17521e-05
7.159227021e-01  7.1058515e-05  1.00000e+00  8.17069e-05  8.17069e-05
7.160658867e-01  6.8334074e-05  1.00000e+00  8.16449e-05  8.16449e-05
7.162090998e-01  6.5299738e-05  1.00000e+00  8.15635e-05  8.15635e-05
7.163523417e-01  6.2167796e-05  1.00000e+00  8.14614e-05  8.14614e-05
7.164956121e-01  5.9192989e-05  1.00000e+00  8.13388e-05  8.13388e-05
7.166389113e-01  5.6632002e-05  1.00000e+00  8.11980e-05  8.11980e-05
7.167822390e-01  5.4690333e-05  1.00000e+00  8.10425e-05  8.10425e-05
7.169255955e-01  5.3474378e-05  1.00000e+00  8.08772e-05  8.08772e-05
7.170689806e-01  5.2959779e-05  1.00000e+00  8.07071e-05  8.07071e-05
7.172123944e-01  5.2987626e-05  1.00000e+00  8.05367e-05  8.05367e-05
7.173558369e-01  5.3294846e-05  1.00000e+00  8.03687e-05  8.03687e-05
7.174993080e-01  5.3584462e-05  1.00000e+00  8.02040e-05  8.02040e-05
7.176428079e-01  5.3623052e-05  1.00000e+00  8.00417e-05  8.00417e-05
7.177863365e-01  5.3339321e-05  1.00000e+00  7.98797e-05  7.98797e-05
7.179298937e-01  5.2892864e-05  1.00000e+00  7.97161e-05  7.97161e-05
7.180734797e-01  5.2668957e-05  1.00000e+00  7.95511e-05  7.95511e-05
7.182170944e-01  5.3181509e-05  1.00000e+00  7.93879e-05  7.93879e-05
7.183607378e-01  5.4909692e-05  1.00000e+00  7.92331e-05  7.92331e-05
7.185044100e-01  5.8114247e-05  1.00000e+00  7.90962e-05  7.90962e-05
7.186481109e-01  6.2710141e-05  1.00000e+00  7.89870e-05  7.89870e-05
7.187918405e-01  6.8246515e-05  1.00000e+00  7.89135e-05  7.89135e-05
7.189355988e-01  7.4006628e-05  1.00000e+00  7.88796e-05  7.88796e-05
7.190793860e-01  7.9193687e-05  1.00000e+00  7.88838e-05  7.88838e-05
7.192232018e-01  8.3139549e-05  1.00000e+00  7.89196e-05  7.89196e-05
7.193670465e-01  8.5477474e-05  1.00000e+00  7.89769e-05  7.89769e-05
7.195109199e-01  8.6238217e-05  1.00000e+00  7.90443e-05  7.90443e-05
7.196548221e-01  8.5851275e-05  1.00000e+00  7.91122e-05  7.91122e-05
7.197987530e-01  8.5054268e-05  1.00000e+00  7.91752e-05  7.91752e-05
7.199427128e-01  8.4718467e-05  1.00000e+00  7.92334e-05  7.92334e-05
7.200867013e-01  8.5627075e-05  1.00000e+00  7.92927e-05  7.92927e-05
7.202307187e-01  8.8251951e-05  1.00000e+00  7.93634e-05  7.93634e-05
7.203747648e-01  9.2596152e-05  1.00000e+00  7.94576e-05  7.94576e-05
7.205188398e-01  9.8156517e-05  1.00000e+00  7.95853e-05  7.95853e-05
7.206629435e-01  1.0403502e-04  1.00000e+00  7.97517e-05  7.97517e-05
7.208070761e-01  1.0916414e-04  1.00000e+00  7.99553e-05  7.99553e-05
7.209512375e-01  1.1258627e-04  1.00000e+00  8.01871e-05  8.01871e-05
7.210954278e-01  1.1368827e-04  1.00000e+00  8.04333e-05  8.04333e-05
7.212396469e-01  1.1232148e-04  1.00000e+00  8.06769e-05  8.06769e-05
7.213838948e-01  1.0878168e-04  1.00000e+00  8.09020e-05  8.09020e-05
7.215281716e-01  1.0367198e-04  1.00000e+00  8.10958e-05  8.10958e-05
7.216724772e-01  9.7694707e-05  1.00000e+00  8.12501e-05  8.12501e-05
7.218168117e-01  9.1472030e-05  1.00000e+00  8.13616e-05  8.13616e-05
7.219611751e-01  8.5416914e-05  1.00000e+00  8.14303e-05  8.14303e-05
7.221055673e-01  7.9704541e-05  1.00000e+00  8.14585e-05  8.14585e-05
7.222499884e-01  7.4318628e-05  1.00000e+00  8.14487e-05  8.14487e-05
7.223944384e-01  6.9157358e-05  1.00000e+00  8.14031e-05  8.14031e-05
7.225389173e-01  6.4154016e-05  1.00000e+00  8.13232e-05  8.13232e-05
7.226834251e-01  5.9377811e-05  1.00000e+00  8.12105e-05  8.12105e-05
7.228279618e-01  5.5083564e-05  1.00000e+00  8.10674e-05  8.10674e-05
7.229725274e-01  5.1686689e-05  1.00000e+00  8.08989e-05  8.08989e-05
7.231171219e-01  4.9666799e-05  1.00000e+00  8.07128e-05  8.07128e-05
7.232617453e-01  4.9422866e-05  1.00000e+00  8.05199e-05  8.05199e-05
7.234063977e-01  5.1135522e-05  1.00000e+00  8.03332e-05  8.03332e-05
7.235510789e-01  5.4687771e-05  1.00000e+00  8.01658e-05  8.01658e-05
7.236957891e-01  5.9674134e-05  1.00000e+00  8.00288e-05  8.00288e-05
7.238405283e-01  6.5494310e-05  1.00000e+00  7.99297e-05  7.99297e-05
7.239852964e-01  7.1483215e-05  1.00000e+00  7.98719e-05  7.98719e-05
7.241300935e-01  7.7026940e-05  1.00000e+00  7.98539e-05  7.98539e-05
7.242749195e-01  8.1646341e-05  1.00000e+00  7.98709e-05  7.98709e-05
7.244197745e-01  8.5036389e-05  1.00000e+00  7.99152e-05  7.99152e-05
7.245646584e-01  8.7084549e-05  1.00000e+00  7.99777e-05  7.99777e-05
7.247095714e-01  8.7879953e-05  1.00000e+00  8.00495e-05  8.00495e-05
7.248545133e-01  8.7693330e-05  1.00000e+00  8.01226e-05  8.01226e-05
7.249994842e-01  8.6919291e-05  1.00000e+00  8.01919e-05  8.01919e-05
7.251444841e-01  8.5968572e-05  1.00000e+00  8.02546e-05  8.02546e-05
7.252895130e-01  8.5142210e-05  1.00000e+00  8.03107e-05  8.03107e-05
7.254345709e-01  8.4545251e-05  1.00000e+00  8.03617e-05  8.03617e-05
7.255796578e-01  8.4083303e-05  1.00000e+00  8.04088e-05  8.04088e-05
7.257247737e-01  8.3550732e-05  1.00000e+00  8.04524e-05  8.04524e-05
7.258699187e-01  8.2759962e-05  1.00000e+00  8.04913e-05  8.04913e-05
7.260150927e-01  8.1646270e-05  1.00000e+00  8.05235e-05  8.05235e-05
7.261602957e-01  8.0291056e-05  1.00000e+00  8.05470e-05  8.05470e-05
7.263055277e-01  7.8856136e-05  1.00000e+00  8.05609e-05  8.05609e-05
7.264507888e-01  7.7489820e-05  1.00000e+00  8.05651e-05  8.05651e-05
7.265960790e-01  7.6263301e-05  1.00000e+00  8.05605e-05  8.05605e-05
7.267413982e-01  7.5187957e-05  1.00000e+00  8.05482e-05  8.05482e-05
7.268867465e-01  7.4298856e-05  1.00000e+00  8.05292e-05  8.05292e-05
7.270321238e-01  7.3738537e-05  1.00000e+00  8.05053e-05  8.05053e-05
7.271775303e-01  7.3774287e-05  1.00000e+00  8.04796e-05  8.04796e-05
7.273229658e-01  7.4708148e-05  1.00000e+00  8.04572e-05  8.04572e-05
7.274684304e-01  7.6711431e-05  1.00000e+00  8.04448e-05  8.04448e-05
7.276139241e-01  7.9658357e-05  1.00000e+00  8.04494e-05  8.04494e-05
7.277594468e-01  8.3069052e-05  1.00000e+00  8.04758e-05  8.04758e-05
7.279049987e-01  8.6196743e-05  1.00000e+00  8.05246e-05  8.05246e-05
7.280505797e-01  8.8257203e-05  1.00000e+00  8.05911e-05  8.05911e-05
7.281961898e-01  8.8707729e-05  1.00000e+00  8.06659e-05  8.06659e-05
7.283418291e-01  8.7464050e-05  1.00000e+00  8.07375e-05  8.07375e-05
7.284874974e-01  8.4953734e-05  1.00000e+00  8.07957e-05  8.07957e-05
7.286331949e-01  8.1984883e-05  1.00000e+00  8.08345e-05  8.08345e-05
7.287789216e-01  7.9468282e-05  1.00000e+00  8.08540e-05  8.08540e-05
7.289246774e-01  7.8105954e-05  1.00000e+00  8.08600e-05  8.08600e-05
7.290704623e-01  7.8163337e-05  1.00000e+00  8.08614e-05  8.08614e-05
7.292162764e-01  7.9408008e-05  1.00000e+00  8.08674e-05  8.08674e-05
7.293621197e-01  8.1229894e-05  1.00000e+00  8.08842e-05  8.08842e-05
7.295079921e-01  8.2890623e-05  1.00000e+00  8.09130e-05  8.09130e-05
7.296538937e-01  8.3796111e-05  1.00000e+00  8.09505e-05  8.09505e-05
7.297998245e-01  8.3691361e-05  1.00000e+00  8.09907e-05  8.09907e-05
7.299457844e-01  8.2711126e-05  1.00000e+00  8.10267e-05  8.10267e-05
7.300917736e-01  8.1282608e-05  1.00000e+00  8.10542e-05  8.10542e-05
7.302377919e-01  7.9939369e-05  1.00000e+00  8.10718e-05  8.10718e-05
7.303838395e-01  7.9124173e-05  1.00000e+00  8.10818e-05  8.10818e-05
7.305299163e-01  7.9057165e-05  1.00000e+00  8.10887e-05  8.10887e-05
7.306760222e-01  7.9709955e-05  1.00000e+00  8.10976e-05  8.10976e-05
7.308221574e-01  8.0868048e-05  1.00000e+00  8.11127e-05  8.11127e-05
7.309683219e-01  8.2249243e-05  1.00000e+00  8.11364e-05  8.11364e-05
7.311145155e-01  8.3613113e-05  1.00000e+00  8.11693e-05  8.11693e-05
7.312607384e-01  8.4824625e-05  1.00000e+00  8.12108e-05  8.12108e-05
7.314069906e-01  8.5860029e-05  1.00000e+00  8.12595e-05  8.12595e-05
7.315532720e-01  8.6761629e-05  1.00000e+00  8.13144e-05  8.13144e-05
7.316995826e-01  8.7573409e-05  1.00000e+00  8.13747e-05  8.13747e-05
7.318459226e-01  8.8288870e-05  1.00000e+00  8.14398e-05  8.14398e-05
7.319922917e-01  8.8833504e-05  1.00000e+00  8.15088e-05  8.15088e-05
7.321386902e-01  8.9089030e-05  1.00000e+00  8.15801e-05  8.15801e-05
7.322851179e-01  8.8943811e-05  1.00000e+00  8.16514e-05  8.16514e-05
7.324315750e-01  8.8350900e-05  1.00000e+00  8.17198e-05  8.17198e-05
7.325780613e-01  8.7360977e-05  1.00000e+00  8.17823e-05  8.17823e-05
7.327245769e-01  8.6122628e-05  1.00000e+00  8.18369e-05  8.18369e-05
7.328711218e-01  8.4844078e-05  1.00000e+00  8.18826e-05  8.18826e-05
7.330176960e-01  8.3732273e-05  1.00000e+00  8.19198e-05  8.19198e-05
7.331642996e-01  8.2932447e-05  1.00000e+00  8.19503e-05  8.19503e-05
7.333109324e-01  8.2487913e-05  1.00000e+00  8.19764e-05  8.19764e-05
7.334575946e-01  8.2334631e-05  1.00000e+00  8.20004e-05  8.20004e-05
7.336042861e-01  8.2329790e-05  1.00000e+00  8.20238e-05  8.20238e-05
7.337510070e-01  8.2306285e-05  1.00000e+00  8.20470e-05  8.20470e-05
7.338977572e-01  8.2130154e-05  1.00000e+00  8.20695e-05  8.20695e-05
7.340445367e-01  8.1742545e-05  1.00000e+00  8.20900e-05  8.20900e-05
7.341913457e-01  8.1172356e-05  1.00000e+00  8.21072e-05  8.21072e-05
7.343381839e-01  8.0516436e-05  1.00000e+00  8.21200e-05  8.21200e-05
7.344850516e-01  7.9895444e-05  1.00000e+00  8.21284e-05  8.21284e-05
7.346319486e-01  7.9408290e-05  1.00000e+00  8.21331e-05  8.21331e-05
7.347788750e-01  7.9099058e-05  1.00000e+00  8.21350e-05  8.21350e-05
7.349258307e-01  7.8949268e-05  1.00000e+00  8.21354e-05  8.21354e-05
7.350728159e-01  7.8894077e-05  1.00000e+00  8.21351e-05  8.21351e-05
7.352198305e-01  7.8855421e-05  1.00000e+00  8.21346e-05  8.21346e-05
7.353668744e-01  7.8774379e-05  1.00000e+00  8.21338e-05  8.21338e-05
7.355139478e-01  7.8634246e-05  1.00000e+00  8.21322e-05  8.21322e-05
7.356610506e-01  7.8464379e-05  1.00000e+00  8.21295e-05  8.21295e-05
7.358081828e-01  7.8327088e-05  1.00000e+00  8.21259e-05  8.21259e-05
7.359553444e-01  7.8293174e-05  1.00000e+00  8.21216e-05  8.21216e-05
7.361025355e-01  7.8418266e-05  1.00000e+00  8.21177e-05  8.21177e-05
7.362497560e-01  7.8725739e-05  1.00000e+00  8.21152e-05  8.21152e-05
7.363970060e-01  7.9201978e-05  1.00000e+00  8.21154e-05  8.21154e-05
7.365442854e-01  7.9801307e-05  1.00000e+00  8.21192e-05  8.21192e-05
7.366915942e-01  8.0455814e-05  1.00000e+00  8.21273e-05  8.21273e-05
7.368389325e-01  8.1087053e-05  1.00000e+00  8.21397e-05  8.21397e-05
7.369863003e-01  8.1616866e-05  1.00000e+00  8.21559e-05  8.21559e-05
7.371336976e-01  8.1977972e-05  1.00000e+00  8.21750e-05  8.21750e-05
7.372811243e-01  8.2125298e-05  1.00000e+00  8.21958e-05  8.21958e-05
7.374285806e-01  8.2046208e-05  1.00000e+00  8.22167e-05  8.22167e-05
7.375760663e-01  8.1766073e-05  1.00000e+00  8.22362e-05  8.22362e-05
7.377235815e-01  8.1345062e-05  1.00000e+00  8.22532e-05  8.22532e-05
7.378711262e-01  8.0865264e-05  1.00000e+00  8.22671e-05  8.22671e-05
7.380187004e-01  8.0409812e-05  1.00000e+00  8.22777e-05  8.22777e-05
7.381663042e-01  8.0042968e-05  1.00000e+00  8.22855e-05  8.22855e-05
7.383139374e-01  7.9797045e-05  1.00000e+00  8.22912e-05  8.22912e-05
7.384616002e-01  7.9671485e-05  1.00000e+00  8.22956e-05  8.22956e-05
7.386092925e-01  7.9642937e-05  1.00000e+00  8.22996e-05  8.22996e-05
7.387570144e-01  7.9681410e-05  1.00000e+00  8.23035e-05  8.23035e-05
7.389047658e-01  7.9763911e-05  1.00000e+00  8.23078e-05  8.23078e-05
7.390525468e-01  7.9880423e-05  1.00000e+00  8.23128e-05  8.23128e-05
7.392003573e-01  8.0030724e-05  1.00000e+00  8.23187e-05  8.23187e-05
7.393481973e-01  8.0214978e-05  1.00000e+00  8.23256e-05  8.23256e-05
7.394960670e-01  8.0424444e-05  1.00000e+00  8.23339e-05  8.23339e-05
7.396439662e-01  8.0636337e-05  1.00000e+00  8.23435e-05  8.23435e-05
7.397918950e-01  8.0816817e-05  1.00000e+00  8.23544e-05  8.23544e-05
7.399398534e-01  8.0929560e-05  1.00000e+00  8.23662e-05  8.23662e-05
7.400878413e-01  8.0947318e-05  1.00000e+00  8.23784e-05  8.23784e-05
7.402358589e-01  8.0861332e-05  1.00000e+00  8.23904e-05  8.23904e-05
7.403839061e-01  8.0685194e-05  1.00000e+00  8.24013e-05  8.24013e-05
7.405319828e-01  8.0451469e-05  1.00000e+00  8.24109e-05  8.24109e-05
7.406800892e-01  8.0202670e-05  1.00000e+00  8.24187e-05  8.24187e-05
7.408282253e-01  7.9979504e-05  1.00000e+00  8.24250e-05  8.24250e-05
7.409763909e-01  7.9810250e-05  1.00000e+00  8.24298e-05  8.24298e-05
7.411245862e-01  7.9705110e-05  1.00000e+00  8.24338e-05  8.24338e-05
7.412728111e-01  7.9656736e-05  1.00000e+00  8.24372e-05  8.24372e-05
7.414210657e-01  7.9646071e-05  1.00000e+00  8.24404e-05  8.24404e-05
7.415693499e-01  7.9651262e-05  1.00000e+00  8.24436e-05  8.24436e-05
7.417176637e-01  7.9655746e-05  1.00000e+00  8.24469e-05  8.24469e-05
7.418660073e-01  7.9652904e-05  1.00000e+00  8.24501e-05  8.24501e-05
7.420143805e-01  7.9645779e-05  1.00000e+00  8.24533e-05  8.24533e-05
7.421627834e-01  7.9643044e-05  1.00000e+00  8.24565e-05  8.24565e-05
7.423112159e-01  7.9652800e-05  1.00000e+00  8.24596e-05  8.24596e-05
7.424596782e-01  7.9677398e-05  1.00000e+00  8.24629e-05  8.24629e-05
7.426081701e-01  7.9711207e-05  1.00000e+00  8.24664e-05  8.24664e-05
7.427566917e-01  7.9742077e-05  1.00000e+00  8.24700e-05  8.24700e-05
7.429052431e-01  7.9755913e-05  1.00000e+00  8.24739e-05  8.24739e-05
7.430538241e-01  7.9742044e-05  1.00000e+00  8.24777e-05  8.24777e-05
7.432024349e-01  7.9697148e-05  1.00000e+00  8.24813e-05  8.24813e-05
7.433510754e-01  7.9626463e-05  1.00000e+00  8.24845e-05  8.24845e-05
7.434997456e-01  7.9541980e-05  1.00000e+00  8.24872e-05  8.24872e-05
7.436484455e-01  7.9458406e-05  1.00000e+00  8.24893e-05  8.24893e-05
7.437971752e-01  7.9388605e-05  1.00000e+00  8.24908e-05  8.24908e-05
7.439459347e-01  7.9340084e-05  1.00000e+00  8.24920e-05  8.24920e-05
7.440947238e-01  7.9313625e-05  1.00000e+00  8.24930e-05  8.24930e-05
7.442435428e-01  7.9304162e-05  1.00000e+00  8.24938e-05  8.24938e-05
7.443923915e-01  7.9303358e-05  1.00000e+00  8.24946e-05  8.24946e-05
7.445412700e-01  7.9302946e-05  1.00000e+00  8.24955e-05  8.24955e-05
7.446901782e-01  7.9297269e-05  1.00000e+00  8.24963e-05  8.24963e-05
7.448391163e-01  7.9284719e-05  1.00000e+00  8.24970e-05  8.24970e-05
7.449880841e-01  7.9267422e-05  1.00000e+00  8.24977e-05  8.24977e-05
7.451370817e-01  7.9249648e-05  1.00000e+00  8.24982e-05  8.24982e-05
7.452861091e-01  7.9235796e-05  1.00000e+00  8.24987e-05  8.24987e-05
7.454351663e-01  7.9228686e-05  1.00000e+00  8.24991e-05  8.24991e-05
7.455842534e-01  7.9228754e-05  1.00000e+00  8.24995e-05  8.24995e-05
7.457333702e-01  7.9234204e-05  1.00000e+00  8.24999e-05  8.24999e-05
7.458825169e-01  7.9242035e-05  1.00000e+00  8.25003e-05  8.25003e-05
7.460316934e-01  7.9249289e-05  1.00000e+00  8.25008e-05  8.25008e-05
7.461808997e-01  7.9254111e-05  1.00000e+00  8.25014e-05  8.25014e-05
7.463301359e-01  7.9256292e-05  1.00000e+00  8.25020e-05  8.25020e-05
7.464794020e-01  7.9257104e-05  1.00000e+00  8.25026e-05  8.25026e-05
7.466286978e-01  7.9258625e-05  1.00000e+00  8.25032e-05  8.25032e-05
7.467780236e-01  7.9262843e-05  1.00000e+00  8.25038e-05  8.25038e-05
7.469273792e-01  7.9270923e-05  1.00000e+00  8.25045e-05  8.25045e-05
7.470767647e-01  7.9282886e-05  1.00000e+00  8.25053e-05  8.25053e-05
7.472261800e-01  7.9297782e-05  1.00000e+00  8.25061e-05  8.25061e-05
7.473756252e-01  7.9314183e-05  1.00000e+00  8.25071e-05  8.25071e-05
7.475251004e-01  7.9330766e-05  1.00000e+00  8.25081e-05  8.25081e-05
7.476746054e-01  7.9346664e-05  1.00000e+00  8.25093e-05  8.25093e-05
7.478241403e-01  7.9361586e-05  1.00000e+00  8.25106e-05  8.25106e-05
7.479737051e-01  7.9375656e-05  1.00000e+00  8.25120e-05  8.25120e-05
7.481232999e-01  7.9389180e-05  1.00000e+00  8.25134e-05  8.25134e-05
7.482729245e-01  7.9402440e-05  1.00000e+00  8.25150e-05  8.25150e-05
7.484225791e-01  7.9415623e-05  1.00000e+00  8.25166e-05  8.25166e-05
7.485722636e-01  7.9428845e-05  1.00000e+00  8.25183e-05  8.25183e-05
7.487219781e-01  7.9442188e-05  1.00000e+00  8.25201e-05  8.25201e-05
7.488717225e-01  7.9455740e-05  1.00000e+00  8.25220e-05  8.25220e-05
7.490214968e-01  7.9469572e-05  1.00000e+00  8.25240e-05  8.25240e-05
7.491713011e-01  7.9483694e-05  1.00000e+00  8.25260e-05  8.25260e-05
7.493211354e-01  7.9498045e-05  1.00000e+00  8.25282e-05  8.25282e-05
7.494709996e-01  7.9512520e-05  1.00000e+00  8.25304e-05  8.25304e-05
7.496208938e-01  7.9527044e-05  1.00000e+00  8.25327e-05  8.25327e-05
7.497708180e-01  7.9541639e-05  1.00000e+00  8.25352e-05  8.25352e-05
7.499207722e-01  7.9556454e-05  1.00000e+00  8.25377e-05  8.25377e-05
7.500707563e-01  7.9571679e-05  1.00000e+00  8.25403e-05  8.25403e-05
7.502207705e-01  7.9587417e-05  1.00000e+00  8.25429e-05  8.25429e-05
7.503708146e-01  7.9603505e-05  1.00000e+00  8.25457e-05  8.25457e-05
7.505208888e-01  7.9619427e-05  1.00000e+00  8.25486e-05  8.25486e-05
7.506709930e-01  7.9634354e-05  1.00000e+00  8.25516e-05  8.25516e-05
7.508211272e-01  7.9647317e-05  1.00000e+00  8.25546e-05  8.25546e-05
7.509712914e-01  7.9657468e-05  1.00000e+00  8.25577e-05  8.25577e-05
7.511214856e-01  7.9664318e-05  1.00000e+00  8.25609e-05  8.25609e-05
7.512717099e-01  7.9667859e-05  1.00000e+00  8.25641e-05  8.25641e-05
7.514219643e-01  7.9668519e-05  1.00000e+00  8.25673e-05  8.25673e-05
7.515722487e-01  7.9666985e-05  1.00000e+00  8.25704e-05  8.25704e-05
7.517225631e-01  7.9663963e-05  1.00000e+00  8.25736e-05  8.25736e-05
7.518729076e-01  7.9659980e-05  1.00000e+00  8.25767e-05  8.25767e-05
7.520232822e-01  7.9655288e-05  1.00000e+00  8.25798e-05  8.25798e-05
7.521736869e-01  7.9649882e-05  1.00000e+00  8.25828e-05  8.25828e-05
7.523241216e-01  7.9643593e-05  1.00000e+00  8.25858e-05  8.25858e-05
7.524745864e-01  7.9636206e-05  1.00000e+00  8.25888e-05  8.25888e-05
7.526250814e-01  7.9627550e-05  1.00000e+00  8.25917e-05  8.25917e-05
7.527756064e-01  7.9617562e-05  1.00000e+00  8.25945e-05  8.25945e-05
7.529261615e-01  7.9606310e-05  1.00000e+00  8.25972e-05  8.25972e-05
7.530767467e-01  7.9594004e-05  1.00000e+00  8.25999e-05  8.25999e-05
7.532273621e-01  7.9580984e-05  1.00000e+00  8.26024e-05  8.26024e-05
7.533780075e-01  7.9567675e-05  1.00000e+00  8.26049e-05  8.26049e-05
7.535286831e-01  7.9554513e-05  1.00000e+00  8.26073e-05  8.26073e-05
7.536793889e-01  7.9541851e-05  1.00000e+00  8.26096e-05  8.26096e-05
7.538301248e-01  7.9529878e-05  1.00000e+00  8.26118e-05  8.26118e-05
7.539808908e-01  7.9518585e-05  1.00000e+00  8.26140e-05  8.26140e-05
7.541316870e-01  7.9507804e-05  1.00000e+00  8.26160e-05  8.26160e-05
7.542825133e-01  7.9497305e-05  1.00000e+00  8.26180e-05  8.26180e-05
7.544333698e-01  7.9486897e-05  1.00000e+00  8.26200e-05  8.26200e-05
7.545842565e-01  7.9476499e-05  1.00000e+00  8.26218e-05  8.26218e-05
7.547351733e-01  7.9466141e-05  1.00000e+00  8.26236e-05  8.26236e-05
7.548861204e-01  7.9455893e-05  1.00000e+00  8.26254e-05  8.26254e-05
7.550370976e-01  7.9445751e-05  1.00000e+00  8.26270e-05  8.26270e-05
7.551881050e-01  7.9435516e-05  1.00000e+00  8.26286e-05  8.26286e-05
7.553391426e-01  7.9424708e-05  1.00000e+00  8.26302e-05  8.26302e-05
7.554902105e-01  7.9412533e-05  1.00000e+00  8.26316e-05  8.26316e-05
7.556413085e-01  7.9397868e-05  1.00000e+00  8.26330e-05  8.26330e-05
7.557924368e-01  7.9379311e-05  1.00000e+00  8.26343e-05  8.26343e-05
7.559435952e-01  7.9355227e-05  1.00000e+00  8.26354e-05  8.26354e-05
7.560947840e-01  7.9323779e-05  1.00000e+00  8.26364e-05  8.26364e-05
7.562460029e-01  7.9282917e-05  1.00000e+00  8.26372e-05  8.26372e-05
7.563972521e-01  7.9230184e-05  1.00000e+00  8.26376e-05  8.26376e-05
7.565485316e-01  7.9157535e-05  1.00000e+00  8.26377e-05  8.26377e-05
7.566998413e-01  7.9053204e-05  1.00000e+00  8.26371e-05  8.26371e-05
7.568511812e-01  7.8890983e-05  1.00000e+00  8.26358e-05  8.26358e-05
7.570025515e-01  7.8618453e-05  1.00000e+00  8.26330e-05  8.26330e-05
7.571539520e-01  7.8121956e-05  1.00000e+00  8.26279e-05  8.26279e-05
7.573053828e-01  7.7180301e-05  1.00000e+00  8.26184e-05  8.26184e-05
7.574568439e-01  7.5376665e-05  1.00000e+00  8.26002e-05  8.26002e-05
7.576083352e-01  7.1983967e-05  1.00000e+00  8.25658e-05  8.25658e-05
7.577598569e-01  6.5815105e-05  1.00000e+00  8.25014e-05  8.25014e-05
7.579114089e-01  5.5086565e-05  1.00000e+00  8.23837e-05  8.23837e-05
7.580629912e-01  3.7360663e-05  1.00000e+00  8.21757e-05  8.21757e-05
7.582146037e-01  9.6570278e-06  1.00000e+00  8.18230e-05  8.18230e-05
7.583662467e-01 -3.1155243e-05  1.00000e+00  8.12515e-05  8.12515e-05
7.585179199e-01 -8.7645022e-05  1.00000e+00  8.03681e-05  8.03681e-05
7.586696235e-01 -1.6085488e-04  1.00000e+00  7.90683e-05  7.90683e-05
7.588213574e-01 -2.4929168e-04  1.00000e+00  7.72490e-05  7.72490e-05
7.589731217e-01 -3.4822426e-04  1.00000e+00  7.48276e-05  7.48276e-05
7.591249163e-01 -4.4964496e-04  1.00000e+00  7.17637e-05  7.17637e-05
7.592767413e-01 -5.4309678e-04  1.00000e+00  6.80779e-05  6.80779e-05
7.594285967e-01 -6.1729029e-04  1.00000e+00  6.38624e-05  6.38624e-05
7.595804824e-01 -6.6215063e-04  1.00000e+00  5.92796e-05  5.92796e-05
7.597323985e-01 -6.7065813e-04  1.00000e+00  5.45477e-05  5.45477e-05
7.598843449e-01 -6.4001157e-04  1.00000e+00  4.99158e-05  4.99158e-05
7.600363218e-01 -5.7174812e-04  1.00000e+00  4.56354e-05  4.56354e-05
7.601883291e-01 -4.7103249e-04  1.00000e+00  4.19345e-05  4.19345e-05
7.603403667e-01 -3.4547228e-04  1.00000e+00  3.89972e-05  3.89972e-05
7.604924348e-01 -2.0395450e-04  1.00000e+00  3.69522e-05  3.69522e-05
7.606445333e-01 -5.5919698e-05  1.00000e+00  3.58676e-05  3.58676e-05
7.607966622e-01  8.8984389e-05  1.00000e+00  3.57488e-05  3.57488e-05
7.609488215e-01  2.2101597e-04  1.00000e+00  3.65379e-05  3.65379e-05
7.611010113e-01  3.3059322e-04  1.00000e+00  3.81142e-05  3.81142e-05
7.612532315e-01  4.0903645e-04  1.00000e+00  4.02980e-05  4.02980e-05
7.614054822e-01  4.4978469e-04  1.00000e+00  4.28601e-05  4.28601e-05
7.615577633e-01  4.4985348e-04  1.00000e+00  4.55409e-05  4.55409e-05
7.617100748e-01  4.1109061e-04  1.00000e+00  4.80782e-05  4.80782e-05
7.618624168e-01  3.4060874e-04  1.00000e+00  5.02405e-05  5.02405e-05
7.620147893e-01  2.5003078e-04  1.00000e+00  5.18592e-05  5.18592e-05
7.621671923e-01  1.5359057e-04  1.00000e+00  5.28520e-05  5.28520e-05
7.623196257e-01  6.5473046e-05  1.00000e+00  5.32313e-05  5.32313e-05
7.624720896e-01 -2.8573023e-06  1.00000e+00  5.30940e-05  5.30940e-05
7.626245840e-01 -4.4560560e-05  1.00000e+00  5.25965e-05  5.25965e-05
7.627771090e-01 -5.8086145e-05  1.00000e+00  5.19222e-05  5.19222e-05
7.629296644e-01 -4.6589432e-05  1.00000e+00  5.12471e-05  5.12471e-05
7.630822503e-01 -1.6405040e-05  1.00000e+00  5.07147e-05  5.07147e-05
7.632348668e-01  2.4845891e-05  1.00000e+00  5.04212e-05  5.04212e-05
7.633875137e-01  6.9955084e-05  1.00000e+00  5.04131e-05  5.04131e-05
7.635401912e-01  1.1329879e-04  1.00000e+00  5.06947e-05  5.06947e-05
7.636928993e-01  1.5134778e-04  1.00000e+00  5.12402e-05  5.12402e-05
7.638456379e-01  1.8261728e-04  1.00000e+00  5.20076e-05  5.20076e-05
7.639984070e-01  2.0718764e-04  1.00000e+00  5.29513e-05  5.29513e-05
7.641512067e-01  2.2607953e-04  1.00000e+00  5.40294e-05  5.40294e-05
7.643040369e-01  2.4063757e-04  1.00000e+00  5.52085e-05  5.52085e-05
7.644568977e-01  2.5205393e-04  1.00000e+00  5.64640e-05  5.64640e-05
7.646097891e-01  2.6110326e-04  1.00000e+00  5.77776e-05  5.77776e-05
7.647627111e-01  2.6808351e-04  1.00000e+00  5.91348e-05  5.91348e-05
7.649156636e-01  2.7291313e-04  1.00000e+00  6.05217e-05  6.05217e-05
7.650686467e-01  2.7531858e-04  1.00000e+00  6.19236e-05  6.19236e-05
7.652216605e-01  2.7502911e-04  1.00000e+00  6.33235e-05  6.33235e-05
7.653747048e-01  2.7193617e-04  1.00000e+00  6.47037e-05  6.47037e-05
7.655277797e-01  2.6618922e-04  1.00000e+00  6.60464e-05  6.60464e-05
7.656808853e-01  2.5821330e-04  1.00000e+00  6.73359e-05  6.73359e-05
7.658340215e-01  2.4864376e-04  1.00000e+00  6.85601e-05  6.85601e-05
7.659871883e-01  2.3824208e-04  1.00000e+00  6.97115e-05  6.97115e-05
7.661403857e-01  2.2774954e-04  1.00000e+00  7.07877e-05  7.07877e-05
7.662936138e-01  2.1778819e-04  1.00000e+00  7.17905e-05  7.17905e-05
7.664468725e-01  2.0873492e-04  1.00000e+00  7.27252e-05  7.27252e-05
7.666001619e-01  2.0068437e-04  1.00000e+00  7.35987e-05  7.35987e-05
7.667534819e-01  1.9348199e-04  1.00000e+00  7.44175e-05  7.44175e-05
7.669068326e-01  1.8678692e-04  1.00000e+00  7.51863e-05  7.51863e-05
7.670602140e-01  1.8022626e-04  1.00000e+00  7.59075e-05  7.59075e-05
7.672136260e-01  1.7350291e-04  1.00000e+00  7.65814e-05  7.65814e-05
7.673670687e-01  1.6647061e-04  1.00000e+00  7.72066e-05  7.72066e-05
7.675205422e-01  1.5917978e-04  1.00000e+00  7.77816e-05  7.77816e-05
7.676740463e-01  1.5182378e-04  1.00000e+00  7.83054e-05  7.83054e-05
7.678275811e-01  1.4465903e-04  1.00000e+00  7.87789e-05  7.87789e-05
7.679811466e-01  1.3794668e-04  1.00000e+00  7.92045e-05  7.92045e-05
7.681347428e-01  1.3187585e-04  1.00000e+00  7.95861e-05  7.95861e-05
7.682883698e-01  1.2653009e-04  1.00000e+00  7.99283e-05  7.99283e-05
7.684420274e-01  1.2190927e-04  1.00000e+00  8.02363e-05  8.02363e-05
7.685957159e-01  1.1794085e-04  1.00000e+00  8.05146e-05  8.05146e-05
7.687494350e-01  1.1450681e-04  1.00000e+00  8.07674e-05  8.07674e-05
7.689031849e-01  1.1148508e-04  1.00000e+00  8.09978e-05  8.09978e-05
7.690569655e-01  1.0877588e-04  1.00000e+00  8.12083e-05  8.12083e-05
7.692107769e-01  1.0629430e-04  1.00000e+00  8.14008e-05  8.14008e-05
7.693646191e-01  1.0399031e-04  1.00000e+00  8.15767e-05  8.15767e-05
7.695184920e-01  1.0184103e-04  1.00000e+00  8.17371e-05  8.17371e-05
7.696723957e-01  9.9833060e-05  1.00000e+00  8.18831e-05  8.18831e-05
7.698263302e-01  9.7949192e-05  1.00000e+00  8.20157e-05  8.20157e-05
7.699802954e-01  9.6165817e-05  1.00000e+00  8.21356e-05  8.21356e-05
7.701342915e-01  9.4458077e-05  1.00000e+00  8.22436e-05  8.22436e-05
7.702883184e-01  9.2791937e-05  1.00000e+00  8.23400e-05  8.23400e-05
7.704423760e-01  9.1147324e-05  1.00000e+00  8.24252e-05  8.24252e-05
7.705964645e-01  8.9524465e-05  1.00000e+00  8.24994e-05  8.24994e-05
7.707505838e-01  8.7943973e-05  1.00000e+00  8.25628e-05  8.25628e-05
7.709047339e-01  8.6441345e-05  1.00000e+00  8.26159e-05  8.26159e-05
7.710589148e-01  8.5061237e-05  1.00000e+00  8.26593e-05  8.26593e-05
7.712131266e-01  8.3846522e-05  1.00000e+00  8.26941e-05  8.26941e-05
7.713673693e-01  8.2826982e-05  1.00000e+00  8.27215e-05  8.27215e-05
7.715216427e-01  8.2013061e-05  1.00000e+00  8.27429e-05  8.27429e-05
7.716759471e-01  8.1397349e-05  1.00000e+00  8.27595e-05  8.27595e-05
7.718302822e-01  8.0957908e-05  1.00000e+00  8.27727e-05  8.27727e-05
7.719846483e-01  8.0662885e-05  1.00000e+00  8.27835e-05  8.27835e-05
7.721390452e-01  8.0476297e-05  1.00000e+00  8.27926e-05  8.27926e-05
7.722934730e-01  8.0364675e-05  1.00000e+00  8.28008e-05  8.28008e-05
7.724479317e-01  8.0300122e-05  1.00000e+00  8.28084e-05  8.28084e-05
7.726024213e-01  8.0261128e-05  1.00000e+00  8.28156e-05  8.28156e-05
7.727569418e-01  8.0232091e-05  1.00000e+00  8.28226e-05  8.28226e-05
7.729114932e-01  8.0203574e-05  1.00000e+00  8.28294e-05  8.28294e-05
7.730660755e-01  8.0170193e-05  1.00000e+00  8.28359e-05  8.28359e-05
7.732206887e-01  8.0130415e-05  1.00000e+00  8.28422e-05  8.28422e-05
7.733753328e-01  8.0083632e-05  1.00000e+00  8.28482e-05  8.28482e-05
7.735300079e-01  8.0030841e-05  1.00000e+00  8.28538e-05  8.28538e-05
7.736847139e-01  7.9973573e-05  1.00000e+00  8.28591e-05  8.28591e-05
7.738394509e-01  7.9913705e-05  1.00000e+00  8.28639e-05  8.28639e-05
7.739942188e-01  7.9853069e-05  1.00000e+00  8.28684e-05  8.28684e-05
7.741490176e-01  7.9793194e-05  1.00000e+00  8.28725e-05  8.28725e-05
7.743038474e-01  7.9735407e-05  1.00000e+00  8.28761e-05  8.28761e-05
7.744587082e-01  7.9680642e-05  1.00000e+00  8.28794e-05  8.28794e-05
7.746135999e-01  7.9629550e-05  1.00000e+00  8.28824e-05  8.28824e-05
7.747685226e-01  7.9582470e-05  1.00000e+00  8.28850e-05  8.28850e-05
7.749234763e-01  7.9539542e-05  1.00000e+00  8.28873e-05  8.28873e-05
7.750784610e-01  7.9500721e-05  1.00000e+00  8.28894e-05  8.28894e-05
7.752334767e-01  7.9465807e-05  1.00000e+00  8.28912e-05  8.28912e-05
7.753885234e-01  7.9434461e-05  1.00000e+00  8.28928e-05  8.28928e-05
7.755436011e-01  7.9406105e-05  1.00000e+00  8.28943e-05  8.28943e-05
7.756987098e-01  7.9380217e-05  1.00000e+00  8.28955e-05  8.28955e-05
7.758538496e-01  7.9356269e-05  1.00000e+00  8.28966e-05  8.28966e-05
7.760090204e-01  7.9333974e-05  1.00000e+00  8.28976e-05  8.28976e-05
7.761642222e-01  7.9313310e-05  1.00000e+00  8.28984e-05  8.28984e-05
7.763194550e-01  7.9294444e-05  1.00000e+00  8.28991e-05  8.28991e-05
7.764747189e-01  7.9277750e-05  1.00000e+00  8.28997e-05  8.28997e-05
7.766300138e-01  7.9263647e-05  1.00000e+00  8.29002e-05  8.29002e-05
7.767853398e-01  7.9252475e-05  1.00000e+00  8.29006e-05  8.29006e-05
7.769406969e-01  7.9244490e-05  1.00000e+00  8.29010e-05  8.29010e-05
7.770960850e-01  7.9239783e-05  1.00000e+00  8.29013e-05  8.29013e-05
7.772515043e-01  7.9238280e-05  1.00000e+00  8.29016e-05  8.29016e-05
7.774069546e-01  7.9239757e-05  1.00000e+00  8.29020e-05  8.29020e-05
7.775624360e-01  7.9243882e-05  1.00000e+00  8.29023e-05  8.29023e-05
7.777179484e-01  7.9250169e-05  1.00000e+00  8.29027e-05  8.29027e-05
7.778734920e-01  7.9258081e-05  1.00000e+00  8.29032e-05  8.29032e-05
7.780290667e-01  7.9267088e-05  1.00000e+00  8.29037e-05  8.29037e-05
7.781846725e-01  7.9276760e-05  1.00000e+00  8.29043e-05  8.29043e-05
7.783403095e-01  7.9286847e-05  1.00000e+00  8.29049e-05  8.29049e-05
7.784959775e-01  7.9297335e-05  1.00000e+00  8.29056e-05  8.29056e-05
7.786516767e-01  7.9308428e-05  1.00000e+00  8.29064e-05  8.29064e-05
7.788074071e-01  7.9320436e-05  1.00000e+00  8.29072e-05  8.29072e-05
7.789631686e-01  7.9333670e-05  1.00000e+00  8.29082e-05  8.29082e-05
7.791189612e-01  7.9348333e-05  1.00000e+00  8.29092e-05  8.29092e-05
7.792747850e-01  7.9364483e-05  1.00000e+00  8.29103e-05  8.29103e-05
7.794306399e-01  7.9382084e-05  1.00000e+00  8.29116e-05  8.29116e-05
7.795865261e-01  7.9401095e-05  1.00000e+00  8.29129e-05  8.29129e-05
7.797424434e-01  7.9421530e-05  1.00000e+00  8.29144e-05  8.29144e-05
7.798983919e-01  7.9443407e-05  1.00000e+00  8.29160e-05  8.29160e-05
7.800543715e-01  7.9466599e-05  1.00000e+00  8.29177e-05  8.29177e-05
7.802103824e-01  7.9490648e-05  1.00000e+00  8.29196e-05  8.29196e-05
7.803664245e-01  7.9514666e-05  1.00000e+00  8.29217e-05  8.29217e-05
7.805224978e-01  7.9537420e-05  1.00000e+00  8.29239e-05  8.29239e-05
7.806786023e-01  7.9557610e-05  1.00000e+00  8.29262e-05  8.29262e-05
7.808347380e-01  7.9574255e-05  1.00000e+00  8.29286e-05  8.29286e-05
7.809909049e-01  7.9587035e-05  1.00000e+00  8.29312e-05  8.29312e-05
7.811471031e-01  7.9596447e-05  1.00000e+00  8.29337e-05  8.29337e-05
7.813033325e-01  7.9603680e-05  1.00000e+00  8.29364e-05  8.29364e-05
7.814595932e-01  7.9610259e-05  1.00000e+00  8.29390e-05  8.29390e-05
7.816158851e-01  7.9617557e-05  1.00000e+00  8.29417e-05  8.29417e-05
7.817722083e-01  7.9626335e-05  1.00000e+00  8.29444e-05  8.29444e-05
7.819285627e-01  7.9636464e-05  1.00000e+00  8.29472e-05  8.29472e-05
7.820849485e-01  7.9646886e-05  1.00000e+00  8.29501e-05  8.29501e-05
7.822413654e-01  7.9655881e-05  1.00000e+00  8.29530e-05  8.29530e-05
7.823978137e-01  7.9661512e-05  1.00000e+00  8.29559e-05  8.29559e-05
7.825542933e-01  7.9662166e-05  1.00000e+00  8.29588e-05  8.29588e-05
7.827108041e-01  7.9657013e-05  1.00000e+00  8.29618e-05  8.29618e-05
7.828673463e-01  7.9646242e-05  1.00000e+00  8.29646e-05  8.29646e-05
7.830239198e-01  7.9631057e-05  1.00000e+00  8.29674e-05  8.29674e-05
7.831805246e-01  7.9613416e-05  1.00000e+00  8.29701e-05  8.29701e-05
7.833371607e-01  7.9595578e-05  1.00000e+00  8.29726e-05  8.29726e-05
7.834938281e-01  7.9579547e-05  1.00000e+00  8.29750e-05  8.29750e-05
7.836505269e-01  7.9566604e-05  1.00000e+00  8.29774e-05  8.29774e-05
7.838072570e-01  7.9557129e-05  1.00000e+00  8.29796e-05  8.29796e-05
7.839640184e-01  7.9550578e-05  1.00000e+00  8.29818e-05  8.29818e-05
7.841208112e-01  7.9545782e-05  1.00000e+00  8.29840e-05  8.29840e-05
7.842776354e-01  7.9541384e-05  1.00000e+00  8.29861e-05  8.29861e-05
7.844344909e-01  7.9535896e-05  1.00000e+00  8.29882e-05  8.29882e-05
7.845913778e-01  7.9527430e-05  1.00000e+00  8.29903e-05  8.29903e-05
7.847482961e-01  7.9513101e-05  1.00000e+00  8.29923e-05  8.29923e-05
7.849052457e-01  7.9488587e-05  1.00000e+00  8.29941e-05  8.29941e-05
7.850622268e-01  7.9447781e-05  1.00000e+00  8.29958e-05  8.29958e-05
7.852192392e-01  7.9383827e-05  1.00000e+00  8.29971e-05  8.29971e-05
7.853762831e-01  7.9290891e-05  1.00000e+00  8.29980e-05  8.29980e-05
7.855333583e-01  7.9166688e-05  1.00000e+00  8.29981e-05  8.29981e-05
7.856904650e-01  7.9014988e-05  1.00000e+00  8.29974e-05  8.29974e-05
7.858476031e-01  7.8846760e-05  1.00000e+00  8.29957e-05  8.29957e-05
7.860047726e-01  7.8679193e-05  1.00000e+00  8.29930e-05  8.29930e-05
7.861619736e-01  7.8532238e-05  1.00000e+00  8.29892e-05  8.29892e-05
7.863192060e-01  7.8423566e-05  1.00000e+00  8.29847e-05  8.29847e-05
7.864764698e-01  7.8363684e-05  1.00000e+00  8.29797e-05  8.29797e-05
7.866337651e-01  7.8353117e-05  1.00000e+00  8.29745e-05  8.29745e-05
7.867910919e-01  7.8383310e-05  1.00000e+00  8.29694e-05  8.29694e-05
7.869484501e-01  7.8439752e-05  1.00000e+00  8.29646e-05  8.29646e-05
7.871058398e-01  7.8506879e-05  1.00000e+00  8.29603e-05  8.29603e-05
7.872632609e-01  7.8571163e-05  1.00000e+00  8.29564e-05  8.29564e-05
7.874207136e-01  7.8621462e-05  1.00000e+00  8.29530e-05  8.29530e-05
7.875781977e-01  7.8645998e-05  1.00000e+00  8.29498e-05  8.29498e-05
7.877357134e-01  7.8629089e-05  1.00000e+00  8.29467e-05  8.29467e-05
7.878932605e-01  7.8550211e-05  1.00000e+00  8.29433e-05  8.29433e-05
7.880508392e-01  7.8388086e-05  1.00000e+00  8.29392e-05  8.29392e-05
7.882084493e-01  7.8128981e-05  1.00000e+00  8.29339e-05  8.29339e-05
7.883660910e-01  7.7777244e-05  1.00000e+00  8.29266e-05  8.29266e-05
7.885237642e-01  7.7363340e-05  1.00000e+00  8.29170e-05  8.29170e-05
7.886814690e-01  7.6944970e-05  1.00000e+00  8.29047e-05  8.29047e-05
7.888392053e-01  7.6599017e-05  1.00000e+00  8.28901e-05  8.28901e-05
7.889969731e-01  7.6404743e-05  1.00000e+00  8.28738e-05  8.28738e-05
7.891547725e-01  7.6422643e-05  1.00000e+00  8.28571e-05  8.28571e-05
7.893126035e-01  7.6676421e-05  1.00000e+00  8.28413e-05  8.28413e-05
7.894704660e-01  7.7143277e-05  1.00000e+00  8.28279e-05  8.28279e-05
7.896283601e-01  7.7758665e-05  1.00000e+00  8.28180e-05  8.28180e-05
7.897862858e-01  7.8432937e-05  1.00000e+00  8.28124e-05  8.28124e-05
7.899442430e-01  7.9075310e-05  1.00000e+00  8.28110e-05  8.28110e-05
7.901022319e-01  7.9616684e-05  1.00000e+00  8.28134e-05  8.28134e-05
7.902602523e-01  8.0021865e-05  1.00000e+00  8.28188e-05  8.28188e-05
7.904183044e-01  8.0289377e-05  1.00000e+00  8.28263e-05  8.28263e-05
7.905763880e-01  8.0439584e-05  1.00000e+00  8.28351e-05  8.28351e-05
7.907345033e-01  8.0498336e-05  1.00000e+00  8.28444e-05  8.28444e-05
7.908926502e-01  8.0483681e-05  1.00000e+00  8.28539e-05  8.28539e-05
7.910508287e-01  8.0401677e-05  1.00000e+00  8.28631e-05  8.28631e-05
7.912090389e-01  8.0252021e-05  1.00000e+00  8.28714e-05  8.28714e-05
7.913672807e-01  8.0039675e-05  1.00000e+00  8.28786e-05  8.28786e-05
7.915255542e-01  7.9785128e-05  1.00000e+00  8.28842e-05  8.28842e-05
7.916838593e-01  7.9528272e-05  1.00000e+00  8.28882e-05  8.28882e-05
7.918421961e-01  7.9322661e-05  1.00000e+00  8.28907e-05  8.28907e-05
7.920005645e-01  7.9223338e-05  1.00000e+00  8.28922e-05  8.28922e-05
7.921589646e-01  7.9273010e-05  1.00000e+00  8.28935e-05  8.28935e-05
7.923173964e-01  7.9491999e-05  1.00000e+00  8.28956e-05  8.28956e-05
7.924758599e-01  7.9873665e-05  1.00000e+00  8.28996e-05  8.28996e-05
7.926343550e-01  8.0385180e-05  1.00000e+00  8.29065e-05  8.29065e-05
7.927928819e-01  8.0971187e-05  1.00000e+00  8.29168e-05  8.29168e-05
7.929514405e-01  8.1559556e-05  1.00000e+00  8.29308e-05  8.29308e-05
7.931100308e-01  8.2069960e-05  1.00000e+00  8.29482e-05  8.29482e-05
7.932686528e-01  8.2425719e-05  1.00000e+00  8.29683e-05  8.29683e-05
7.934273065e-01  8.2567626e-05  1.00000e+00  8.29899e-05  8.29899e-05
7.935859920e-01  8.2466975e-05  1.00000e+00  8.30116e-05  8.30116e-05
7.937447092e-01  8.2131851e-05  1.00000e+00  8.30317e-05  8.30317e-05
7.939034581e-01  8.1604001e-05  1.00000e+00  8.30490e-05  8.30490e-05
7.940622388e-01  8.0945992e-05  1.00000e+00  8.30624e-05  8.30624e-05
7.942210513e-01  8.0223068e-05  1.00000e+00  8.30714e-05  8.30714e-05
7.943798955e-01  7.9486391e-05  1.00000e+00  8.30757e-05  8.30757e-05
7.945387714e-01  7.8762741e-05  1.00000e+00  8.30754e-05  8.30754e-05
7.946976792e-01  7.8054418e-05  1.00000e+00  8.30706e-05  8.30706e-05
7.948566187e-01  7.7349809e-05  1.00000e+00  8.30614e-05  8.30614e-05
7.950155901e-01  7.6641222e-05  1.00000e+00  8.30479e-05  8.30479e-05
7.951745932e-01  7.5944599e-05  1.00000e+00  8.30300e-05  8.30300e-05
7.953336281e-01  7.5313483e-05  1.00000e+00  8.30080e-05  8.30080e-05
7.954926948e-01  7.4839853e-05  1.00000e+00  8.29826e-05  8.29826e-05
7.956517934e-01  7.4637882e-05  1.00000e+00  8.29552e-05  8.29552e-05
7.958109237e-01  7.4812082e-05  1.00000e+00  8.29278e-05  8.29278e-05
7.959700859e-01  7.5418559e-05  1.00000e+00  8.29031e-05  8.29031e-05
7.961292799e-01  7.6435391e-05  1.00000e+00  8.28836e-05  8.28836e-05
7.962885058e-01  7.7754084e-05  1.00000e+00  8.28716e-05  8.28716e-05
7.964477635e-01  7.9199215e-05  1.00000e+00  8.28685e-05  8.28685e-05
7.966070530e-01  8.0570625e-05  1.00000e+00  8.28743e-05  8.28743e-05
7.967663744e-01  8.1691601e-05  1.00000e+00  8.28881e-05  8.28881e-05
7.969257277e-01  8.2447621e-05  1.00000e+00  8.29077e-05  8.29077e-05
7.970851129e-01  8.2801591e-05  1.00000e+00  8.29308e-05  8.29308e-05
7.972445299e-01  8.2786142e-05  1.00000e+00  8.29547e-05  8.29547e-05
7.974039788e-01  8.2479882e-05  1.00000e+00  8.29775e-05  8.29775e-05
7.975634596e-01  8.1981185e-05  1.00000e+00  8.29976e-05  8.29976e-05
7.977229723e-01  8.1387235e-05  1.00000e+00  8.30141e-05  8.30141e-05
7.978825169e-01  8.0782653e-05  1.00000e+00  8.30267e-05  8.30267e-05
7.980420934e-01  8.0232691e-05  1.00000e+00  8.30355e-05  8.30355e-05
7.982017018e-01  7.9779622e-05  1.00000e+00  8.30412e-05  8.30412e-05
7.983613421e-01  7.9438703e-05  1.00000e+00  8.30444e-05  8.30444e-05
7.985210144e-01  7.9196840e-05  1.00000e+00  8.30457e-05  8.30457e-05
7.986807186e-01  7.9015779e-05  1.00000e+00  8.30457e-05  8.30457e-05
7.988404548e-01  7.8843843e-05  1.00000e+00  8.30447e-05  8.30447e-05
7.990002228e-01  7.8632737e-05  1.00000e+00  8.30425e-05  8.30425e-05
7.991600229e-01  7.8355167e-05  1.00000e+00  8.30388e-05  8.30388e-05
7.993198549e-01  7.8015941e-05  1.00000e+00  8.30332e-05  8.30332e-05
7.994797189e-01  7.7652136e-05  1.00000e+00  8.30255e-05  8.30255e-05
7.996396148e-01  7.7322049e-05  1.00000e+00  8.30155e-05  8.30155e-05
7.997995427e-01  7.7087032e-05  1.00000e+00  8.30039e-05  8.30039e-05
7.999595026e-01  7.6994099e-05  1.00000e+00  8.29912e-05  8.29912e-05
8.001194945e-01  7.7064152e-05  1.00000e+00  8.29786e-05  8.29786e-05
8.002795184e-01  7.7290066e-05  1.00000e+00  8.29670e-05  8.29670e-05
8.004395743e-01  7.7642065e-05  1.00000e+00  8.29573e-05  8.29573e-05
8.005996623e-01  7.8076996e-05  1.00000e+00  8.29502e-05  8.29502e-05
8.007597822e-01  7.8546170e-05  1.00000e+00  8.29459e-05  8.29459e-05
8.009199341e-01  7.9000894e-05  1.00000e+00  8.29446e-05  8.29446e-05
8.010801181e-01  7.9395512e-05  1.00000e+00  8.29460e-05  8.29460e-05
8.012403342e-01  7.9690645e-05  1.00000e+00  8.29496e-05  8.29496e-05
8.014005822e-01  7.9858518e-05  1.00000e+00  8.29547e-05  8.29547e-05
8.015608623e-01  7.9889733e-05  1.00000e+00  8.29603e-05  8.29603e-05
8.017211745e-01  7.9799036e-05  1.00000e+00  8.29658e-05  8.29658e-05
8.018815187e-01  7.9625595e-05  1.00000e+00  8.29703e-05  8.29703e-05
8.020418951e-01  7.9425915e-05  1.00000e+00  8.29737e-05  8.29737e-05
8.022023034e-01  7.9259392e-05  1.00000e+00  8.29758e-05  8.29758e-05
8.023627439e-01  7.9171084e-05  1.00000e+00  8.29772e-05  8.29772e-05
8.025232164e-01  7.9178792e-05  1.00000e+00  8.29783e-05  8.29783e-05
8.026837211e-01  7.9269635e-05  1.00000e+00  8.29797e-05  8.29797e-05
8.028442578e-01  7.9408057e-05  1.00000e+00  8.29819e-05  8.29819e-05
8.030048267e-01  7.9551371e-05  1.00000e+00  8.29849e-05  8.29849e-05
8.031654276e-01  7.9666689e-05  1.00000e+00  8.29888e-05  8.29888e-05
8.033260607e-01  7.9741892e-05  1.00000e+00  8.29932e-05  8.29932e-05
8.034867259e-01  7.9787930e-05  1.00000e+00  8.29980e-05  8.29980e-05
8.036474233e-01  7.9832594e-05  1.00000e+00  8.30031e-05  8.30031e-05
8.038081528e-01  7.9909778e-05  1.00000e+00  8.30085e-05  8.30085e-05
8.039689144e-01  8.0047412e-05  1.00000e+00  8.30145e-05  8.30145e-05
8.041297082e-01  8.0258349e-05  1.00000e+00  8.30216e-05  8.30216e-05
8.042905341e-01  8.0533999e-05  1.00000e+00  8.30302e-05  8.30302e-05
8.044513922e-01  8.0843678e-05  1.00000e+00  8.30406e-05  8.30406e-05
8.046122825e-01  8.1138499e-05  1.00000e+00  8.30528e-05  8.30528e-05
8.047732050e-01  8.1362220e-05  1.00000e+00  8.30667e-05  8.30667e-05
8.049341596e-01  8.1464775e-05  1.00000e+00  8.30815e-05  8.30815e-05
8.050951464e-01  8.1416151e-05  1.00000e+00  8.30964e-05  8.30964e-05
8.052561655e-01  8.1214606e-05  1.00000e+00  8.31104e-05  8.31104e-05
8.054172167e-01  8.0887653e-05  1.00000e+00  8.31227e-05  8.31227e-05
8.055783001e-01  8.0484441e-05  1.00000e+00  8.31327e-05  8.31327e-05
8.057394158e-01  8.0063229e-05  1.00000e+00  8.31400e-05  8.31400e-05
8.059005637e-01  7.9677871e-05  1.00000e+00  8.31447e-05  8.31447e-05
8.060617438e-01  7.9367488e-05  1.00000e+00  8.31473e-05  8.31473e-05
8.062229562e-01  7.9151308e-05  1.00000e+00  8.31482e-05  8.31482e-05
8.063842007e-01  7.9028373e-05  1.00000e+00  8.31480e-05  8.31480e-05
8.065454776e-01  7.8981647e-05  1.00000e+00  8.31474e-05  8.31474e-05
8.067067867e-01  7.8983260e-05  1.00000e+00  8.31466e-05  8.31466e-05
8.068681280e-01  7.9001198e-05  1.00000e+00  8.31459e-05  8.31459e-05
8.070295017e-01  7.9004995e-05  1.00000e+00  8.31453e-05  8.31453e-05
8.071909076e-01  7.8970762e-05  1.00000e+00  8.31447e-05  8.31447e-05
8.073523457e-01  7.8884907e-05  1.00000e+00  8.31437e-05  8.31437e-05
8.075138162e-01  7.8746015e-05  1.00000e+00  8.31420e-05  8.31420e-05
8.076753190e-01  7.8564797e-05  1.00000e+00  8.31394e-05  8.31394e-05
8.078368540e-01  7.8360852e-05  1.00000e+00  8.31355e-05  8.31355e-05
8.079984214e-01  7.8157817e-05  1.00000e+00  8.31304e-05  8.31304e-05
8.081600211e-01  7.7976922e-05  1.00000e+00  8.31242e-05  8.31242e-05
8.083216531e-01  7.7831978e-05  1.00000e+00  8.31170e-05  8.31170e-05
8.084833174e-01  7.7727546e-05  1.00000e+00  8.31091e-05  8.31091e-05
8.086450141e-01  7.7660168e-05  1.00000e+00  8.31007e-05  8.31007e-05
8.088067431e-01  7.7622601e-05  1.00000e+00  8.30920e-05  8.30920e-05
8.089685044e-01  7.7608407e-05  1.00000e+00  8.30832e-05  8.30832e-05
8.091302981e-01  7.7613196e-05  1.00000e+00  8.30745e-05  8.30745e-05
8.092921242e-01  7.7632196e-05  1.00000e+00  8.30659e-05  8.30659e-05
8.094539826e-01  7.7654977e-05  1.00000e+00  8.30576e-05  8.30576e-05
8.096158734e-01  7.7660437e-05  1.00000e+00  8.30493e-05  8.30493e-05
8.097777966e-01  7.7617170e-05  1.00000e+00  8.30411e-05  8.30411e-05
8.099397522e-01  7.7490517e-05  1.00000e+00  8.30324e-05  8.30324e-05
8.101017401e-01  7.7256863e-05  1.00000e+00  8.30226e-05  8.30226e-05
8.102637605e-01  7.6916982e-05  1.00000e+00  8.30112e-05  8.30112e-05
8.104258132e-01  7.6503157e-05  1.00000e+00  8.29974e-05  8.29974e-05
8.105878984e-01  7.6075902e-05  1.00000e+00  8.29812e-05  8.29812e-05
8.107500160e-01  7.5704375e-05  1.00000e+00  8.29625e-05  8.29625e-05
8.109121660e-01  7.5441718e-05  1.00000e+00  8.29419e-05  8.29419e-05
8.110743484e-01  7.5301434e-05  1.00000e+00  8.29202e-05  8.29202e-05
8.112365633e-01  7.5245570e-05  1.00000e+00  8.28981e-05  8.28981e-05
8.113988106e-01  7.5188157e-05  1.00000e+00  8.28759e-05  8.28759e-05
8.115610903e-01  7.5013914e-05  1.00000e+00  8.28531e-05  8.28531e-05
8.117234026e-01  7.4604491e-05  1.00000e+00  8.28288e-05  8.28288e-05
8.118857472e-01  7.3864808e-05  1.00000e+00  8.28011e-05  8.28011e-05
8.120481244e-01  7.2744058e-05  1.00000e+00  8.27678e-05  8.27678e-05
8.122105340e-01  7.1247343e-05  1.00000e+00  8.27267e-05  8.27267e-05
8.123729761e-01  6.9445562e-05  1.00000e+00  8.26756e-05  8.26756e-05
8.125354507e-01  6.7479200e-05  1.00000e+00  8.26130e-05  8.26130e-05
8.126979578e-01  6.5544853e-05  1.00000e+00  8.25386e-05  8.25386e-05
8.128604974e-01  6.3869530e-05  1.00000e+00  8.24535e-05  8.24535e-05
8.130230695e-01  6.2655967e-05  1.00000e+00  8.23597e-05  8.23597e-05
8.131856741e-01  6.2021126e-05  1.00000e+00  8.22608e-05  8.22608e-05
8.133483112e-01  6.1948164e-05  1.00000e+00  8.21603e-05  8.21603e-05
8.135109809e-01  6.2274384e-05  1.00000e+00  8.20614e-05  8.20614e-05
8.136736831e-01  6.2731230e-05  1.00000e+00  8.19656e-05  8.19656e-05
8.138364178e-01  6.3027898e-05  1.00000e+00  8.18728e-05  8.18728e-05
8.139991851e-01  6.2946006e-05  1.00000e+00  8.17814e-05  8.17814e-05
8.141619850e-01  6.2404281e-05  1.00000e+00  8.16886e-05  8.16886e-05
8.143248174e-01  6.1464651e-05  1.00000e+00  8.15918e-05  8.15918e-05
8.144876823e-01  6.0285822e-05  1.00000e+00  8.14890e-05  8.14890e-05
8.146505799e-01  5.9040823e-05  1.00000e+00  8.13792e-05  8.13792e-05
8.148135100e-01  5.7845908e-05  1.00000e+00  8.12625e-05  8.12625e-05
8.149764727e-01  5.6728370e-05  1.00000e+00  8.11394e-05  8.11394e-05
8.151394680e-01  5.5652501e-05  1.00000e+00  8.10103e-05  8.10103e-05
8.153024959e-01  5.4602768e-05  1.00000e+00  8.08754e-05  8.08754e-05
8.154655564e-01  5.3676566e-05  1.00000e+00  8.07351e-05  8.07351e-05
8.156286495e-01  5.3145077e-05  1.00000e+00  8.05910e-05  8.05910e-05
8.157917752e-01  5.3433362e-05  1.00000e+00  8.04467e-05  8.04467e-05
8.159549336e-01  5.4998301e-05  1.00000e+00  8.03087e-05  8.03087e-05
8.161181245e-01  5.8141647e-05  1.00000e+00  8.01859e-05  8.01859e-05
8.162813482e-01  6.2820292e-05  1.00000e+00  8.00881e-05  8.00881e-05
8.164446044e-01  6.8562495e-05  1.00000e+00  8.00233e-05  8.00233e-05
8.166078934e-01  7.4534960e-05  1.00000e+00  7.99954e-05  7.99954e-05
8.167712149e-01  7.9773995e-05  1.00000e+00  8.00029e-05  8.00029e-05
8.169345692e-01  8.3498200e-05  1.00000e+00  8.00383e-05  8.00383e-05
8.170979561e-01  8.5370943e-05  1.00000e+00  8.00909e-05  8.00909e-05
8.172613757e-01  8.5607889e-05  1.00000e+00  8.01495e-05  8.01495e-05
8.174248280e-01  8.4867393e-05  1.00000e+00  8.02058e-05  8.02058e-05
8.175883129e-01  8.3973655e-05  1.00000e+00  8.02564e-05  8.02564e-05
8.177518306e-01  8.3584297e-05  1.00000e+00  8.03024e-05  8.03024e-05
8.179153810e-01  8.3949751e-05  1.00000e+00  8.03481e-05  8.03481e-05
8.180789640e-01  8.4865519e-05  1.00000e+00  8.03976e-05  8.03976e-05
8.182425798e-01  8.5830869e-05  1.00000e+00  8.04529e-05  8.04529e-05
8.184062283e-01  8.6329557e-05  1.00000e+00  8.05126e-05  8.05126e-05
8.185699096e-01  8.6100048e-05  1.00000e+00  8.05729e-05  8.05729e-05
8.187336236e-01  8.5273796e-05  1.00000e+00  8.06295e-05  8.06295e-05
8.188973703e-01  8.4336775e-05  1.00000e+00  8.06799e-05  8.06799e-05
8.190611498e-01  8.3948753e-05  1.00000e+00  8.07257e-05  8.07257e-05
8.192249620e-01  8.4711683e-05  1.00000e+00  8.07720e-05  8.07720e-05
8.193888070e-01  8.6967125e-05  1.00000e+00  8.08271e-05  8.08271e-05
8.195526847e-01  9.0691720e-05  1.00000e+00  8.09004e-05  8.09004e-05
8.197165953e-01  9.5480340e-05  1.00000e+00  8.09997e-05  8.09997e-05
8.198805386e-01  1.0062266e-04  1.00000e+00  8.11293e-05  8.11293e-05
8.200445147e-01  1.0522993e-04  1.00000e+00  8.12886e-05  8.12886e-05
8.202085236e-01  1.0840984e-04  1.00000e+00  8.14714e-05  8.14714e-05
8.203725653e-01  1.0943916e-04  1.00000e+00  8.16665e-05  8.16665e-05
8.205366398e-01  1.0791010e-04  1.00000e+00  8.18591e-05  8.18591e-05
8.207007472e-01  1.0378213e-04  1.00000e+00  8.20333e-05  8.20333e-05
8.208648873e-01  9.7328458e-05  1.00000e+00  8.21738e-05  8.21738e-05
8.210290603e-01  8.8991413e-05  1.00000e+00  8.22678e-05  8.22678e-05
8.211932661e-01  7.9219048e-05  1.00000e+00  8.23056e-05  8.23056e-05
8.213575048e-01  6.8360082e-05  1.00000e+00  8.22797e-05  8.22797e-05
8.215217763e-01  5.6687183e-05  1.00000e+00  8.21847e-05  8.21847e-05
8.216860806e-01  4.4544515e-05  1.00000e+00  8.20170e-05  8.20170e-05
8.218504178e-01  3.2567748e-05  1.00000e+00  8.17758e-05  8.17758e-05
8.220147879e-01  2.1861016e-05  1.00000e+00  8.14656e-05  8.14656e-05
8.221791909e-01  1.3995887e-05  1.00000e+00  8.10993e-05  8.10993e-05
8.223436267e-01  1.0771956e-05  1.00000e+00  8.07001e-05  8.07001e-05
8.225080954e-01  1.3749734e-05  1.00000e+00  8.03015e-05  8.03015e-05
8.226725970e-01  2.3695955e-05  1.00000e+00  7.99446e-05  7.99446e-05
8.228371316e-01  4.0144615e-05  1.00000e+00  7.96710e-05  7.96710e-05
8.230016990e-01  6.1277219e-05  1.00000e+00  7.95153e-05  7.95153e-05
8.231662993e-01  8.4223824e-05  1.00000e+00  7.94973e-05  7.94973e-05
8.233309326e-01  1.0570909e-04  1.00000e+00  7.96173e-05  7.96173e-05
8.234955988e-01  1.2284678e-04  1.00000e+00  7.98565e-05  7.98565e-05
8.236602979e-01  1.3379718e-04  1.00000e+00  8.01812e-05  8.01812e-05
8.238250300e-01  1.3807066e-04  1.00000e+00  8.05508e-05  8.05508e-05
8.239897950e-01  1.3641763e-04  1.00000e+00  8.09260e-05  8.09260e-05
8.241545929e-01  1.3039105e-04  1.00000e+00  8.12746e-05  8.12746e-05
8.243194238e-01  1.2179329e-04  1.00000e+00  8.15757e-05  8.15757e-05
8.244842877e-01  1.1221935e-04  1.00000e+00  8.18186e-05  8.18186e-05
8.246491846e-01  1.0282377e-04  1.00000e+00  8.20016e-05  8.20016e-05
8.248141144e-01  9.4327855e-05  1.00000e+00  8.21283e-05  8.21283e-05
8.249790772e-01  8.7163905e-05  1.00000e+00  8.22062e-05  8.22062e-05
8.251440731e-01  8.1624141e-05  1.00000e+00  8.22445e-05  8.22445e-05
8.253091019e-01  7.7923625e-05  1.00000e+00  8.22541e-05  8.22541e-05
8.254741637e-01  7.6140693e-05  1.00000e+00  8.22468e-05  8.22468e-05
8.256392585e-01  7.6105055e-05  1.00000e+00  8.22341e-05  8.22341e-05
8.258043864e-01  7.7317751e-05  1.00000e+00  8.22254e-05  8.22254e-05
8.259695473e-01  7.8981213e-05  1.00000e+00  8.22260e-05  8.22260e-05
8.261347412e-01  8.0157051e-05  1.00000e+00  8.22358e-05  8.22358e-05
8.262999681e-01  8.0012608e-05  1.00000e+00  8.22491e-05  8.22491e-05
8.264652281e-01  7.8068679e-05  1.00000e+00  8.22561e-05  8.22561e-05
8.266305212e-01  7.4356647e-05  1.00000e+00  8.22458e-05  8.22458e-05
8.267958473e-01  6.9425333e-05  1.00000e+00  8.22088e-05  8.22088e-05
8.269612064e-01  6.4202904e-05  1.00000e+00  8.21405e-05  8.21405e-05
8.271265987e-01  5.9738686e-05  1.00000e+00  8.20424e-05  8.20424e-05
8.272920240e-01  5.6923014e-05  1.00000e+00  8.19222e-05  8.19222e-05
8.274574824e-01  5.6260630e-05  1.00000e+00  8.17919e-05  8.17919e-05
8.276229739e-01  5.7778575e-05  1.00000e+00  8.16650e-05  8.16650e-05
8.277884985e-01  6.1076276e-05  1.00000e+00  8.15538e-05  8.15538e-05
8.279540562e-01  6.5496920e-05  1.00000e+00  8.14671e-05  8.14671e-05
8.281196470e-01  7.0342576e-05  1.00000e+00  8.14095e-05  8.14095e-05
8.282852709e-01  7.5053500e-05  1.00000e+00  8.13817e-05  8.13817e-05
8.284509280e-01  7.9292284e-05  1.00000e+00  8.13816e-05  8.13816e-05
8.286166182e-01  8.2928936e-05  1.00000e+00  8.14055e-05  8.14055e-05
8.287823415e-01  8.5950930e-05  1.00000e+00  8.14497e-05  8.14497e-05
8.289480980e-01  8.8362737e-05  1.00000e+00  8.15102e-05  8.15102e-05
8.291138876e-01  9.0122938e-05  1.00000e+00  8.15831e-05  8.15831e-05
8.292797104e-01  9.1146874e-05  1.00000e+00  8.16642e-05  8.16642e-05
8.294455663e-01  9.1365786e-05  1.00000e+00  8.17487e-05  8.17487e-05
8.296114554e-01  9.0800130e-05  1.00000e+00  8.18317e-05  8.18317e-05
8.297773777e-01  8.9609702e-05  1.00000e+00  8.19087e-05  8.19087e-05
8.299433332e-01  8.8076655e-05  1.00000e+00  8.19768e-05  8.19768e-05
8.301093218e-01  8.6526827e-05  1.00000e+00  8.20350e-05  8.20350e-05
8.302753437e-01  8.5213979e-05  1.00000e+00  8.20840e-05  8.20840e-05
8.304413988e-01  8.4221245e-05  1.00000e+00  8.21257e-05  8.21257e-05
8.306074871e-01  8.3432465e-05  1.00000e+00  8.21618e-05  8.21618e-05
8.307736086e-01  8.2594526e-05  1.00000e+00  8.21929e-05  8.21929e-05
8.309397633e-01  8.1455986e-05  1.00000e+00  8.22180e-05  8.22180e-05
8.311059512e-01  7.9919535e-05  1.00000e+00  8.22347e-05  8.22347e-05
8.312721724e-01  7.8142007e-05  1.00000e+00  8.22412e-05  8.22412e-05
8.314384269e-01  7.6521861e-05  1.00000e+00  8.22370e-05  8.22370e-05
8.316047145e-01  7.5577169e-05  1.00000e+00  8.22247e-05  8.22247e-05
8.317710355e-01  7.5748458e-05  1.00000e+00  8.22100e-05  8.22100e-05
8.319373897e-01  7.7211246e-05  1.00000e+00  8.22003e-05  8.22003e-05
8.321037772e-01  7.9780318e-05  1.00000e+00  8.22030e-05  8.22030e-05
8.322701979e-01  8.2940938e-05  1.00000e+00  8.22235e-05  8.22235e-05
8.324366520e-01  8.6009972e-05  1.00000e+00  8.22631e-05  8.22631e-05
8.326031393e-01  8.8355747e-05  1.00000e+00  8.23194e-05  8.23194e-05
8.327696599e-01  8.9591661e-05  1.00000e+00  8.23863e-05  8.23863e-05
8.329362139e-01  8.9675828e-05  1.00000e+00  8.24569e-05  8.24569e-05
8.331028011e-01  8.8884689e-05  1.00000e+00  8.25247e-05  8.25247e-05
8.332694217e-01  8.7685071e-05  1.00000e+00  8.25859e-05  8.25859e-05
8.334360755e-01  8.6556021e-05  1.00000e+00  8.26394e-05  8.26394e-05
8.336027628e-01  8.5838262e-05  1.00000e+00  8.26869e-05  8.26869e-05
8.337694833e-01  8.5649724e-05  1.00000e+00  8.27313e-05  8.27313e-05
8.339362372e-01  8.5886225e-05  1.00000e+00  8.27757e-05  8.27757e-05
8.341030245e-01  8.6289718e-05  1.00000e+00  8.28220e-05  8.28220e-05
8.342698451e-01  8.6556311e-05  1.00000e+00  8.28701e-05  8.28701e-05
8.344366990e-01  8.6441146e-05  1.00000e+00  8.29186e-05  8.29186e-05
8.346035864e-01  8.5828730e-05  1.00000e+00  8.29646e-05  8.29646e-05
8.347705071e-01  8.4758831e-05  1.00000e+00  8.30052e-05  8.30052e-05
8.349374612e-01  8.3400526e-05  1.00000e+00  8.30381e-05  8.30381e-05
8.351044487e-01  8.1993664e-05  1.00000e+00  8.30623e-05  8.30623e-05
8.352714696e-01  8.0776505e-05  1.00000e+00  8.30783e-05  8.30783e-05
8.354385239e-01  7.9925623e-05  1.00000e+00  8.30879e-05  8.30879e-05
8.356056116e-01  7.9518743e-05  1.00000e+00  8.30936e-05  8.30936e-05
8.357727327e-01  7.9530492e-05  1.00000e+00  8.30980e-05  8.30980e-05
8.359398872e-01  7.9852338e-05  1.00000e+00  8.31035e-05  8.31035e-05
8.361070752e-01  8.0331636e-05  1.00000e+00  8.31115e-05  8.31115e-05
8.362742966e-01  8.0812795e-05  1.00000e+00  8.31225e-05  8.31225e-05
8.364415515e-01  8.1175410e-05  1.00000e+00  8.31360e-05  8.31360e-05
8.366088398e-01  8.1355907e-05  1.00000e+00  8.31511e-05  8.31511e-05
8.367761616e-01  8.1352984e-05  1.00000e+00  8.31666e-05  8.31666e-05
8.369435168e-01  8.1216296e-05  1.00000e+00  8.31817e-05  8.31817e-05
8.371109055e-01  8.1022697e-05  1.00000e+00  8.31956e-05  8.31956e-05
8.372783277e-01  8.0849015e-05  1.00000e+00  8.32083e-05  8.32083e-05
8.374457833e-01  8.0747883e-05  1.00000e+00  8.32200e-05  8.32200e-05
8.376132725e-01  8.0735402e-05  1.00000e+00  8.32314e-05  8.32314e-05
8.377807952e-01  8.0794187e-05  1.00000e+00  8.32429e-05  8.32429e-05
8.379483513e-01  8.0885668e-05  1.00000e+00  8.32547e-05  8.32547e-05
8.381159410e-01  8.0969839e-05  1.00000e+00  8.32671e-05  8.32671e-05
8.382835642e-01  8.1018532e-05  1.00000e+00  8.32798e-05  8.32798e-05
8.384512209e-01  8.1020147e-05  1.00000e+00  8.32926e-05  8.32926e-05
8.386189111e-01  8.0974933e-05  1.00000e+00  8.33053e-05  8.33053e-05
8.387866349e-01  8.0886316e-05  1.00000e+00  8.33174e-05  8.33174e-05
8.389543922e-01  8.0754037e-05  1.00000e+00  8.33288e-05  8.33288e-05
8.391221831e-01  8.0573714e-05  1.00000e+00  8.33393e-05  8.33393e-05
8.392900076e-01  8.0341048e-05  1.00000e+00  8.33484e-05  8.33484e-05
8.394578656e-01  8.0056964e-05  1.00000e+00  8.33559e-05  8.33559e-05
8.396257571e-01  7.9732162e-05  1.00000e+00  8.33615e-05  8.33615e-05
8.397936823e-01  7.9387246e-05  1.00000e+00  8.33651e-05  8.33651e-05
8.399616410e-01  7.9051674e-05  1.00000e+00  8.33666e-05  8.33666e-05
8.401296333e-01  7.8761060e-05  1.00000e+00  8.33662e-05  8.33662e-05
8.402976593e-01  7.8551821e-05  1.00000e+00  8.33643e-05  8.33643e-05
8.404657188e-01  7.8455485e-05  1.00000e+00  8.33614e-05  8.33614e-05
8.406338119e-01  7.8491577e-05  1.00000e+00  8.33584e-05  8.33584e-05
8.408019387e-01  7.8660879e-05  1.00000e+00  8.33560e-05  8.33560e-05
8.409700991e-01  7.8943726e-05  1.00000e+00  8.33551e-05  8.33551e-05
8.411382931e-01  7.9302841e-05  1.00000e+00  8.33561e-05  8.33561e-05
8.413065208e-01  7.9690890e-05  1.00000e+00  8.33593e-05  8.33593e-05
8.414747821e-01  8.0058479e-05  1.00000e+00  8.33649e-05  8.33649e-05
8.416430770e-01  8.0360870e-05  1.00000e+00  8.33725e-05  8.33725e-05
8.418114057e-01  8.0561598e-05  1.00000e+00  8.33817e-05  8.33817e-05
8.419797679e-01  8.0634907e-05  1.00000e+00  8.33916e-05  8.33916e-05
8.421481639e-01  8.0568646e-05  1.00000e+00  8.34015e-05  8.34015e-05
8.423165935e-01  8.0368320e-05  1.00000e+00  8.34105e-05  8.34105e-05
8.424850568e-01  8.0060416e-05  1.00000e+00  8.34180e-05  8.34180e-05
8.426535538e-01  7.9691836e-05  1.00000e+00  8.34233e-05  8.34233e-05
8.428220846e-01  7.9323401e-05  1.00000e+00  8.34264e-05  8.34264e-05
8.429906490e-01  7.9018014e-05  1.00000e+00  8.34274e-05  8.34274e-05
8.431592471e-01  7.8826554e-05  1.00000e+00  8.34269e-05  8.34269e-05
8.433278790e-01  7.8776711e-05  1.00000e+00  8.34257e-05  8.34257e-05
8.434965445e-01  7.8867630e-05  1.00000e+00  8.34246e-05  8.34246e-05
8.436652438e-01  7.9072497e-05  1.00000e+00  8.34244e-05  8.34244e-05
8.438339769e-01  7.9346685e-05  1.00000e+00  8.34257e-05  8.34257e-05
8.440027437e-01  7.9639113e-05  1.00000e+00  8.34287e-05  8.34287e-05
8.441715442e-01  7.9902666e-05  1.00000e+00  8.34335e-05  8.34335e-05
8.443403785e-01  8.0101817e-05  1.00000e+00  8.34396e-05  8.34396e-05
8.445092466e-01  8.0216209e-05  1.00000e+00  8.34466e-05  8.34466e-05
8.446781485e-01  8.0240465e-05  1.00000e+00  8.34541e-05  8.34541e-05
8.448470841e-01  8.0182437e-05  1.00000e+00  8.34614e-05  8.34614e-05
8.450160535e-01  8.0059820e-05  1.00000e+00  8.34681e-05  8.34681e-05
8.451850567e-01  7.9897251e-05  1.00000e+00  8.34739e-05  8.34739e-05
8.453540937e-01  7.9722840e-05  1.00000e+00  8.34787e-05  8.34787e-05
8.455231646e-01  7.9564195e-05  1.00000e+00  8.34824e-05  8.34824e-05
8.456922692e-01  7.9443537e-05  1.00000e+00  8.34853e-05  8.34853e-05
8.458614076e-01  7.9372927e-05  1.00000e+00  8.34876e-05  8.34876e-05
8.460305799e-01  7.9350840e-05  1.00000e+00  8.34896e-05  8.34896e-05
8.461997860e-01  7.9362084e-05  1.00000e+00  8.34916e-05  8.34916e-05
8.463690260e-01  7.9381539e-05  1.00000e+00  8.34937e-05  8.34937e-05
8.465382998e-01  7.9381326e-05  1.00000e+00  8.34958e-05  8.34958e-05
8.467076075e-01  7.9339284e-05  1.00000e+00  8.34979e-05  8.34979e-05
8.468769490e-01  7.9245738e-05  1.00000e+00  8.34995e-05  8.34995e-05
8.470463244e-01  7.9106609e-05  1.00000e+00  8.35004e-05  8.35004e-05
8.472157336e-01  7.8941452e-05  1.00000e+00  8.35005e-05  8.35005e-05
8.473851768e-01  7.8777737e-05  1.00000e+00  8.34995e-05  8.34995e-05
8.475546538e-01  7.8643104e-05  1.00000e+00  8.34976e-05  8.34976e-05
8.477241648e-01  7.8557873e-05  1.00000e+00  8.34951e-05  8.34951e-05
8.478937096e-01  7.8530576e-05  1.00000e+00  8.34923e-05  8.34923e-05
8.480632883e-01  7.8557052e-05  1.00000e+00  8.34895e-05  8.34895e-05
8.482329010e-01  7.8623437e-05  1.00000e+00  8.34870e-05  8.34870e-05
8.484025476e-01  7.8710904e-05  1.00000e+00  8.34850e-05  8.34850e-05
8.485722281e-01  7.8801100e-05  1.00000e+00  8.34836e-05  8.34836e-05
8.487419425e-01  7.8879763e-05  1.00000e+00  8.34827e-05  8.34827e-05
8.489116909e-01  7.8938078e-05  1.00000e+00  8.34822e-05  8.34822e-05
8.490814732e-01  7.8971593e-05  1.00000e+00  8.34820e-05  8.34820e-05
8.492512895e-01  7.8978266e-05  1.00000e+00  8.34820e-05  8.34820e-05
8.494211398e-01  7.8956677e-05  1.00000e+00  8.34819e-05  8.34819e-05
8.495910240e-01  7.8905477e-05  1.00000e+00  8.34817e-05  8.34817e-05
8.497609422e-01  7.8824032e-05  1.00000e+00  8.34810e-05  8.34810e-05
8.499308944e-01  7.8714154e-05  1.00000e+00  8.34798e-05  8.34798e-05
8.501008806e-01  7.8581726e-05  1.00000e+00  8.34779e-05  8.34779e-05
8.502709008e-01  7.8438054e-05  1.00000e+00  8.34752e-05  8.34752e-05
8.504409550e-01  7.8299996e-05  1.00000e+00  8.34716e-05  8.34716e-05
8.506110431e-01  7.8188618e-05  1.00000e+00  8.34673e-05  8.34673e-05
8.507811654e-01  7.8126085e-05  1.00000e+00  8.34625e-05  8.34625e-05
8.509513216e-01  7.8131219e-05  1.00000e+00  8.34576e-05  8.34576e-05
8.511215119e-01  7.8214575e-05  1.00000e+00  8.34529e-05  8.34529e-05
8.512917362e-01  7.8374451e-05  1.00000e+00  8.34491e-05  8.34491e-05
8.514619945e-01  7.8595571e-05  1.00000e+00  8.34464e-05  8.34464e-05
8.516322869e-01  7.8851123e-05  1.00000e+00  8.34452e-05  8.34452e-05
8.518026134e-01  7.9107815e-05  1.00000e+00  8.34455e-05  8.34455e-05
8.519729739e-01  7.9332525e-05  1.00000e+00  8.34473e-05  8.34473e-05
8.521433685e-01  7.9498465e-05  1.00000e+00  8.34503e-05  8.34503e-05
8.523137971e-01  7.9589598e-05  1.00000e+00  8.34540e-05  8.34540e-05
8.524842599e-01  7.9602289e-05  1.00000e+00  8.34581e-05  8.34581e-05
8.526547568e-01  7.9544787e-05  1.00000e+00  8.34620e-05  8.34620e-05
8.528252877e-01  7.9434886e-05  1.00000e+00  8.34653e-05  8.34653e-05
8.529958528e-01  7.9296783e-05  1.00000e+00  8.34679e-05  8.34679e-05
8.531664519e-01  7.9157391e-05  1.00000e+00  8.34697e-05  8.34697e-05
8.533370852e-01  7.9042211e-05  1.00000e+00  8.34707e-05  8.34707e-05
8.535077526e-01  7.8971323e-05  1.00000e+00  8.34710e-05  8.34710e-05
8.536784542e-01  7.8955934e-05  1.00000e+00  8.34712e-05  8.34712e-05
8.538491899e-01  7.8996235e-05  1.00000e+00  8.34714e-05  8.34714e-05
8.540199597e-01  7.9081557e-05  1.00000e+00  8.34720e-05  8.34720e-05
8.541907637e-01  7.9192977e-05  1.00000e+00  8.34732e-05  8.34732e-05
8.543616019e-01  7.9308250e-05  1.00000e+00  8.34751e-05  8.34751e-05
8.545324742e-01  7.9407601e-05  1.00000e+00  8.34776e-05  8.34776e-05
8.547033807e-01  7.9478633e-05  1.00000e+00  8.34806e-05  8.34806e-05
8.548743214e-01  7.9518784e-05  1.00000e+00  8.34840e-05  8.34840e-05
8.550452962e-01  7.9534250e-05  1.00000e+00  8.34875e-05  8.34875e-05
8.552163053e-01  7.9536119e-05  1.00000e+00  8.34910e-05  8.34910e-05
8.553873485e-01  7.9534803e-05  1.00000e+00  8.34946e-05  8.34946e-05
8.555584260e-01  7.9535784e-05  1.00000e+00  8.34981e-05  8.34981e-05
8.557295377e-01  7.9537702e-05  1.00000e+00  8.35016e-05  8.35016e-05
8.559006836e-01  7.9533855e-05  1.00000e+00  8.35051e-05  8.35051e-05
8.560718637e-01  7.9516073e-05  1.00000e+00  8.35085e-05  8.35085e-05
8.562430781e-01  7.9479458e-05  1.00000e+00  8.35118e-05  8.35118e-05
8.564143267e-01  7.9425693e-05  1.00000e+00  8.35147e-05  8.35147e-05
8.565856096e-01  7.9363706e-05  1.00000e+00  8.35174e-05  8.35174e-05
8.567569267e-01  7.9307268e-05  1.00000e+00  8.35196e-05  8.35196e-05
8.569282781e-01  7.9270552e-05  1.00000e+00  8.35216e-05  8.35216e-05
8.570996638e-01  7.9263253e-05  1.00000e+00  8.35234e-05  8.35234e-05
8.572710837e-01  7.9287112e-05  1.00000e+00  8.35253e-05  8.35253e-05
8.574425379e-01  7.9335182e-05  1.00000e+00  8.35274e-05  8.35274e-05
8.576140264e-01  7.9393935e-05  1.00000e+00  8.35298e-05  8.35298e-05
8.577855492e-01  7.9447500e-05  1.00000e+00  8.35325e-05  8.35325e-05
8.579571063e-01  7.9482556e-05  1.00000e+00  8.35355e-05  8.35355e-05
8.581286978e-01  7.9492157e-05  1.00000e+00  8.35387e-05  8.35387e-05
8.583003235e-01  7.9477276e-05  1.00000e+00  8.35418e-05  8.35418e-05
8.584719836e-01  7.9445930e-05  1.00000e+00  8.35448e-05  8.35448e-05
8.586436780e-01  7.9410128e-05  1.00000e+00  8.35475e-05  8.35475e-05
8.588154067e-01  7.9381766e-05  1.00000e+00  8.35501e-05  8.35501e-05
8.589871698e-01  7.9368970e-05  1.00000e+00  8.35525e-05  8.35525e-05
8.591589672e-01  7.9373803e-05  1.00000e+00  8.35549e-05  8.35549e-05
8.593307990e-01  7.9392188e-05  1.00000e+00  8.35573e-05  8.35573e-05
8.595026652e-01  7.9415733e-05  1.00000e+00  8.35599e-05  8.35599e-05
8.596745657e-01  7.9434921e-05  1.00000e+00  8.35626e-05  8.35626e-05
8.598465006e-01  7.9442318e-05  1.00000e+00  8.35654e-05  8.35654e-05
8.600184699e-01  7.9434769e-05  1.00000e+00  8.35682e-05  8.35682e-05
8.601904736e-01  7.9413918e-05  1.00000e+00  8.35708e-05  8.35708e-05
8.603625117e-01  7.9384978e-05  1.00000e+00  8.35734e-05  8.35734e-05
8.605345842e-01  7.9354521e-05  1.00000e+00  8.35757e-05  8.35757e-05
8.607066911e-01  7.9328108e-05  1.00000e+00  8.35779e-05  8.35779e-05
8.608788325e-01  7.9308687e-05  1.00000e+00  8.35799e-05  8.35799e-05
8.610510082e-01  7.9296210e-05  1.00000e+00  8.35818e-05  8.35818e-05
8.612232184e-01  7.9288434e-05  1.00000e+00  8.35837e-05  8.35837e-05
8.613954631e-01  7.9282505e-05  1.00000e+00  8.35855e-05  8.35855e-05
8.615677422e-01  7.9276502e-05  1.00000e+00  8.35873e-05  8.35873e-05
8.617400557e-01  7.9270445e-05  1.00000e+00  8.35891e-05  8.35891e-05
8.619124037e-01  7.9266334e-05  1.00000e+00  8.35908e-05  8.35908e-05
8.620847862e-01  7.9267312e-05  1.00000e+00  8.35925e-05  8.35925e-05
8.622572032e-01  7.9276295e-05  1.00000e+00  8.35942e-05  8.35942e-05
8.624296546e-01  7.9294698e-05  1.00000e+00  8.35960e-05  8.35960e-05
8.626021405e-01  7.9321692e-05  1.00000e+00  8.35980e-05  8.35980e-05
8.627746610e-01  7.9354242e-05  1.00000e+00  8.36001e-05  8.36001e-05
8.629472159e-01  7.9387851e-05  1.00000e+00  8.36025e-05  8.36025e-05
8.631198053e-01  7.9417713e-05  1.00000e+00  8.36050e-05  8.36050e-05
8.632924293e-01  7.9439783e-05  1.00000e+00  8.36076e-05  8.36076e-05
8.634650878e-01  7.9451545e-05  1.00000e+00  8.36104e-05  8.36104e-05
8.636377808e-01  7.9452220e-05  1.00000e+00  8.36132e-05  8.36132e-05
8.638105084e-01  7.9442540e-05  1.00000e+00  8.36160e-05  8.36160e-05
8.639832705e-01  7.9424260e-05  1.00000e+00  8.36186e-05  8.36186e-05
8.641560671e-01  7.9399644e-05  1.00000e+00  8.36212e-05  8.36212e-05
8.643288983e-01  7.9371076e-05  1.00000e+00  8.36236e-05  8.36236e-05
8.645017641e-01  7.9340860e-05  1.00000e+00  8.36258e-05  8.36258e-05
8.646746645e-01  7.9311139e-05  1.00000e+00  8.36278e-05  8.36278e-05
8.648475994e-01  7.9283859e-05  1.00000e+00  8.36296e-05  8.36296e-05
8.650205689e-01  7.9260742e-05  1.00000e+00  8.36313e-05  8.36313e-05
8.651935730e-01  7.9243159e-05  1.00000e+00  8.36329e-05  8.36329e-05
8.653666117e-01  7.9232016e-05  1.00000e+00  8.36344e-05  8.36344e-05
8.655396851e-01  7.9227608e-05  1.00000e+00  8.36359e-05  8.36359e-05
8.657127930e-01  7.9229543e-05  1.00000e+00  8.36373e-05  8.36373e-05
8.658859356e-01  7.9236781e-05  1.00000e+00  8.36388e-05  8.36388e-05
8.660591127e-01  7.9247781e-05  1.00000e+00  8.36404e-05  8.36404e-05
8.662323246e-01  7.9260751e-05  1.00000e+00  8.36420e-05  8.36420e-05
8.664055710e-01  7.9273945e-05  1.00000e+00  8.36437e-05  8.36437e-05
8.665788521e-01  7.9285884e-05  1.00000e+00  8.36454e-05  8.36454e-05
8.667521679e-01  7.9295464e-05  1.00000e+00  8.36473e-05  8.36473e-05
8.669255183e-01  7.9301894e-05  1.00000e+00  8.36491e-05  8.36491e-05
8.670989034e-01  7.9304543e-05  1.00000e+00  8.36510e-05  8.36510e-05
8.672723232e-01  7.9302801e-05  1.00000e+00  8.36529e-05  8.36529e-05
8.674457777e-01  7.9296039e-05  1.00000e+00  8.36548e-05  8.36548e-05
8.676192668e-01  7.9283796e-05  1.00000e+00  8.36566e-05  8.36566e-05
8.677927907e-01  7.9266137e-05  1.00000e+00  8.36584e-05  8.36584e-05
8.679663493e-01  7.9244072e-05  1.00000e+00  8.36600e-05  8.36600e-05
8.681399425e-01  7.9219819e-05  1.00000e+00  8.36615e-05  8.36615e-05
8.683135705e-01  7.9196747e-05  1.00000e+00  8.36628e-05  8.36628e-05
8.684872332e-01  7.9178777e-05  1.00000e+00  8.36640e-05  8.36640e-05
8.686609307e-01  7.9169415e-05  1.00000e+00  8.36652e-05  8.36652e-05
8.688346629e-01  7.9170610e-05  1.00000e+00  8.36663e-05  8.36663e-05
8.690084298e-01  7.9181891e-05  1.00000e+00  8.36675e-05  8.36675e-05
8.691822315e-01  7.9200141e-05  1.00000e+00  8.36687e-05  8.36687e-05
8.693560679e-01  7.9220206e-05  1.00000e+00  8.36701e-05  8.36701e-05
8.695299391e-01  7.9236193e-05  1.00000e+00  8.36716e-05  8.36716e-05
8.697038451e-01  7.9243040e-05  1.00000e+00  8.36731e-05  8.36731e-05
8.698777859e-01  7.9237869e-05  1.00000e+00  8.36747e-05  8.36747e-05
8.700517615e-01  7.9220713e-05  1.00000e+00  8.36762e-05  8.36762e-05
8.702257718e-01  7.9194464e-05  1.00000e+00  8.36776e-05  8.36776e-05
8.703998170e-01  7.9164197e-05  1.00000e+00  8.36788e-05  8.36788e-05
8.705738969e-01  7.9136041e-05  1.00000e+00  8.36798e-05  8.36798e-05
8.707480117e-01  7.9115916e-05  1.00000e+00  8.36807e-05  8.36807e-05
8.709221613e-01  7.9108320e-05  1.00000e+00  8.36815e-05  8.36815e-05
8.710963457e-01  7.9115331e-05  1.00000e+00  8.36823e-05  8.36823e-05
8.712705650e-01  7.9136050e-05  1.00000e+00  8.36832e-05  8.36832e-05
8.714448191e-01  7.9166662e-05  1.00000e+00  8.36843e-05  8.36843e-05
8.716191081e-01  7.9201197e-05  1.00000e+00  8.36855e-05  8.36855e-05
8.717934319e-01  7.9232910e-05  1.00000e+00  8.36870e-05  8.36870e-05
8.719677906e-01  7.9255901e-05  1.00000e+00  8.36886e-05  8.36886e-05
8.721421842e-01  7.9266484e-05  1.00000e+00  8.36903e-05  8.36903e-05
8.723166126e-01  7.9263876e-05  1.00000e+00  8.36921e-05  8.36921e-05
8.724910759e-01  7.9250032e-05  1.00000e+00  8.36938e-05  8.36938e-05
8.726655741e-01  7.9228755e-05  1.00000e+00  8.36954e-05  8.36954e-05
8.728401072e-01  7.9204462e-05  1.00000e+00  8.36969e-05  8.36969e-05
8.730146753e-01  7.9181046e-05  1.00000e+00  8.36982e-05  8.36982e-05
8.731892782e-01  7.9161110e-05  1.00000e+00  8.36994e-05  8.36994e-05
8.733639161e-01  7.9145745e-05  1.00000e+00  8.37005e-05  8.37005e-05
8.735385888e-01  7.9134724e-05  1.00000e+00  8.37015e-05  8.37015e-05
8.737132966e-01  7.9126965e-05  1.00000e+00  8.37025e-05  8.37025e-05
8.738880392e-01  7.9121061e-05  1.00000e+00  8.37034e-05  8.37034e-05
8.740628168e-01  7.9115710e-05  1.00000e+00  8.37043e-05  8.37043e-05
8.742376294e-01  7.9109969e-05  1.00000e+00  8.37052e-05  8.37052e-05
8.744124769e-01  7.9103325e-05  1.00000e+00  8.37061e-05  8.37061e-05
8.745873594e-01  7.9095627e-05  1.00000e+00  8.37069e-05  8.37069e-05
8.747622769e-01  7.9086979e-05  1.00000e+00  8.37076e-05  8.37076e-05
8.749372293e-01  7.9077715e-05  1.00000e+00  8.37084e-05  8.37084e-05
8.751122168e-01  7.9068381e-05  1.00000e+00  8.37090e-05  8.37090e-05
8.752872392e-01  7.9059752e-05  1.00000e+00  8.37097e-05  8.37097e-05
8.754622967e-01  7.9052796e-05  1.00000e+00  8.37103e-05  8.37103e-05
8.756373891e-01  7.9048416e-05  1.00000e+00  8.37108e-05  8.37108e-05
8.758125166e-01  7.9047133e-05  1.00000e+00  8.37114e-05  8.37114e-05
8.759876791e-01  7.9048732e-05  1.00000e+00  8.37119e-05  8.37119e-05
8.761628766e-01  7.9052081e-05  1.00000e+00  8.37125e-05  8.37125e-05
8.763381092e-01  7.9055197e-05  1.00000e+00  8.37131e-05  8.37131e-05
8.765133768e-01  7.9055632e-05  1.00000e+00  8.37137e-05  8.37137e-05
8.766886795e-01  7.9051047e-05  1.00000e+00  8.37144e-05  8.37144e-05
8.768640173e-01  7.9039894e-05  1.00000e+00  8.37150e-05  8.37150e-05
8.770393901e-01  7.9021950e-05  1.00000e+00  8.37155e-05  8.37155e-05
8.772147979e-01  7.8998705e-05  1.00000e+00  8.37158e-05  8.37158e-05
8.773902409e-01  7.8973286e-05  1.00000e+00  8.37161e-05  8.37161e-05
8.775657189e-01  7.8949967e-05  1.00000e+00  8.37162e-05  8.37162e-05
8.777412321e-01  7.8933181e-05  1.00000e+00  8.37162e-05  8.37162e-05
8.779167803e-01  7.8926233e-05  1.00000e+00  8.37162e-05  8.37162e-05
8.780923637e-01  7.8930116e-05  1.00000e+00  8.37161e-05  8.37161e-05
8.782679822e-01  7.8942750e-05  1.00000e+00  8.37161e-05  8.37161e-05
8.784436358e-01  7.8959127e-05  1.00000e+00  8.37162e-05  8.37162e-05
8.786193245e-01  7.8972357e-05  1.00000e+00  8.37164e-05  8.37164e-05
8.787950484e-01  7.8975449e-05  1.00000e+00  8.37167e-05  8.37167e-05
8.789708074e-01  7.8963264e-05  1.00000e+00  8.37169e-05  8.37169e-05
8.791466015e-01  7.8934053e-05  1.00000e+00  8.37170e-05  8.37170e-05
8.793224308e-01  7.8890112e-05  1.00000e+00  8.37170e-05  8.37170e-05
8.794982953e-01  7.8837220e-05  1.00000e+00  8.37166e-05  8.37166e-05
8.796741950e-01  7.8782970e-05  1.00000e+00  8.37160e-05  8.37160e-05
8.798501298e-01  7.8734412e-05  1.00000e+00  8.37150e-05  8.37150e-05
8.800260999e-01  7.8695833e-05  1.00000e+00  8.37138e-05  8.37138e-05
8.802021051e-01  7.8667304e-05  1.00000e+00  8.37125e-05  8.37125e-05
8.803781455e-01  7.8644836e-05  1.00000e+00  8.37110e-05  8.37110e-05
8.805542211e-01  7.8622002e-05  1.00000e+00  8.37094e-05  8.37094e-05
8.807303320e-01  7.8592624e-05  1.00000e+00  8.37076e-05  8.37076e-05
8.809064780e-01  7.8553495e-05  1.00000e+00  8.37057e-05  8.37057e-05
8.810826593e-01  7.8506129e-05  1.00000e+00  8.37035e-05  8.37035e-05
8.812588759e-01  7.8456805e-05  1.00000e+00  8.37011e-05  8.37011e-05
8.814351276e-01  7.8414834e-05  1.00000e+00  8.36985e-05  8.36985e-05
8.816114147e-01  7.8389544e-05  1.00000e+00  8.36956e-05  8.36956e-05
8.817877369e-01  7.8387098e-05  1.00000e+00  8.36927e-05  8.36927e-05
8.819640945e-01  7.8408307e-05  1.00000e+00  8.36899e-05  8.36899e-05
8.821404873e-01  7.8448483e-05  1.00000e+00  8.36873e-05  8.36873e-05
8.823169154e-01  7.8499444e-05  1.00000e+00  8.36849e-05  8.36849e-05
8.824933788e-01  7.8553097e-05  1.00000e+00  8.36830e-05  8.36830e-05
8.826698775e-01  7.8605314e-05  1.00000e+00  8.36813e-05  8.36813e-05
8.828464114e-01  7.8657611e-05  1.00000e+00  8.36800e-05  8.36800e-05
8.830229807e-01  7.8716249e-05  1.00000e+00  8.36790e-05  8.36790e-05
8.831995853e-01  7.8788458e-05  1.00000e+00  8.36784e-05  8.36784e-05
8.833762252e-01  7.8877379e-05  1.00000e+00  8.36783e-05  8.36783e-05
8.835529005e-01  7.8978069e-05  1.00000e+00  8.36787e-05  8.36787e-05
8.837296111e-01  7.9076229e-05  1.00000e+00  8.36798e-05  8.36798e-05
8.839063570e-01  7.9150532e-05  1.00000e+00  8.36813e-05  8.36813e-05
8.840831383e-01  7.9177800e-05  1.00000e+00  8.36832e-05  8.36832e-05
8.842599549e-01  7.9139262e-05  1.00000e+00  8.36851e-05  8.36851e-05
8.844368069e-01  7.9026242e-05  1.00000e+00  8.36865e-05  8.36865e-05
8.846136942e-01  7.8843667e-05  1.00000e+00  8.36870e-05  8.36870e-05
8.847906170e-01  7.8611149e-05  1.00000e+00  8.36864e-05  8.36864e-05
8.849675751e-01  7.8360380e-05  1.00000e+00  8.36843e-05  8.36843e-05
8.851445686e-01  7.8130001e-05  1.00000e+00  8.36808e-05  8.36808e-05
8.853215975e-01  7.7957792e-05  1.00000e+00  8.36761e-05  8.36761e-05
8.854986619e-01  7.7871982e-05  1.00000e+00  8.36707e-05  8.36707e-05
8.856757616e-01  7.7883960e-05  1.00000e+00  8.36652e-05  8.36652e-05
8.858528967e-01  7.7984738e-05  1.00000e+00  8.36600e-05  8.36600e-05
8.860300673e-01  7.8146871e-05  1.00000e+00  8.36556e-05  8.36556e-05
8.862072733e-01  7.8331515e-05  1.00000e+00  8.36523e-05  8.36523e-05
8.863845148e-01  7.8498524e-05  1.00000e+00  8.36501e-05  8.36501e-05
8.865617917e-01  7.8616656e-05  1.00000e+00  8.36487e-05  8.36487e-05
8.867391040e-01  7.8670886e-05  1.00000e+00  8.36479e-05  8.36479e-05
8.869164519e-01  7.8665783e-05  1.00000e+00  8.36472e-05  8.36472e-05
8.870938352e-01  7.8624144e-05  1.00000e+00  8.36464e-05  8.36464e-05
8.872712539e-01  7.8581753e-05  1.00000e+00  8.36453e-05  8.36453e-05
8.874487082e-01  7.8578319e-05  1.00000e+00  8.36441e-05  8.36441e-05
8.876261979e-01  7.8646248e-05  1.00000e+00  8.36431e-05  8.36431e-05
8.878037232e-01  7.8799068e-05  1.00000e+00  8.36427e-05  8.36427e-05
8.879812839e-01  7.9023834e-05  1.00000e+00  8.36434e-05  8.36434e-05
8.881588802e-01  7.9280878e-05  1.00000e+00  8.36456e-05  8.36456e-05
8.883365119e-01  7.9512938e-05  1.00000e+00  8.36493e-05  8.36493e-05
8.885141792e-01  7.9661907e-05  1.00000e+00  8.36540e-05  8.36540e-05
8.886918821e-01  7.9687500e-05  1.00000e+00  8.36593e-05  8.36593e-05
8.888696204e-01  7.9581084e-05  1.00000e+00  8.36643e-05  8.36643e-05
8.890473944e-01  7.9369164e-05  1.00000e+00  8.36684e-05  8.36684e-05
8.892252038e-01  7.9105080e-05  1.00000e+00  8.36710e-05  8.36710e-05
8.894030489e-01  7.8851892e-05  1.00000e+00  8.36721e-05  8.36721e-05
8.895809295e-01  7.8662406e-05  1.00000e+00  8.36719e-05  8.36719e-05
8.897588457e-01  7.8563810e-05  1.00000e+00  8.36708e-05  8.36708e-05
8.899367975e-01  7.8551017e-05  1.00000e+00  8.36694e-05  8.36694e-05
8.901147848e-01  7.8589771e-05  1.00000e+00  8.36682e-05  8.36682e-05
8.902928078e-01  7.8629672e-05  1.00000e+00  8.36672e-05  8.36672e-05
8.904708663e-01  7.8619238e-05  1.00000e+00  8.36663e-05  8.36663e-05
8.906489605e-01  7.8520005e-05  1.00000e+00  8.36652e-05  8.36652e-05
8.908270903e-01  7.8314693e-05  1.00000e+00  8.36632e-05  8.36632e-05
8.910052557e-01  7.8006331e-05  1.00000e+00  8.36597e-05  8.36597e-05
8.911834568e-01  7.7610200e-05  1.00000e+00  8.36541e-05  8.36541e-05
8.913616935e-01  7.7141856e-05  1.00000e+00  8.36461e-05  8.36461e-05
8.915399658e-01  7.6608265e-05  1.00000e+00  8.36353e-05  8.36353e-05
8.917182738e-01  7.6004852e-05  1.00000e+00  8.36212e-05  8.36212e-05
8.918966174e-01  7.5323415e-05  1.00000e+00  8.36035e-05  8.36035e-05
8.920749968e-01  7.4568727e-05  1.00000e+00  8.35817e-05  8.35817e-05
8.922534118e-01  7.3776183e-05  1.00000e+00  8.35555e-05  8.35555e-05
8.924318625e-01  7.3015475e-05  1.00000e+00  8.35249e-05  8.35249e-05
8.926103488e-01  7.2379625e-05  1.00000e+00  8.34903e-05  8.34903e-05
8.927888709e-01  7.1951807e-05  1.00000e+00  8.34529e-05  8.34529e-05
8.929674287e-01  7.1762545e-05  1.00000e+00  8.34138e-05  8.34138e-05
8.931460222e-01  7.1759227e-05  1.00000e+00  8.33745e-05  8.33745e-05
8.933246514e-01  7.1792744e-05  1.00000e+00  8.33356e-05  8.33356e-05
8.935033163e-01  7.1641785e-05  1.00000e+00  8.32967e-05  8.32967e-05
8.936820170e-01  7.1063280e-05  1.00000e+00  8.32560e-05  8.32560e-05
8.938607534e-01  6.9857512e-05  1.00000e+00  8.32105e-05  8.32105e-05
8.940395255e-01  6.7930441e-05  1.00000e+00  8.31562e-05  8.31562e-05
8.942183334e-01  6.5325828e-05  1.00000e+00  8.30890e-05  8.30890e-05
8.943971771e-01  6.2228644e-05  1.00000e+00  8.30056e-05  8.30056e-05
8.945760565e-01  5.8925613e-05  1.00000e+00  8.29039e-05  8.29039e-05
8.947549717e-01  5.5735674e-05  1.00000e+00  8.27837e-05  8.27837e-05
8.949339227e-01  5.2936014e-05  1.00000e+00  8.26467e-05  8.26467e-05
8.951129095e-01  5.0692740e-05  1.00000e+00  8.24958e-05  8.24958e-05
8.952919321e-01  4.9045794e-05  1.00000e+00  8.23344e-05  8.23344e-05
8.954709905e-01  4.7948476e-05  1.00000e+00  8.21660e-05  8.21660e-05
8.956500847e-01  4.7348849e-05  1.00000e+00  8.19935e-05  8.19935e-05
8.958292147e-01  4.7263770e-05  1.00000e+00  8.18200e-05  8.18200e-05
8.960083805e-01  4.7814369e-05  1.00000e+00  8.16487e-05  8.16487e-05
8.961875822e-01  4.9168056e-05  1.00000e+00  8.14838e-05  8.14838e-05
8.963668197e-01  5.1426422e-05  1.00000e+00  8.13303e-05  8.13303e-05
8.965460931e-01  5.4492231e-05  1.00000e+00  8.11931e-05  8.11931e-05
8.967254023e-01  5.7980491e-05  1.00000e+00  8.10760e-05  8.10760e-05
8.969047474e-01  6.1229084e-05  1.00000e+00  8.09794e-05  8.09794e-05
8.970841283e-01  6.3387897e-05  1.00000e+00  8.08996e-05  8.08996e-05
8.972635452e-01  6.3605075e-05  1.00000e+00  8.08275e-05  8.08275e-05
8.974429979e-01  6.1239802e-05  1.00000e+00  8.07500e-05  8.07500e-05
8.976224865e-01  5.6096215e-05  1.00000e+00  8.06512e-05  8.06512e-05
8.978020110e-01  4.8607408e-05  1.00000e+00  8.05161e-05  8.05161e-05
8.979815714e-01  3.9928711e-05  1.00000e+00  8.03343e-05  8.03343e-05
8.981611677e-01  3.1842372e-05  1.00000e+00  8.01039e-05  8.01039e-05
8.983407999e-01  2.6437516e-05  1.00000e+00  7.98345e-05  7.98345e-05
8.985204681e-01  2.5595845e-05  1.00000e+00  7.95476e-05  7.95476e-05
8.987001722e-01  3.0382848e-05  1.00000e+00  7.92732e-05  7.92732e-05
8.988799122e-01  4.0594596e-05  1.00000e+00  7.90440e-05  7.90440e-05
8.990596882e-01  5.4659868e-05  1.00000e+00  7.88873e-05  7.88873e-05
8.992395001e-01  6.9994175e-05  1.00000e+00  7.88179e-05  7.88179e-05
8.994193480e-01  8.3749297e-05  1.00000e+00  7.88345e-05  7.88345e-05
8.995992319e-01  9.3655376e-05  1.00000e+00  7.89205e-05  7.89205e-05
8.997791517e-01  9.8647783e-05  1.00000e+00  7.90496e-05  7.90496e-05
8.999591076e-01  9.9025955e-05  1.00000e+00  7.91933e-05  7.91933e-05
9.001390994e-01  9.6108132e-05  1.00000e+00  7.93282e-05  7.93282e-05
9.003191272e-01  9.1591768e-05  1.00000e+00  7.94402e-05  7.94402e-05
9.004991910e-01  8.6926000e-05  1.00000e+00  7.95244e-05  7.95244e-05
9.006792909e-01  8.2952978e-05  1.00000e+00  7.95828e-05  7.95828e-05
9.008594267e-01  7.9920757e-05  1.00000e+00  7.96206e-05  7.96206e-05
9.010395986e-01  7.7759415e-05  1.00000e+00  7.96433e-05  7.96433e-05
9.012198065e-01  7.6415189e-05  1.00000e+00  7.96556e-05  7.96556e-05
9.014000505e-01  7.6061332e-05  1.00000e+00  7.96627e-05  7.96627e-05
9.015803305e-01  7.7095179e-05  1.00000e+00  7.96715e-05  7.96715e-05
9.017606466e-01  7.9972461e-05  1.00000e+00  7.96913e-05  7.96913e-05
9.019409987e-01  8.4976354e-05  1.00000e+00  7.97336e-05  7.97336e-05
9.021213869e-01  9.2039948e-05  1.00000e+00  7.98105e-05  7.98105e-05
9.023018112e-01  1.0067386e-04  1.00000e+00  7.99327e-05  7.99327e-05
9.024822715e-01  1.1000350e-04  1.00000e+00  8.01066e-05  8.01066e-05
9.026627680e-01  1.1890577e-04  1.00000e+00  8.03328e-05  8.03328e-05
9.028433006e-01  1.2620062e-04  1.00000e+00  8.06052e-05  8.06052e-05
9.030238692e-01  1.3086584e-04  1.00000e+00  8.09111e-05  8.09111e-05
9.032044740e-01  1.3223884e-04  1.00000e+00  8.12332e-05  8.12332e-05
9.033851149e-01  1.3016565e-04  1.00000e+00  8.15515e-05  8.15515e-05
9.035657919e-01  1.2502681e-04  1.00000e+00  8.18471e-05  8.18471e-05
9.037465051e-01  1.1765017e-04  1.00000e+00  8.21046e-05  8.21046e-05
9.039272544e-01  1.0909727e-04  1.00000e+00  8.23142e-05  8.23142e-05
9.041080398e-01  1.0040158e-04  1.00000e+00  8.24724e-05  8.24724e-05
9.042888614e-01  9.2354876e-05  1.00000e+00  8.25811e-05  8.25811e-05
9.044697192e-01  8.5371664e-05  1.00000e+00  8.26456e-05  8.26456e-05
9.046506131e-01  7.9502115e-05  1.00000e+00  8.26728e-05  8.26728e-05
9.048315433e-01  7.4518478e-05  1.00000e+00  8.26686e-05  8.26686e-05
9.050125096e-01  7.0052682e-05  1.00000e+00  8.26373e-05  8.26373e-05
9.051935121e-01  6.5709989e-05  1.00000e+00  8.25810e-05  8.25810e-05
9.053745508e-01  6.1161979e-05  1.00000e+00  8.24995e-05  8.24995e-05
9.055556257e-01  5.6201642e-05  1.00000e+00  8.23911e-05  8.23911e-05
9.057367368e-01  5.0790437e-05  1.00000e+00  8.22535e-05  8.22535e-05
9.059178842e-01  4.5109914e-05  1.00000e+00  8.20845e-05  8.20845e-05
9.060990677e-01  3.9579691e-05  1.00000e+00  8.18838e-05  8.18838e-05
9.062802875e-01  3.4839006e-05  1.00000e+00  8.16543e-05  8.16543e-05
9.064615436e-01  3.1642752e-05  1.00000e+00  8.14028e-05  8.14028e-05
9.066428359e-01  3.0671253e-05  1.00000e+00  8.11402e-05  8.11402e-05
9.068241645e-01  3.2328389e-05  1.00000e+00  8.08809e-05  8.08809e-05
9.070055293e-01  3.6554653e-05  1.00000e+00  8.06400e-05  8.06400e-05
9.071869304e-01  4.2796402e-05  1.00000e+00  8.04309e-05  8.04309e-05
9.073683678e-01  5.0135094e-05  1.00000e+00  8.02625e-05  8.02625e-05
9.075498415e-01  5.7552201e-05  1.00000e+00  8.01381e-05  8.01381e-05
9.077313514e-01  6.4228766e-05  1.00000e+00  8.00552e-05  8.00552e-05
9.079128977e-01  6.9753537e-05  1.00000e+00  8.00081e-05  8.00081e-05
9.080944803e-01  7.4149227e-05  1.00000e+00  7.99897e-05  7.99897e-05
9.082760992e-01  7.7719201e-05  1.00000e+00  7.99943e-05  7.99943e-05
9.084577544e-01  8.0797368e-05  1.00000e+00  8.00179e-05  8.00179e-05
9.086394460e-01  8.3536463e-05  1.00000e+00  8.00581e-05  8.00581e-05
9.088211739e-01  8.5818340e-05  1.00000e+00  8.01127e-05  8.01127e-05
9.090029381e-01  8.7340126e-05  1.00000e+00  8.01781e-05  8.01781e-05
9.091847387e-01  8.7811691e-05  1.00000e+00  8.02490e-05  8.02490e-05
9.093665756e-01  8.7167347e-05  1.00000e+00  8.03191e-05  8.03191e-05
9.095484489e-01  8.5689005e-05  1.00000e+00  8.03825e-05  8.03825e-05
9.097303586e-01  8.3968586e-05  1.00000e+00  8.04361e-05  8.04361e-05
9.099123047e-01  8.2726397e-05  1.00000e+00  8.04805e-05  8.04805e-05
9.100942872e-01  8.2539355e-05  1.00000e+00  8.05202e-05  8.05202e-05
9.102763060e-01  8.3604608e-05  1.00000e+00  8.05623e-05  8.05623e-05
9.104583613e-01  8.5636759e-05  1.00000e+00  8.06133e-05  8.06133e-05
9.106404530e-01  8.7937367e-05  1.00000e+00  8.06768e-05  8.06768e-05
9.108225810e-01  8.9640981e-05  1.00000e+00  8.07519e-05  8.07519e-05
9.110047456e-01  9.0019364e-05  1.00000e+00  8.08330e-05  8.08330e-05
9.111869465e-01  8.8725768e-05  1.00000e+00  8.09111e-05  8.09111e-05
9.113691839e-01  8.5856710e-05  1.00000e+00  8.09767e-05  8.09767e-05
9.115514577e-01  8.1818572e-05  1.00000e+00  8.10220e-05  8.10220e-05
9.117337680e-01  7.7078951e-05  1.00000e+00  8.10417e-05  8.10417e-05
9.119161148e-01  7.1938765e-05  1.00000e+00  8.10328e-05  8.10328e-05
9.120984980e-01  6.6486221e-05  1.00000e+00  8.09936e-05  8.09936e-05
9.122809177e-01  6.0762129e-05  1.00000e+00  8.09224e-05  8.09224e-05
9.124633739e-01  5.5042521e-05  1.00000e+00  8.08186e-05  8.08186e-05
9.126458666e-01  5.0066360e-05  1.00000e+00  8.06841e-05  8.06841e-05
9.128283957e-01  4.7026281e-05  1.00000e+00  8.05267e-05  8.05267e-05
9.130109614e-01  4.7244951e-05  1.00000e+00  8.03613e-05  8.03613e-05
9.131935636e-01  5.1639753e-05  1.00000e+00  8.02096e-05  8.02096e-05
9.133762023e-01  6.0197656e-05  1.00000e+00  8.00960e-05  8.00960e-05
9.135588776e-01  7.1704010e-05  1.00000e+00  8.00414e-05  8.00414e-05
9.137415893e-01  8.3877351e-05  1.00000e+00  8.00562e-05  8.00562e-05
9.139243377e-01  9.3929473e-05  1.00000e+00  8.01361e-05  8.01361e-05
9.141071225e-01  9.9385559e-05  1.00000e+00  8.02613e-05  8.02613e-05
9.142899439e-01  9.8888186e-05  1.00000e+00  8.04006e-05  8.04006e-05
9.144728019e-01  9.2700884e-05  1.00000e+00  8.05196e-05  8.05196e-05
9.146556965e-01  8.2729821e-05  1.00000e+00  8.05907e-05  8.05907e-05
9.148386276e-01  7.2010176e-05  1.00000e+00  8.06004e-05  8.06004e-05
9.150215954e-01  6.3801570e-05  1.00000e+00  8.05543e-05  8.05543e-05
9.152045997e-01  6.0585994e-05  1.00000e+00  8.04746e-05  8.04746e-05
9.153876406e-01  6.3290065e-05  1.00000e+00  8.03937e-05  8.03937e-05
9.155707181e-01  7.1003588e-05  1.00000e+00  8.03436e-05  8.03436e-05
9.157538323e-01  8.1290148e-05  1.00000e+00  8.03468e-05  8.03468e-05
9.159369830e-01  9.0984945e-05  1.00000e+00  8.04087e-05  8.04087e-05
9.161201704e-01  9.7206331e-05  1.00000e+00  8.05172e-05  8.05172e-05
9.163033945e-01  9.8234953e-05  1.00000e+00  8.06465e-05  8.06465e-05
9.164866551e-01  9.3990387e-05  1.00000e+00  8.07659e-05  8.07659e-05
9.166699525e-01  8.5973137e-05  1.00000e+00  8.08486e-05  8.08486e-05
9.168532865e-01  7.6727159e-05  1.00000e+00  8.08801e-05  8.08801e-05
9.170366571e-01  6.9033578e-05  1.00000e+00  8.08617e-05  8.08617e-05
9.172200645e-01  6.5099368e-05  1.00000e+00  8.08091e-05  8.08091e-05
9.174035085e-01  6.5987200e-05  1.00000e+00  8.07476e-05  8.07476e-05
9.175869892e-01  7.1428633e-05  1.00000e+00  8.07049e-05  8.07049e-05
9.177705066e-01  8.0041464e-05  1.00000e+00  8.07033e-05  8.07033e-05
9.179540607e-01  8.9835633e-05  1.00000e+00  8.07554e-05  8.07554e-05
9.181376515e-01  9.8809686e-05  1.00000e+00  8.08618e-05  8.08618e-05
9.183212790e-01  1.0547078e-04  1.00000e+00  8.10129e-05  8.10129e-05
9.185049433e-01  1.0912051e-04  1.00000e+00  8.11930e-05  8.11930e-05
9.186886443e-01  1.0987296e-04  1.00000e+00  8.13847e-05  8.13847e-05
9.188723820e-01  1.0845156e-04  1.00000e+00  8.15730e-05  8.15730e-05
9.190561565e-01  1.0585755e-04  1.00000e+00  8.17484e-05  8.17484e-05
9.192399677e-01  1.0302532e-04  1.00000e+00  8.19069e-05  8.19069e-05
9.194238157e-01  1.0055354e-04  1.00000e+00  8.20492e-05  8.20492e-05
9.196077004e-01  9.8587877e-05  1.00000e+00  8.21781e-05  8.21781e-05
9.197916220e-01  9.6867907e-05  1.00000e+00  8.22960e-05  8.22960e-05
9.199755803e-01  9.4911395e-05  1.00000e+00  8.24029e-05  8.24029e-05
9.201595754e-01  9.2271799e-05  1.00000e+00  8.24964e-05  8.24964e-05
9.203436073e-01  8.8761473e-05  1.00000e+00  8.25718e-05  8.25718e-05
9.205276761e-01  8.4560829e-05  1.00000e+00  8.26247e-05  8.26247e-05
9.207117816e-01  8.0184444e-05  1.00000e+00  8.26524e-05  8.26524e-05
9.208959240e-01  7.6317731e-05  1.00000e+00  8.26562e-05  8.26562e-05
9.210801031e-01  7.3601709e-05  1.00000e+00  8.26408e-05  8.26408e-05
9.212643192e-01  7.2434510e-05  1.00000e+00  8.26142e-05  8.26142e-05
9.214485720e-01  7.2859626e-05  1.00000e+00  8.25857e-05  8.25857e-05
9.216328617e-01  7.4562343e-05  1.00000e+00  8.25635e-05  8.25635e-05
9.218171883e-01  7.6961942e-05  1.00000e+00  8.25535e-05  8.25535e-05
9.220015517e-01  7.9369570e-05  1.00000e+00  8.25576e-05  8.25576e-05
9.221859521e-01  8.1160736e-05  1.00000e+00  8.25740e-05  8.25740e-05
9.223703893e-01  8.1914965e-05  1.00000e+00  8.25977e-05  8.25977e-05
9.225548633e-01  8.1487787e-05  1.00000e+00  8.26223e-05  8.26223e-05
9.227393743e-01  8.0009978e-05  1.00000e+00  8.26413e-05  8.26413e-05
9.229239222e-01  7.7810243e-05  1.00000e+00  8.26495e-05  8.26495e-05
9.231085070e-01  7.5312779e-05  1.00000e+00  8.26441e-05  8.26441e-05
9.232931287e-01  7.2931235e-05  1.00000e+00  8.26246e-05  8.26246e-05
9.234777873e-01  7.0995113e-05  1.00000e+00  8.25928e-05  8.25928e-05
9.236624828e-01  6.9719490e-05  1.00000e+00  8.25519e-05  8.25519e-05
9.238472153e-01  6.9216585e-05  1.00000e+00  8.25061e-05  8.25061e-05
9.240319848e-01  6.9518050e-05  1.00000e+00  8.24600e-05  8.24600e-05
9.242167912e-01  7.0599170e-05  1.00000e+00  8.24180e-05  8.24180e-05
9.244016345e-01  7.2378122e-05  1.00000e+00  8.23845e-05  8.23845e-05
9.245865149e-01  7.4705932e-05  1.00000e+00  8.23629e-05  8.23629e-05
9.247714322e-01  7.7352370e-05  1.00000e+00  8.23557e-05  8.23557e-05
9.249563865e-01  8.0016763e-05  1.00000e+00  8.23638e-05  8.23638e-05
9.251413777e-01  8.2372826e-05  1.00000e+00  8.23864e-05  8.23864e-05
9.253264060e-01  8.4126929e-05  1.00000e+00  8.24208e-05  8.24208e-05
9.255114713e-01  8.5064384e-05  1.00000e+00  8.24627e-05  8.24627e-05
9.256965736e-01  8.5056147e-05  1.00000e+00  8.25071e-05  8.25071e-05
9.258817129e-01  8.4017463e-05  1.00000e+00  8.25484e-05  8.25484e-05
9.260668892e-01  8.1850221e-05  1.00000e+00  8.25805e-05  8.25805e-05
9.262521026e-01  7.8410785e-05  1.00000e+00  8.25966e-05  8.25966e-05
9.264373530e-01  7.3549721e-05  1.00000e+00  8.25891e-05  8.25891e-05
9.266226405e-01  6.7214053e-05  1.00000e+00  8.25498e-05  8.25498e-05
9.268079650e-01  5.9597661e-05  1.00000e+00  8.24710e-05  8.24710e-05
9.269933266e-01  5.1228362e-05  1.00000e+00  8.23468e-05  8.23468e-05
9.271787253e-01  4.2968504e-05  1.00000e+00  8.21755e-05  8.21755e-05
9.273641610e-01  3.5855643e-05  1.00000e+00  8.19608e-05  8.19608e-05
9.275496339e-01  3.0846948e-05  1.00000e+00  8.17124e-05  8.17124e-05
9.277351438e-01  2.8521286e-05  1.00000e+00  8.14442e-05  8.14442e-05
9.279206908e-01  2.8844296e-05  1.00000e+00  8.11719e-05  8.11719e-05
9.281062750e-01  3.1097706e-05  1.00000e+00  8.09087e-05  8.09087e-05
9.282918962e-01  3.4025849e-05  1.00000e+00  8.06624e-05  8.06624e-05
9.284775546e-01  3.6127155e-05  1.00000e+00  8.04325e-05  8.04325e-05
9.286632501e-01  3.6053382e-05  1.00000e+00  8.02102e-05  8.02102e-05
9.288489828e-01  3.2948232e-05  1.00000e+00  7.99805e-05  7.99805e-05
9.290347526e-01  2.6639613e-05  1.00000e+00  7.97254e-05  7.97254e-05
9.292205595e-01  1.7610348e-05  1.00000e+00  7.94278e-05  7.94278e-05
9.294064036e-01  6.7492751e-06  1.00000e+00  7.90750e-05  7.90750e-05
9.295922849e-01 -4.9852891e-06  1.00000e+00  7.86596e-05  7.86596e-05
9.297782034e-01 -1.6863308e-05  1.00000e+00  7.81791e-05  7.81791e-05
9.299641590e-01 -2.8543295e-05  1.00000e+00  7.76342e-05  7.76342e-05
9.301501518e-01 -4.0002319e-05  1.00000e+00  7.70266e-05  7.70266e-05
9.303361819e-01 -5.1331889e-05  1.00000e+00  7.63577e-05  7.63577e-05
9.305222491e-01 -6.2455092e-05  1.00000e+00  7.56285e-05  7.56285e-05
9.307083535e-01 -7.2910994e-05  1.00000e+00  7.48416e-05  7.48416e-05
9.308944952e-01 -8.1793742e-05  1.00000e+00  7.40036e-05  7.40036e-05
9.310806741e-01 -8.7861268e-05  1.00000e+00  7.31269e-05  7.31269e-05
9.312668903e-01 -8.9802262e-05  1.00000e+00  7.22315e-05  7.22315e-05
9.314531436e-01 -8.6585626e-05  1.00000e+00  7.13440e-05  7.13440e-05
9.316394343e-01 -7.7796570e-05  1.00000e+00  7.04952e-05  7.04952e-05
9.318257621e-01 -6.3913818e-05  1.00000e+00  6.97155e-05  6.97155e-05
9.320121273e-01 -4.6426581e-05  1.00000e+00  6.90298e-05  6.90298e-05
9.321985297e-01 -2.7762513e-05  1.00000e+00  6.84516e-05  6.84516e-05
9.323849694e-01 -1.0966752e-05  1.00000e+00  6.79787e-05  6.79787e-05
9.325714464e-01  8.9956817e-07  1.00000e+00  6.75913e-05  6.75913e-05
9.327579607e-01  5.5168788e-06  1.00000e+00  6.72539e-05  6.72539e-05
9.329445123e-01  2.0987846e-06  1.00000e+00  6.69219e-05  6.69219e-05
9.331311012e-01 -8.0601852e-06  1.00000e+00  6.65525e-05  6.65525e-05
9.333177274e-01 -2.1549098e-05  1.00000e+00  6.61161e-05  6.61161e-05
9.335043910e-01 -3.3490512e-05  1.00000e+00  6.56075e-05  6.56075e-05
9.336910919e-01 -3.8781362e-05  1.00000e+00  6.50502e-05  6.50502e-05
9.338778301e-01 -3.3641696e-05  1.00000e+00  6.44939e-05  6.44939e-05
9.340646056e-01 -1.6969109e-05  1.00000e+00  6.40021e-05  6.40021e-05
9.342514186e-01  9.0908214e-06  1.00000e+00  6.36354e-05  6.36354e-05
9.344382688e-01  3.9685264e-05  1.00000e+00  6.34337e-05  6.34337e-05
9.346251565e-01  6.8773533e-05  1.00000e+00  6.34050e-05  6.34050e-05
9.348120815e-01  9.1198786e-05  1.00000e+00  6.35246e-05  6.35246e-05
9.349990439e-01  1.0435312e-04  1.00000e+00  6.37452e-05  6.37452e-05
9.351860438e-01  1.0879874e-04  1.00000e+00  6.40138e-05  6.40138e-05
9.353730810e-01  1.0754213e-04  1.00000e+00  6.42886e-05  6.42886e-05
9.355601556e-01  1.0431247e-04  1.00000e+00  6.45476e-05  6.45476e-05
9.357472676e-01  1.0179596e-04  1.00000e+00  6.47881e-05  6.47881e-05
9.359344171e-01  1.0066243e-04  1.00000e+00  6.50171e-05  6.50171e-05
9.361216039e-01  9.9774529e-05  1.00000e+00  6.52399e-05  6.52399e-05
9.363088283e-01  9.7378935e-05  1.00000e+00  6.54531e-05  6.54531e-05
9.364960900e-01  9.2495309e-05  1.00000e+00  6.56448e-05  6.56448e-05
9.366833892e-01  8.5769888e-05  1.00000e+00  6.58019e-05  6.58019e-05
9.368707259e-01  7.9413057e-05  1.00000e+00  6.59199e-05  6.59199e-05
9.370581001e-01  7.6382581e-05  1.00000e+00  6.60092e-05  6.60092e-05
9.372455117e-01  7.9351886e-05  1.00000e+00  6.60965e-05  6.60965e-05
9.374329608e-01  8.9925836e-05  1.00000e+00  6.62208e-05  6.62208e-05
9.376204474e-01  1.0832892e-04  1.00000e+00  6.64263e-05  6.64263e-05
9.378079715e-01  1.3350317e-04  1.00000e+00  6.67543e-05  6.67543e-05
9.379955331e-01  1.6333179e-04  1.00000e+00  6.72370e-05  6.72370e-05
9.381831322e-01  1.9488171e-04  1.00000e+00  6.78920e-05  6.78920e-05
9.383707688e-01  2.2463438e-04  1.00000e+00  6.87186e-05  6.87186e-05
9.385584430e-01  2.4879862e-04  1.00000e+00  6.96951e-05  6.96951e-05
9.387461546e-01  2.6384792e-04  1.00000e+00  7.07791e-05  7.07791e-05
9.389339039e-01  2.6720191e-04  1.00000e+00  7.19106e-05  7.19106e-05
9.391216907e-01  2.5785779e-04  1.00000e+00  7.30196e-05  7.30196e-05
9.393095150e-01  2.3676116e-04  1.00000e+00  7.40363e-05  7.40363e-05
9.394973769e-01  2.0666460e-04  1.00000e+00  7.49017e-05  7.49017e-05
9.396852764e-01  1.7152873e-04  1.00000e+00  7.55765e-05  7.55765e-05
9.398732134e-01  1.3561810e-04  1.00000e+00  7.60451e-05  7.60451e-05
9.400611881e-01  1.0262269e-04  1.00000e+00  7.63151e-05  7.63151e-05
9.402492003e-01  7.5039018e-05  1.00000e+00  7.64115e-05  7.64115e-05
9.404372502e-01  5.3931169e-05  1.00000e+00  7.63694e-05  7.63694e-05
9.406253376e-01  3.9013268e-05  1.00000e+00  7.62261e-05  7.62261e-05
9.408134627e-01  2.8966802e-05  1.00000e+00  7.60137e-05  7.60137e-05
9.410016254e-01  2.1783654e-05  1.00000e+00  7.57548e-05  7.57548e-05
9.411898257e-01  1.5183974e-05  1.00000e+00  7.54594e-05  7.54594e-05
9.413780637e-01  7.1223970e-06  1.00000e+00  7.51252e-05  7.51252e-05
9.415663393e-01 -3.6412043e-06  1.00000e+00  7.47401e-05  7.47401e-05
9.417546525e-01 -1.7028370e-05  1.00000e+00  7.42887e-05  7.42887e-05
9.419430035e-01 -3.1410192e-05  1.00000e+00  7.37604e-05  7.37604e-05
9.421313921e-01 -4.3913050e-05  1.00000e+00  7.31574e-05  7.31574e-05
9.423198183e-01 -5.1346279e-05  1.00000e+00  7.25000e-05  7.25000e-05
9.425082823e-01 -5.1414041e-05  1.00000e+00  7.18238e-05  7.18238e-05
9.426967840e-01 -4.3716578e-05  1.00000e+00  7.11728e-05  7.11728e-05
9.428853233e-01 -2.9989905e-05  1.00000e+00  7.05867e-05  7.05867e-05
9.430739004e-01 -1.3331975e-05  1.00000e+00  7.00909e-05  7.00909e-05
9.432625152e-01  3.2308668e-06  1.00000e+00  6.96924e-05  6.96924e-05
9.434511677e-01  1.8175043e-05  1.00000e+00  6.93852e-05  6.93852e-05
9.436398579e-01  3.2049178e-05  1.00000e+00  6.91602e-05  6.91602e-05
9.438285859e-01  4.6796351e-05  1.00000e+00  6.90160e-05  6.90160e-05
9.440173516e-01  6.4172749e-05  1.00000e+00  6.89624e-05  6.89624e-05
9.442061551e-01  8.4114450e-05  1.00000e+00  6.90148e-05  6.90148e-05
9.443949963e-01  1.0401625e-04  1.00000e+00  6.91808e-05  6.91808e-05
9.445838753e-01  1.1946066e-04  1.00000e+00  6.94479e-05  6.94479e-05
9.447727921e-01  1.2612940e-04  1.00000e+00  6.97779e-05  6.97779e-05
9.449617466e-01  1.2192045e-04  1.00000e+00  7.01138e-05  7.01138e-05
9.451507390e-01  1.0826167e-04  1.00000e+00  7.03964e-05  7.03964e-05
9.453397691e-01  8.9906934e-05  1.00000e+00  7.05849e-05  7.05849e-05
9.455288371e-01  7.3271188e-05  1.00000e+00  7.06707e-05  7.06707e-05
9.457179428e-01  6.4059212e-05  1.00000e+00  7.06809e-05  7.06809e-05
9.459070864e-01  6.5198216e-05  1.00000e+00  7.06672e-05  7.06672e-05
9.460962678e-01  7.5920586e-05  1.00000e+00  7.06879e-05  7.06879e-05
9.462854871e-01  9.2204229e-05  1.00000e+00  7.07865e-05  7.07865e-05
9.464747442e-01  1.0838390e-04  1.00000e+00  7.09787e-05  7.09787e-05
9.466640391e-01  1.1917585e-04  1.00000e+00  7.12481e-05  7.12481e-05
9.468533720e-01  1.2137931e-04  1.00000e+00  7.15538e-05  7.15538e-05
9.470427426e-01  1.1475753e-04  1.00000e+00  7.18453e-05  7.18453e-05
9.472321512e-01  1.0187083e-04  1.00000e+00  7.20789e-05  7.20789e-05
9.474215976e-01  8.7014239e-05  1.00000e+00  7.22312e-05  7.22312e-05
9.476110819e-01  7.4635041e-05  1.00000e+00  7.23041e-05  7.23041e-05
9.478006041e-01  6.7732308e-05  1.00000e+00  7.23213e-05  7.23213e-05
9.479901643e-01  6.6751088e-05  1.00000e+00  7.23165e-05  7.23165e-05
9.481797623e-01  6.9405320e-05  1.00000e+00  7.23179e-05  7.23179e-05
9.483693982e-01  7.1562827e-05  1.00000e+00  7.23349e-05  7.23349e-05
9.485590721e-01  6.9006562e-05  1.00000e+00  7.23527e-05  7.23527e-05
9.487487839e-01  5.9395827e-05  1.00000e+00  7.23369e-05  7.23369e-05
9.489385337e-01  4.3723376e-05  1.00000e+00  7.22491e-05  7.22491e-05
9.491283214e-01  2.6487812e-05  1.00000e+00  7.20666e-05  7.20666e-05
9.493181471e-01  1.4424193e-05  1.00000e+00  7.17993e-05  7.17993e-05
9.495080107e-01  1.4141290e-05  1.00000e+00  7.14955e-05  7.14955e-05
9.496979123e-01  2.9495140e-05  1.00000e+00  7.12342e-05  7.12342e-05
9.498878519e-01  5.9762108e-05  1.00000e+00  7.11032e-05  7.11032e-05
9.500778295e-01  9.9287971e-05  1.00000e+00  7.11720e-05  7.11720e-05
9.502678450e-01  1.3886757e-04  1.00000e+00  7.14674e-05  7.14674e-05
9.504578986e-01  1.6840583e-04  1.00000e+00  7.19600e-05  7.19600e-05
9.506479902e-01  1.7994547e-04  1.00000e+00  7.25689e-05  7.25689e-05
9.508381198e-01  1.7009584e-04  1.00000e+00  7.31805e-05  7.31805e-05
9.510282874e-01  1.4108232e-04  1.00000e+00  7.36784e-05  7.36784e-05
9.512184930e-01  1.0006539e-04  1.00000e+00  7.39735e-05  7.39735e-05
9.514087367e-01  5.7075712e-05  1.00000e+00  7.40265e-05  7.40265e-05
9.515990185e-01  2.2215153e-05  1.00000e+00  7.38562e-05  7.38562e-05
9.517893383e-01  3.0238338e-06  1.00000e+00  7.35319e-05  7.35319e-05
9.519796962e-01  2.7480195e-06  1.00000e+00  7.31535e-05  7.31535e-05
9.521700921e-01  1.9867684e-05  1.00000e+00  7.28253e-05  7.28253e-05
9.523605261e-01  4.8938986e-05  1.00000e+00  7.26312e-05  7.26312e-05
9.525509982e-01  8.2320961e-05  1.00000e+00  7.26167e-05  7.26167e-05
9.527415084e-01  1.1222892e-04  1.00000e+00  7.27832e-05  7.27832e-05
9.529320567e-01  1.3261757e-04  1.00000e+00  7.30924e-05  7.30924e-05
9.531226431e-01  1.4037969e-04  1.00000e+00  7.34800e-05  7.34800e-05
9.533132677e-01  1.3568742e-04  1.00000e+00  7.38740e-05  7.38740e-05
9.535039303e-01  1.2148454e-04  1.00000e+00  7.42115e-05  7.42115e-05
9.536946311e-01  1.0235917e-04  1.00000e+00  7.44518e-05  7.44518e-05
9.538853700e-01  8.3145367e-05  1.00000e+00  7.45813e-05  7.45813e-05
9.540761471e-01  6.7638617e-05  1.00000e+00  7.46113e-05  7.46113e-05
9.542669623e-01  5.7823848e-05  1.00000e+00  7.45695e-05  7.45695e-05
9.544578157e-01  5.3725080e-05  1.00000e+00  7.44891e-05  7.44891e-05
9.546487073e-01  5.3897067e-05  1.00000e+00  7.43989e-05  7.43989e-05
9.548396370e-01  5.6269593e-05  1.00000e+00  7.43172e-05  7.43172e-05
9.550306050e-01  5.9042023e-05  1.00000e+00  7.42509e-05  7.42509e-05
9.552216111e-01  6.1267302e-05  1.00000e+00  7.41993e-05  7.41993e-05
9.554126554e-01  6.3005733e-05  1.00000e+00  7.41588e-05  7.41588e-05
9.556037379e-01  6.5085822e-05  1.00000e+00  7.41286e-05  7.41286e-05
9.557948587e-01  6.8656869e-05  1.00000e+00  7.41139e-05  7.41139e-05
9.559860177e-01  7.4708535e-05  1.00000e+00  7.41257e-05  7.41257e-05
9.561772149e-01  8.3699553e-05  1.00000e+00  7.41794e-05  7.41794e-05
9.563684503e-01  9.5278835e-05  1.00000e+00  7.42905e-05  7.42905e-05
9.565597240e-01  1.0817489e-04  1.00000e+00  7.44703e-05  7.44703e-05
9.567510359e-01  1.2029138e-04  1.00000e+00  7.47203e-05  7.47203e-05
9.569423861e-01  1.2905612e-04  1.00000e+00  7.50287e-05  7.50287e-05
9.571337746e-01  1.3207244e-04  1.00000e+00  7.53696e-05  7.53696e-05
9.573252014e-01  1.2785121e-04  1.00000e+00  7.57061e-05  7.57061e-05
9.575166664e-01  1.1637730e-04  1.00000e+00  7.59968e-05  7.59968e-05
9.577081698e-01  9.9284215e-05  1.00000e+00  7.62053e-05  7.62053e-05
9.578997114e-01  7.9507915e-05  1.00000e+00  7.63082e-05  7.63082e-05
9.580912913e-01  6.0601943e-05  1.00000e+00  7.63007e-05  7.63007e-05
9.582829096e-01  4.5907659e-05  1.00000e+00  7.61978e-05  7.61978e-05
9.584745662e-01  3.7901140e-05  1.00000e+00  7.60308e-05  7.60308e-05
9.586662611e-01  3.7786330e-05  1.00000e+00  7.58414e-05  7.58414e-05
9.588579943e-01  4.5374259e-05  1.00000e+00  7.56740e-05  7.56740e-05
9.590497659e-01  5.9153516e-05  1.00000e+00  7.55679e-05  7.55679e-05
9.592415759e-01  7.6604044e-05  1.00000e+00  7.55508e-05  7.55508e-05
9.594334242e-01  9.4672609e-05  1.00000e+00  7.56343e-05  7.56343e-05
9.596253109e-01  1.1039839e-04  1.00000e+00  7.58132e-05  7.58132e-05
9.598172359e-01  1.2155122e-04  1.00000e+00  7.60672e-05  7.60672e-05
9.600091994e-01  1.2703978e-04  1.00000e+00  7.63668e-05  7.63668e-05
9.602012012e-01  1.2698957e-04  1.00000e+00  7.66798e-05  7.66798e-05
9.603932415e-01  1.2242431e-04  1.00000e+00  7.69780e-05  7.69780e-05
9.605853201e-01  1.1475622e-04  1.00000e+00  7.72399e-05  7.72399e-05
9.607774372e-01  1.0533862e-04  1.00000e+00  7.74522e-05  7.74522e-05
9.609695927e-01  9.5261268e-05  1.00000e+00  7.76086e-05  7.76086e-05
9.611617866e-01  8.5458426e-05  1.00000e+00  7.77082e-05  7.77082e-05
9.613540190e-01  7.6905870e-05  1.00000e+00  7.77556e-05  7.77556e-05
9.615462898e-01  7.0744406e-05  1.00000e+00  7.77610e-05  7.77610e-05
9.617385990e-01  6.8105784e-05  1.00000e+00  7.77413e-05  7.77413e-05
9.619309467e-01  6.9699559e-05  1.00000e+00  7.77184e-05  7.77184e-05
9.621233329e-01  7.5341684e-05  1.00000e+00  7.77159e-05  7.77159e-05
9.623157576e-01  8.3707662e-05  1.00000e+00  7.77533e-05  7.77533e-05
9.625082207e-01  9.2532298e-05  1.00000e+00  7.78397e-05  7.78397e-05
9.627007224e-01  9.9224271e-05  1.00000e+00  7.79700e-05  7.79700e-05
9.628932625e-01  1.0173672e-04  1.00000e+00  7.81262e-05  7.81262e-05
9.630858412e-01  9.9305902e-05  1.00000e+00  7.82820e-05  7.82820e-05
9.632784583e-01  9.2768040e-05  1.00000e+00  7.84115e-05  7.84115e-05
9.634711140e-01  8.4298665e-05  1.00000e+00  7.84973e-05  7.84973e-05
9.636638083e-01  7.6684959e-05  1.00000e+00  7.85366e-05  7.85366e-05
9.638565410e-01  7.2387033e-05  1.00000e+00  7.85413e-05  7.85413e-05
9.640493123e-01  7.2766007e-05  1.00000e+00  7.85346e-05  7.85346e-05
9.642421222e-01  7.7700925e-05  1.00000e+00  7.85430e-05  7.85430e-05
9.644349706e-01  8.5693907e-05  1.00000e+00  7.85881e-05  7.85881e-05
9.646278576e-01  9.4385843e-05  1.00000e+00  7.86806e-05  7.86806e-05
9.648207832e-01  1.0127788e-04  1.00000e+00  7.88172e-05  7.88172e-05
9.650137473e-01  1.0446746e-04  1.00000e+00  7.89820e-05  7.89820e-05
9.652067501e-01  1.0317471e-04  1.00000e+00  7.91514e-05  7.91514e-05
9.653997914e-01  9.7967383e-05  1.00000e+00  7.93015e-05  7.93015e-05
9.655928714e-01  9.0597223e-05  1.00000e+00  7.94148e-05  7.94148e-05
9.657859900e-01  8.3495039e-05  1.00000e+00  7.94861e-05  7.94861e-05
9.659791472e-01  7.9066387e-05  1.00000e+00  7.95238e-05  7.95238e-05
9.661723430e-01  7.8972980e-05  1.00000e+00  7.95480e-05  7.95480e-05
9.663655775e-01  8.3658417e-05  1.00000e+00  7.95848e-05  7.95848e-05
9.665588506e-01  9.2244068e-05  1.00000e+00  7.96588e-05  7.96588e-05
9.667521624e-01  1.0283940e-04  1.00000e+00  7.97867e-05  7.97867e-05
9.669455128e-01  1.1314899e-04  1.00000e+00  7.99732e-05  7.99732e-05
9.671389019e-01  1.2116875e-04  1.00000e+00  8.02105e-05  8.02105e-05
9.673323297e-01  1.2571178e-04  1.00000e+00  8.04819e-05  8.04819e-05
9.675257961e-01  1.2662404e-04  1.00000e+00  8.07671e-05  8.07671e-05
9.677193013e-01  1.2462561e-04  1.00000e+00  8.10475e-05  8.10475e-05
9.679128452e-01  1.2088568e-04  1.00000e+00  8.13099e-05  8.13099e-05
9.681064277e-01  1.1652702e-04  1.00000e+00  8.15480e-05  8.15480e-05
9.683000490e-01  1.1224118e-04  1.00000e+00  8.17606e-05  8.17606e-05
9.684937090e-01  1.0816398e-04  1.00000e+00  8.19490e-05  8.19490e-05
9.686874078e-01  1.0401891e-04  1.00000e+00  8.21136e-05  8.21136e-05
9.688811452e-01  9.9422830e-05  1.00000e+00  8.22533e-05  8.22533e-05
9.690749215e-01  9.4199343e-05  1.00000e+00  8.23650e-05  8.23650e-05
9.692687365e-01  8.8535815e-05  1.00000e+00  8.24458e-05  8.24458e-05
9.694625902e-01  8.2965986e-05  1.00000e+00  8.24946e-05  8.24946e-05
9.696564827e-01  7.8166201e-05  1.00000e+00  8.25140e-05  8.25140e-05
9.698504140e-01  7.4686455e-05  1.00000e+00  8.25101e-05  8.25101e-05
9.700443841e-01  7.2738119e-05  1.00000e+00  8.24911e-05  8.24911e-05
9.702383930e-01  7.2123794e-05  1.00000e+00  8.24652e-05  8.24652e-05
9.704324407e-01  7.2328596e-05  1.00000e+00  8.24385e-05  8.24385e-05
9.706265271e-01  7.2731936e-05  1.00000e+00  8.24140e-05  8.24140e-05
9.708206525e-01  7.2841866e-05  1.00000e+00  8.23912e-05  8.23912e-05
9.710148166e-01  7.2435363e-05  1.00000e+00  8.23678e-05  8.23678e-05
9.712090195e-01  7.1570306e-05  1.00000e+00  8.23409e-05  8.23409e-05
9.714032614e-01  7.0470116e-05  1.00000e+00  8.23086e-05  8.23086e-05
9.715975420e-01  6.9349243e-05  1.00000e+00  8.22702e-05  8.22702e-05
9.717918615e-01  6.8263511e-05  1.00000e+00  8.22259e-05  8.22259e-05
9.719862199e-01  6.7075331e-05  1.00000e+00  8.21757e-05  8.21757e-05
9.721806171e-01  6.5513031e-05  1.00000e+00  8.21183e-05  8.21183e-05
9.723750533e-01  6.3320344e-05  1.00000e+00  8.20509e-05  8.20509e-05
9.725695283e-01  6.0409663e-05  1.00000e+00  8.19698e-05  8.19698e-05
9.727640422e-01  5.6969602e-05  1.00000e+00  8.18713e-05  8.18713e-05
9.729585950e-01  5.3479417e-05  1.00000e+00  8.17539e-05  8.17539e-05
9.731531867e-01  5.0615369e-05  1.00000e+00  8.16191e-05  8.16191e-05
9.733478173e-01  4.9067142e-05  1.00000e+00  8.14725e-05  8.14725e-05
9.735424869e-01  4.9323335e-05  1.00000e+00  8.13228e-05  8.13228e-05
9.737371954e-01  5.1498639e-05  1.00000e+00  8.11807e-05  8.11807e-05
9.739319428e-01  5.5270145e-05  1.00000e+00  8.10559e-05  8.10559e-05
9.741267292e-01  5.9953560e-05  1.00000e+00  8.09556e-05  8.09556e-05
9.743215546e-01  6.4704471e-05  1.00000e+00  8.08823e-05  8.08823e-05
9.745164189e-01  6.8773743e-05  1.00000e+00  8.08342e-05  8.08342e-05
9.747113222e-01  7.1744267e-05  1.00000e+00  8.08059e-05  8.08059e-05
9.749062644e-01  7.3654270e-05  1.00000e+00  8.07913e-05  8.07913e-05
9.751012457e-01  7.4992608e-05  1.00000e+00  8.07855e-05  8.07855e-05
9.752962659e-01  7.6542020e-05  1.00000e+00  8.07873e-05  8.07873e-05
9.754913252e-01  7.9116598e-05  1.00000e+00  8.08001e-05  8.08001e-05
9.756864234e-01  8.3263506e-05  1.00000e+00  8.08312e-05  8.08312e-05
9.758815607e-01  8.9020807e-05  1.00000e+00  8.08897e-05  8.08897e-05
9.760767370e-01  9.5814234e-05  1.00000e+00  8.09829e-05  8.09829e-05
9.762719524e-01  1.0254103e-04  1.00000e+00  8.11137e-05  8.11137e-05
9.764672068e-01  1.0784770e-04  1.00000e+00  8.12778e-05  8.12778e-05
9.766625002e-01  1.1050992e-04  1.00000e+00  8.14637e-05  8.14637e-05
9.768578327e-01  1.0980271e-04  1.00000e+00  8.16543e-05  8.16543e-05
9.770532043e-01  1.0573094e-04  1.00000e+00  8.18307e-05  8.18307e-05
9.772486149e-01  9.9041874e-05  1.00000e+00  8.19760e-05  8.19760e-05
9.774440647e-01  9.1010120e-05  1.00000e+00  8.20793e-05  8.20793e-05
9.776395535e-01  8.3070866e-05  1.00000e+00  8.21372e-05  8.21372e-05
9.778350814e-01  7.6430119e-05  1.00000e+00  8.21540e-05  8.21540e-05
9.780306484e-01  7.1792646e-05  1.00000e+00  8.21393e-05  8.21393e-05
9.782262545e-01  6.9287738e-05  1.00000e+00  8.21049e-05  8.21049e-05
9.784218998e-01  6.8597447e-05  1.00000e+00  8.20619e-05  8.20619e-05
9.786175842e-01  6.9216069e-05  1.00000e+00  8.20192e-05  8.20192e-05
9.788133077e-01  7.0711124e-05  1.00000e+00  8.19826e-05  8.19826e-05
9.790090703e-01  7.2875596e-05  1.00000e+00  8.19564e-05  8.19564e-05
9.792048721e-01  7.5726846e-05  1.00000e+00  8.19441e-05  8.19441e-05
9.794007131e-01  7.9381270e-05  1.00000e+00  8.19498e-05  8.19498e-05
9.795965933e-01  8.3870345e-05  1.00000e+00  8.19779e-05  8.19779e-05
9.797925126e-01  8.9002756e-05  1.00000e+00  8.20326e-05  8.20326e-05
9.799884711e-01  9.4321103e-05  1.00000e+00  8.21161e-05  8.21161e-05
9.801844688e-01  9.9163538e-05  1.00000e+00  8.22277e-05  8.22277e-05
9.803805057e-01  1.0281664e-04  1.00000e+00  8.23624e-05  8.23624e-05
9.805765818e-01  1.0468555e-04  1.00000e+00  8.25121e-05  8.25121e-05
9.807726971e-01  1.0445576e-04  1.00000e+00  8.26656e-05  8.26656e-05
9.809688516e-01  1.0217198e-04  1.00000e+00  8.28114e-05  8.28114e-05
9.811650454e-01  9.8236510e-05  1.00000e+00  8.29390e-05  8.29390e-05
9.813612784e-01  9.3319938e-05  1.00000e+00  8.30413e-05  8.30413e-05
9.815575507e-01  8.8216039e-05  1.00000e+00  8.31150e-05  8.31150e-05
9.817538622e-01  8.3684332e-05  1.00000e+00  8.31615e-05  8.31615e-05
9.819502129e-01  8.0315288e-05  1.00000e+00  8.31856e-05  8.31856e-05
9.821466030e-01  7.8438227e-05  1.00000e+00  8.31949e-05  8.31949e-05
9.823430323e-01  7.8086062e-05  1.00000e+00  8.31981e-05  8.31981e-05
9.825395009e-01  7.9010114e-05  1.00000e+00  8.32029e-05  8.32029e-05
9.827360088e-01  8.0746140e-05  1.00000e+00  8.32153e-05  8.32153e-05
9.829325560e-01  8.2717220e-05  1.00000e+00  8.32381e-05  8.32381e-05
9.831291425e-01  8.4367017e-05  1.00000e+00  8.32710e-05  8.32710e-05
9.833257684e-01  8.5287241e-05  1.00000e+00  8.33110e-05  8.33110e-05
9.835224335e-01  8.5308885e-05  1.00000e+00  8.33535e-05  8.33535e-05
9.837191380e-01  8.4533921e-05  1.00000e+00  8.33936e-05  8.33936e-05
9.839158818e-01  8.3292337e-05  1.00000e+00  8.34278e-05  8.34278e-05
9.841126650e-01  8.2034656e-05  1.00000e+00  8.34547e-05  8.34547e-05
9.843094875e-01  8.1197969e-05  1.00000e+00  8.34755e-05  8.34755e-05
9.845063494e-01  8.1077007e-05  1.00000e+00  8.34934e-05  8.34934e-05
9.847032507e-01  8.1740999e-05  1.00000e+00  8.35128e-05  8.35128e-05
9.849001914e-01  8.3018923e-05  1.00000e+00  8.35375e-05  8.35375e-05
9.850971714e-01  8.4557373e-05  1.00000e+00  8.35700e-05  8.35700e-05
9.852941908e-01  8.5927726e-05  1.00000e+00  8.36106e-05  8.36106e-05
9.854912497e-01  8.6748204e-05  1.00000e+00  8.36571e-05  8.36571e-05
9.856883479e-01  8.6783664e-05  1.00000e+00  8.37059e-05  8.37059e-05
9.858854856e-01  8.5997525e-05  1.00000e+00  8.37524e-05  8.37524e-05
9.860826627e-01  8.4544534e-05  1.00000e+00  8.37924e-05  8.37924e-05
9.862798792e-01  8.2717722e-05  1.00000e+00  8.38231e-05  8.38231e-05
9.864771352e-01  8.0867155e-05  1.00000e+00  8.38433e-05  8.38433e-05
9.866744306e-01  7.9316951e-05  1.00000e+00  8.38539e-05  8.38539e-05
9.868717655e-01  7.8297336e-05  1.00000e+00  8.38573e-05  8.38573e-05
9.870691399e-01  7.7907136e-05  1.00000e+00  8.38567e-05  8.38567e-05
9.872665537e-01  7.8104461e-05  1.00000e+00  8.38557e-05  8.38557e-05
9.874640070e-01  7.8731268e-05  1.00000e+00  8.38570e-05  8.38570e-05
9.876614998e-01  7.9558658e-05  1.00000e+00  8.38624e-05  8.38624e-05
9.878590321e-01  8.0343790e-05  1.00000e+00  8.38724e-05  8.38724e-05
9.880566039e-01  8.0883227e-05  1.00000e+00  8.38860e-05  8.38860e-05
9.882542152e-01  8.1053753e-05  1.00000e+00  8.39016e-05  8.39016e-05
9.884518661e-01  8.0829345e-05  1.00000e+00  8.39169e-05  8.39169e-05
9.886495564e-01  8.0275005e-05  1.00000e+00  8.39301e-05  8.39301e-05
9.888472863e-01  7.9521902e-05  1.00000e+00  8.39395e-05  8.39395e-05
9.890450558e-01  7.8731698e-05  1.00000e+00  8.39445e-05  8.39445e-05
9.892428648e-01  7.8059425e-05  1.00000e+00  8.39454e-05  8.39454e-05
9.894407134e-01  7.7623187e-05  1.00000e+00  8.39433e-05  8.39433e-05
9.896386015e-01  7.7482147e-05  1.00000e+00  8.39395e-05  8.39395e-05
9.898365293e-01  7.7630372e-05  1.00000e+00  8.39359e-05  8.39359e-05
9.900344966e-01  7.8003096e-05  1.00000e+00  8.39337e-05  8.39337e-05
9.902325035e-01  7.8495420e-05  1.00000e+00  8.39339e-05  8.39339e-05
9.904305500e-01  7.8988359e-05  1.00000e+00  8.39370e-05  8.39370e-05
9.906286361e-01  7.9375789e-05  1.00000e+00  8.39425e-05  8.39425e-05
9.908267618e-01  7.9585269e-05  1.00000e+00  8.39496e-05  8.39496e-05
9.910249271e-01  7.9588676e-05  1.00000e+00  8.39573e-05  8.39573e-05
9.912231321e-01  7.9401962e-05  1.00000e+00  8.39645e-05  8.39645e-05
9.914213768e-01  7.9076623e-05  1.00000e+00  8.39702e-05  8.39702e-05
9.916196610e-01  7.8687023e-05  1.00000e+00  8.39739e-05  8.39739e-05
9.918179850e-01  7.8316205e-05  1.00000e+00  8.39754e-05  8.39754e-05
9.920163486e-01  7.8042739e-05  1.00000e+00  8.39751e-05  8.39751e-05
9.922147518e-01  7.7926586e-05  1.00000e+00  8.39736e-05  8.39736e-05
9.924131948e-01  7.7998306e-05  1.00000e+00  8.39721e-05  8.39721e-05
9.926116774e-01  7.8251254e-05  1.00000e+00  8.39715e-05  8.39715e-05
9.928101998e-01  7.8641520e-05  1.00000e+00  8.39726e-05  8.39726e-05
9.930087618e-01  7.9096889e-05  1.00000e+00  8.39761e-05  8.39761e-05
9.932073636e-01  7.9533614e-05  1.00000e+00  8.39821e-05  8.39821e-05
9.934060050e-01  7.9876302e-05  1.00000e+00  8.39903e-05  8.39903e-05
9.936046862e-01  8.0074710e-05  1.00000e+00  8.39999e-05  8.39999e-05
9.938034072e-01  8.0112386e-05  1.00000e+00  8.40102e-05  8.40102e-05
9.940021678e-01  8.0005349e-05  1.00000e+00  8.40202e-05  8.40202e-05
9.942009683e-01  7.9792979e-05  1.00000e+00  8.40292e-05  8.40292e-05
9.943998085e-01  7.9525046e-05  1.00000e+00  8.40369e-05  8.40369e-05
9.945986884e-01  7.9249880e-05  1.00000e+00  8.40431e-05  8.40431e-05
9.947976082e-01  7.9005473e-05  1.00000e+00  8.40478e-05  8.40478e-05
9.949965677e-01  7.8815235e-05  1.00000e+00  8.40512e-05  8.40512e-05
9.951955670e-01  7.8687130e-05  1.00000e+00  8.40538e-05  8.40538e-05
9.953946061e-01  7.8615555e-05  1.00000e+00  8.40558e-05  8.40558e-05
9.955936850e-01  7.8585033e-05  1.00000e+00  8.40576e-05  8.40576e-05
9.957928038e-01  7.8575467e-05  1.00000e+00  8.40592e-05  8.40592e-05
9.959919623e-01  7.8567411e-05  1.00000e+00  8.40608e-05  8.40608e-05
9.961911607e-01  7.8546690e-05  1.00000e+00  8.40623e-05  8.40623e-05
9.963903990e-01  7.8507031e-05  1.00000e+00  8.40637e-05  8.40637e-05
9.965896770e-01  7.8450160e-05  1.00000e+00  8.40648e-05  8.40648e-05
9.967889950e-01  7.8383528e-05  1.00000e+00  8.40655e-05  8.40655e-05
9.969883528e-01  7.8316924e-05  1.00000e+00  8.40659e-05  8.40659e-05
9.971877504e-01  7.8258937e-05  1.00000e+00  8.40660e-05  8.40660e-05
9.973871880e-01  7.8214143e-05  1.00000e+00  8.40658e-05  8.40658e-05
9.975866654e-01  7.8182111e-05  1.00000e+00  8.40654e-05  8.40654e-05
9.977861828e-01  7.8158140e-05  1.00000e+00  8.40648e-05  8.40648e-05
9.979857400e-01  7.8135570e-05  1.00000e+00  8.40642e-05  8.40642e-05
9.981853372e-01  7.8109659e-05  1.00000e+00  8.40634e-05  8.40634e-05
9.983849742e-01  7.8080409e-05  1.00000e+00  8.40625e-05  8.40625e-05
9.985846512e-01  7.8054481e-05  1.00000e+00  8.40614e-05  8.40614e-05
9.987843681e-01  7.8043814e-05  1.00000e+00  8.40602e-05  8.40602e-05
9.989841250e-01  7.8060867e-05  1.00000e+00  8.40591e-05  8.40591e-05
9.991839218e-01  7.8111869e-05  1.00000e+00  8.40582e-05  8.40582e-05
9.993837586e-01  7.8190093e-05  1.00000e+00  8.40576e-05  8.40576e-05
9.995836354e-01  7.8272223e-05  1.00000e+00  8.40575e-05  8.40575e-05
9.997835521e-01  7.8320292e-05  1.00000e+00  8.40578e-05  8.40578e-05
9.999835088e-01  7.8289790e-05  1.00000e+00  8.40582e-05  8.40582e-05
1.000183506e+00  7.8143309e-05  1.00000e+00  8.40581e-05  8.40581e-05
1.000383542e+00  7.7865350e-05  1.00000e+00  8.40569e-05  8.40569e-05
1.000583619e+00  7.7474693e-05  1.00000e+00  8.40538e-05  8.40538e-05
1.000783736e+00  7.7028582e-05  1.00000e+00  8.40484e-05  8.40484e-05
1.000983892e+00  7.6616001e-05  1.00000e+00  8.40407e-05  8.40407e-05
1.001184089e+00  7.6339497e-05  1.00000e+00  8.40311e-05  8.40311e-05
1.001384326e+00  7.6289142e-05  1.00000e+00  8.40207e-05  8.40207e-05
1.001584603e+00  7.6515461e-05  1.00000e+00  8.40107e-05  8.40107e-05
1.001784920e+00  7.7010485e-05  1.00000e+00  8.40028e-05  8.40028e-05
1.001985277e+00  7.7703571e-05  1.00000e+00  8.39982e-05  8.39982e-05
1.002185674e+00  7.8475762e-05  1.00000e+00  8.39977e-05  8.39977e-05
1.002386111e+00  7.9189350e-05  1.00000e+00  8.40013e-05  8.40013e-05
1.002586588e+00  7.9723600e-05  1.00000e+00  8.40084e-05  8.40084e-05
1.002787105e+00  8.0005801e-05  1.00000e+00  8.40177e-05  8.40177e-05
1.002987663e+00  8.0026957e-05  1.00000e+00  8.40278e-05  8.40278e-05
1.003188260e+00  7.9837807e-05  1.00000e+00  8.40374e-05  8.40374e-05
1.003388898e+00  7.9527545e-05  1.00000e+00  8.40456e-05  8.40456e-05
1.003589576e+00  7.9193506e-05  1.00000e+00  8.40519e-05  8.40519e-05
1.003790294e+00  7.8912964e-05  1.00000e+00  8.40564e-05  8.40564e-05
1.003991052e+00  7.8726160e-05  1.00000e+00  8.40597e-05  8.40597e-05
1.004191850e+00  7.8634672e-05  1.00000e+00  8.40622e-05  8.40622e-05
1.004392688e+00  7.8612745e-05  1.00000e+00  8.40644e-05  8.40644e-05
1.004593567e+00  7.8625141e-05  1.00000e+00  8.40666e-05  8.40666e-05
1.004794486e+00  7.8642725e-05  1.00000e+00  8.40689e-05  8.40689e-05
1.004995445e+00  7.8650606e-05  1.00000e+00  8.40712e-05  8.40712e-05
1.005196444e+00  7.8647304e-05  1.00000e+00  8.40736e-05  8.40736e-05
1.005397483e+00  7.8637501e-05  1.00000e+00  8.40759e-05  8.40759e-05
1.005598562e+00  7.8624063e-05  1.00000e+00  8.40781e-05  8.40781e-05
1.005799682e+00  7.8603310e-05  1.00000e+00  8.40803e-05  8.40803e-05
1.006000842e+00  7.8565058e-05  1.00000e+00  8.40823e-05  8.40823e-05
1.006202042e+00  7.8496936e-05  1.00000e+00  8.40840e-05  8.40840e-05
1.006403283e+00  7.8390162e-05  1.00000e+00  8.40852e-05  8.40852e-05
1.006604563e+00  7.8243050e-05  1.00000e+00  8.40857e-05  8.40857e-05
1.006805884e+00  7.8062277e-05  1.00000e+00  8.40854e-05  8.40854e-05
1.007007245e+00  7.7860410e-05  1.00000e+00  8.40840e-05  8.40840e-05
1.007208647e+00  7.7651410e-05  1.00000e+00  8.40815e-05  8.40815e-05
1.007410089e+00  7.7446407e-05  1.00000e+00  8.40779e-05  8.40779e-05
1.007611571e+00  7.7251558e-05  1.00000e+00  8.40732e-05  8.40732e-05
1.007813093e+00  7.7069679e-05  1.00000e+00  8.40676e-05  8.40676e-05
1.008014656e+00  7.6905534e-05  1.00000e+00  8.40610e-05  8.40610e-05
1.008216258e+00  7.6772276e-05  1.00000e+00  8.40536e-05  8.40536e-05
1.008417902e+00  7.6695912e-05  1.00000e+00  8.40457e-05  8.40457e-05
1.008619585e+00  7.6712980e-05  1.00000e+00  8.40377e-05  8.40377e-05
1.008821309e+00  7.6861617e-05  1.00000e+00  8.40302e-05  8.40302e-05
1.009023074e+00  7.7166830e-05  1.00000e+00  8.40239e-05  8.40239e-05
1.009224878e+00  7.7626294e-05  1.00000e+00  8.40197e-05  8.40197e-05
1.009426723e+00  7.8202617e-05  1.00000e+00  8.40184e-05  8.40184e-05
1.009628608e+00  7.8826214e-05  1.00000e+00  8.40204e-05  8.40204e-05
1.009830534e+00  7.9409161e-05  1.00000e+00  8.40258e-05  8.40258e-05
1.010032500e+00  7.9865716e-05  1.00000e+00  8.40340e-05  8.40340e-05
1.010234507e+00  8.0132643e-05  1.00000e+00  8.40442e-05  8.40442e-05
1.010436554e+00  8.0183697e-05  1.00000e+00  8.40552e-05  8.40552e-05
1.010638641e+00  8.0034028e-05  1.00000e+00  8.40658e-05  8.40658e-05
1.010840769e+00  7.9734494e-05  1.00000e+00  8.40752e-05  8.40752e-05
1.011042937e+00  7.9358464e-05  1.00000e+00  8.40827e-05  8.40827e-05
1.011245145e+00  7.8984778e-05  1.00000e+00  8.40880e-05  8.40880e-05
1.011447394e+00  7.8681100e-05  1.00000e+00  8.40915e-05  8.40915e-05
1.011649684e+00  7.8491125e-05  1.00000e+00  8.40936e-05  8.40936e-05
1.011852014e+00  7.8427606e-05  1.00000e+00  8.40950e-05  8.40950e-05
1.012054384e+00  7.8473074e-05  1.00000e+00  8.40964e-05  8.40964e-05
1.012256795e+00  7.8587262e-05  1.00000e+00  8.40982e-05  8.40982e-05
1.012459247e+00  7.8719536e-05  1.00000e+00  8.41007e-05  8.41007e-05
1.012661738e+00  7.8822261e-05  1.00000e+00  8.41039e-05  8.41039e-05
1.012864271e+00  7.8862213e-05  1.00000e+00  8.41075e-05  8.41075e-05
1.013066844e+00  7.8826517e-05  1.00000e+00  8.41110e-05  8.41110e-05
1.013269457e+00  7.8722598e-05  1.00000e+00  8.41142e-05  8.41142e-05
1.013472111e+00  7.8573273e-05  1.00000e+00  8.41167e-05  8.41167e-05
1.013674805e+00  7.8408856e-05  1.00000e+00  8.41183e-05  8.41183e-05
1.013877540e+00  7.8259360e-05  1.00000e+00  8.41190e-05  8.41190e-05
1.014080316e+00  7.8148391e-05  1.00000e+00  8.41190e-05  8.41190e-05
1.014283132e+00  7.8089743e-05  1.00000e+00  8.41186e-05  8.41186e-05
1.014485988e+00  7.8086901e-05  1.00000e+00  8.41180e-05  8.41180e-05
1.014688886e+00  7.8134346e-05  1.00000e+00  8.41175e-05  8.41175e-05
1.014891823e+00  7.8219544e-05  1.00000e+00  8.41174e-05  8.41174e-05
1.015094802e+00  7.8325227e-05  1.00000e+00  8.41178e-05  8.41178e-05
1.015297821e+00  7.8431586e-05  1.00000e+00  8.41189e-05  8.41189e-05
1.015500880e+00  7.8519340e-05  1.00000e+00  8.41204e-05  8.41204e-05
1.015703980e+00  7.8573054e-05  1.00000e+00  8.41224e-05  8.41224e-05
1.015907121e+00  7.8585100e-05  1.00000e+00  8.41245e-05  8.41245e-05
1.016110303e+00  7.8558113e-05  1.00000e+00  8.41266e-05  8.41266e-05
1.016313525e+00  7.8504520e-05  1.00000e+00  8.41285e-05  8.41285e-05
1.016516787e+00  7.8442286e-05  1.00000e+00  8.41301e-05  8.41301e-05
1.016720091e+00  7.8388129e-05  1.00000e+00  8.41313e-05  8.41313e-05
1.016923435e+00  7.8350236e-05  1.00000e+00  8.41322e-05  8.41322e-05
1.017126820e+00  7.8324290e-05  1.00000e+00  8.41331e-05  8.41331e-05
1.017330245e+00  7.8294363e-05  1.00000e+00  8.41337e-05  8.41337e-05
1.017533711e+00  7.8239284e-05  1.00000e+00  8.41342e-05  8.41342e-05
1.017737218e+00  7.8142591e-05  1.00000e+00  8.41342e-05  8.41342e-05
1.017940765e+00  7.8002197e-05  1.00000e+00  8.41336e-05  8.41336e-05
1.018144353e+00  7.7836000e-05  1.00000e+00  8.41322e-05  8.41322e-05
1.018347982e+00  7.7680301e-05  1.00000e+00  8.41299e-05  8.41299e-05
1.018551652e+00  7.7580477e-05  1.00000e+00  8.41269e-05  8.41269e-05
1.018755362e+00  7.7576367e-05  1.00000e+00  8.41237e-05  8.41237e-05
1.018959113e+00  7.7687528e-05  1.00000e+00  8.41207e-05  8.41207e-05
1.019162905e+00  7.7903972e-05  1.00000e+00  8.41187e-05  8.41187e-05
1.019366738e+00  7.8186637e-05  1.00000e+00  8.41180e-05  8.41180e-05
1.019570611e+00  7.8478065e-05  1.00000e+00  8.41190e-05  8.41190e-05
1.019774525e+00  7.8719165e-05  1.00000e+00  8.41214e-05  8.41214e-05
1.019978480e+00  7.8866392e-05  1.00000e+00  8.41249e-05  8.41249e-05
1.020182476e+00  7.8902348e-05  1.00000e+00  8.41288e-05  8.41288e-05
1.020386512e+00  7.8837350e-05  1.00000e+00  8.41327e-05  8.41327e-05
1.020590589e+00  7.8702179e-05  1.00000e+00  8.41360e-05  8.41360e-05
1.020794708e+00  7.8535610e-05  1.00000e+00  8.41385e-05  8.41385e-05
1.020998866e+00  7.8371643e-05  1.00000e+00  8.41401e-05  8.41401e-05
1.021203066e+00  7.8230403e-05  1.00000e+00  8.41408e-05  8.41408e-05
1.021407307e+00  7.8115071e-05  1.00000e+00  8.41408e-05  8.41408e-05
1.021611588e+00  7.8014754e-05  1.00000e+00  8.41403e-05  8.41403e-05
1.021815911e+00  7.7912154e-05  1.00000e+00  8.41392e-05  8.41392e-05
1.022020274e+00  7.7793029e-05  1.00000e+00  8.41376e-05  8.41376e-05
1.022224678e+00  7.7654530e-05  1.00000e+00  8.41352e-05  8.41352e-05
1.022429123e+00  7.7509993e-05  1.00000e+00  8.41321e-05  8.41321e-05
1.022633609e+00  7.7388147e-05  1.00000e+00  8.41283e-05  8.41283e-05
1.022838135e+00  7.7326869e-05  1.00000e+00  8.41241e-05  8.41241e-05
1.023042703e+00  7.7362653e-05  1.00000e+00  8.41197e-05  8.41197e-05
1.023247312e+00  7.7518468e-05  1.00000e+00  8.41159e-05  8.41159e-05
1.023451961e+00  7.7793771e-05  1.00000e+00  8.41133e-05  8.41133e-05
1.023656651e+00  7.8160138e-05  1.00000e+00  8.41125e-05  8.41125e-05
1.023861383e+00  7.8565167e-05  1.00000e+00  8.41137e-05  8.41137e-05
1.024066155e+00  7.8943929e-05  1.00000e+00  8.41172e-05  8.41172e-05
1.024270968e+00  7.9235777e-05  1.00000e+00  8.41224e-05  8.41224e-05
1.024475822e+00  7.9399953e-05  1.00000e+00  8.41289e-05  8.41289e-05
1.024680718e+00  7.9424967e-05  1.00000e+00  8.41359e-05  8.41359e-05
1.024885654e+00  7.9328288e-05  1.00000e+00  8.41427e-05  8.41427e-05
1.025090631e+00  7.9147174e-05  1.00000e+00  8.41486e-05  8.41486e-05
1.025295649e+00  7.8924904e-05  1.00000e+00  8.41535e-05  8.41535e-05
1.025500708e+00  7.8698148e-05  1.00000e+00  8.41570e-05  8.41570e-05
1.025705808e+00  7.8489885e-05  1.00000e+00  8.41594e-05  8.41594e-05
1.025910949e+00  7.8309484e-05  1.00000e+00  8.41608e-05  8.41608e-05
1.026116132e+00  7.8158207e-05  1.00000e+00  8.41612e-05  8.41612e-05
1.026321355e+00  7.8036229e-05  1.00000e+00  8.41609e-05  8.41609e-05
1.026526619e+00  7.7947436e-05  1.00000e+00  8.41601e-05  8.41601e-05
1.026731924e+00  7.7899863e-05  1.00000e+00  8.41589e-05  8.41589e-05
1.026937271e+00  7.7901936e-05  1.00000e+00  8.41575e-05  8.41575e-05
1.027142658e+00  7.7957029e-05  1.00000e+00  8.41564e-05  8.41564e-05
1.027348087e+00  7.8059512e-05  1.00000e+00  8.41556e-05  8.41556e-05
1.027553556e+00  7.8194409e-05  1.00000e+00  8.41556e-05  8.41556e-05
1.027759067e+00  7.8341021e-05  1.00000e+00  8.41563e-05  8.41563e-05
1.027964619e+00  7.8478718e-05  1.00000e+00  8.41578e-05  8.41578e-05
1.028170212e+00  7.8591978e-05  1.00000e+00  8.41600e-05  8.41600e-05
1.028375846e+00  7.8673002e-05  1.00000e+00  8.41627e-05  8.41627e-05
1.028581521e+00  7.8720873e-05  1.00000e+00  8.41657e-05  8.41657e-05
1.028787237e+00  7.8738881e-05  1.00000e+00  8.41689e-05  8.41689e-05
1.028992995e+00  7.8731614e-05  1.00000e+00  8.41722e-05  8.41722e-05
1.029198793e+00  7.8703065e-05  1.00000e+00  8.41753e-05  8.41753e-05
1.029404633e+00  7.8656349e-05  1.00000e+00  8.41782e-05  8.41782e-05
1.029610514e+00  7.8594430e-05  1.00000e+00  8.41808e-05  8.41808e-05
1.029816436e+00  7.8521236e-05  1.00000e+00  8.41831e-05  8.41831e-05
1.030022399e+00  7.8442319e-05  1.00000e+00  8.41849e-05  8.41849e-05
1.030228404e+00  7.8364981e-05  1.00000e+00  8.41863e-05  8.41863e-05
1.030434450e+00  7.8297516e-05  1.00000e+00  8.41873e-05  8.41873e-05
1.030640537e+00  7.8247879e-05  1.00000e+00  8.41880e-05  8.41880e-05
1.030846665e+00  7.8221917e-05  1.00000e+00  8.41885e-05  8.41885e-05
1.031052834e+00  7.8221569e-05  1.00000e+00  8.41889e-05  8.41889e-05
1.031259045e+00  7.8243881e-05  1.00000e+00  8.41894e-05  8.41894e-05
1.031465296e+00  7.8281236e-05  1.00000e+00  8.41900e-05  8.41900e-05
1.031671589e+00  7.8323051e-05  1.00000e+00  8.41909e-05  8.41909e-05
1.031877924e+00  7.8358586e-05  1.00000e+00  8.41920e-05  8.41920e-05
1.032084299e+00  7.8379847e-05  1.00000e+00  8.41933e-05  8.41933e-05
1.032290716e+00  7.8383565e-05  1.00000e+00  8.41946e-05  8.41946e-05
1.032497174e+00  7.8371653e-05  1.00000e+00  8.41959e-05  8.41959e-05
1.032703674e+00  7.8349878e-05  1.00000e+00  8.41971e-05  8.41971e-05
1.032910214e+00  7.8325410e-05  1.00000e+00  8.41982e-05  8.41982e-05
1.033116797e+00  7.8304291e-05  1.00000e+00  8.41991e-05  8.41991e-05
1.033323420e+00  7.8289595e-05  1.00000e+00  8.42000e-05  8.42000e-05
1.033530085e+00  7.8280947e-05  1.00000e+00  8.42008e-05  8.42008e-05
1.033736791e+00  7.8275256e-05  1.00000e+00  8.42016e-05  8.42016e-05
1.033943538e+00  7.8268134e-05  1.00000e+00  8.42023e-05  8.42023e-05
1.034150327e+00  7.8255321e-05  1.00000e+00  8.42030e-05  8.42030e-05
1.034357157e+00  7.8233699e-05  1.00000e+00  8.42037e-05  8.42037e-05
1.034564028e+00  7.8201696e-05  1.00000e+00  8.42041e-05  8.42041e-05
1.034770941e+00  7.8159213e-05  1.00000e+00  8.42044e-05  8.42044e-05
1.034977895e+00  7.8107463e-05  1.00000e+00  8.42044e-05  8.42044e-05
1.035184891e+00  7.8048904e-05  1.00000e+00  8.42042e-05  8.42042e-05
1.035391928e+00  7.7987362e-05  1.00000e+00  8.42036e-05  8.42036e-05
1.035599006e+00  7.7928200e-05  1.00000e+00  8.42027e-05  8.42027e-05
1.035806126e+00  7.7878229e-05  1.00000e+00  8.42015e-05  8.42015e-05
1.036013287e+00  7.7845126e-05  1.00000e+00  8.42002e-05  8.42002e-05
1.036220490e+00  7.7836135e-05  1.00000e+00  8.41987e-05  8.41987e-05
1.036427734e+00  7.7856323e-05  1.00000e+00  8.41972e-05  8.41972e-05
1.036635019e+00  7.7906724e-05  1.00000e+00  8.41960e-05  8.41960e-05
1.036842346e+00  7.7983114e-05  1.00000e+00  8.41951e-05  8.41951e-05
1.037049715e+00  7.8076019e-05  1.00000e+00  8.41947e-05  8.41947e-05
1.037257125e+00  7.8172248e-05  1.00000e+00  8.41948e-05  8.41948e-05
1.037464576e+00  7.8257709e-05  1.00000e+00  8.41954e-05  8.41954e-05
1.037672069e+00  7.8320696e-05  1.00000e+00  8.41964e-05  8.41964e-05
1.037879604e+00  7.8354647e-05  1.00000e+00  8.41977e-05  8.41977e-05
1.038087180e+00  7.8359374e-05  1.00000e+00  8.41991e-05  8.41991e-05
1.038294797e+00  7.8340556e-05  1.00000e+00  8.42004e-05  8.42004e-05
1.038502456e+00  7.8307568e-05  1.00000e+00  8.42016e-05  8.42016e-05
1.038710156e+00  7.8270522e-05  1.00000e+00  8.42026e-05  8.42026e-05
1.038917898e+00  7.8237471e-05  1.00000e+00  8.42035e-05  8.42035e-05
1.039125682e+00  7.8212501e-05  1.00000e+00  8.42041e-05  8.42041e-05
1.039333507e+00  7.8194998e-05  1.00000e+00  8.42047e-05  8.42047e-05
1.039541374e+00  7.8179901e-05  1.00000e+00  8.42052e-05  8.42052e-05
1.039749282e+00  7.8158437e-05  1.00000e+00  8.42056e-05  8.42056e-05
1.039957232e+00  7.8118940e-05  1.00000e+00  8.42058e-05  8.42058e-05
1.040165223e+00  7.8047601e-05  1.00000e+00  8.42058e-05  8.42058e-05
1.040373256e+00  7.7929489e-05  1.00000e+00  8.42053e-05  8.42053e-05
1.040581331e+00  7.7750401e-05  1.00000e+00  8.42040e-05  8.42040e-05
1.040789447e+00  7.7499972e-05  1.00000e+00  8.42015e-05  8.42015e-05
1.040997605e+00  7.7175909e-05  1.00000e+00  8.41976e-05  8.41976e-05
1.041205805e+00  7.6788306e-05  1.00000e+00  8.41917e-05  8.41917e-05
1.041414046e+00  7.6362280e-05  1.00000e+00  8.41837e-05  8.41837e-05
1.041622329e+00  7.5937127e-05  1.00000e+00  8.41735e-05  8.41735e-05
1.041830653e+00  7.5560926e-05  1.00000e+00  8.41611e-05  8.41611e-05
1.042039019e+00  7.5281254e-05  1.00000e+00  8.41470e-05  8.41470e-05
1.042247427e+00  7.5134386e-05  1.00000e+00  8.41318e-05  8.41318e-05
1.042455877e+00  7.5136374e-05  1.00000e+00  8.41164e-05  8.41164e-05
1.042664368e+00  7.5279083e-05  1.00000e+00  8.41014e-05  8.41014e-05
1.042872901e+00  7.5532599e-05  1.00000e+00  8.40875e-05  8.40875e-05
1.043081475e+00  7.5853089e-05  1.00000e+00  8.40753e-05  8.40753e-05
1.043290092e+00  7.6193324e-05  1.00000e+00  8.40650e-05  8.40650e-05
1.043498750e+00  7.6512495e-05  1.00000e+00  8.40565e-05  8.40565e-05
1.043707449e+00  7.6782617e-05  1.00000e+00  8.40496e-05  8.40496e-05
1.043916191e+00  7.6990509e-05  1.00000e+00  8.40441e-05  8.40441e-05
1.044124974e+00  7.7135918e-05  1.00000e+00  8.40395e-05  8.40395e-05
1.044333799e+00  7.7227397e-05  1.00000e+00  8.40357e-05  8.40357e-05
1.044542666e+00  7.7277714e-05  1.00000e+00  8.40322e-05  8.40322e-05
1.044751574e+00  7.7300090e-05  1.00000e+00  8.40289e-05  8.40289e-05
1.044960525e+00  7.7305787e-05  1.00000e+00  8.40257e-05  8.40257e-05
1.045169517e+00  7.7303119e-05  1.00000e+00  8.40226e-05  8.40226e-05
1.045378551e+00  7.7297346e-05  1.00000e+00  8.40195e-05  8.40195e-05
1.045587626e+00  7.7291120e-05  1.00000e+00  8.40163e-05  8.40163e-05
1.045796744e+00  7.7285068e-05  1.00000e+00  8.40132e-05  8.40132e-05
1.046005903e+00  7.7277065e-05  1.00000e+00  8.40100e-05  8.40100e-05
1.046215104e+00  7.7262559e-05  1.00000e+00  8.40068e-05  8.40068e-05
1.046424347e+00  7.7231720e-05  1.00000e+00  8.40036e-05  8.40036e-05
1.046633632e+00  7.7163367e-05  1.00000e+00  8.40003e-05  8.40003e-05
1.046842959e+00  7.7011674e-05  1.00000e+00  8.39968e-05  8.39968e-05
1.047052328e+00  7.6678981e-05  1.00000e+00  8.39931e-05  8.39931e-05
1.047261738e+00  7.5963804e-05  1.00000e+00  8.39889e-05  8.39889e-05
1.047471190e+00  7.4468239e-05  1.00000e+00  8.39843e-05  8.39843e-05
1.047680685e+00  7.1445259e-05  1.00000e+00  8.39790e-05  8.39790e-05
1.047890221e+00  6.5568069e-05  1.00000e+00  8.39730e-05  8.39730e-05
1.048099799e+00  5.4615426e-05  1.00000e+00  8.39663e-05  8.39663e-05
1.048309419e+00  3.5092968e-05  1.00000e+00  8.39593e-05  8.39593e-05
1.048519081e+00  1.8505669e-06  1.00000e+00  8.39525e-05  8.39525e-05
1.048728785e+00 -5.2199124e-05  1.00000e+00  8.39467e-05  8.39467e-05
1.048938530e+00 -1.3612387e-04  1.00000e+00  8.39431e-05  8.39431e-05
1.049148318e+00 -2.6064415e-04  1.00000e+00  8.39431e-05  8.39431e-05
1.049358148e+00 -4.3736042e-04  1.00000e+00  8.39482e-05  8.39482e-05
1.049568019e+00 -6.7757182e-04  1.00000e+00  8.39598e-05  8.39598e-05
1.049777933e+00 -9.9085907e-04  1.00000e+00  8.39789e-05  8.39789e-05
1.049987888e+00 -1.3837152e-03  1.00000e+00  8.40063e-05  8.40063e-05
