 Wave/freq Total
5.000000000e-01  6.6092144e-07
5.001000000e-01  6.6124144e-07
5.002000200e-01  6.6161531e-07
5.003000600e-01  6.6203903e-07
5.004001200e-01  6.6250646e-07
5.005002000e-01  6.6301024e-07
5.006003001e-01  6.6354268e-07
5.007004201e-01  6.6409653e-07
5.008005602e-01  6.6466550e-07
5.009007203e-01  6.6524455e-07
5.010009005e-01  6.6582985e-07
5.011011007e-01  6.6641869e-07
5.012013209e-01  6.6700924e-07
5.013015611e-01  6.6760026e-07
5.014018215e-01  6.6819092e-07
5.015021018e-01  6.6878059e-07
5.016024022e-01  6.6936869e-07
5.017027227e-01  6.6995464e-07
5.018030633e-01  6.7053777e-07
5.019034239e-01  6.7111737e-07
5.020038046e-01  6.7169265e-07
5.021042053e-01  6.7226280e-07
5.022046262e-01  6.7282700e-07
5.023050671e-01  6.7338446e-07
5.024055281e-01  6.7393445e-07
5.025060092e-01  6.7447631e-07
5.026065104e-01  6.7500949e-07
5.027070317e-01  6.7553348e-07
5.028075731e-01  6.7604785e-07
5.029081346e-01  6.7655214e-07
5.030087163e-01  6.7704585e-07
5.031093180e-01  6.7752837e-07
5.032099399e-01  6.7799896e-07
5.033105819e-01  6.7845682e-07
5.034112440e-01  6.7890107e-07
5.035119262e-01  6.7933085e-07
5.036126286e-01  6.7974535e-07
5.037133511e-01  6.8014389e-07
5.038140938e-01  6.8052586e-07
5.039148566e-01  6.8089081e-07
5.040156396e-01  6.8123833e-07
5.041164427e-01  6.8156810e-07
5.042172660e-01  6.8187982e-07
5.043181095e-01  6.8217323e-07
5.044189731e-01  6.8244805e-07
5.045198569e-01  6.8270405e-07
5.046207609e-01  6.8294100e-07
5.047216850e-01  6.8315873e-07
5.048226293e-01  6.8335710e-07
5.049235939e-01  6.8353604e-07
5.050245786e-01  6.8369549e-07
5.051255835e-01  6.8383541e-07
5.052266086e-01  6.8395577e-07
5.053276539e-01  6.8405656e-07
5.054287195e-01  6.8413774e-07
5.055298052e-01  6.8419933e-07
5.056309112e-01  6.8424137e-07
5.057320374e-01  6.8426400e-07
5.058331838e-01  6.8426744e-07
5.059343504e-01  6.8425205e-07
5.060355373e-01  6.8421828e-07
5.061367444e-01  6.8416669e-07
5.062379717e-01  6.8409791e-07
5.063392193e-01  6.8401256e-07
5.064404872e-01  6.8391129e-07
5.065417753e-01  6.8379466e-07
5.066430836e-01  6.8366321e-07
5.067444122e-01  6.8351743e-07
5.068457611e-01  6.8335778e-07
5.069471303e-01  6.8318476e-07
5.070485197e-01  6.8299888e-07
5.071499294e-01  6.8280076e-07
5.072513594e-01  6.8259111e-07
5.073528097e-01  6.8237075e-07
5.074542802e-01  6.8214056e-07
5.075557711e-01  6.8190154e-07
5.076572822e-01  6.8165470e-07
5.077588137e-01  6.8140110e-07
5.078603654e-01  6.8114178e-07
5.079619375e-01  6.8087778e-07
5.080635299e-01  6.8061011e-07
5.081651426e-01  6.8033974e-07
5.082667756e-01  6.8006765e-07
5.083684290e-01  6.7979475e-07
5.084701027e-01  6.7952194e-07
5.085717967e-01  6.7925006e-07
5.086735111e-01  6.7897989e-07
5.087752458e-01  6.7871213e-07
5.088770008e-01  6.7844743e-07
5.089787762e-01  6.7818636e-07
5.090805720e-01  6.7792945e-07
5.091823881e-01  6.7767722e-07
5.092842246e-01  6.7743019e-07
5.093860814e-01  6.7718892e-07
5.094879586e-01  6.7695398e-07
5.095898562e-01  6.7672597e-07
5.096917742e-01  6.7650547e-07
5.097937125e-01  6.7629298e-07
5.098956713e-01  6.7608894e-07
5.099976504e-01  6.7589371e-07
5.100996499e-01  6.7570757e-07
5.102016699e-01  6.7553076e-07
5.103037102e-01  6.7536354e-07
5.104057710e-01  6.7520622e-07
5.105078521e-01  6.7505910e-07
5.106099537e-01  6.7492256e-07
5.107120757e-01  6.7479693e-07
5.108142181e-01  6.7468256e-07
5.109163809e-01  6.7457972e-07
5.110185642e-01  6.7448868e-07
5.111207679e-01  6.7440964e-07
5.112229921e-01  6.7434279e-07
5.113252367e-01  6.7428828e-07
5.114275017e-01  6.7424622e-07
5.115297872e-01  6.7421668e-07
5.116320932e-01  6.7419966e-07
5.117344196e-01  6.7419509e-07
5.118367665e-01  6.7420287e-07
5.119391338e-01  6.7422280e-07
5.120415217e-01  6.7425468e-07
5.121439300e-01  6.7429825e-07
5.122463587e-01  6.7435325e-07
5.123488080e-01  6.7441937e-07
5.124512778e-01  6.7449631e-07
5.125537680e-01  6.7458375e-07
5.126562788e-01  6.7468132e-07
5.127588100e-01  6.7478866e-07
5.128613618e-01  6.7490536e-07
5.129639341e-01  6.7503098e-07
5.130665269e-01  6.7516505e-07
5.131691402e-01  6.7530705e-07
5.132717740e-01  6.7545638e-07
5.133744284e-01  6.7561245e-07
5.134771032e-01  6.7577459e-07
5.135797987e-01  6.7594209e-07
5.136825146e-01  6.7611424e-07
5.137852511e-01  6.7629030e-07
5.138880082e-01  6.7646955e-07
5.139907858e-01  6.7665126e-07
5.140935839e-01  6.7683479e-07
5.141964027e-01  6.7701954e-07
5.142992419e-01  6.7720500e-07
5.144021018e-01  6.7739073e-07
5.145049822e-01  6.7757635e-07
5.146078832e-01  6.7776153e-07
5.147108048e-01  6.7794594e-07
5.148137469e-01  6.7812924e-07
5.149167097e-01  6.7831107e-07
5.150196930e-01  6.7849106e-07
5.151226970e-01  6.7866888e-07
5.152257215e-01  6.7884423e-07
5.153287666e-01  6.7901693e-07
5.154318324e-01  6.7918685e-07
5.155349188e-01  6.7935399e-07
5.156380258e-01  6.7951840e-07
5.157411534e-01  6.7968017e-07
5.158443016e-01  6.7983942e-07
5.159474704e-01  6.7999624e-07
5.160506599e-01  6.8015067e-07
5.161538701e-01  6.8030277e-07
5.162571008e-01  6.8045253e-07
5.163603523e-01  6.8059998e-07
5.164636243e-01  6.8074514e-07
5.165669171e-01  6.8088805e-07
5.166702304e-01  6.8102876e-07
5.167735645e-01  6.8116734e-07
5.168769192e-01  6.8130385e-07
5.169802946e-01  6.8143840e-07
5.170836906e-01  6.8157111e-07
5.171871074e-01  6.8170214e-07
5.172905448e-01  6.8183169e-07
5.173940029e-01  6.8196002e-07
5.174974817e-01  6.8208745e-07
5.176009812e-01  6.8221440e-07
5.177045014e-01  6.8234136e-07
5.178080423e-01  6.8246897e-07
5.179116039e-01  6.8259798e-07
5.180151862e-01  6.8272923e-07
5.181187893e-01  6.8286353e-07
5.182224130e-01  6.8300159e-07
5.183260575e-01  6.8314385e-07
5.184297227e-01  6.8329048e-07
5.185334087e-01  6.8344128e-07
5.186371154e-01  6.8359584e-07
5.187408428e-01  6.8375363e-07
5.188445909e-01  6.8391417e-07
5.189483599e-01  6.8407715e-07
5.190521495e-01  6.8424246e-07
5.191559600e-01  6.8441028e-07
5.192597912e-01  6.8458097e-07
5.193636431e-01  6.8475505e-07
5.194675158e-01  6.8493316e-07
5.195714093e-01  6.8511595e-07
5.196753236e-01  6.8530405e-07
5.197792587e-01  6.8549800e-07
5.198832145e-01  6.8569821e-07
5.199871912e-01  6.8590488e-07
5.200911886e-01  6.8611807e-07
5.201952069e-01  6.8633772e-07
5.202992459e-01  6.8656375e-07
5.204033058e-01  6.8679615e-07
5.205073864e-01  6.8703502e-07
5.206114879e-01  6.8728064e-07
5.207156102e-01  6.8753343e-07
5.208197533e-01  6.8779391e-07
5.209239173e-01  6.8806267e-07
5.210281020e-01  6.8834027e-07
5.211323077e-01  6.8862720e-07
5.212365341e-01  6.8892381e-07
5.213407814e-01  6.8923029e-07
5.214450496e-01  6.8954664e-07
5.215493386e-01  6.8987268e-07
5.216536485e-01  6.9020807e-07
5.217579792e-01  6.9055235e-07
5.218623308e-01  6.9090502e-07
5.219667033e-01  6.9126554e-07
5.220710966e-01  6.9163345e-07
5.221755108e-01  6.9200834e-07
5.222799459e-01  6.9238994e-07
5.223844019e-01  6.9277809e-07
5.224888788e-01  6.9317273e-07
5.225933766e-01  6.9357391e-07
5.226978952e-01  6.9398168e-07
5.228024348e-01  6.9439613e-07
5.229069953e-01  6.9481729e-07
5.230115767e-01  6.9524515e-07
5.231161790e-01  6.9567966e-07
5.232208023e-01  6.9612070e-07
5.233254464e-01  6.9656814e-07
5.234301115e-01  6.9702184e-07
5.235347975e-01  6.9748168e-07
5.236395045e-01  6.9794752e-07
5.237442324e-01  6.9841925e-07
5.238489812e-01  6.9889676e-07
5.239537510e-01  6.9937988e-07
5.240585418e-01  6.9986841e-07
5.241633535e-01  7.0036206e-07
5.242681862e-01  7.0086047e-07
5.243730398e-01  7.0136321e-07
5.244779144e-01  7.0186987e-07
5.245828100e-01  7.0238004e-07
5.246877266e-01  7.0289337e-07
5.247926641e-01  7.0340964e-07
5.248976226e-01  7.0392870e-07
5.250026022e-01  7.0445045e-07
5.251076027e-01  7.0497485e-07
5.252126242e-01  7.0550182e-07
5.253176667e-01  7.0603122e-07
5.254227303e-01  7.0656288e-07
5.255278148e-01  7.0709658e-07
5.256329204e-01  7.0763208e-07
5.257380470e-01  7.0816918e-07
5.258431946e-01  7.0870771e-07
5.259483632e-01  7.0924755e-07
5.260535529e-01  7.0978864e-07
5.261587636e-01  7.1033087e-07
5.262639953e-01  7.1087413e-07
5.263692481e-01  7.1141822e-07
5.264745220e-01  7.1196282e-07
5.265798169e-01  7.1250755e-07
5.266851329e-01  7.1305196e-07
5.267904699e-01  7.1359557e-07
5.268958280e-01  7.1413791e-07
5.270012071e-01  7.1467858e-07
5.271066074e-01  7.1521725e-07
5.272120287e-01  7.1575367e-07
5.273174711e-01  7.1628764e-07
5.274229346e-01  7.1681902e-07
5.275284192e-01  7.1734771e-07
5.276339249e-01  7.1787363e-07
5.277394517e-01  7.1839670e-07
5.278449995e-01  7.1891685e-07
5.279505685e-01  7.1943398e-07
5.280561587e-01  7.1994798e-07
5.281617699e-01  7.2045869e-07
5.282674022e-01  7.2096591e-07
5.283730557e-01  7.2146938e-07
5.284787303e-01  7.2196880e-07
5.285844261e-01  7.2246384e-07
5.286901430e-01  7.2295415e-07
5.287958810e-01  7.2343942e-07
5.289016402e-01  7.2391934e-07
5.290074205e-01  7.2439365e-07
5.291132220e-01  7.2486210e-07
5.292190446e-01  7.2532446e-07
5.293248884e-01  7.2578047e-07
5.294307534e-01  7.2622985e-07
5.295366396e-01  7.2667232e-07
5.296425469e-01  7.2710761e-07
5.297484754e-01  7.2753545e-07
5.298544251e-01  7.2795562e-07
5.299603960e-01  7.2836791e-07
5.300663881e-01  7.2877214e-07
5.301724013e-01  7.2916813e-07
5.302784358e-01  7.2955569e-07
5.303844915e-01  7.2993457e-07
5.304905684e-01  7.3030450e-07
5.305966665e-01  7.3066515e-07
5.307027859e-01  7.3101620e-07
5.308089264e-01  7.3135732e-07
5.309150882e-01  7.3168826e-07
5.310212712e-01  7.3200885e-07
5.311274755e-01  7.3231903e-07
5.312337010e-01  7.3261881e-07
5.313399477e-01  7.3290832e-07
5.314462157e-01  7.3318770e-07
5.315525049e-01  7.3345710e-07
5.316588154e-01  7.3371660e-07
5.317651472e-01  7.3396620e-07
5.318715002e-01  7.3420579e-07
5.319778745e-01  7.3443515e-07
5.320842701e-01  7.3465398e-07
5.321906870e-01  7.3486196e-07
5.322971251e-01  7.3505876e-07
5.324035845e-01  7.3524413e-07
5.325100652e-01  7.3541787e-07
5.326165673e-01  7.3557985e-07
5.327230906e-01  7.3573001e-07
5.328296352e-01  7.3586833e-07
5.329362011e-01  7.3599484e-07
5.330427884e-01  7.3610956e-07
5.331493969e-01  7.3621260e-07
5.332560268e-01  7.3630406e-07
5.333626780e-01  7.3638412e-07
5.334693505e-01  7.3645298e-07
5.335760444e-01  7.3651087e-07
5.336827596e-01  7.3655807e-07
5.337894962e-01  7.3659486e-07
5.338962541e-01  7.3662161e-07
5.340030333e-01  7.3663871e-07
5.341098339e-01  7.3664662e-07
5.342166559e-01  7.3664586e-07
5.343234992e-01  7.3663699e-07
5.344303639e-01  7.3662059e-07
5.345372500e-01  7.3659725e-07
5.346441574e-01  7.3656755e-07
5.347510863e-01  7.3653207e-07
5.348580365e-01  7.3649141e-07
5.349650081e-01  7.3644620e-07
5.350720011e-01  7.3639711e-07
5.351790155e-01  7.3634485e-07
5.352860513e-01  7.3629017e-07
5.353931085e-01  7.3623382e-07
5.355001871e-01  7.3617655e-07
5.356072872e-01  7.3611906e-07
5.357144086e-01  7.3606202e-07
5.358215515e-01  7.3600603e-07
5.359287158e-01  7.3595165e-07
5.360359016e-01  7.3589941e-07
5.361431087e-01  7.3584983e-07
5.362503374e-01  7.3580346e-07
5.363575874e-01  7.3576091e-07
5.364648589e-01  7.3572284e-07
5.365721519e-01  7.3568998e-07
5.366794663e-01  7.3566309e-07
5.367868022e-01  7.3564290e-07
5.368941596e-01  7.3563006e-07
5.370015384e-01  7.3562510e-07
5.371089387e-01  7.3562838e-07
5.372163605e-01  7.3564010e-07
5.373238038e-01  7.3566036e-07
5.374312686e-01  7.3568915e-07
5.375387548e-01  7.3572647e-07
5.376462626e-01  7.3577230e-07
5.377537918e-01  7.3582669e-07
5.378613426e-01  7.3588974e-07
5.379689148e-01  7.3596163e-07
5.380765086e-01  7.3604257e-07
5.381841239e-01  7.3613287e-07
5.382917608e-01  7.3623291e-07
5.383994191e-01  7.3634315e-07
5.385070990e-01  7.3646411e-07
5.386148004e-01  7.3659641e-07
5.387225234e-01  7.3674066e-07
5.388302679e-01  7.3689749e-07
5.389380339e-01  7.3706746e-07
5.390458215e-01  7.3725104e-07
5.391536307e-01  7.3744859e-07
5.392614614e-01  7.3766038e-07
5.393693137e-01  7.3788660e-07
5.394771876e-01  7.3812742e-07
5.395850830e-01  7.3838296e-07
5.396930000e-01  7.3865329e-07
5.398009386e-01  7.3893839e-07
5.399088988e-01  7.3923806e-07
5.400168806e-01  7.3955192e-07
5.401248840e-01  7.3987934e-07
5.402329090e-01  7.4021950e-07
5.403409555e-01  7.4057141e-07
5.404490237e-01  7.4093395e-07
5.405571135e-01  7.4130598e-07
5.406652250e-01  7.4168633e-07
5.407733580e-01  7.4207382e-07
5.408815127e-01  7.4246727e-07
5.409896890e-01  7.4286548e-07
5.410978869e-01  7.4326723e-07
5.412061065e-01  7.4367124e-07
5.413143477e-01  7.4407617e-07
5.414226106e-01  7.4448061e-07
5.415308951e-01  7.4488307e-07
5.416392013e-01  7.4528200e-07
5.417475291e-01  7.4567587e-07
5.418558786e-01  7.4606315e-07
5.419642498e-01  7.4644249e-07
5.420726427e-01  7.4681268e-07
5.421810572e-01  7.4717280e-07
5.422894934e-01  7.4752216e-07
5.423979513e-01  7.4786028e-07
5.425064309e-01  7.4818681e-07
5.426149322e-01  7.4850145e-07
5.427234552e-01  7.4880388e-07
5.428319998e-01  7.4909367e-07
5.429405662e-01  7.4937028e-07
5.430491544e-01  7.4963315e-07
5.431577642e-01  7.4988176e-07
5.432663957e-01  7.5011571e-07
5.433750490e-01  7.5033490e-07
5.434837240e-01  7.5053950e-07
5.435924208e-01  7.5072999e-07
5.437011393e-01  7.5090707e-07
5.438098795e-01  7.5107154e-07
5.439186415e-01  7.5122417e-07
5.440274252e-01  7.5136559e-07
5.441362307e-01  7.5149624e-07
5.442450579e-01  7.5161635e-07
5.443539069e-01  7.5172597e-07
5.444627777e-01  7.5182507e-07
5.445716703e-01  7.5191361e-07
5.446805846e-01  7.5199166e-07
5.447895207e-01  7.5205950e-07
5.448984786e-01  7.5211768e-07
5.450074583e-01  7.5216704e-07
5.451164598e-01  7.5220869e-07
5.452254831e-01  7.5224396e-07
5.453345282e-01  7.5227429e-07
5.454435951e-01  7.5230111e-07
5.455526838e-01  7.5232576e-07
5.456617944e-01  7.5234940e-07
5.457709267e-01  7.5237297e-07
5.458800809e-01  7.5239719e-07
5.459892569e-01  7.5242260e-07
5.460984548e-01  7.5244956e-07
5.462076745e-01  7.5247837e-07
5.463169160e-01  7.5250922e-07
5.464261794e-01  7.5254232e-07
5.465354646e-01  7.5257783e-07
5.466447717e-01  7.5261590e-07
5.467541007e-01  7.5265664e-07
5.468634515e-01  7.5270012e-07
5.469728242e-01  7.5274638e-07
5.470822187e-01  7.5279541e-07
5.471916352e-01  7.5284720e-07
5.473010735e-01  7.5290169e-07
5.474105337e-01  7.5295886e-07
5.475200158e-01  7.5301868e-07
5.476295198e-01  7.5308114e-07
5.477390457e-01  7.5314620e-07
5.478485936e-01  7.5321383e-07
5.479581633e-01  7.5328393e-07
5.480677549e-01  7.5335638e-07
5.481773685e-01  7.5343104e-07
5.482870039e-01  7.5350773e-07
5.483966613e-01  7.5358628e-07
5.485063407e-01  7.5366656e-07
5.486160419e-01  7.5374851e-07
5.487257651e-01  7.5383212e-07
5.488355103e-01  7.5391743e-07
5.489452774e-01  7.5400455e-07
5.490550665e-01  7.5409359e-07
5.491648775e-01  7.5418465e-07
5.492747104e-01  7.5427778e-07
5.493845654e-01  7.5437297e-07
5.494944423e-01  7.5447015e-07
5.496043412e-01  7.5456922e-07
5.497142621e-01  7.5467010e-07
5.498242049e-01  7.5477272e-07
5.499341697e-01  7.5487708e-07
5.500441566e-01  7.5498326e-07
5.501541654e-01  7.5509136e-07
5.502641962e-01  7.5520149e-07
5.503742491e-01  7.5531371e-07
5.504843239e-01  7.5542804e-07
5.505944208e-01  7.5554440e-07
5.507045397e-01  7.5566265e-07
5.508146806e-01  7.5578267e-07
5.509248435e-01  7.5590433e-07
5.510350285e-01  7.5602759e-07
5.511452355e-01  7.5615250e-07
5.512554645e-01  7.5627919e-07
5.513657156e-01  7.5640786e-07
5.514759888e-01  7.5653877e-07
5.515862840e-01  7.5667214e-07
5.516966012e-01  7.5680818e-07
5.518069406e-01  7.5694705e-07
5.519173019e-01  7.5708881e-07
5.520276854e-01  7.5723348e-07
5.521380909e-01  7.5738098e-07
5.522485186e-01  7.5753124e-07
5.523589683e-01  7.5768414e-07
5.524694401e-01  7.5783960e-07
5.525799339e-01  7.5799756e-07
5.526904499e-01  7.5815803e-07
5.528009880e-01  7.5832108e-07
5.529115482e-01  7.5848681e-07
5.530221305e-01  7.5865537e-07
5.531327350e-01  7.5882693e-07
5.532433615e-01  7.5900164e-07
5.533540102e-01  7.5917962e-07
5.534646810e-01  7.5936097e-07
5.535753739e-01  7.5954578e-07
5.536860890e-01  7.5973412e-07
5.537968262e-01  7.5992604e-07
5.539075856e-01  7.6012162e-07
5.540183671e-01  7.6032090e-07
5.541291708e-01  7.6052397e-07
5.542399966e-01  7.6073088e-07
5.543508446e-01  7.6094174e-07
5.544617148e-01  7.6115667e-07
5.545726071e-01  7.6137581e-07
5.546835216e-01  7.6159932e-07
5.547944583e-01  7.6182739e-07
5.549054172e-01  7.6206016e-07
5.550163983e-01  7.6229778e-07
5.551274016e-01  7.6254032e-07
5.552384271e-01  7.6278784e-07
5.553494748e-01  7.6304037e-07
5.554605447e-01  7.6329790e-07
5.555716368e-01  7.6356048e-07
5.556827511e-01  7.6382816e-07
5.557938876e-01  7.6410102e-07
5.559050464e-01  7.6437918e-07
5.560162274e-01  7.6466276e-07
5.561274307e-01  7.6495184e-07
5.562386562e-01  7.6524650e-07
5.563499039e-01  7.6554675e-07
5.564611739e-01  7.6585262e-07
5.565724661e-01  7.6616412e-07
5.566837806e-01  7.6648131e-07
5.567951174e-01  7.6680427e-07
5.569064764e-01  7.6713312e-07
5.570178577e-01  7.6746800e-07
5.571292612e-01  7.6780901e-07
5.572406871e-01  7.6815619e-07
5.573521352e-01  7.6850948e-07
5.574636057e-01  7.6886872e-07
5.575750984e-01  7.6923367e-07
5.576866134e-01  7.6960401e-07
5.577981507e-01  7.6997942e-07
5.579097104e-01  7.7035964e-07
5.580212923e-01  7.7074449e-07
5.581328966e-01  7.7113390e-07
5.582445231e-01  7.7152794e-07
5.583561720e-01  7.7192672e-07
5.584678433e-01  7.7233034e-07
5.585795368e-01  7.7273884e-07
5.586912527e-01  7.7315211e-07
5.588029910e-01  7.7356991e-07
5.589147516e-01  7.7399185e-07
5.590265345e-01  7.7441749e-07
5.591383399e-01  7.7484633e-07
5.592501675e-01  7.7527790e-07
5.593620176e-01  7.7571177e-07
5.594738900e-01  7.7614753e-07
5.595857847e-01  7.7658484e-07
5.596977019e-01  7.7702337e-07
5.598096414e-01  7.7746285e-07
5.599216034e-01  7.7790308e-07
5.600335877e-01  7.7834391e-07
5.601455944e-01  7.7878520e-07
5.602576235e-01  7.7922685e-07
5.603696750e-01  7.7966865e-07
5.604817490e-01  7.8011036e-07
5.605938453e-01  7.8055159e-07
5.607059641e-01  7.8099191e-07
5.608181053e-01  7.8143084e-07
5.609302689e-01  7.8186795e-07
5.610424550e-01  7.8230285e-07
5.611546635e-01  7.8273525e-07
5.612668944e-01  7.8316493e-07
5.613791478e-01  7.8359175e-07
5.614914236e-01  7.8401554e-07
5.616037219e-01  7.8443614e-07
5.617160426e-01  7.8485331e-07
5.618283858e-01  7.8526678e-07
5.619407515e-01  7.8567621e-07
5.620531397e-01  7.8608130e-07
5.621655503e-01  7.8648173e-07
5.622779834e-01  7.8687725e-07
5.623904390e-01  7.8726767e-07
5.625029171e-01  7.8765288e-07
5.626154177e-01  7.8803282e-07
5.627279408e-01  7.8840746e-07
5.628404863e-01  7.8877680e-07
5.629530544e-01  7.8914086e-07
5.630656450e-01  7.8949962e-07
5.631782582e-01  7.8985307e-07
5.632908938e-01  7.9020118e-07
5.634035520e-01  7.9054392e-07
5.635162327e-01  7.9088129e-07
5.636289360e-01  7.9121333e-07
5.637416618e-01  7.9154010e-07
5.638544101e-01  7.9186173e-07
5.639671810e-01  7.9217837e-07
5.640799744e-01  7.9249022e-07
5.641927904e-01  7.9279745e-07
5.643056290e-01  7.9310027e-07
5.644184901e-01  7.9339885e-07
5.645313738e-01  7.9369334e-07
5.646442801e-01  7.9398388e-07
5.647572089e-01  7.9427057e-07
5.648701604e-01  7.9455350e-07
5.649831344e-01  7.9483269e-07
5.650961310e-01  7.9510819e-07
5.652091502e-01  7.9537999e-07
5.653221921e-01  7.9564806e-07
5.654352565e-01  7.9591242e-07
5.655483436e-01  7.9617307e-07
5.656614532e-01  7.9643008e-07
5.657745855e-01  7.9668356e-07
5.658877404e-01  7.9693365e-07
5.660009180e-01  7.9718052e-07
5.661141182e-01  7.9742437e-07
5.662273410e-01  7.9766541e-07
5.663405865e-01  7.9790386e-07
5.664538546e-01  7.9813997e-07
5.665671453e-01  7.9837407e-07
5.666804588e-01  7.9860650e-07
5.667937949e-01  7.9883767e-07
5.669071536e-01  7.9906799e-07
5.670205351e-01  7.9929784e-07
5.671339392e-01  7.9952758e-07
5.672473659e-01  7.9975745e-07
5.673608154e-01  7.9998763e-07
5.674742876e-01  8.0021823e-07
5.675877824e-01  8.0044929e-07
5.677013000e-01  8.0068082e-07
5.678148403e-01  8.0091280e-07
5.679284032e-01  8.0114523e-07
5.680419889e-01  8.0137804e-07
5.681555973e-01  8.0161120e-07
5.682692284e-01  8.0184462e-07
5.683828823e-01  8.0207823e-07
5.684965588e-01  8.0231196e-07
5.686102582e-01  8.0254579e-07
5.687239802e-01  8.0277972e-07
5.688377250e-01  8.0301386e-07
5.689514926e-01  8.0324832e-07
5.690652829e-01  8.0348327e-07
5.691790959e-01  8.0371887e-07
5.692929317e-01  8.0395522e-07
5.694067903e-01  8.0419235e-07
5.695206717e-01  8.0443018e-07
5.696345758e-01  8.0466851e-07
5.697485027e-01  8.0490702e-07
5.698624524e-01  8.0514528e-07
5.699764249e-01  8.0538284e-07
5.700904202e-01  8.0561919e-07
5.702044383e-01  8.0585387e-07
5.703184792e-01  8.0608645e-07
5.704325429e-01  8.0631658e-07
5.705466294e-01  8.0654397e-07
5.706607387e-01  8.0676839e-07
5.707748708e-01  8.0698964e-07
5.708890258e-01  8.0720754e-07
5.710032036e-01  8.0742192e-07
5.711174043e-01  8.0763261e-07
5.712316277e-01  8.0783939e-07
5.713458741e-01  8.0804206e-07
5.714601432e-01  8.0824037e-07
5.715744353e-01  8.0843405e-07
5.716887502e-01  8.0862280e-07
5.718030879e-01  8.0880631e-07
5.719174485e-01  8.0898427e-07
5.720318320e-01  8.0915639e-07
5.721462384e-01  8.0932245e-07
5.722606676e-01  8.0948226e-07
5.723751198e-01  8.0963574e-07
5.724895948e-01  8.0978282e-07
5.726040927e-01  8.0992345e-07
5.727186135e-01  8.1005754e-07
5.728331573e-01  8.1018491e-07
5.729477239e-01  8.1030528e-07
5.730623134e-01  8.1041830e-07
5.731769259e-01  8.1052355e-07
5.732915613e-01  8.1062061e-07
5.734062196e-01  8.1070907e-07
5.735209008e-01  8.1078861e-07
5.736356050e-01  8.1085899e-07
5.737503321e-01  8.1092008e-07
5.738650822e-01  8.1097182e-07
5.739798552e-01  8.1101429e-07
5.740946512e-01  8.1104761e-07
5.742094701e-01  8.1107200e-07
5.743243120e-01  8.1108768e-07
5.744391769e-01  8.1109486e-07
5.745540647e-01  8.1109370e-07
5.746689755e-01  8.1108428e-07
5.747839093e-01  8.1106652e-07
5.748988661e-01  8.1104022e-07
5.750138459e-01  8.1100504e-07
5.751288486e-01  8.1096055e-07
5.752438744e-01  8.1090624e-07
5.753589232e-01  8.1084160e-07
5.754739950e-01  8.1076618e-07
5.755890898e-01  8.1067967e-07
5.757042076e-01  8.1058193e-07
5.758193484e-01  8.1047307e-07
5.759345123e-01  8.1035342e-07
5.760496992e-01  8.1022350e-07
5.761649091e-01  8.1008401e-07
5.762801421e-01  8.0993568e-07
5.763953982e-01  8.0977927e-07
5.765106772e-01  8.0961547e-07
5.766259794e-01  8.0944489e-07
5.767413046e-01  8.0926803e-07
5.768566528e-01  8.0908534e-07
5.769720242e-01  8.0889717e-07
5.770874186e-01  8.0870385e-07
5.772028360e-01  8.0850568e-07
5.773182766e-01  8.0830299e-07
5.774337403e-01  8.0809611e-07
5.775492270e-01  8.0788548e-07
5.776647369e-01  8.0767163e-07
5.777802698e-01  8.0745524e-07
5.778958259e-01  8.0723717e-07
5.780114050e-01  8.0701843e-07
5.781270073e-01  8.0680016e-07
5.782426327e-01  8.0658338e-07
5.783582812e-01  8.0636877e-07
5.784739529e-01  8.0615637e-07
5.785896477e-01  8.0594522e-07
5.787053656e-01  8.0573330e-07
5.788211067e-01  8.0551764e-07
5.789368709e-01  8.0529479e-07
5.790526583e-01  8.0506158e-07
5.791684688e-01  8.0481584e-07
5.792843025e-01  8.0455703e-07
5.794001594e-01  8.0428643e-07
5.795160394e-01  8.0400684e-07
5.796319426e-01  8.0372197e-07
5.797478690e-01  8.0343559e-07
5.798638186e-01  8.0315080e-07
5.799797913e-01  8.0286964e-07
5.800957873e-01  8.0259291e-07
5.802118064e-01  8.0232048e-07
5.803278488e-01  8.0205161e-07
5.804439144e-01  8.0178535e-07
5.805600032e-01  8.0152088e-07
5.806761152e-01  8.0125767e-07
5.807922504e-01  8.0099551e-07
5.809084088e-01  8.0073449e-07
5.810245905e-01  8.0047491e-07
5.811407954e-01  8.0021715e-07
5.812570236e-01  7.9996167e-07
5.813732750e-01  7.9970890e-07
5.814895497e-01  7.9945925e-07
5.816058476e-01  7.9921308e-07
5.817221687e-01  7.9897073e-07
5.818385132e-01  7.9873249e-07
5.819548809e-01  7.9849862e-07
5.820712718e-01  7.9826937e-07
5.821876861e-01  7.9804490e-07
5.823041236e-01  7.9782536e-07
5.824205845e-01  7.9761085e-07
5.825370686e-01  7.9740141e-07
5.826535760e-01  7.9719706e-07
5.827701067e-01  7.9699775e-07
5.828866607e-01  7.9680335e-07
5.830032381e-01  7.9661369e-07
5.831198387e-01  7.9642855e-07
5.832364627e-01  7.9624764e-07
5.833531100e-01  7.9607065e-07
5.834697806e-01  7.9589730e-07
5.835864745e-01  7.9572734e-07
5.837031918e-01  7.9556060e-07
5.838199325e-01  7.9539699e-07
5.839366965e-01  7.9523650e-07
5.840534838e-01  7.9507917e-07
5.841702945e-01  7.9492508e-07
5.842871286e-01  7.9477433e-07
5.844039860e-01  7.9462704e-07
5.845208668e-01  7.9448331e-07
5.846377710e-01  7.9434328e-07
5.847546985e-01  7.9420707e-07
5.848716495e-01  7.9407481e-07
5.849886238e-01  7.9394666e-07
5.851056215e-01  7.9382275e-07
5.852226426e-01  7.9370321e-07
5.853396872e-01  7.9358817e-07
5.854567551e-01  7.9347772e-07
5.855738464e-01  7.9337193e-07
5.856909612e-01  7.9327085e-07
5.858080994e-01  7.9317450e-07
5.859252610e-01  7.9308289e-07
5.860424461e-01  7.9299598e-07
5.861596546e-01  7.9291373e-07
5.862768865e-01  7.9283610e-07
5.863941419e-01  7.9276302e-07
5.865114207e-01  7.9269445e-07
5.866287230e-01  7.9263039e-07
5.867460487e-01  7.9257086e-07
5.868633979e-01  7.9251591e-07
5.869807706e-01  7.9246564e-07
5.870981668e-01  7.9242018e-07
5.872155864e-01  7.9237965e-07
5.873330295e-01  7.9234415e-07
5.874504961e-01  7.9231377e-07
5.875679862e-01  7.9228855e-07
5.876854998e-01  7.9226852e-07
5.878030369e-01  7.9225370e-07
5.879205975e-01  7.9224408e-07
5.880381817e-01  7.9223971e-07
5.881557893e-01  7.9224063e-07
5.882734205e-01  7.9224688e-07
5.883910751e-01  7.9225854e-07
5.885087534e-01  7.9227568e-07
5.886264551e-01  7.9229836e-07
5.887441804e-01  7.9232668e-07
5.888619292e-01  7.9236076e-07
5.889797016e-01  7.9240079e-07
5.890974976e-01  7.9244699e-07
5.892153171e-01  7.9249964e-07
5.893331601e-01  7.9255909e-07
5.894510268e-01  7.9262569e-07
5.895689170e-01  7.9269983e-07
5.896868307e-01  7.9278189e-07
5.898047681e-01  7.9287218e-07
5.899227291e-01  7.9297099e-07
5.900407136e-01  7.9307849e-07
5.901587217e-01  7.9319482e-07
5.902767535e-01  7.9331999e-07
5.903948088e-01  7.9345396e-07
5.905128878e-01  7.9359658e-07
5.906309904e-01  7.9374765e-07
5.907491166e-01  7.9390689e-07
5.908672664e-01  7.9407402e-07
5.909854399e-01  7.9424877e-07
5.911036369e-01  7.9443098e-07
5.912218577e-01  7.9462063e-07
5.913401020e-01  7.9481786e-07
5.914583701e-01  7.9502297e-07
5.915766617e-01  7.9523637e-07
5.916949771e-01  7.9545851e-07
5.918133161e-01  7.9568980e-07
5.919316787e-01  7.9593056e-07
5.920500651e-01  7.9618100e-07
5.921684751e-01  7.9644122e-07
5.922869088e-01  7.9671123e-07
5.924053662e-01  7.9699102e-07
5.925238472e-01  7.9728058e-07
5.926423520e-01  7.9757990e-07
5.927608805e-01  7.9788898e-07
5.928794326e-01  7.9820773e-07
5.929980085e-01  7.9853600e-07
5.931166081e-01  7.9887350e-07
5.932352315e-01  7.9921980e-07
5.933538785e-01  7.9957436e-07
5.934725493e-01  7.9993657e-07
5.935912438e-01  8.0030579e-07
5.937099620e-01  8.0068135e-07
5.938287040e-01  8.0106257e-07
5.939474698e-01  8.0144874e-07
5.940662593e-01  8.0183909e-07
5.941850725e-01  8.0223281e-07
5.943039095e-01  8.0262907e-07
5.944227703e-01  8.0302709e-07
5.945416549e-01  8.0342624e-07
5.946605632e-01  8.0382608e-07
5.947794953e-01  8.0422640e-07
5.948984512e-01  8.0462722e-07
5.950174309e-01  8.0502866e-07
5.951364344e-01  8.0543089e-07
5.952554617e-01  8.0583396e-07
5.953745128e-01  8.0623774e-07
5.954935877e-01  8.0664183e-07
5.956126864e-01  8.0704565e-07
5.957318089e-01  8.0744845e-07
5.958509553e-01  8.0784949e-07
5.959701255e-01  8.0824813e-07
5.960893195e-01  8.0864393e-07
5.962085374e-01  8.0903671e-07
5.963277791e-01  8.0942649e-07
5.964470446e-01  8.0981345e-07
5.965663340e-01  8.1019782e-07
5.966856473e-01  8.1057978e-07
5.968049844e-01  8.1095937e-07
5.969243454e-01  8.1133651e-07
5.970437303e-01  8.1171095e-07
5.971631390e-01  8.1208231e-07
5.972825717e-01  8.1245013e-07
5.974020282e-01  8.1281388e-07
5.975215086e-01  8.1317300e-07
5.976410129e-01  8.1352698e-07
5.977605411e-01  8.1387530e-07
5.978800932e-01  8.1421758e-07
5.979996692e-01  8.1455346e-07
5.981192692e-01  8.1488269e-07
5.982388930e-01  8.1520505e-07
5.983585408e-01  8.1552035e-07
5.984782125e-01  8.1582834e-07
5.985979081e-01  8.1612874e-07
5.987176277e-01  8.1642118e-07
5.988373712e-01  8.1670527e-07
5.989571387e-01  8.1698057e-07
5.990769301e-01  8.1724669e-07
5.991967455e-01  8.1750328e-07
5.993165849e-01  8.1775010e-07
5.994364482e-01  8.1798698e-07
5.995563355e-01  8.1821386e-07
5.996762468e-01  8.1843072e-07
5.997961820e-01  8.1863761e-07
5.999161412e-01  8.1883459e-07
6.000361245e-01  8.1902172e-07
6.001561317e-01  8.1919901e-07
6.002761629e-01  8.1936646e-07
6.003962182e-01  8.1952399e-07
6.005162974e-01  8.1967145e-07
6.006364007e-01  8.1980865e-07
6.007565279e-01  8.1993534e-07
6.008766792e-01  8.2005123e-07
6.009968546e-01  8.2015606e-07
6.011170539e-01  8.2024962e-07
6.012372774e-01  8.2033177e-07
6.013575248e-01  8.2040249e-07
6.014777963e-01  8.2046189e-07
6.015980919e-01  8.2051016e-07
6.017184115e-01  8.2054755e-07
6.018387552e-01  8.2057434e-07
6.019591229e-01  8.2059077e-07
6.020795148e-01  8.2059700e-07
6.021999307e-01  8.2059309e-07
6.023203706e-01  8.2057904e-07
6.024408347e-01  8.2055479e-07
6.025613229e-01  8.2052024e-07
6.026818352e-01  8.2047531e-07
6.028023715e-01  8.2041994e-07
6.029229320e-01  8.2035413e-07
6.030435166e-01  8.2027791e-07
6.031641253e-01  8.2019137e-07
6.032847581e-01  8.2009466e-07
6.034054151e-01  8.1998800e-07
6.035260961e-01  8.1987165e-07
6.036468014e-01  8.1974593e-07
6.037675307e-01  8.1961122e-07
6.038882842e-01  8.1946789e-07
6.040090619e-01  8.1931632e-07
6.041298637e-01  8.1915684e-07
6.042506897e-01  8.1898972e-07
6.043715398e-01  8.1881515e-07
6.044924141e-01  8.1863323e-07
6.046133126e-01  8.1844394e-07
6.047342353e-01  8.1824721e-07
6.048551821e-01  8.1804292e-07
6.049761531e-01  8.1783094e-07
6.050971484e-01  8.1761120e-07
6.052181678e-01  8.1738368e-07
6.053392114e-01  8.1714847e-07
6.054602793e-01  8.1690571e-07
6.055813713e-01  8.1665558e-07
6.057024876e-01  8.1639824e-07
6.058236281e-01  8.1613384e-07
6.059447928e-01  8.1586244e-07
6.060659818e-01  8.1558410e-07
6.061871950e-01  8.1529884e-07
6.063084324e-01  8.1500668e-07
6.064296941e-01  8.1470771e-07
6.065509801e-01  8.1440210e-07
6.066722902e-01  8.1409012e-07
6.067936247e-01  8.1377214e-07
6.069149834e-01  8.1344863e-07
6.070363664e-01  8.1312013e-07
6.071577737e-01  8.1278721e-07
6.072792053e-01  8.1245043e-07
6.074006611e-01  8.1211028e-07
6.075221412e-01  8.1176711e-07
6.076436457e-01  8.1142114e-07
6.077651744e-01  8.1107242e-07
6.078867274e-01  8.1072083e-07
6.080083048e-01  8.1036615e-07
6.081299064e-01  8.1000808e-07
6.082515324e-01  8.0964633e-07
6.083731827e-01  8.0928069e-07
6.084948574e-01  8.0891108e-07
6.086165563e-01  8.0853754e-07
6.087382796e-01  8.0816029e-07
6.088600273e-01  8.0777971e-07
6.089817993e-01  8.0739624e-07
6.091035957e-01  8.0701048e-07
6.092254164e-01  8.0662305e-07
6.093472615e-01  8.0623467e-07
6.094691309e-01  8.0584612e-07
6.095910247e-01  8.0545824e-07
6.097129429e-01  8.0507191e-07
6.098348855e-01  8.0468806e-07
6.099568525e-01  8.0430757e-07
6.100788439e-01  8.0393128e-07
6.102008596e-01  8.0355996e-07
6.103228998e-01  8.0319424e-07
6.104449644e-01  8.0283466e-07
6.105670534e-01  8.0248170e-07
6.106891668e-01  8.0213578e-07
6.108113046e-01  8.0179735e-07
6.109334669e-01  8.0146689e-07
6.110556536e-01  8.0114490e-07
6.111778647e-01  8.0083188e-07
6.113001003e-01  8.0052831e-07
6.114223603e-01  8.0023457e-07
6.115446448e-01  7.9995102e-07
6.116669537e-01  7.9967796e-07
6.117892871e-01  7.9941574e-07
6.119116450e-01  7.9916479e-07
6.120340273e-01  7.9892569e-07
6.121564341e-01  7.9869912e-07
6.122788654e-01  7.9848578e-07
6.124013212e-01  7.9828624e-07
6.125238014e-01  7.9810072e-07
6.126463062e-01  7.9792897e-07
6.127688354e-01  7.9777017e-07
6.128913892e-01  7.9762296e-07
6.130139675e-01  7.9748560e-07
6.131365703e-01  7.9735630e-07
6.132591976e-01  7.9723340e-07
6.133818494e-01  7.9711565e-07
6.135045258e-01  7.9700217e-07
6.136272267e-01  7.9689239e-07
6.137499522e-01  7.9678579e-07
6.138727021e-01  7.9668167e-07
6.139954767e-01  7.9657892e-07
6.141182758e-01  7.9647601e-07
6.142410994e-01  7.9637115e-07
6.143639477e-01  7.9626252e-07
6.144868204e-01  7.9614868e-07
6.146097178e-01  7.9602890e-07
6.147326398e-01  7.9590338e-07
6.148555863e-01  7.9577330e-07
6.149785574e-01  7.9564070e-07
6.151015531e-01  7.9550816e-07
6.152245734e-01  7.9537839e-07
6.153476183e-01  7.9525371e-07
6.154706879e-01  7.9513577e-07
6.155937820e-01  7.9502534e-07
6.157169008e-01  7.9492238e-07
6.158400441e-01  7.9482634e-07
6.159632121e-01  7.9473663e-07
6.160864048e-01  7.9465302e-07
6.162096221e-01  7.9457604e-07
6.163328640e-01  7.9450702e-07
6.164561306e-01  7.9444798e-07
6.165794218e-01  7.9440120e-07
6.167027377e-01  7.9436872e-07
6.168260782e-01  7.9435178e-07
6.169494434e-01  7.9435046e-07
6.170728333e-01  7.9436346e-07
6.171962479e-01  7.9438818e-07
6.173196871e-01  7.9442089e-07
6.174431511e-01  7.9445712e-07
6.175666397e-01  7.9449198e-07
6.176901530e-01  7.9452047e-07
6.178136911e-01  7.9453776e-07
6.179372538e-01  7.9453937e-07
6.180608413e-01  7.9452132e-07
6.181844534e-01  7.9448027e-07
6.183080903e-01  7.9441354e-07
6.184317519e-01  7.9431912e-07
6.185554383e-01  7.9419556e-07
6.186791494e-01  7.9404174e-07
6.188028852e-01  7.9385676e-07
6.189266458e-01  7.9363980e-07
6.190504311e-01  7.9339004e-07
6.191742412e-01  7.9310671e-07
6.192980760e-01  7.9278920e-07
6.194219357e-01  7.9243721e-07
6.195458200e-01  7.9205086e-07
6.196697292e-01  7.9163093e-07
6.197936632e-01  7.9117896e-07
6.199176219e-01  7.9069742e-07
6.200416054e-01  7.9018966e-07
6.201656137e-01  7.8965978e-07
6.202896469e-01  7.8911228e-07
6.204137048e-01  7.8855151e-07
6.205377875e-01  7.8798111e-07
6.206618951e-01  7.8740351e-07
6.207860275e-01  7.8681968e-07
6.209101847e-01  7.8622913e-07
6.210343667e-01  7.8563025e-07
6.211585736e-01  7.8502092e-07
6.212828053e-01  7.8439914e-07
6.214070619e-01  7.8376366e-07
6.215313433e-01  7.8311433e-07
6.216556495e-01  7.8245227e-07
6.217799807e-01  7.8177970e-07
6.219043367e-01  7.8109956e-07
6.220287175e-01  7.8041513e-07
6.221531233e-01  7.7972961e-07
6.222775539e-01  7.7904584e-07
6.224020094e-01  7.7836610e-07
6.225264898e-01  7.7769205e-07
6.226509951e-01  7.7702476e-07
6.227755253e-01  7.7636477e-07
6.229000804e-01  7.7571220e-07
6.230246604e-01  7.7506691e-07
6.231492654e-01  7.7442863e-07
6.232738952e-01  7.7379711e-07
6.233985500e-01  7.7317230e-07
6.235232297e-01  7.7255435e-07
6.236479343e-01  7.7194363e-07
6.237726639e-01  7.7134062e-07
6.238974185e-01  7.7074576e-07
6.240221980e-01  7.7015924e-07
6.241470024e-01  7.6958087e-07
6.242718318e-01  7.6900998e-07
6.243966862e-01  7.6844541e-07
6.245215655e-01  7.6788565e-07
6.246464698e-01  7.6732902e-07
6.247713991e-01  7.6677395e-07
6.248963534e-01  7.6621920e-07
6.250213327e-01  7.6566410e-07
6.251463369e-01  7.6510859e-07
6.252713662e-01  7.6455323e-07
6.253964205e-01  7.6399906e-07
6.255214997e-01  7.6344739e-07
6.256466040e-01  7.6289963e-07
6.257717334e-01  7.6235718e-07
6.258968877e-01  7.6182145e-07
6.260220671e-01  7.6129415e-07
6.261472715e-01  7.6077777e-07
6.262725010e-01  7.6027655e-07
6.263977555e-01  7.5979767e-07
6.265230350e-01  7.5935280e-07
6.266483396e-01  7.5895936e-07
6.267736693e-01  7.5864104e-07
6.268990240e-01  7.5842660e-07
6.270244038e-01  7.5834613e-07
6.271498087e-01  7.5842439e-07
6.272752387e-01  7.5867198e-07
6.274006937e-01  7.5907622e-07
6.275261739e-01  7.5959490e-07
6.276516791e-01  7.6015614e-07
6.277772094e-01  7.6066628e-07
6.279027649e-01  7.6102561e-07
6.280283454e-01  7.6114833e-07
6.281539511e-01  7.6098144e-07
6.282795819e-01  7.6051668e-07
6.284052378e-01  7.5979176e-07
6.285309188e-01  7.5888050e-07
6.286566250e-01  7.5787505e-07
6.287823563e-01  7.5686564e-07
6.289081128e-01  7.5592357e-07
6.290338944e-01  7.5509133e-07
6.291597012e-01  7.5438112e-07
6.292855332e-01  7.5378039e-07
6.294113903e-01  7.5326129e-07
6.295372725e-01  7.5279083e-07
6.296631800e-01  7.5233903e-07
6.297891126e-01  7.5188379e-07
6.299150705e-01  7.5141241e-07
6.300410535e-01  7.5092057e-07
6.301670617e-01  7.5040989e-07
6.302930951e-01  7.4988503e-07
6.304191537e-01  7.4935126e-07
6.305452375e-01  7.4881270e-07
6.306713466e-01  7.4827158e-07
6.307974809e-01  7.4772834e-07
6.309236404e-01  7.4718233e-07
6.310498251e-01  7.4663283e-07
6.311760351e-01  7.4607997e-07
6.313022703e-01  7.4552527e-07
6.314285307e-01  7.4497157e-07
6.315548164e-01  7.4442257e-07
6.316811274e-01  7.4388203e-07
6.318074636e-01  7.4335312e-07
6.319338251e-01  7.4283783e-07
6.320602119e-01  7.4233693e-07
6.321866239e-01  7.4185002e-07
6.323130612e-01  7.4137595e-07
6.324395238e-01  7.4091307e-07
6.325660117e-01  7.4045959e-07
6.326925250e-01  7.4001369e-07
6.328190635e-01  7.3957370e-07
6.329456273e-01  7.3913817e-07
6.330722164e-01  7.3870589e-07
6.331988308e-01  7.3827601e-07
6.333254706e-01  7.3784799e-07
6.334521357e-01  7.3742156e-07
6.335788261e-01  7.3699662e-07
6.337055419e-01  7.3657311e-07
6.338322830e-01  7.3615090e-07
6.339590495e-01  7.3572976e-07
6.340858413e-01  7.3530931e-07
6.342126584e-01  7.3488910e-07
6.343395010e-01  7.3446869e-07
6.344663689e-01  7.3404772e-07
6.345932621e-01  7.3362594e-07
6.347201808e-01  7.3320324e-07
6.348471248e-01  7.3277961e-07
6.349740943e-01  7.3235511e-07
6.351010891e-01  7.3192980e-07
6.352281093e-01  7.3150374e-07
6.353551549e-01  7.3107699e-07
6.354822259e-01  7.3064959e-07
6.356093224e-01  7.3022158e-07
6.357364443e-01  7.2979300e-07
6.358635915e-01  7.2936394e-07
6.359907643e-01  7.2893450e-07
6.361179624e-01  7.2850479e-07
6.362451860e-01  7.2807495e-07
6.363724350e-01  7.2764508e-07
6.364997095e-01  7.2721530e-07
6.366270095e-01  7.2678567e-07
6.367543349e-01  7.2635620e-07
6.368816857e-01  7.2592688e-07
6.370090621e-01  7.2549764e-07
6.371364639e-01  7.2506840e-07
6.372638912e-01  7.2463907e-07
6.373913440e-01  7.2420954e-07
6.375188222e-01  7.2377973e-07
6.376463260e-01  7.2334949e-07
6.377738553e-01  7.2291866e-07
6.379014100e-01  7.2248702e-07
6.380289903e-01  7.2205430e-07
6.381565961e-01  7.2162019e-07
6.382842274e-01  7.2118443e-07
6.384118843e-01  7.2074683e-07
6.385395667e-01  7.2030735e-07
6.386672746e-01  7.1986605e-07
6.387950080e-01  7.1942318e-07
6.389227670e-01  7.1897905e-07
6.390505516e-01  7.1853404e-07
6.391783617e-01  7.1808849e-07
6.393061974e-01  7.1764269e-07
6.394340586e-01  7.1719684e-07
6.395619454e-01  7.1675104e-07
6.396898578e-01  7.1630534e-07
6.398177958e-01  7.1585972e-07
6.399457593e-01  7.1541416e-07
6.400737485e-01  7.1496867e-07
6.402017632e-01  7.1452326e-07
6.403298036e-01  7.1407805e-07
6.404578695e-01  7.1363320e-07
6.405859611e-01  7.1318897e-07
6.407140783e-01  7.1274570e-07
6.408422211e-01  7.1230381e-07
6.409703896e-01  7.1186375e-07
6.410985836e-01  7.1142600e-07
6.412268034e-01  7.1099099e-07
6.413550487e-01  7.1055905e-07
6.414833197e-01  7.1013039e-07
6.416116164e-01  7.0970498e-07
6.417399387e-01  7.0928264e-07
6.418682867e-01  7.0886297e-07
6.419966604e-01  7.0844551e-07
6.421250597e-01  7.0802973e-07
6.422534847e-01  7.0761518e-07
6.423819354e-01  7.0720152e-07
6.425104118e-01  7.0678861e-07
6.426389139e-01  7.0637644e-07
6.427674417e-01  7.0596518e-07
6.428959951e-01  7.0555507e-07
6.430245743e-01  7.0514635e-07
6.431531793e-01  7.0473924e-07
6.432818099e-01  7.0433388e-07
6.434104663e-01  7.0393028e-07
6.435391484e-01  7.0352839e-07
6.436678562e-01  7.0312809e-07
6.437965898e-01  7.0272925e-07
6.439253491e-01  7.0233177e-07
6.440541341e-01  7.0193562e-07
6.441829450e-01  7.0154083e-07
6.443117816e-01  7.0114753e-07
6.444406439e-01  7.0075589e-07
6.445695320e-01  7.0036617e-07
6.446984459e-01  6.9997865e-07
6.448273856e-01  6.9959365e-07
6.449563511e-01  6.9921146e-07
6.450853424e-01  6.9883233e-07
6.452143595e-01  6.9845637e-07
6.453434023e-01  6.9808352e-07
6.454724710e-01  6.9771350e-07
6.456015655e-01  6.9734583e-07
6.457306858e-01  6.9697980e-07
6.458598320e-01  6.9661464e-07
6.459890039e-01  6.9624956e-07
6.461182017e-01  6.9588391e-07
6.462474254e-01  6.9551730e-07
6.463766748e-01  6.9514970e-07
6.465059502e-01  6.9478145e-07
6.466352514e-01  6.9441330e-07
6.467645784e-01  6.9404629e-07
6.468939313e-01  6.9368168e-07
6.470233101e-01  6.9332073e-07
6.471527148e-01  6.9296456e-07
6.472821453e-01  6.9261397e-07
6.474116018e-01  6.9226930e-07
6.475410841e-01  6.9193043e-07
6.476705923e-01  6.9159675e-07
6.478001264e-01  6.9126730e-07
6.479296864e-01  6.9094090e-07
6.480592724e-01  6.9061630e-07
6.481888842e-01  6.9029230e-07
6.483185220e-01  6.8996792e-07
6.484481857e-01  6.8964241e-07
6.485778753e-01  6.8931537e-07
6.487075909e-01  6.8898667e-07
6.488373324e-01  6.8865652e-07
6.489670999e-01  6.8832532e-07
6.490968933e-01  6.8799363e-07
6.492267127e-01  6.8766206e-07
6.493565580e-01  6.8733118e-07
6.494864294e-01  6.8700145e-07
6.496163266e-01  6.8667318e-07
6.497462499e-01  6.8634653e-07
6.498761992e-01  6.8602153e-07
6.500061744e-01  6.8569810e-07
6.501361756e-01  6.8537612e-07
6.502662029e-01  6.8505543e-07
6.503962561e-01  6.8473588e-07
6.505263354e-01  6.8441737e-07
6.506564406e-01  6.8409981e-07
6.507865719e-01  6.8378313e-07
6.509167292e-01  6.8346722e-07
6.510469126e-01  6.8315183e-07
6.511771220e-01  6.8283650e-07
6.513073574e-01  6.8252044e-07
6.514376189e-01  6.8220253e-07
6.515679064e-01  6.8188141e-07
6.516982200e-01  6.8155560e-07
6.518285596e-01  6.8122379e-07
6.519589253e-01  6.8088509e-07
6.520893171e-01  6.8053929e-07
6.522197350e-01  6.8018696e-07
6.523501789e-01  6.7982949e-07
6.524806489e-01  6.7946886e-07
6.526111451e-01  6.7910746e-07
6.527416673e-01  6.7874768e-07
6.528722156e-01  6.7839166e-07
6.530027901e-01  6.7804094e-07
6.531333906e-01  6.7769634e-07
6.532640173e-01  6.7735790e-07
6.533946701e-01  6.7702492e-07
6.535253491e-01  6.7669618e-07
6.536560541e-01  6.7637012e-07
6.537867853e-01  6.7604519e-07
6.539175427e-01  6.7572002e-07
6.540483262e-01  6.7539371e-07
6.541791359e-01  6.7506592e-07
6.543099717e-01  6.7473694e-07
6.544408337e-01  6.7440772e-07
6.545717219e-01  6.7407973e-07
6.547026362e-01  6.7375482e-07
6.548335767e-01  6.7343501e-07
6.549645434e-01  6.7312218e-07
6.550955364e-01  6.7281781e-07
6.552265555e-01  6.7252267e-07
6.553576008e-01  6.7223667e-07
6.554886723e-01  6.7195874e-07
6.556197700e-01  6.7168692e-07
6.557508940e-01  6.7141855e-07
6.558820442e-01  6.7115063e-07
6.560132206e-01  6.7088017e-07
6.561444232e-01  6.7060454e-07
6.562756521e-01  6.7032180e-07
6.564069072e-01  6.7003088e-07
6.565381886e-01  6.6973161e-07
6.566694962e-01  6.6942460e-07
6.568008301e-01  6.6911110e-07
6.569321903e-01  6.6879264e-07
6.570635767e-01  6.6847083e-07
6.571949895e-01  6.6814706e-07
6.573264285e-01  6.6782242e-07
6.574578937e-01  6.6749759e-07
6.575893853e-01  6.6717296e-07
6.577209032e-01  6.6684864e-07
6.578524474e-01  6.6652464e-07
6.579840179e-01  6.6620097e-07
6.581156147e-01  6.6587764e-07
6.582472378e-01  6.6555476e-07
6.583788872e-01  6.6523239e-07
6.585105630e-01  6.6491054e-07
6.586422651e-01  6.6458901e-07
6.587739936e-01  6.6426730e-07
6.589057484e-01  6.6394462e-07
6.590375295e-01  6.6361991e-07
6.591693370e-01  6.6329201e-07
6.593011709e-01  6.6295990e-07
6.594330311e-01  6.6262289e-07
6.595649178e-01  6.6228088e-07
6.596968307e-01  6.6193445e-07
6.598287701e-01  6.6158494e-07
6.599607359e-01  6.6123434e-07
6.600927280e-01  6.6088515e-07
6.602247465e-01  6.6054016e-07
6.603567915e-01  6.6020217e-07
6.604888629e-01  6.5987375e-07
6.606209606e-01  6.5955694e-07
6.607530848e-01  6.5925305e-07
6.608852354e-01  6.5896241e-07
6.610174125e-01  6.5868433e-07
6.611496160e-01  6.5841695e-07
6.612818459e-01  6.5815743e-07
6.614141023e-01  6.5790215e-07
6.615463851e-01  6.5764706e-07
6.616786944e-01  6.5738811e-07
6.618110301e-01  6.5712172e-07
6.619433923e-01  6.5684507e-07
6.620757810e-01  6.5655636e-07
6.622081961e-01  6.5625482e-07
6.623406378e-01  6.5594055e-07
6.624731059e-01  6.5561432e-07
6.626056005e-01  6.5527733e-07
6.627381216e-01  6.5493098e-07
6.628706693e-01  6.5457675e-07
6.630032434e-01  6.5421617e-07
6.631358441e-01  6.5385076e-07
6.632684712e-01  6.5348202e-07
6.634011249e-01  6.5311134e-07
6.635338051e-01  6.5273996e-07
6.636665119e-01  6.5236884e-07
6.637992452e-01  6.5199864e-07
6.639320051e-01  6.5162972e-07
6.640647915e-01  6.5126223e-07
6.641976044e-01  6.5089629e-07
6.643304439e-01  6.5053209e-07
6.644633100e-01  6.5016999e-07
6.645962027e-01  6.4981058e-07
6.647291219e-01  6.4945455e-07
6.648620677e-01  6.4910246e-07
6.649950402e-01  6.4875460e-07
6.651280392e-01  6.4841068e-07
6.652610648e-01  6.4806974e-07
6.653941170e-01  6.4773011e-07
6.655271958e-01  6.4738947e-07
6.656603013e-01  6.4704514e-07
6.657934333e-01  6.4669427e-07
6.659265920e-01  6.4633420e-07
6.660597773e-01  6.4596273e-07
6.661929893e-01  6.4557826e-07
6.663262279e-01  6.4517995e-07
6.664594931e-01  6.4476765e-07
6.665927850e-01  6.4434184e-07
6.667261036e-01  6.4390345e-07
6.668594488e-01  6.4345359e-07
6.669928207e-01  6.4299339e-07
6.671262192e-01  6.4252376e-07
6.672596445e-01  6.4204530e-07
6.673930964e-01  6.4155832e-07
6.675265750e-01  6.4106291e-07
6.676600804e-01  6.4055921e-07
6.677936124e-01  6.4004748e-07
6.679271711e-01  6.3952835e-07
6.680607565e-01  6.3900269e-07
6.681943687e-01  6.3847150e-07
6.683280076e-01  6.3793564e-07
6.684616732e-01  6.3739552e-07
6.685953655e-01  6.3685095e-07
6.687290846e-01  6.3630102e-07
6.688628304e-01  6.3574423e-07
6.689966029e-01  6.3517867e-07
6.691304023e-01  6.3460226e-07
6.692642283e-01  6.3401299e-07
6.693980812e-01  6.3340923e-07
6.695319608e-01  6.3279001e-07
6.696658672e-01  6.3215533e-07
6.697998004e-01  6.3150647e-07
6.699337603e-01  6.3084620e-07
6.700677471e-01  6.3017878e-07
6.702017606e-01  6.2950972e-07
6.703358010e-01  6.2884526e-07
6.704698681e-01  6.2819163e-07
6.706039621e-01  6.2755427e-07
6.707380829e-01  6.2693709e-07
6.708722305e-01  6.2634199e-07
6.710064050e-01  6.2576866e-07
6.711406063e-01  6.2521473e-07
6.712748344e-01  6.2467623e-07
6.714090893e-01  6.2414813e-07
6.715433712e-01  6.2362500e-07
6.716776798e-01  6.2310151e-07
6.718120154e-01  6.2257282e-07
6.719463778e-01  6.2203476e-07
6.720807671e-01  6.2148389e-07
6.722151832e-01  6.2091752e-07
6.723496262e-01  6.2033373e-07
6.724840962e-01  6.1973154e-07
6.726185930e-01  6.1911116e-07
6.727531167e-01  6.1847433e-07
6.728876673e-01  6.1782461e-07
6.730222449e-01  6.1716749e-07
6.731568493e-01  6.1651016e-07
6.732914807e-01  6.1586093e-07
6.734261390e-01  6.1522826e-07
6.735608242e-01  6.1461965e-07
6.736955364e-01  6.1404050e-07
6.738302755e-01  6.1349330e-07
6.739650415e-01  6.1297732e-07
6.740998345e-01  6.1248884e-07
6.742346545e-01  6.1202185e-07
6.743695014e-01  6.1156921e-07
6.745043753e-01  6.1112376e-07
6.746392762e-01  6.1067937e-07
6.747742041e-01  6.1023162e-07
6.749091589e-01  6.0977809e-07
6.750441407e-01  6.0931824e-07
6.751791496e-01  6.0885297e-07
6.753141854e-01  6.0838410e-07
6.754492482e-01  6.0791378e-07
6.755843381e-01  6.0744404e-07
6.757194550e-01  6.0697646e-07
6.758545988e-01  6.0651208e-07
6.759897698e-01  6.0605138e-07
6.761249677e-01  6.0559446e-07
6.762601927e-01  6.0514122e-07
6.763954447e-01  6.0469151e-07
6.765307238e-01  6.0424530e-07
6.766660300e-01  6.0380269e-07
6.768013632e-01  6.0336389e-07
6.769367235e-01  6.0292918e-07
6.770721108e-01  6.0249882e-07
6.772075252e-01  6.0207297e-07
6.773429667e-01  6.0165174e-07
6.774784353e-01  6.0123515e-07
6.776139310e-01  6.0082324e-07
6.777494538e-01  6.0041609e-07
6.778850037e-01  6.0001384e-07
6.780205807e-01  5.9961675e-07
6.781561848e-01  5.9922514e-07
6.782918160e-01  5.9883942e-07
6.784274744e-01  5.9846008e-07
6.785631599e-01  5.9808769e-07
6.786988725e-01  5.9772290e-07
6.788346123e-01  5.9736649e-07
6.789703792e-01  5.9701929e-07
6.791061733e-01  5.9668219e-07
6.792419945e-01  5.9635603e-07
6.793778429e-01  5.9604150e-07
6.795137185e-01  5.9573900e-07
6.796496213e-01  5.9544861e-07
6.797855512e-01  5.9516998e-07
6.799215083e-01  5.9490240e-07
6.800574926e-01  5.9464490e-07
6.801935041e-01  5.9439636e-07
6.803295428e-01  5.9415569e-07
6.804656087e-01  5.9392203e-07
6.806017018e-01  5.9369482e-07
6.807378222e-01  5.9347389e-07
6.808739697e-01  5.9325947e-07
6.810101445e-01  5.9305203e-07
6.811463465e-01  5.9285225e-07
6.812825758e-01  5.9266079e-07
6.814188323e-01  5.9247822e-07
6.815551161e-01  5.9230493e-07
6.816914271e-01  5.9214104e-07
6.818277654e-01  5.9198641e-07
6.819641310e-01  5.9184065e-07
6.821005238e-01  5.9170310e-07
6.822369439e-01  5.9157281e-07
6.823733913e-01  5.9144854e-07
6.825098660e-01  5.9132858e-07
6.826463679e-01  5.9121075e-07
6.827828972e-01  5.9109225e-07
6.829194538e-01  5.9096966e-07
6.830560377e-01  5.9083899e-07
6.831926489e-01  5.9069593e-07
6.833292874e-01  5.9053620e-07
6.834659533e-01  5.9035595e-07
6.836026465e-01  5.9015223e-07
6.837393670e-01  5.8992335e-07
6.838761149e-01  5.8966912e-07
6.840128901e-01  5.8939080e-07
6.841496927e-01  5.8909090e-07
6.842865226e-01  5.8877292e-07
6.844233799e-01  5.8844085e-07
6.845602646e-01  5.8809904e-07
6.846971766e-01  5.8775241e-07
6.848341161e-01  5.8740734e-07
6.849710829e-01  5.8707353e-07
6.851080771e-01  5.8676756e-07
6.852450987e-01  5.8651826e-07
6.853821477e-01  5.8637400e-07
6.855192242e-01  5.8641102e-07
6.856563280e-01  5.8674060e-07
6.857934593e-01  5.8751148e-07
6.859306180e-01  5.8890216e-07
6.860678041e-01  5.9109925e-07
6.862050177e-01  5.9426000e-07
6.863422587e-01  5.9846320e-07
6.864795271e-01  6.0365910e-07
6.866168230e-01  6.0963394e-07
6.867541464e-01  6.1600508e-07
6.868914972e-01  6.2225654e-07
6.870288755e-01  6.2781296e-07
6.871662813e-01  6.3213712e-07
6.873037145e-01  6.3482716e-07
6.874411753e-01  6.3568880e-07
6.875786635e-01  6.3476499e-07
6.877161793e-01  6.3231826e-07
6.878537225e-01  6.2877398e-07
6.879912932e-01  6.2464025e-07
6.881288915e-01  6.2042315e-07
6.882665173e-01  6.1655303e-07
6.884041706e-01  6.1333253e-07
6.885418514e-01  6.1091126e-07
6.886795598e-01  6.0928824e-07
6.888172957e-01  6.0833820e-07
6.889550592e-01  6.0785468e-07
6.890928502e-01  6.0760053e-07
6.892306687e-01  6.0735513e-07
6.893685149e-01  6.0694935e-07
6.895063886e-01  6.0628311e-07
6.896442899e-01  6.0532528e-07
6.897822187e-01  6.0409992e-07
6.899201752e-01  6.0266535e-07
6.900581592e-01  6.0109285e-07
6.901961708e-01  5.9944972e-07
6.903342101e-01  5.9778873e-07
6.904722769e-01  5.9614412e-07
6.906103714e-01  5.9453200e-07
6.907484934e-01  5.9295382e-07
6.908866431e-01  5.9140120e-07
6.910248205e-01  5.8986147e-07
6.911630254e-01  5.8832311e-07
6.913012580e-01  5.8678028e-07
6.914395183e-01  5.8523544e-07
6.915778062e-01  5.8369956e-07
6.917161217e-01  5.8218955e-07
6.918544650e-01  5.8072391e-07
6.919928359e-01  5.7931804e-07
6.921312344e-01  5.7798085e-07
6.922696607e-01  5.7671383e-07
6.924081146e-01  5.7551233e-07
6.925465962e-01  5.7436852e-07
6.926851055e-01  5.7327439e-07
6.928236426e-01  5.7222389e-07
6.929622073e-01  5.7121365e-07
6.931007997e-01  5.7024242e-07
6.932394199e-01  5.6931015e-07
6.933780678e-01  5.6841714e-07
6.935167434e-01  5.6756364e-07
6.936554467e-01  5.6674992e-07
6.937941778e-01  5.6597657e-07
6.939329367e-01  5.6524449e-07
6.940717233e-01  5.6455481e-07
6.942105376e-01  5.6390860e-07
6.943493797e-01  5.6330650e-07
6.944882496e-01  5.6274851e-07
6.946271472e-01  5.6223408e-07
6.947660727e-01  5.6176221e-07
6.949050259e-01  5.6133172e-07
6.950440069e-01  5.6094142e-07
6.951830157e-01  5.6059004e-07
6.953220523e-01  5.6027611e-07
6.954611167e-01  5.5999777e-07
6.956002089e-01  5.5975260e-07
6.957393290e-01  5.5953761e-07
6.958784768e-01  5.5934930e-07
6.960176525e-01  5.5918395e-07
6.961568561e-01  5.5903785e-07
6.962960874e-01  5.5890750e-07
6.964353466e-01  5.5878970e-07
6.965746337e-01  5.5868170e-07
6.967139486e-01  5.5858127e-07
6.968532914e-01  5.5848681e-07
6.969926621e-01  5.5839758e-07
6.971320606e-01  5.5831383e-07
6.972714870e-01  5.5823696e-07
6.974109413e-01  5.5816945e-07
6.975504235e-01  5.5811472e-07
6.976899336e-01  5.5807685e-07
6.978294716e-01  5.5806032e-07
6.979690375e-01  5.5806978e-07
6.981086313e-01  5.5810985e-07
6.982482530e-01  5.5818506e-07
6.983879027e-01  5.5829961e-07
6.985275802e-01  5.5845712e-07
6.986672858e-01  5.5866019e-07
6.988070192e-01  5.5890981e-07
6.989467806e-01  5.5920486e-07
6.990865700e-01  5.5954170e-07
6.992263873e-01  5.5991405e-07
6.993662326e-01  5.6031326e-07
6.995061058e-01  5.6072895e-07
6.996460070e-01  5.6114986e-07
6.997859362e-01  5.6156487e-07
6.999258934e-01  5.6196382e-07
7.000658786e-01  5.6233809e-07
7.002058918e-01  5.6268076e-07
7.003459330e-01  5.6298634e-07
7.004860021e-01  5.6325034e-07
7.006260993e-01  5.6346866e-07
7.007662246e-01  5.6363716e-07
7.009063778e-01  5.6375158e-07
7.010465591e-01  5.6380766e-07
7.011867684e-01  5.6380158e-07
7.013270058e-01  5.6373043e-07
7.014672712e-01  5.6359255e-07
7.016075646e-01  5.6338768e-07
7.017478861e-01  5.6311689e-07
7.018882357e-01  5.6278254e-07
7.020286133e-01  5.6238834e-07
7.021690191e-01  5.6193958e-07
7.023094529e-01  5.6144369e-07
7.024499148e-01  5.6091073e-07
7.025904047e-01  5.6035360e-07
7.027309228e-01  5.5978777e-07
7.028714690e-01  5.5923028e-07
7.030120433e-01  5.5869812e-07
7.031526457e-01  5.5820608e-07
7.032932762e-01  5.5776454e-07
7.034339349e-01  5.5737761e-07
7.035746217e-01  5.5704196e-07
7.037153366e-01  5.5674681e-07
7.038560797e-01  5.5647499e-07
7.039968509e-01  5.5620514e-07
7.041376503e-01  5.5591462e-07
7.042784778e-01  5.5558272e-07
7.044193335e-01  5.5519354e-07
7.045602174e-01  5.5473805e-07
7.047011294e-01  5.5421502e-07
7.048420696e-01  5.5363056e-07
7.049830380e-01  5.5299656e-07
7.051240346e-01  5.5232813e-07
7.052650595e-01  5.5164089e-07
7.054061125e-01  5.5094828e-07
7.055471937e-01  5.5025975e-07
7.056883031e-01  5.4957991e-07
7.058294408e-01  5.4890878e-07
7.059706067e-01  5.4824305e-07
7.061118008e-01  5.4757794e-07
7.062530232e-01  5.4690925e-07
7.063942738e-01  5.4623514e-07
7.065355526e-01  5.4555724e-07
7.066768597e-01  5.4488086e-07
7.068181951e-01  5.4421437e-07
7.069595587e-01  5.4356777e-07
7.071009506e-01  5.4295093e-07
7.072423708e-01  5.4237184e-07
7.073838193e-01  5.4183532e-07
7.075252961e-01  5.4134243e-07
7.076668011e-01  5.4089075e-07
7.078083345e-01  5.4047526e-07
7.079498962e-01  5.4008961e-07
7.080914861e-01  5.3972739e-07
7.082331044e-01  5.3938318e-07
7.083747511e-01  5.3905299e-07
7.085164260e-01  5.3873433e-07
7.086581293e-01  5.3842580e-07
7.087998609e-01  5.3812656e-07
7.089416209e-01  5.3783566e-07
7.090834092e-01  5.3755163e-07
7.092252259e-01  5.3727218e-07
7.093670709e-01  5.3699422e-07
7.095089444e-01  5.3671415e-07
7.096508461e-01  5.3642839e-07
7.097927763e-01  5.3613408e-07
7.099347349e-01  5.3582981e-07
7.100767218e-01  5.3551617e-07
7.102187372e-01  5.3519606e-07
7.103607809e-01  5.3487449e-07
7.105028531e-01  5.3455807e-07
7.106449536e-01  5.3425420e-07
7.107870826e-01  5.3397017e-07
7.109292400e-01  5.3371227e-07
7.110714259e-01  5.3348525e-07
7.112136402e-01  5.3329189e-07
7.113558829e-01  5.3313285e-07
7.114981541e-01  5.3300671e-07
7.116404537e-01  5.3291011e-07
7.117827818e-01  5.3283815e-07
7.119251384e-01  5.3278490e-07
7.120675234e-01  5.3274427e-07
7.122099369e-01  5.3271094e-07
7.123523789e-01  5.3268142e-07
7.124948494e-01  5.3265488e-07
7.126373483e-01  5.3263347e-07
7.127798758e-01  5.3262223e-07
7.129224318e-01  5.3262840e-07
7.130650163e-01  5.3266043e-07
7.132076293e-01  5.3272692e-07
7.133502708e-01  5.3283577e-07
7.134929408e-01  5.3299373e-07
7.136356394e-01  5.3320624e-07
7.137783666e-01  5.3347781e-07
7.139211222e-01  5.3381250e-07
7.140639065e-01  5.3421450e-07
7.142067192e-01  5.3468876e-07
7.143495606e-01  5.3524134e-07
7.144924305e-01  5.3587959e-07
7.146353290e-01  5.3661196e-07
7.147782560e-01  5.3744747e-07
7.149212117e-01  5.3839492e-07
7.150641959e-01  5.3946197e-07
7.152072088e-01  5.4065416e-07
7.153502502e-01  5.4197426e-07
7.154933203e-01  5.4342190e-07
7.156364189e-01  5.4499355e-07
7.157795462e-01  5.4668288e-07
7.159227021e-01  5.4848123e-07
7.160658867e-01  5.5037819e-07
7.162090998e-01  5.5236201e-07
7.163523417e-01  5.5441994e-07
7.164956121e-01  5.5653838e-07
7.166389113e-01  5.5870317e-07
7.167822390e-01  5.6090021e-07
7.169255955e-01  5.6311638e-07
7.170689806e-01  5.6534095e-07
7.172123944e-01  5.6756705e-07
7.173558369e-01  5.6979270e-07
7.174993080e-01  5.7202110e-07
7.176428079e-01  5.7425988e-07
7.177863365e-01  5.7651945e-07
7.179298937e-01  5.7881115e-07
7.180734797e-01  5.8114541e-07
7.182170944e-01  5.8353076e-07
7.183607378e-01  5.8597340e-07
7.185044100e-01  5.8847704e-07
7.186481109e-01  5.9104266e-07
7.187918405e-01  5.9366761e-07
7.189355988e-01  5.9634418e-07
7.190793860e-01  5.9905798e-07
7.192232018e-01  6.0178690e-07
7.193670465e-01  6.0450125e-07
7.195109199e-01  6.0716561e-07
7.196548221e-01  6.0974222e-07
7.197987530e-01  6.1219562e-07
7.199427128e-01  6.1449755e-07
7.200867013e-01  6.1663135e-07
7.202307187e-01  6.1859475e-07
7.203747648e-01  6.2040061e-07
7.205188398e-01  6.2207526e-07
7.206629435e-01  6.2365501e-07
7.208070761e-01  6.2518147e-07
7.209512375e-01  6.2669690e-07
7.210954278e-01  6.2824065e-07
7.212396469e-01  6.2984711e-07
7.213838948e-01  6.3154536e-07
7.215281716e-01  6.3335989e-07
7.216724772e-01  6.3531136e-07
7.218168117e-01  6.3741670e-07
7.219611751e-01  6.3968798e-07
7.221055673e-01  6.4213035e-07
7.222499884e-01  6.4473969e-07
7.223944384e-01  6.4750118e-07
7.225389173e-01  6.5038956e-07
7.226834251e-01  6.5337156e-07
7.228279618e-01  6.5641019e-07
7.229725274e-01  6.5946997e-07
7.231171219e-01  6.6252208e-07
7.232617453e-01  6.6554842e-07
7.234063977e-01  6.6854391e-07
7.235510789e-01  6.7151661e-07
7.236957891e-01  6.7448559e-07
7.238405283e-01  6.7747661e-07
7.239852964e-01  6.8051593e-07
7.241300935e-01  6.8362307e-07
7.242749195e-01  6.8680370e-07
7.244197745e-01  6.9004436e-07
7.245646584e-01  6.9331003e-07
7.247095714e-01  6.9654582e-07
7.248545133e-01  6.9968236e-07
7.249994842e-01  7.0264431e-07
7.251444841e-01  7.0536079e-07
7.252895130e-01  7.0777608e-07
7.254345709e-01  7.0985934e-07
7.255796578e-01  7.1161155e-07
7.257247737e-01  7.1306793e-07
7.258699187e-01  7.1429433e-07
7.260150927e-01  7.1537683e-07
7.261602957e-01  7.1640550e-07
7.263055277e-01  7.1745527e-07
7.264507888e-01  7.1856783e-07
7.265960790e-01  7.1973935e-07
7.267413982e-01  7.2091695e-07
7.268867465e-01  7.2200504e-07
7.270321238e-01  7.2287976e-07
7.271775303e-01  7.2340836e-07
7.273229658e-01  7.2346933e-07
7.274684304e-01  7.2297016e-07
7.276139241e-01  7.2186012e-07
7.277594468e-01  7.2013720e-07
7.279049987e-01  7.1784882e-07
7.280505797e-01  7.1508635e-07
7.281961898e-01  7.1197404e-07
7.283418291e-01  7.0865328e-07
7.284874974e-01  7.0526427e-07
7.286331949e-01  7.0192785e-07
7.287789216e-01  6.9873067e-07
7.289246774e-01  6.9571654e-07
7.290704623e-01  6.9288526e-07
7.292162764e-01  6.9019874e-07
7.293621197e-01  6.8759237e-07
7.295079921e-01  6.8498908e-07
7.296538937e-01  6.8231284e-07
7.297998245e-01  6.7949988e-07
7.299457844e-01  6.7650611e-07
7.300917736e-01  6.7331080e-07
7.302377919e-01  6.6991693e-07
7.303838395e-01  6.6634905e-07
7.305299163e-01  6.6264937e-07
7.306760222e-01  6.5887295e-07
7.308221574e-01  6.5508228e-07
7.309683219e-01  6.5134192e-07
7.311145155e-01  6.4771327e-07
7.312607384e-01  6.4424992e-07
7.314069906e-01  6.4099361e-07
7.315532720e-01  6.3797100e-07
7.316995826e-01  6.3519128e-07
7.318459226e-01  6.3264499e-07
7.319922917e-01  6.3030401e-07
7.321386902e-01  6.2812331e-07
7.322851179e-01  6.2604466e-07
7.324315750e-01  6.2400213e-07
7.325780613e-01  6.2192925e-07
7.327245769e-01  6.1976652e-07
7.328711218e-01  6.1746815e-07
7.330176960e-01  6.1500653e-07
7.331642996e-01  6.1237347e-07
7.333109324e-01  6.0957803e-07
7.334575946e-01  6.0664177e-07
7.336042861e-01  6.0359287e-07
7.337510070e-01  6.0046087e-07
7.338977572e-01  5.9727316e-07
7.340445367e-01  5.9405364e-07
7.341913457e-01  5.9082299e-07
7.343381839e-01  5.8759943e-07
7.344850516e-01  5.8439896e-07
7.346319486e-01  5.8123497e-07
7.347788750e-01  5.7811745e-07
7.349258307e-01  5.7505292e-07
7.350728159e-01  5.7204577e-07
7.352198305e-01  5.6910114e-07
7.353668744e-01  5.6622813e-07
7.355139478e-01  5.6344199e-07
7.356610506e-01  5.6076359e-07
7.358081828e-01  5.5821579e-07
7.359553444e-01  5.5581744e-07
7.361025355e-01  5.5357688e-07
7.362497560e-01  5.5148747e-07
7.363970060e-01  5.4952677e-07
7.365442854e-01  5.4766000e-07
7.366915942e-01  5.4584683e-07
7.368389325e-01  5.4404938e-07
7.369863003e-01  5.4223910e-07
7.371336976e-01  5.4040074e-07
7.372811243e-01  5.3853253e-07
7.374285806e-01  5.3664333e-07
7.375760663e-01  5.3474792e-07
7.377235815e-01  5.3286227e-07
7.378711262e-01  5.3099993e-07
7.380187004e-01  5.2917043e-07
7.381663042e-01  5.2737925e-07
7.383139374e-01  5.2562899e-07
7.384616002e-01  5.2392079e-07
7.386092925e-01  5.2225564e-07
7.387570144e-01  5.2063513e-07
7.389047658e-01  5.1906176e-07
7.390525468e-01  5.1753900e-07
7.392003573e-01  5.1607106e-07
7.393481973e-01  5.1466259e-07
7.394960670e-01  5.1331810e-07
7.396439662e-01  5.1204131e-07
7.397918950e-01  5.1083432e-07
7.399398534e-01  5.0969704e-07
7.400878413e-01  5.0862704e-07
7.402358589e-01  5.0761987e-07
7.403839061e-01  5.0666996e-07
7.405319828e-01  5.0577165e-07
7.406800892e-01  5.0492016e-07
7.408282253e-01  5.0411209e-07
7.409763909e-01  5.0334546e-07
7.411245862e-01  5.0261929e-07
7.412728111e-01  5.0193301e-07
7.414210657e-01  5.0128601e-07
7.415693499e-01  5.0067745e-07
7.417176637e-01  5.0010631e-07
7.418660073e-01  4.9957164e-07
7.420143805e-01  4.9907277e-07
7.421627834e-01  4.9860939e-07
7.423112159e-01  4.9818147e-07
7.424596782e-01  4.9778896e-07
7.426081701e-01  4.9743160e-07
7.427566917e-01  4.9710878e-07
7.429052431e-01  4.9681953e-07
7.430538241e-01  4.9656277e-07
7.432024349e-01  4.9633749e-07
7.433510754e-01  4.9614296e-07
7.434997456e-01  4.9597869e-07
7.436484455e-01  4.9584432e-07
7.437971752e-01  4.9573933e-07
7.439459347e-01  4.9566277e-07
7.440947238e-01  4.9561309e-07
7.442435428e-01  4.9558805e-07
7.443923915e-01  4.9558486e-07
7.445412700e-01  4.9560031e-07
7.446901782e-01  4.9563098e-07
7.448391163e-01  4.9567345e-07
7.449880841e-01  4.9572442e-07
7.451370817e-01  4.9578082e-07
7.452861091e-01  4.9583992e-07
7.454351663e-01  4.9589951e-07
7.455842534e-01  4.9595791e-07
7.457333702e-01  4.9601401e-07
7.458825169e-01  4.9606716e-07
7.460316934e-01  4.9611691e-07
7.461808997e-01  4.9616264e-07
7.463301359e-01  4.9620327e-07
7.464794020e-01  4.9623707e-07
7.466286978e-01  4.9626178e-07
7.467780236e-01  4.9627494e-07
7.469273792e-01  4.9627438e-07
7.470767647e-01  4.9625866e-07
7.472261800e-01  4.9622729e-07
7.473756252e-01  4.9618063e-07
7.475251004e-01  4.9611948e-07
7.476746054e-01  4.9604455e-07
7.478241403e-01  4.9595607e-07
7.479737051e-01  4.9585367e-07
7.481232999e-01  4.9573658e-07
7.482729245e-01  4.9560412e-07
7.484225791e-01  4.9545616e-07
7.485722636e-01  4.9529336e-07
7.487219781e-01  4.9511711e-07
7.488717225e-01  4.9492915e-07
7.490214968e-01  4.9473090e-07
7.491713011e-01  4.9452284e-07
7.493211354e-01  4.9430404e-07
7.494709996e-01  4.9407213e-07
7.496208938e-01  4.9382360e-07
7.497708180e-01  4.9355458e-07
7.499207722e-01  4.9326166e-07
7.500707563e-01  4.9294285e-07
7.502207705e-01  4.9259811e-07
7.503708146e-01  4.9222954e-07
7.505208888e-01  4.9184109e-07
7.506709930e-01  4.9143803e-07
7.508211272e-01  4.9102609e-07
7.509712914e-01  4.9061077e-07
7.511214856e-01  4.9019670e-07
7.512717099e-01  4.8978718e-07
7.514219643e-01  4.8938395e-07
7.515722487e-01  4.8898711e-07
7.517225631e-01  4.8859513e-07
7.518729076e-01  4.8820513e-07
7.520232822e-01  4.8781333e-07
7.521736869e-01  4.8741578e-07
7.523241216e-01  4.8700917e-07
7.524745864e-01  4.8659161e-07
7.526250814e-01  4.8616321e-07
7.527756064e-01  4.8572627e-07
7.529261615e-01  4.8528495e-07
7.530767467e-01  4.8484468e-07
7.532273621e-01  4.8441127e-07
7.533780075e-01  4.8399005e-07
7.535286831e-01  4.8358520e-07
7.536793889e-01  4.8319937e-07
7.538301248e-01  4.8283355e-07
7.539808908e-01  4.8248728e-07
7.541316870e-01  4.8215897e-07
7.542825133e-01  4.8184640e-07
7.544333698e-01  4.8154709e-07
7.545842565e-01  4.8125880e-07
7.547351733e-01  4.8097976e-07
7.548861204e-01  4.8070885e-07
7.550370976e-01  4.8044570e-07
7.551881050e-01  4.8019057e-07
7.553391426e-01  4.7994420e-07
7.554902105e-01  4.7970763e-07
7.556413085e-01  4.7948201e-07
7.557924368e-01  4.7926835e-07
7.559435952e-01  4.7906746e-07
7.560947840e-01  4.7887974e-07
7.562460029e-01  4.7870523e-07
7.563972521e-01  4.7854361e-07
7.565485316e-01  4.7839436e-07
7.566998413e-01  4.7825697e-07
7.568511812e-01  4.7813127e-07
7.570025515e-01  4.7801790e-07
7.571539520e-01  4.7791931e-07
7.573053828e-01  4.7784153e-07
7.574568439e-01  4.7779745e-07
7.576083352e-01  4.7781277e-07
7.577598569e-01  4.7793530e-07
7.579114089e-01  4.7824871e-07
7.580629912e-01  4.7888957e-07
7.582146037e-01  4.8006557e-07
7.583662467e-01  4.8206876e-07
7.585179199e-01  4.8527615e-07
7.586696235e-01  4.9012827e-07
7.588213574e-01  4.9707971e-07
7.589731217e-01  5.0652178e-07
7.591249163e-01  5.1868841e-07
7.592767413e-01  5.3356580e-07
7.594285967e-01  5.5083137e-07
7.595804824e-01  5.6984473e-07
7.597323985e-01  5.8969981e-07
7.598843449e-01  6.0932994e-07
7.600363218e-01  6.2764112e-07
7.601883291e-01  6.4364160e-07
7.603403667e-01  6.5654094e-07
7.604924348e-01  6.6580470e-07
7.606445333e-01  6.7116829e-07
7.607966622e-01  6.7262464e-07
7.609488215e-01  6.7040278e-07
7.611010113e-01  6.6494891e-07
7.612532315e-01  6.5690910e-07
7.614054822e-01  6.4710322e-07
7.615577633e-01  6.3647690e-07
7.617100748e-01  6.2602143e-07
7.618624168e-01  6.1666453e-07
7.620147893e-01  6.0914961e-07
7.621671923e-01  6.0393082e-07
7.623196257e-01  6.0111276e-07
7.624720896e-01  6.0045437e-07
7.626245840e-01  6.0143795e-07
7.627771090e-01  6.0338534e-07
7.629296644e-01  6.0559169e-07
7.630822503e-01  6.0744434e-07
7.632348668e-01  6.0850224e-07
7.633875137e-01  6.0852603e-07
7.635401912e-01  6.0746273e-07
7.636928993e-01  6.0539891e-07
7.638456379e-01  6.0250041e-07
7.639984070e-01  5.9895577e-07
7.641512067e-01  5.9493491e-07
7.643040369e-01  5.9056754e-07
7.644568977e-01  5.8594016e-07
7.646097891e-01  5.8110588e-07
7.647627111e-01  5.7609997e-07
7.649156636e-01  5.7095464e-07
7.650686467e-01  5.6570939e-07
7.652216605e-01  5.6041545e-07
7.653747048e-01  5.5513516e-07
7.655277797e-01  5.4993772e-07
7.656808853e-01  5.4489311e-07
7.658340215e-01  5.4006500e-07
7.659871883e-01  5.3550382e-07
7.661403857e-01  5.3124099e-07
7.662936138e-01  5.2728567e-07
7.664468725e-01  5.2362543e-07
7.666001619e-01  5.2023084e-07
7.667534819e-01  5.1706393e-07
7.669068326e-01  5.1408778e-07
7.670602140e-01  5.1127496e-07
7.672136260e-01  5.0861270e-07
7.673670687e-01  5.0610288e-07
7.675205422e-01  5.0375834e-07
7.676740463e-01  5.0159682e-07
7.678275811e-01  4.9963423e-07
7.679811466e-01  4.9787971e-07
7.681347428e-01  4.9633331e-07
7.682883698e-01  4.9498556e-07
7.684420274e-01  4.9381940e-07
7.685957159e-01  4.9281299e-07
7.687494350e-01  4.9194246e-07
7.689031849e-01  4.9118449e-07
7.690569655e-01  4.9051823e-07
7.692107769e-01  4.8992620e-07
7.693646191e-01  4.8939446e-07
7.695184920e-01  4.8891249e-07
7.696723957e-01  4.8847263e-07
7.698263302e-01  4.8806959e-07
7.699802954e-01  4.8770015e-07
7.701342915e-01  4.8736327e-07
7.702883184e-01  4.8706001e-07
7.704423760e-01  4.8679351e-07
7.705964645e-01  4.8656914e-07
7.707505838e-01  4.8639440e-07
7.709047339e-01  4.8627871e-07
7.710589148e-01  4.8623326e-07
7.712131266e-01  4.8627054e-07
7.713673693e-01  4.8640352e-07
7.715216427e-01  4.8664446e-07
7.716759471e-01  4.8700339e-07
7.718302822e-01  4.8748629e-07
7.719846483e-01  4.8809331e-07
7.721390452e-01  4.8881702e-07
7.722934730e-01  4.8964130e-07
7.724479317e-01  4.9054099e-07
7.726024213e-01  4.9148266e-07
7.727569418e-01  4.9242678e-07
7.729114932e-01  4.9333121e-07
7.730660755e-01  4.9415580e-07
7.732206887e-01  4.9486746e-07
7.733753328e-01  4.9544472e-07
7.735300079e-01  4.9588108e-07
7.736847139e-01  4.9618615e-07
7.738394509e-01  4.9638435e-07
7.739942188e-01  4.9651125e-07
7.741490176e-01  4.9660813e-07
7.743038474e-01  4.9671582e-07
7.744587082e-01  4.9686893e-07
7.746135999e-01  4.9709155e-07
7.747685226e-01  4.9739509e-07
7.749234763e-01  4.9777853e-07
7.750784610e-01  4.9823066e-07
7.752334767e-01  4.9873376e-07
7.753885234e-01  4.9926776e-07
7.755436011e-01  4.9981409e-07
7.756987098e-01  5.0035851e-07
7.758538496e-01  5.0089284e-07
7.760090204e-01  5.0141539e-07
7.761642222e-01  5.0193058e-07
7.763194550e-01  5.0244777e-07
7.764747189e-01  5.0297979e-07
7.766300138e-01  5.0354123e-07
7.767853398e-01  5.0414667e-07
7.769406969e-01  5.0480899e-07
7.770960850e-01  5.0553779e-07
7.772515043e-01  5.0633819e-07
7.774069546e-01  5.0721022e-07
7.775624360e-01  5.0814888e-07
7.777179484e-01  5.0914503e-07
7.778734920e-01  5.1018690e-07
7.780290667e-01  5.1126216e-07
7.781846725e-01  5.1235998e-07
7.783403095e-01  5.1347274e-07
7.784959775e-01  5.1459694e-07
7.786516767e-01  5.1573315e-07
7.788074071e-01  5.1688496e-07
7.789631686e-01  5.1805722e-07
7.791189612e-01  5.1925401e-07
7.792747850e-01  5.2047662e-07
7.794306399e-01  5.2172212e-07
7.795865261e-01  5.2298239e-07
7.797424434e-01  5.2424391e-07
7.798983919e-01  5.2548817e-07
7.800543715e-01  5.2669273e-07
7.802103824e-01  5.2783287e-07
7.803664245e-01  5.2888400e-07
7.805224978e-01  5.2982436e-07
7.806786023e-01  5.3063805e-07
7.808347380e-01  5.3131767e-07
7.809909049e-01  5.3186634e-07
7.811471031e-01  5.3229864e-07
7.813033325e-01  5.3264053e-07
7.814595932e-01  5.3292812e-07
7.816158851e-01  5.3320542e-07
7.817722083e-01  5.3352120e-07
7.819285627e-01  5.3392482e-07
7.820849485e-01  5.3446127e-07
7.822413654e-01  5.3516552e-07
7.823978137e-01  5.3605678e-07
7.825542933e-01  5.3713341e-07
7.827108041e-01  5.3836944e-07
7.828673463e-01  5.3971363e-07
7.830239198e-01  5.4109175e-07
7.831805246e-01  5.4241246e-07
7.833371607e-01  5.4357648e-07
7.834938281e-01  5.4448814e-07
7.836505269e-01  5.4506785e-07
7.838072570e-01  5.4526331e-07
7.839640184e-01  5.4505752e-07
7.841208112e-01  5.4447188e-07
7.842776354e-01  5.4356366e-07
7.844344909e-01  5.4241800e-07
7.845913778e-01  5.4113608e-07
7.847482961e-01  5.3982156e-07
7.849052457e-01  5.3856766e-07
7.850622268e-01  5.3744718e-07
7.852192392e-01  5.3650677e-07
7.853762831e-01  5.3576580e-07
7.855333583e-01  5.3521948e-07
7.856904650e-01  5.3484474e-07
7.858476031e-01  5.3460742e-07
7.860047726e-01  5.3446917e-07
7.861619736e-01  5.3439281e-07
7.863192060e-01  5.3434580e-07
7.864764698e-01  5.3430166e-07
7.866337651e-01  5.3423982e-07
7.867910919e-01  5.3414475e-07
7.869484501e-01  5.3400470e-07
7.871058398e-01  5.3381094e-07
7.872632609e-01  5.3355742e-07
7.874207136e-01  5.3324095e-07
7.875781977e-01  5.3286168e-07
7.877357134e-01  5.3242349e-07
7.878932605e-01  5.3193411e-07
7.880508392e-01  5.3140470e-07
7.882084493e-01  5.3084905e-07
7.883660910e-01  5.3028244e-07
7.885237642e-01  5.2972045e-07
7.886814690e-01  5.2917801e-07
7.888392053e-01  5.2866876e-07
7.889969731e-01  5.2820483e-07
7.891547725e-01  5.2779701e-07
7.893126035e-01  5.2745525e-07
7.894704660e-01  5.2718910e-07
7.896283601e-01  5.2700817e-07
7.897862858e-01  5.2692215e-07
7.899442430e-01  5.2694059e-07
7.901022319e-01  5.2707244e-07
7.902602523e-01  5.2732545e-07
7.904183044e-01  5.2770572e-07
7.905763880e-01  5.2821720e-07
7.907345033e-01  5.2886129e-07
7.908926502e-01  5.2963615e-07
7.910508287e-01  5.3053583e-07
7.912090389e-01  5.3154910e-07
7.913672807e-01  5.3265844e-07
7.915255542e-01  5.3383932e-07
7.916838593e-01  5.3506027e-07
7.918421961e-01  5.3628388e-07
7.920005645e-01  5.3746890e-07
7.921589646e-01  5.3857314e-07
7.923173964e-01  5.3955714e-07
7.924758599e-01  5.4038813e-07
7.926343550e-01  5.4104396e-07
7.927928819e-01  5.4151648e-07
7.929514405e-01  5.4181372e-07
7.931100308e-01  5.4196039e-07
7.932686528e-01  5.4199597e-07
7.934273065e-01  5.4197058e-07
7.935859920e-01  5.4193863e-07
7.937447092e-01  5.4195158e-07
7.939034581e-01  5.4205072e-07
7.940622388e-01  5.4226167e-07
7.942210513e-01  5.4259152e-07
7.943798955e-01  5.4302906e-07
7.945387714e-01  5.4354819e-07
7.946976792e-01  5.4411367e-07
7.948566187e-01  5.4468808e-07
7.950155901e-01  5.4523893e-07
7.951745932e-01  5.4574463e-07
7.953336281e-01  5.4619835e-07
7.954926948e-01  5.4660905e-07
7.956517934e-01  5.4699958e-07
7.958109237e-01  5.4740187e-07
7.959700859e-01  5.4785018e-07
7.961292799e-01  5.4837363e-07
7.962885058e-01  5.4898957e-07
7.964477635e-01  5.4969918e-07
7.966070530e-01  5.5048628e-07
7.967663744e-01  5.5131956e-07
7.969257277e-01  5.5215754e-07
7.970851129e-01  5.5295490e-07
7.972445299e-01  5.5366889e-07
7.974039788e-01  5.5426424e-07
7.975634596e-01  5.5471611e-07
7.977229723e-01  5.5501061e-07
7.978825169e-01  5.5514351e-07
7.980420934e-01  5.5511764e-07
7.982017018e-01  5.5493992e-07
7.983613421e-01  5.5461856e-07
7.985210144e-01  5.5416118e-07
7.986807186e-01  5.5357414e-07
7.988404548e-01  5.5286294e-07
7.990002228e-01  5.5203353e-07
7.991600229e-01  5.5109370e-07
7.993198549e-01  5.5005405e-07
7.994797189e-01  5.4892800e-07
7.996396148e-01  5.4773106e-07
7.997995427e-01  5.4647990e-07
7.999595026e-01  5.4519180e-07
8.001194945e-01  5.4388484e-07
8.002795184e-01  5.4257871e-07
8.004395743e-01  5.4129522e-07
8.005996623e-01  5.4005766e-07
8.007597822e-01  5.3888834e-07
8.009199341e-01  5.3780478e-07
8.010801181e-01  5.3681549e-07
8.012403342e-01  5.3591706e-07
8.014005822e-01  5.3509385e-07
8.015608623e-01  5.3432071e-07
8.017211745e-01  5.3356808e-07
8.018815187e-01  5.3280807e-07
8.020418951e-01  5.3201971e-07
8.022023034e-01  5.3119218e-07
8.023627439e-01  5.3032539e-07
8.025232164e-01  5.2942820e-07
8.026837211e-01  5.2851516e-07
8.028442578e-01  5.2760254e-07
8.030048267e-01  5.2670452e-07
8.031654276e-01  5.2583003e-07
8.033260607e-01  5.2498067e-07
8.034867259e-01  5.2415000e-07
8.036474233e-01  5.2332446e-07
8.038081528e-01  5.2248578e-07
8.039689144e-01  5.2161477e-07
8.041297082e-01  5.2069540e-07
8.042905341e-01  5.1971834e-07
8.044513922e-01  5.1868292e-07
8.046122825e-01  5.1759689e-07
8.047732050e-01  5.1647419e-07
8.049341596e-01  5.1533138e-07
8.050951464e-01  5.1418375e-07
8.052561655e-01  5.1304237e-07
8.054172167e-01  5.1191265e-07
8.055783001e-01  5.1079459e-07
8.057394158e-01  5.0968452e-07
8.059005637e-01  5.0857744e-07
8.060617438e-01  5.0746948e-07
8.062229562e-01  5.0635961e-07
8.063842007e-01  5.0525048e-07
8.065454776e-01  5.0414817e-07
8.067067867e-01  5.0306127e-07
8.068681280e-01  5.0199953e-07
8.070295017e-01  5.0097264e-07
8.071909076e-01  4.9998954e-07
8.073523457e-01  4.9905832e-07
8.075138162e-01  4.9818654e-07
8.076753190e-01  4.9738170e-07
8.078368540e-01  4.9665118e-07
8.079984214e-01  4.9600151e-07
8.081600211e-01  4.9543679e-07
8.083216531e-01  4.9495690e-07
8.084833174e-01  4.9455593e-07
8.086450141e-01  4.9422175e-07
8.088067431e-01  4.9393692e-07
8.089685044e-01  4.9368093e-07
8.091302981e-01  4.9343318e-07
8.092921242e-01  4.9317575e-07
8.094539826e-01  4.9289519e-07
8.096158734e-01  4.9258293e-07
8.097777966e-01  4.9223430e-07
8.099397522e-01  4.9184669e-07
8.101017401e-01  4.9141771e-07
8.102637605e-01  4.9094399e-07
8.104258132e-01  4.9042096e-07
8.105878984e-01  4.8984386e-07
8.107500160e-01  4.8920937e-07
8.109121660e-01  4.8851757e-07
8.110743484e-01  4.8777340e-07
8.112365633e-01  4.8698727e-07
8.113988106e-01  4.8617441e-07
8.115610903e-01  4.8535307e-07
8.117234026e-01  4.8454184e-07
8.118857472e-01  4.8375671e-07
8.120481244e-01  4.8300840e-07
8.122105340e-01  4.8230067e-07
8.123729761e-01  4.8162995e-07
8.125354507e-01  4.8098639e-07
8.126979578e-01  4.8035618e-07
8.128604974e-01  4.7972471e-07
8.130230695e-01  4.7907986e-07
8.131856741e-01  4.7841485e-07
8.133483112e-01  4.7773003e-07
8.135109809e-01  4.7703307e-07
8.136736831e-01  4.7633760e-07
8.138364178e-01  4.7566053e-07
8.139991851e-01  4.7501852e-07
8.141619850e-01  4.7442462e-07
8.143248174e-01  4.7388570e-07
8.144876823e-01  4.7340140e-07
8.146505799e-01  4.7296465e-07
8.148135100e-01  4.7256363e-07
8.149764727e-01  4.7218449e-07
8.151394680e-01  4.7181413e-07
8.153024959e-01  4.7144223e-07
8.154655564e-01  4.7106231e-07
8.156286495e-01  4.7067154e-07
8.157917752e-01  4.7026979e-07
8.159549336e-01  4.6985826e-07
8.161181245e-01  4.6943834e-07
8.162813482e-01  4.6901103e-07
8.164446044e-01  4.6857700e-07
8.166078934e-01  4.6813714e-07
8.167712149e-01  4.6769319e-07
8.169345692e-01  4.6724819e-07
8.170979561e-01  4.6680638e-07
8.172613757e-01  4.6637263e-07
8.174248280e-01  4.6595163e-07
8.175883129e-01  4.6554717e-07
8.177518306e-01  4.6516162e-07
8.179153810e-01  4.6479585e-07
8.180789640e-01  4.6444935e-07
8.182425798e-01  4.6412040e-07
8.184062283e-01  4.6380614e-07
8.185699096e-01  4.6350242e-07
8.187336236e-01  4.6320386e-07
8.188973703e-01  4.6290399e-07
8.190611498e-01  4.6259598e-07
8.192249620e-01  4.6227351e-07
8.193888070e-01  4.6193176e-07
8.195526847e-01  4.6156810e-07
8.197165953e-01  4.6118229e-07
8.198805386e-01  4.6077617e-07
8.200445147e-01  4.6035307e-07
8.202085236e-01  4.5991715e-07
8.203725653e-01  4.5947283e-07
8.205366398e-01  4.5902442e-07
8.207007472e-01  4.5857593e-07
8.208648873e-01  4.5813111e-07
8.210290603e-01  4.5769354e-07
8.211932661e-01  4.5726689e-07
8.213575048e-01  4.5685516e-07
8.215217763e-01  4.5646273e-07
8.216860806e-01  4.5609404e-07
8.218504178e-01  4.5575284e-07
8.220147879e-01  4.5544091e-07
8.221791909e-01  4.5515668e-07
8.223436267e-01  4.5489415e-07
8.225080954e-01  4.5464271e-07
8.226725970e-01  4.5438818e-07
8.228371316e-01  4.5411506e-07
8.230016990e-01  4.5380954e-07
8.231662993e-01  4.5346248e-07
8.233309326e-01  4.5307132e-07
8.234955988e-01  4.5264049e-07
8.236602979e-01  4.5218007e-07
8.238250300e-01  4.5170337e-07
8.239897950e-01  4.5122411e-07
8.241545929e-01  4.5075414e-07
8.243194238e-01  4.5030225e-07
8.244842877e-01  4.4987396e-07
8.246491846e-01  4.4947216e-07
8.248141144e-01  4.4909781e-07
8.249790772e-01  4.4875047e-07
8.251440731e-01  4.4842845e-07
8.253091019e-01  4.4812884e-07
8.254741637e-01  4.4784765e-07
8.256392585e-01  4.4758039e-07
8.258043864e-01  4.4732288e-07
8.259695473e-01  4.4707230e-07
8.261347412e-01  4.4682773e-07
8.262999681e-01  4.4659018e-07
8.264652281e-01  4.4636181e-07
8.266305212e-01  4.4614484e-07
8.267958473e-01  4.4594019e-07
8.269612064e-01  4.4574679e-07
8.271265987e-01  4.4556145e-07
8.272920240e-01  4.4537953e-07
8.274574824e-01  4.4519612e-07
8.276229739e-01  4.4500726e-07
8.277884985e-01  4.4481074e-07
8.279540562e-01  4.4460635e-07
8.281196470e-01  4.4439539e-07
8.282852709e-01  4.4417985e-07
8.284509280e-01  4.4396156e-07
8.286166182e-01  4.4374169e-07
8.287823415e-01  4.4352077e-07
8.289480980e-01  4.4329908e-07
8.291138876e-01  4.4307733e-07
8.292797104e-01  4.4285713e-07
8.294455663e-01  4.4264107e-07
8.296114554e-01  4.4243242e-07
8.297773777e-01  4.4223452e-07
8.299433332e-01  4.4205011e-07
8.301093218e-01  4.4188098e-07
8.302753437e-01  4.4172802e-07
8.304413988e-01  4.4159180e-07
8.306074871e-01  4.4147336e-07
8.307736086e-01  4.4137511e-07
8.309397633e-01  4.4130126e-07
8.311059512e-01  4.4125778e-07
8.312721724e-01  4.4125191e-07
8.314384269e-01  4.4129123e-07
8.316047145e-01  4.4138298e-07
8.317710355e-01  4.4153372e-07
8.319373897e-01  4.4174972e-07
8.321037772e-01  4.4203803e-07
8.322701979e-01  4.4240787e-07
8.324366520e-01  4.4287196e-07
8.326031393e-01  4.4344717e-07
8.327696599e-01  4.4415427e-07
8.329362139e-01  4.4501634e-07
8.331028011e-01  4.4605629e-07
8.332694217e-01  4.4729375e-07
8.334360755e-01  4.4874179e-07
8.336027628e-01  4.5040452e-07
8.337694833e-01  4.5227555e-07
8.339362372e-01  4.5433744e-07
8.341030245e-01  4.5656160e-07
8.342698451e-01  4.5890739e-07
8.344366990e-01  4.6132021e-07
8.346035864e-01  4.6372886e-07
8.347705071e-01  4.6604404e-07
8.349374612e-01  4.6816038e-07
8.351044487e-01  4.6996464e-07
8.352714696e-01  4.7135090e-07
8.354385239e-01  4.7224050e-07
8.356056116e-01  4.7260184e-07
8.357727327e-01  4.7246399e-07
8.359398872e-01  4.7191850e-07
8.361070752e-01  4.7110782e-07
8.362742966e-01  4.7020240e-07
8.364415515e-01  4.6937301e-07
8.366088398e-01  4.6876572e-07
8.367761616e-01  4.6848574e-07
8.369435168e-01  4.6859235e-07
8.371109055e-01  4.6910319e-07
8.372783277e-01  4.7000325e-07
8.374457833e-01  4.7125367e-07
8.376132725e-01  4.7279721e-07
8.377807952e-01  4.7455987e-07
8.379483513e-01  4.7645011e-07
8.381159410e-01  4.7835876e-07
8.382835642e-01  4.8016220e-07
8.384512209e-01  4.8172997e-07
8.386189111e-01  4.8293671e-07
8.387866349e-01  4.8367683e-07
8.389543922e-01  4.8388005e-07
8.391221831e-01  4.8352532e-07
8.392900076e-01  4.8265137e-07
8.394578656e-01  4.8136212e-07
8.396257571e-01  4.7982548e-07
8.397936823e-01  4.7826466e-07
8.399616410e-01  4.7694068e-07
8.401296333e-01  4.7612632e-07
8.402976593e-01  4.7607252e-07
8.404657188e-01  4.7697042e-07
8.406338119e-01  4.7891393e-07
8.408019387e-01  4.8186909e-07
8.409700991e-01  4.8565611e-07
8.411382931e-01  4.8995042e-07
8.413065208e-01  4.9430567e-07
8.414747821e-01  4.9820036e-07
8.416430770e-01  5.0110595e-07
8.418114057e-01  5.0256880e-07
8.419797679e-01  5.0229225e-07
8.421481639e-01  5.0020072e-07
8.423165935e-01  4.9646783e-07
8.424850568e-01  4.9149612e-07
8.426535538e-01  4.8584875e-07
8.428220846e-01  4.8014756e-07
8.429906490e-01  4.7496227e-07
8.431592471e-01  4.7071743e-07
8.433278790e-01  4.6763729e-07
8.434965445e-01  4.6573636e-07
8.436652438e-01  4.6485065e-07
8.438339769e-01  4.6469605e-07
8.440027437e-01  4.6493749e-07
8.441715442e-01  4.6525430e-07
8.443403785e-01  4.6539128e-07
8.445092466e-01  4.6518971e-07
8.446781485e-01  4.6459636e-07
8.448470841e-01  4.6365206e-07
8.450160535e-01  4.6246414e-07
8.451850567e-01  4.6116964e-07
8.453540937e-01  4.5989773e-07
8.455231646e-01  4.5873927e-07
8.456922692e-01  4.5772936e-07
8.458614076e-01  4.5684532e-07
8.460305799e-01  4.5601921e-07
8.461997860e-01  4.5516060e-07
8.463690260e-01  4.5418364e-07
8.465382998e-01  4.5303159e-07
8.467076075e-01  4.5169314e-07
8.468769490e-01  4.5020658e-07
8.470463244e-01  4.4865116e-07
8.472157336e-01  4.4712817e-07
8.473851768e-01  4.4573729e-07
8.475546538e-01  4.4455473e-07
8.477241648e-01  4.4361869e-07
8.478937096e-01  4.4292554e-07
8.480632883e-01  4.4243616e-07
8.482329010e-01  4.4209011e-07
8.484025476e-01  4.4182280e-07
8.485722281e-01  4.4158110e-07
8.487419425e-01  4.4133363e-07
8.489116909e-01  4.4107422e-07
8.490814732e-01  4.4081882e-07
8.492512895e-01  4.4059826e-07
8.494211398e-01  4.4045038e-07
8.495910240e-01  4.4041414e-07
8.497609422e-01  4.4052695e-07
8.499308944e-01  4.4082498e-07
8.501008806e-01  4.4134433e-07
8.502709008e-01  4.4212068e-07
8.504409550e-01  4.4318579e-07
8.506110431e-01  4.4456096e-07
8.507811654e-01  4.4624953e-07
8.509513216e-01  4.4823153e-07
8.511215119e-01  4.5046383e-07
8.512917362e-01  4.5288680e-07
8.514619945e-01  4.5543608e-07
8.516322869e-01  4.5805470e-07
8.518026134e-01  4.6070030e-07
8.519729739e-01  4.6334391e-07
8.521433685e-01  4.6596088e-07
8.523137971e-01  4.6851916e-07
8.524842599e-01  4.7097172e-07
8.526547568e-01  4.7325871e-07
8.528252877e-01  4.7531965e-07
8.529958528e-01  4.7711036e-07
8.531664519e-01  4.7861625e-07
8.533370852e-01  4.7985454e-07
8.535077526e-01  4.8086334e-07
8.536784542e-01  4.8168222e-07
8.538491899e-01  4.8233346e-07
8.540199597e-01  4.8281382e-07
8.541907637e-01  4.8310197e-07
8.543616019e-01  4.8318061e-07
8.545324742e-01  4.8306546e-07
8.547033807e-01  4.8283012e-07
8.548743214e-01  4.8261730e-07
8.550452962e-01  4.8263143e-07
8.552163053e-01  4.8311383e-07
8.553873485e-01  4.8430692e-07
8.555584260e-01  4.8641701e-07
8.557295377e-01  4.8958472e-07
8.559006836e-01  4.9386950e-07
8.560718637e-01  4.9925012e-07
8.562430781e-01  5.0563903e-07
8.564143267e-01  5.1290446e-07
8.565856096e-01  5.2089274e-07
8.567569267e-01  5.2944448e-07
8.569282781e-01  5.3840074e-07
8.570996638e-01  5.4760054e-07
8.572710837e-01  5.5687385e-07
8.574425379e-01  5.6603636e-07
8.576140264e-01  5.7489139e-07
8.577855492e-01  5.8324068e-07
8.579571063e-01  5.9090260e-07
8.581286978e-01  5.9773358e-07
8.583003235e-01  6.0364841e-07
8.584719836e-01  6.0863556e-07
8.586436780e-01  6.1276540e-07
8.588154067e-01  6.1618944e-07
8.589871698e-01  6.1912872e-07
8.591589672e-01  6.2184988e-07
8.593307990e-01  6.2462925e-07
8.595026652e-01  6.2770917e-07
8.596745657e-01  6.3125437e-07
8.598465006e-01  6.3531928e-07
8.600184699e-01  6.3983675e-07
8.601904736e-01  6.4463299e-07
8.603625117e-01  6.4946636e-07
8.605345842e-01  6.5408025e-07
8.607066911e-01  6.5825511e-07
8.608788325e-01  6.6184487e-07
8.610510082e-01  6.6478883e-07
8.612232184e-01  6.6709757e-07
8.613954631e-01  6.6882074e-07
8.615677422e-01  6.7000990e-07
8.617400557e-01  6.7069058e-07
8.619124037e-01  6.7085333e-07
8.620847862e-01  6.7046570e-07
8.622572032e-01  6.6949910e-07
8.624296546e-01  6.6795950e-07
8.626021405e-01  6.6590988e-07
8.627746610e-01  6.6347666e-07
8.629472159e-01  6.6083825e-07
8.631198053e-01  6.5819977e-07
8.632924293e-01  6.5576221e-07
8.634650878e-01  6.5369495e-07
8.636377808e-01  6.5211829e-07
8.638105084e-01  6.5109852e-07
8.639832705e-01  6.5065338e-07
8.641560671e-01  6.5076181e-07
8.643288983e-01  6.5137179e-07
8.645017641e-01  6.5240231e-07
8.646746645e-01  6.5373994e-07
8.648475994e-01  6.5523521e-07
8.650205689e-01  6.5670516e-07
8.651935730e-01  6.5794582e-07
8.653666117e-01  6.5875449e-07
8.655396851e-01  6.5895724e-07
8.657127930e-01  6.5843406e-07
8.658859356e-01  6.5713624e-07
8.660591127e-01  6.5509179e-07
8.662323246e-01  6.5239789e-07
8.664055710e-01  6.4920117e-07
8.665788521e-01  6.4566854e-07
8.667521679e-01  6.4195362e-07
8.669255183e-01  6.3816615e-07
8.670989034e-01  6.3435303e-07
8.672723232e-01  6.3049822e-07
8.674457777e-01  6.2654349e-07
8.676192668e-01  6.2242465e-07
8.677927907e-01  6.1811184e-07
8.679663493e-01  6.1363937e-07
8.681399425e-01  6.0911397e-07
8.683135705e-01  6.0469857e-07
8.684872332e-01  6.0057757e-07
8.686609307e-01  5.9691679e-07
8.688346629e-01  5.9383128e-07
8.690084298e-01  5.9136962e-07
8.691822315e-01  5.8951564e-07
8.693560679e-01  5.8820128e-07
8.695299391e-01  5.8732218e-07
8.697038451e-01  5.8674995e-07
8.698777859e-01  5.8633973e-07
8.700517615e-01  5.8593592e-07
8.702257718e-01  5.8538059e-07
8.703998170e-01  5.8452630e-07
8.705738969e-01  5.8325228e-07
8.707480117e-01  5.8147972e-07
8.709221613e-01  5.7918172e-07
8.710963457e-01  5.7638500e-07
8.712705650e-01  5.7316350e-07
8.714448191e-01  5.6962534e-07
8.716191081e-01  5.6589550e-07
8.717934319e-01  5.6209682e-07
8.719677906e-01  5.5833199e-07
8.721421842e-01  5.5466960e-07
8.723166126e-01  5.5113832e-07
8.724910759e-01  5.4773153e-07
8.726655741e-01  5.4442355e-07
8.728401072e-01  5.4119394e-07
8.730146753e-01  5.3805245e-07
8.731892782e-01  5.3505584e-07
8.733639161e-01  5.3230904e-07
8.735385888e-01  5.2994812e-07
8.737132966e-01  5.2810918e-07
8.738880392e-01  5.2689271e-07
8.740628168e-01  5.2633565e-07
8.742376294e-01  5.2640052e-07
8.744124769e-01  5.2698577e-07
8.745873594e-01  5.2795379e-07
8.747622769e-01  5.2916718e-07
8.749372293e-01  5.3052163e-07
8.751122168e-01  5.3196494e-07
8.752872392e-01  5.3349655e-07
8.754622967e-01  5.3514856e-07
8.756373891e-01  5.3695521e-07
8.758125166e-01  5.3892192e-07
8.759876791e-01  5.4100480e-07
8.761628766e-01  5.4310881e-07
8.763381092e-01  5.4510577e-07
8.765133768e-01  5.4686728e-07
8.766886795e-01  5.4830219e-07
8.768640173e-01  5.4938719e-07
8.770393901e-01  5.5018236e-07
8.772147979e-01  5.5082857e-07
8.773902409e-01  5.5153034e-07
8.775657189e-01  5.5253145e-07
8.777412321e-01  5.5409165e-07
8.779167803e-01  5.5646940e-07
8.780923637e-01  5.5991128e-07
8.782679822e-01  5.6464482e-07
8.784436358e-01  5.7086898e-07
8.786193245e-01  5.7873799e-07
8.787950484e-01  5.8833737e-07
8.789708074e-01  5.9965566e-07
8.791466015e-01  6.1255910e-07
8.793224308e-01  6.2677922e-07
8.794982953e-01  6.4192364e-07
8.796741950e-01  6.5751709e-07
8.798501298e-01  6.7307293e-07
8.800260999e-01  6.8818492e-07
8.802021051e-01  7.0261788e-07
8.803781455e-01  7.1636886e-07
8.805542211e-01  7.2967186e-07
8.807303320e-01  7.4293392e-07
8.809064780e-01  7.5661328e-07
8.810826593e-01  7.7107275e-07
8.812588759e-01  7.8645552e-07
8.814351276e-01  8.0262594e-07
8.816114147e-01  8.1919556e-07
8.817877369e-01  8.3562391e-07
8.819640945e-01  8.5135631e-07
8.821404873e-01  8.6595021e-07
8.823169154e-01  8.7914785e-07
8.824933788e-01  8.9087532e-07
8.826698775e-01  9.0117641e-07
8.828464114e-01  9.1011059e-07
8.830229807e-01  9.1765519e-07
8.831995853e-01  9.2364807e-07
8.833762252e-01  9.2779152e-07
8.835529005e-01  9.2971829e-07
8.837296111e-01  9.2909994e-07
8.839063570e-01  9.2576571e-07
8.840831383e-01  9.1979643e-07
8.842599549e-01  9.1156629e-07
8.844368069e-01  9.0172171e-07
8.846136942e-01  8.9110383e-07
8.847906170e-01  8.8063590e-07
8.849675751e-01  8.7120417e-07
8.851445686e-01  8.6355868e-07
8.853215975e-01  8.5825097e-07
8.854986619e-01  8.5561205e-07
8.856757616e-01  8.5576073e-07
8.858528967e-01  8.5862499e-07
8.860300673e-01  8.6395932e-07
8.862072733e-01  8.7135009e-07
8.863845148e-01  8.8021531e-07
8.865617917e-01  8.8981433e-07
8.867391040e-01  8.9928528e-07
8.869164519e-01  9.0772010e-07
8.870938352e-01  9.1427073e-07
8.872712539e-01  9.1826634e-07
8.874487082e-01  9.1931474e-07
8.876261979e-01  9.1736378e-07
8.878037232e-01  9.1271008e-07
8.879812839e-01  9.0595360e-07
8.881588802e-01  8.9790688e-07
8.883365119e-01  8.8947271e-07
8.885141792e-01  8.8150695e-07
8.886918821e-01  8.7468636e-07
8.888696204e-01  8.6940533e-07
8.890473944e-01  8.6572471e-07
8.892252038e-01  8.6338864e-07
8.894030489e-01  8.6190876e-07
8.895809295e-01  8.6069661e-07
8.897588457e-01  8.5920856e-07
8.899367975e-01  8.5706262e-07
8.901147848e-01  8.5409815e-07
8.902928078e-01  8.5036771e-07
8.904708663e-01  8.4607429e-07
8.906489605e-01  8.4148275e-07
8.908270903e-01  8.3683827e-07
8.910052557e-01  8.3231706e-07
8.911834568e-01  8.2801806e-07
8.913616935e-01  8.2398807e-07
8.915399658e-01  8.2026132e-07
8.917182738e-01  8.1689241e-07
8.918966174e-01  8.1396901e-07
8.920749968e-01  8.1160300e-07
8.922534118e-01  8.0990817e-07
8.924318625e-01  8.0897731e-07
8.926103488e-01  8.0886764e-07
8.927888709e-01  8.0959550e-07
8.929674287e-01  8.1113645e-07
8.931460222e-01  8.1342462e-07
8.933246514e-01  8.1635089e-07
8.935033163e-01  8.1976347e-07
8.936820170e-01  8.2347588e-07
8.938607534e-01  8.2728513e-07
8.940395255e-01  8.3099528e-07
8.942183334e-01  8.3443711e-07
8.943971771e-01  8.3747582e-07
8.945760565e-01  8.4000342e-07
8.947549717e-01  8.4191972e-07
8.949339227e-01  8.4311185e-07
8.951129095e-01  8.4344220e-07
8.952919321e-01  8.4275089e-07
8.954709905e-01  8.4087285e-07
8.956500847e-01  8.3766444e-07
8.958292147e-01  8.3303247e-07
8.960083805e-01  8.2695893e-07
8.961875822e-01  8.1951778e-07
8.963668197e-01  8.1088312e-07
8.965460931e-01  8.0132935e-07
8.967254023e-01  7.9122337e-07
8.969047474e-01  7.8100719e-07
8.970841283e-01  7.7116782e-07
8.972635452e-01  7.6219365e-07
8.974429979e-01  7.5452067e-07
8.976224865e-01  7.4847826e-07
8.978020110e-01  7.4424684e-07
8.979815714e-01  7.4183834e-07
8.981611677e-01  7.4110386e-07
8.983407999e-01  7.4176421e-07
8.985204681e-01  7.4345296e-07
8.987001722e-01  7.4576046e-07
8.988799122e-01  7.4827083e-07
8.990596882e-01  7.5058974e-07
8.992395001e-01  7.5236578e-07
8.994193480e-01  7.5330945e-07
8.995992319e-01  7.5321205e-07
8.997791517e-01  7.5196198e-07
8.999591076e-01  7.4955328e-07
9.001390994e-01  7.4607962e-07
9.003191272e-01  7.4171007e-07
9.004991910e-01  7.3664962e-07
9.006792909e-01  7.3109319e-07
9.008594267e-01  7.2518730e-07
9.010395986e-01  7.1901210e-07
9.012198065e-01  7.1258968e-07
9.014000505e-01  7.0591492e-07
9.015803305e-01  6.9899553e-07
9.017606466e-01  6.9188429e-07
9.019409987e-01  6.8469071e-07
9.021213869e-01  6.7756819e-07
9.023018112e-01  6.7068314e-07
9.024822715e-01  6.6417915e-07
9.026627680e-01  6.5814943e-07
9.028433006e-01  6.5262576e-07
9.030238692e-01  6.4758409e-07
9.032044740e-01  6.4296050e-07
9.033851149e-01  6.3866927e-07
9.035657919e-01  6.3461592e-07
9.037465051e-01  6.3070276e-07
9.039272544e-01  6.2682928e-07
9.041080398e-01  6.2289242e-07
9.042888614e-01  6.1879125e-07
9.044697192e-01  6.1443811e-07
9.046506131e-01  6.0977411e-07
9.048315433e-01  6.0478359e-07
9.050125096e-01  5.9950146e-07
9.051935121e-01  5.9400888e-07
9.053745508e-01  5.8841645e-07
9.055556257e-01  5.8283889e-07
9.057367368e-01  5.7736788e-07
9.059178842e-01  5.7205163e-07
9.060990677e-01  5.6688740e-07
9.062802875e-01  5.6182984e-07
9.064615436e-01  5.5681298e-07
9.066428359e-01  5.5177917e-07
9.068241645e-01  5.4670518e-07
9.070055293e-01  5.4161692e-07
9.071869304e-01  5.3658710e-07
9.073683678e-01  5.3171603e-07
9.075498415e-01  5.2710235e-07
9.077313514e-01  5.2281343e-07
9.079128977e-01  5.1886580e-07
9.080944803e-01  5.1522263e-07
9.082760992e-01  5.1180909e-07
9.084577544e-01  5.0854018e-07
9.086394460e-01  5.0535169e-07
9.088211739e-01  5.0222383e-07
9.090029381e-01  4.9919027e-07
9.091847387e-01  4.9633066e-07
9.093665756e-01  4.9375022e-07
9.095484489e-01  4.9155390e-07
9.097303586e-01  4.8982334e-07
9.099123047e-01  4.8860186e-07
9.100942872e-01  4.8788903e-07
9.102763060e-01  4.8764246e-07
9.104583613e-01  4.8778356e-07
9.106404530e-01  4.8820530e-07
9.108225810e-01  4.8878177e-07
9.110047456e-01  4.8938107e-07
9.111869465e-01  4.8988220e-07
9.113691839e-01  4.9019322e-07
9.115514577e-01  4.9026574e-07
9.117337680e-01  4.9010003e-07
9.119161148e-01  4.8973749e-07
9.120984980e-01  4.8924215e-07
9.122809177e-01  4.8867715e-07
9.124633739e-01  4.8808487e-07
9.126458666e-01  4.8747737e-07
9.128283957e-01  4.8683965e-07
9.130109614e-01  4.8614267e-07
9.131935636e-01  4.8535952e-07
9.133762023e-01  4.8447756e-07
9.135588776e-01  4.8350163e-07
9.137415893e-01  4.8244833e-07
9.139243377e-01  4.8133467e-07
9.141071225e-01  4.8016696e-07
9.142899439e-01  4.7893503e-07
9.144728019e-01  4.7761424e-07
9.146556965e-01  4.7617421e-07
9.148386276e-01  4.7459064e-07
9.150215954e-01  4.7285530e-07
9.152045997e-01  4.7098027e-07
9.153876406e-01  4.6899505e-07
9.155707181e-01  4.6693782e-07
9.157538323e-01  4.6484436e-07
9.159369830e-01  4.6273919e-07
9.161201704e-01  4.6063178e-07
9.163033945e-01  4.5851885e-07
9.164866551e-01  4.5639105e-07
9.166699525e-01  4.5424088e-07
9.168532865e-01  4.5206881e-07
9.170366571e-01  4.4988621e-07
9.172200645e-01  4.4771515e-07
9.174035085e-01  4.4558648e-07
9.175869892e-01  4.4353726e-07
9.177705066e-01  4.4160784e-07
9.179540607e-01  4.3983824e-07
9.181376515e-01  4.3826333e-07
9.183212790e-01  4.3690736e-07
9.185049433e-01  4.3577872e-07
9.186886443e-01  4.3486672e-07
9.188723820e-01  4.3414106e-07
9.190561565e-01  4.3355454e-07
9.192399677e-01  4.3304842e-07
9.194238157e-01  4.3256017e-07
9.196077004e-01  4.3203292e-07
9.197916220e-01  4.3142585e-07
9.199755803e-01  4.3072335e-07
9.201595754e-01  4.2994005e-07
9.203436073e-01  4.2911923e-07
9.205276761e-01  4.2832318e-07
9.207117816e-01  4.2761723e-07
9.208959240e-01  4.2705172e-07
9.210801031e-01  4.2664728e-07
9.212643192e-01  4.2638852e-07
9.214485720e-01  4.2622823e-07
9.216328617e-01  4.2610079e-07
9.218171883e-01  4.2594043e-07
9.220015517e-01  4.2569849e-07
9.221859521e-01  4.2535446e-07
9.223703893e-01  4.2491836e-07
9.225548633e-01  4.2442452e-07
9.227393743e-01  4.2392028e-07
9.229239222e-01  4.2345338e-07
9.231085070e-01  4.2306170e-07
9.232931287e-01  4.2276738e-07
9.234777873e-01  4.2257518e-07
9.236624828e-01  4.2247429e-07
9.238472153e-01  4.2244201e-07
9.240319848e-01  4.2244858e-07
9.242167912e-01  4.2246236e-07
9.244016345e-01  4.2245498e-07
9.245865149e-01  4.2240563e-07
9.247714322e-01  4.2230379e-07
9.249563865e-01  4.2214952e-07
9.251413777e-01  4.2195144e-07
9.253264060e-01  4.2172307e-07
9.255114713e-01  4.2147893e-07
9.256965736e-01  4.2123159e-07
9.258817129e-01  4.2099060e-07
9.260668892e-01  4.2076283e-07
9.262521026e-01  4.2055374e-07
9.264373530e-01  4.2036844e-07
9.266226405e-01  4.2021203e-07
9.268079650e-01  4.2008903e-07
9.269933266e-01  4.2000231e-07
9.271787253e-01  4.1995203e-07
9.273641610e-01  4.1993506e-07
9.275496339e-01  4.1994516e-07
9.277351438e-01  4.1997391e-07
9.279206908e-01  4.2001212e-07
9.281062750e-01  4.2005160e-07
9.282918962e-01  4.2008657e-07
9.284775546e-01  4.2011471e-07
9.286632501e-01  4.2013738e-07
9.288489828e-01  4.2015918e-07
9.290347526e-01  4.2018683e-07
9.292205595e-01  4.2022800e-07
9.294064036e-01  4.2029026e-07
9.295922849e-01  4.2038044e-07
9.297782034e-01  4.2050457e-07
9.299641590e-01  4.2066797e-07
9.301501518e-01  4.2087537e-07
9.303361819e-01  4.2113064e-07
9.305222491e-01  4.2143599e-07
9.307083535e-01  4.2179087e-07
9.308944952e-01  4.2219071e-07
9.310806741e-01  4.2262628e-07
9.312668903e-01  4.2308375e-07
9.314531436e-01  4.2354591e-07
9.316394343e-01  4.2399426e-07
9.318257621e-01  4.2441159e-07
9.320121273e-01  4.2478474e-07
9.321985297e-01  4.2510693e-07
9.323849694e-01  4.2537939e-07
9.325714464e-01  4.2561194e-07
9.327579607e-01  4.2582233e-07
9.329445123e-01  4.2603396e-07
9.331311012e-01  4.2627180e-07
9.333177274e-01  4.2655683e-07
9.335043910e-01  4.2689984e-07
9.336910919e-01  4.2729639e-07
9.338778301e-01  4.2772480e-07
9.340646056e-01  4.2814896e-07
9.342514186e-01  4.2852613e-07
9.344382688e-01  4.2881781e-07
9.346251565e-01  4.2900029e-07
9.348120815e-01  4.2907088e-07
9.349990439e-01  4.2904717e-07
9.351860438e-01  4.2895966e-07
9.353730810e-01  4.2884083e-07
9.355601556e-01  4.2871563e-07
9.357472676e-01  4.2859716e-07
9.359344171e-01  4.2848860e-07
9.361216039e-01  4.2838922e-07
9.363088283e-01  4.2830045e-07
9.364960900e-01  4.2822844e-07
9.366833892e-01  4.2818191e-07
9.368707259e-01  4.2816696e-07
9.370581001e-01  4.2818179e-07
9.372455117e-01  4.2821416e-07
9.374329608e-01  4.2824255e-07
9.376204474e-01  4.2824024e-07
9.378079715e-01  4.2818047e-07
9.379955331e-01  4.2804098e-07
9.381831322e-01  4.2780727e-07
9.383707688e-01  4.2747449e-07
9.385584430e-01  4.2704848e-07
9.387461546e-01  4.2654600e-07
9.389339039e-01  4.2599374e-07
9.391216907e-01  4.2542588e-07
9.393095150e-01  4.2487995e-07
9.394973769e-01  4.2439169e-07
9.396852764e-01  4.2399004e-07
9.398732134e-01  4.2369365e-07
9.400611881e-01  4.2350959e-07
9.402492003e-01  4.2343446e-07
9.404372502e-01  4.2345724e-07
9.406253376e-01  4.2356279e-07
9.408134627e-01  4.2373540e-07
9.410016254e-01  4.2396155e-07
9.411898257e-01  4.2423205e-07
9.413780637e-01  4.2454305e-07
9.415663393e-01  4.2489575e-07
9.417546525e-01  4.2529419e-07
9.419430035e-01  4.2574141e-07
9.421313921e-01  4.2623471e-07
9.423198183e-01  4.2676179e-07
9.425082823e-01  4.2729992e-07
9.426967840e-01  4.2781910e-07
9.428853233e-01  4.2828869e-07
9.430739004e-01  4.2868497e-07
9.432625152e-01  4.2899617e-07
9.434511677e-01  4.2922246e-07
9.436398579e-01  4.2937103e-07
9.438285859e-01  4.2944892e-07
9.440173516e-01  4.2945769e-07
9.442061551e-01  4.2939326e-07
9.443949963e-01  4.2925138e-07
9.445838753e-01  4.2903565e-07
9.447727921e-01  4.2876347e-07
9.449617466e-01  4.2846591e-07
9.451507390e-01  4.2818035e-07
9.453397691e-01  4.2793864e-07
9.455288371e-01  4.2775574e-07
9.457179428e-01  4.2762400e-07
9.459070864e-01  4.2751576e-07
9.460962678e-01  4.2739323e-07
9.462854871e-01  4.2722212e-07
9.464747442e-01  4.2698348e-07
9.466640391e-01  4.2667997e-07
9.468533720e-01  4.2633435e-07
9.470427426e-01  4.2598160e-07
9.472321512e-01  4.2565754e-07
9.474215976e-01  4.2538813e-07
9.476110819e-01  4.2518285e-07
9.478006041e-01  4.2503395e-07
9.479901643e-01  4.2492173e-07
9.481797623e-01  4.2482353e-07
9.483693982e-01  4.2472342e-07
9.485590721e-01  4.2461868e-07
9.487487839e-01  4.2452064e-07
9.489385337e-01  4.2444903e-07
9.491283214e-01  4.2442177e-07
9.493181471e-01  4.2444420e-07
9.495080107e-01  4.2450202e-07
9.496979123e-01  4.2456143e-07
9.498878519e-01  4.2457700e-07
9.500778295e-01  4.2450517e-07
9.502678450e-01  4.2431864e-07
9.504578986e-01  4.2401690e-07
9.506479902e-01  4.2362901e-07
9.508381198e-01  4.2320738e-07
9.510282874e-01  4.2281452e-07
9.512184930e-01  4.2250661e-07
9.514087367e-01  4.2231891e-07
9.515990185e-01  4.2225717e-07
9.517893383e-01  4.2229716e-07
9.519796962e-01  4.2239220e-07
9.521700921e-01  4.2248591e-07
9.523605261e-01  4.2252671e-07
9.525509982e-01  4.2247980e-07
9.527415084e-01  4.2233408e-07
9.529320567e-01  4.2210249e-07
9.531226431e-01  4.2181652e-07
9.533132677e-01  4.2151693e-07
9.535039303e-01  4.2124328e-07
9.536946311e-01  4.2102506e-07
9.538853700e-01  4.2087647e-07
9.540761471e-01  4.2079551e-07
9.542669623e-01  4.2076720e-07
9.544578157e-01  4.2076944e-07
9.546487073e-01  4.2077967e-07
9.548396370e-01  4.2078027e-07
9.550306050e-01  4.2076168e-07
9.552216111e-01  4.2072245e-07
9.554126554e-01  4.2066709e-07
9.556037379e-01  4.2060279e-07
9.557948587e-01  4.2053630e-07
9.559860177e-01  4.2047201e-07
9.561772149e-01  4.2041158e-07
9.563684503e-01  4.2035521e-07
9.565597240e-01  4.2030418e-07
9.567510359e-01  4.2026407e-07
9.569423861e-01  4.2024802e-07
9.571337746e-01  4.2027908e-07
9.573252014e-01  4.2039098e-07
9.575166664e-01  4.2062702e-07
9.577081698e-01  4.2103705e-07
9.578997114e-01  4.2167312e-07
9.580912913e-01  4.2258453e-07
9.582829096e-01  4.2381253e-07
9.584745662e-01  4.2538509e-07
9.586662611e-01  4.2731250e-07
9.588579943e-01  4.2958461e-07
9.590497659e-01  4.3217096e-07
9.592415759e-01  4.3502462e-07
9.594334242e-01  4.3808916e-07
9.596253109e-01  4.4130632e-07
9.598172359e-01  4.4462219e-07
9.600091994e-01  4.4799039e-07
9.602012012e-01  4.5137289e-07
9.603932415e-01  4.5474177e-07
9.605853201e-01  4.5808405e-07
9.607774372e-01  4.6140987e-07
9.609695927e-01  4.6475954e-07
9.611617866e-01  4.6820313e-07
9.613540190e-01  4.7182803e-07
9.615462898e-01  4.7571519e-07
9.617385990e-01  4.7991145e-07
9.619309467e-01  4.8440845e-07
9.621233329e-01  4.8913687e-07
9.623157576e-01  4.9397780e-07
9.625082207e-01  4.9878491e-07
9.627007224e-01  5.0340739e-07
9.628932625e-01  5.0770550e-07
9.630858412e-01  5.1155692e-07
9.632784583e-01  5.1485945e-07
9.634711140e-01  5.1753719e-07
9.636638083e-01  5.1955471e-07
9.638565410e-01  5.2093498e-07
9.640493123e-01  5.2177116e-07
9.642421222e-01  5.2222079e-07
9.644349706e-01  5.2247773e-07
9.646278576e-01  5.2272695e-07
9.648207832e-01  5.2309643e-07
9.650137473e-01  5.2362344e-07
9.652067501e-01  5.2424737e-07
9.653997914e-01  5.2483181e-07
9.655928714e-01  5.2520754e-07
9.657859900e-01  5.2522220e-07
9.659791472e-01  5.2478176e-07
9.661723430e-01  5.2387376e-07
9.663655775e-01  5.2256900e-07
9.665588506e-01  5.2100554e-07
9.667521624e-01  5.1936271e-07
9.669455128e-01  5.1783392e-07
9.671389019e-01  5.1660523e-07
9.673323297e-01  5.1584338e-07
9.675257961e-01  5.1569287e-07
9.677193013e-01  5.1627802e-07
9.679128452e-01  5.1770476e-07
9.681064277e-01  5.2005945e-07
9.683000490e-01  5.2340280e-07
9.684937090e-01  5.2776246e-07
9.686874078e-01  5.3312852e-07
9.688811452e-01  5.3945564e-07
9.690749215e-01  5.4667160e-07
9.692687365e-01  5.5468681e-07
9.694625902e-01  5.6339653e-07
9.696564827e-01  5.7266761e-07
9.698504140e-01  5.8230856e-07
9.700443841e-01  5.9203136e-07
9.702383930e-01  6.0142280e-07
9.704324407e-01  6.0994691e-07
9.706265271e-01  6.1699353e-07
9.708206525e-01  6.2197257e-07
9.710148166e-01  6.2443398e-07
9.712090195e-01  6.2417969e-07
9.714032614e-01  6.2133053e-07
9.715975420e-01  6.1632411e-07
9.717918615e-01  6.0984169e-07
9.719862199e-01  6.0268470e-07
9.721806171e-01  5.9563608e-07
9.723750533e-01  5.8934131e-07
9.725695283e-01  5.8423382e-07
9.727640422e-01  5.8051218e-07
9.729585950e-01  5.7816157e-07
9.731531867e-01  5.7700389e-07
9.733478173e-01  5.7675935e-07
9.735424869e-01  5.7710651e-07
9.737371954e-01  5.7773304e-07
9.739319428e-01  5.7837438e-07
9.741267292e-01  5.7883989e-07
9.743215546e-01  5.7902594e-07
9.745164189e-01  5.7891635e-07
9.747113222e-01  5.7857049e-07
9.749062644e-01  5.7810269e-07
9.751012457e-01  5.7765764e-07
9.752962659e-01  5.7738749e-07
9.754913252e-01  5.7743425e-07
9.756864234e-01  5.7791823e-07
9.758815607e-01  5.7893083e-07
9.760767370e-01  5.8052835e-07
9.762719524e-01  5.8272703e-07
9.764672068e-01  5.8549978e-07
9.766625002e-01  5.8877682e-07
9.768578327e-01  5.9245155e-07
9.770532043e-01  5.9639114e-07
9.772486149e-01  6.0045084e-07
9.774440647e-01  6.0448988e-07
9.776395535e-01  6.0838721e-07
9.778350814e-01  6.1205446e-07
9.780306484e-01  6.1544267e-07
9.782262545e-01  6.1853982e-07
9.784218998e-01  6.2135867e-07
9.786175842e-01  6.2391728e-07
9.788133077e-01  6.2621989e-07
9.790090703e-01  6.2824598e-07
9.792048721e-01  6.2995271e-07
9.794007131e-01  6.3129178e-07
9.795965933e-01  6.3223343e-07
9.797925126e-01  6.3278782e-07
9.799884711e-01  6.3301382e-07
9.801844688e-01  6.3301023e-07
9.803805057e-01  6.3289207e-07
9.805765818e-01  6.3276104e-07
9.807726971e-01  6.3268142e-07
9.809688516e-01  6.3267110e-07
9.811650454e-01  6.3270995e-07
9.813612784e-01  6.3276142e-07
9.815575507e-01  6.3279718e-07
9.817538622e-01  6.3281407e-07
9.819502129e-01  6.3283516e-07
9.821466030e-01  6.3289379e-07
9.823430323e-01  6.3300677e-07
9.825395009e-01  6.3314850e-07
9.827360088e-01  6.3323913e-07
9.829325560e-01  6.3315488e-07
9.831291425e-01  6.3275903e-07
9.833257684e-01  6.3194282e-07
9.835224335e-01  6.3065996e-07
9.837191380e-01  6.2894052e-07
9.839158818e-01  6.2688015e-07
9.841126650e-01  6.2461210e-07
9.843094875e-01  6.2227647e-07
9.845063494e-01  6.2000104e-07
9.847032507e-01  6.1789948e-07
9.849001914e-01  6.1608286e-07
9.850971714e-01  6.1467337e-07
9.852941908e-01  6.1381017e-07
9.854912497e-01  6.1364218e-07
9.856883479e-01  6.1431140e-07
9.858854856e-01  6.1593410e-07
9.860826627e-01  6.1858731e-07
9.862798792e-01  6.2230371e-07
9.864771352e-01  6.2707404e-07
9.866744306e-01  6.3285278e-07
9.868717655e-01  6.3956169e-07
9.870691399e-01  6.4708805e-07
9.872665537e-01  6.5527710e-07
9.874640070e-01  6.6392152e-07
9.876614998e-01  6.7275376e-07
9.878590321e-01  6.8144775e-07
9.880566039e-01  6.8963603e-07
9.882542152e-01  6.9694351e-07
9.884518661e-01  7.0303459e-07
9.886495564e-01  7.0766412e-07
9.888472863e-01  7.1072021e-07
9.890450558e-01  7.1224638e-07
9.892428648e-01  7.1243478e-07
9.894407134e-01  7.1158915e-07
9.896386015e-01  7.1006507e-07
9.898365293e-01  7.0820153e-07
9.900344966e-01  7.0626112e-07
9.902325035e-01  7.0439351e-07
9.904305500e-01  7.0262960e-07
9.906286361e-01  7.0090394e-07
9.908267618e-01  6.9909479e-07
9.910249271e-01  6.9706756e-07
9.912231321e-01  6.9471052e-07
9.914213768e-01  6.9195666e-07
9.916196610e-01  6.8879306e-07
9.918179850e-01  6.8526247e-07
9.920163486e-01  6.8146100e-07
9.922147518e-01  6.7753342e-07
9.924131948e-01  6.7366437e-07
9.926116774e-01  6.7006384e-07
9.928101998e-01  6.6694753e-07
9.930087618e-01  6.6451503e-07
9.932073636e-01  6.6293033e-07
9.934060050e-01  6.6230711e-07
9.936046862e-01  6.6269927e-07
9.938034072e-01  6.6409417e-07
9.940021678e-01  6.6640820e-07
9.942009683e-01  6.6948612e-07
9.943998085e-01  6.7310801e-07
9.945986884e-01  6.7700685e-07
9.947976082e-01  6.8089580e-07
9.949965677e-01  6.8449997e-07
9.951955670e-01  6.8758457e-07
9.953946061e-01  6.8997288e-07
9.955936850e-01  6.9155200e-07
9.957928038e-01  6.9227059e-07
9.959919623e-01  6.9213511e-07
9.961911607e-01  6.9120928e-07
9.963903990e-01  6.8961755e-07
9.965896770e-01  6.8754737e-07
9.967889950e-01  6.8524396e-07
9.969883528e-01  6.8299293e-07
9.971877504e-01  6.8109118e-07
9.973871880e-01  6.7981146e-07
9.975866654e-01  6.7936642e-07
9.977861828e-01  6.7987731e-07
9.979857400e-01  6.8135044e-07
9.981853372e-01  6.8366444e-07
9.983849742e-01  6.8657367e-07
9.985846512e-01  6.8973310e-07
9.987843681e-01  6.9274747e-07
9.989841250e-01  6.9523892e-07
9.991839218e-01  6.9691723e-07
9.993837586e-01  6.9763201e-07
9.995836354e-01  6.9739058e-07
9.997835521e-01  6.9633628e-07
9.999835088e-01  6.9469737e-07
1.000183506e+00  6.9272559e-07
1.000383542e+00  6.9064552e-07
1.000583619e+00  6.8862763e-07
1.000783736e+00  6.8678605e-07
1.000983892e+00  6.8519238e-07
1.001184089e+00  6.8389248e-07
1.001384326e+00  6.8291575e-07
1.001584603e+00  6.8227307e-07
1.001784920e+00  6.8194608e-07
1.001985277e+00  6.8187601e-07
1.002185674e+00  6.8196025e-07
1.002386111e+00  6.8206224e-07
1.002586588e+00  6.8203579e-07
1.002787105e+00  6.8175836e-07
1.002987663e+00  6.8116504e-07
1.003188260e+00  6.8027286e-07
1.003388898e+00  6.7918676e-07
1.003589576e+00  6.7808331e-07
1.003790294e+00  6.7717445e-07
1.003991052e+00  6.7665857e-07
1.004191850e+00  6.7667126e-07
1.004392688e+00  6.7724898e-07
1.004593567e+00  6.7831566e-07
1.004794486e+00  6.7969603e-07
1.004995445e+00  6.8115230e-07
1.005196444e+00  6.8243322e-07
1.005397483e+00  6.8332116e-07
1.005598562e+00  6.8366462e-07
1.005799682e+00  6.8338920e-07
1.006000842e+00  6.8248874e-07
1.006202042e+00  6.8100544e-07
1.006403283e+00  6.7901003e-07
1.006604563e+00  6.7659035e-07
1.006805884e+00  6.7385037e-07
1.007007245e+00  6.7091523e-07
1.007208647e+00  6.6793568e-07
1.007410089e+00  6.6508597e-07
1.007611571e+00  6.6255197e-07
1.007813093e+00  6.6051026e-07
1.008014656e+00  6.5910006e-07
1.008216258e+00  6.5839357e-07
1.008417902e+00  6.5837184e-07
1.008619585e+00  6.5891512e-07
1.008821309e+00  6.5981614e-07
1.009023074e+00  6.6081914e-07
1.009224878e+00  6.6167812e-07
1.009426723e+00  6.6221969e-07
1.009628608e+00  6.6239059e-07
1.009830534e+00  6.6227478e-07
1.010032500e+00  6.6207367e-07
1.010234507e+00  6.6205546e-07
1.010436554e+00  6.6248782e-07
1.010638641e+00  6.6357197e-07
1.010840769e+00  6.6539362e-07
1.011042937e+00  6.6790074e-07
1.011245145e+00  6.7091088e-07
1.011447394e+00  6.7414459e-07
1.011649684e+00  6.7727576e-07
1.011852014e+00  6.7998688e-07
1.012054384e+00  6.8201759e-07
1.012256795e+00  6.8319802e-07
1.012459247e+00  6.8346284e-07
1.012661738e+00  6.8284700e-07
1.012864271e+00  6.8146752e-07
1.013066844e+00  6.7949685e-07
1.013269457e+00  6.7713312e-07
1.013472111e+00  6.7457208e-07
1.013674805e+00  6.7198464e-07
1.013877540e+00  6.6950153e-07
1.014080316e+00  6.6720588e-07
1.014283132e+00  6.6513200e-07
1.014485988e+00  6.6326840e-07
1.014688886e+00  6.6156416e-07
1.014891823e+00  6.5993869e-07
1.015094802e+00  6.5829607e-07
1.015297821e+00  6.5654394e-07
1.015500880e+00  6.5461392e-07
1.015703980e+00  6.5247817e-07
1.015907121e+00  6.5015689e-07
1.016110303e+00  6.4771290e-07
1.016313525e+00  6.4523462e-07
1.016516787e+00  6.4281156e-07
1.016720091e+00  6.4050893e-07
1.016923435e+00  6.3834812e-07
1.017126820e+00  6.3629804e-07
1.017330245e+00  6.3428024e-07
1.017533711e+00  6.3218796e-07
1.017737218e+00  6.2991524e-07
1.017940765e+00  6.2738884e-07
1.018144353e+00  6.2459345e-07
1.018347982e+00  6.2158179e-07
1.018551652e+00  6.1846534e-07
1.018755362e+00  6.1538877e-07
1.018959113e+00  6.1249661e-07
1.019162905e+00  6.0990344e-07
1.019366738e+00  6.0767757e-07
1.019570611e+00  6.0584052e-07
1.019774525e+00  6.0437786e-07
1.019978480e+00  6.0325235e-07
1.020182476e+00  6.0240973e-07
1.020386512e+00  6.0177313e-07
1.020590589e+00  6.0123126e-07
1.020794708e+00  6.0063223e-07
1.020998866e+00  5.9979528e-07
1.021203066e+00  5.9854596e-07
1.021407307e+00  5.9676750e-07
1.021611588e+00  5.9444904e-07
1.021815911e+00  5.9170859e-07
1.022020274e+00  5.8877511e-07
1.022224678e+00  5.8593109e-07
1.022429123e+00  5.8343298e-07
1.022633609e+00  5.8143799e-07
1.022838135e+00  5.7996325e-07
1.023042703e+00  5.7889075e-07
1.023247312e+00  5.7801404e-07
1.023451961e+00  5.7710753e-07
1.023656651e+00  5.7599372e-07
1.023861383e+00  5.7458708e-07
1.024066155e+00  5.7290469e-07
1.024270968e+00  5.7104450e-07
1.024475822e+00  5.6914389e-07
1.024680718e+00  5.6733414e-07
1.024885654e+00  5.6570532e-07
1.025090631e+00  5.6429165e-07
1.025295649e+00  5.6307811e-07
1.025500708e+00  5.6202275e-07
1.025705808e+00  5.6108297e-07
1.025910949e+00  5.6023282e-07
1.026116132e+00  5.5946268e-07
1.026321355e+00  5.5876022e-07
1.026526619e+00  5.5808133e-07
1.026731924e+00  5.5732608e-07
1.026937271e+00  5.5633566e-07
1.027142658e+00  5.5491872e-07
1.027348087e+00  5.5290353e-07
1.027553556e+00  5.5019966e-07
1.027759067e+00  5.4684571e-07
1.027964619e+00  5.4302241e-07
1.028170212e+00  5.3902087e-07
1.028375846e+00  5.3517265e-07
1.028581521e+00  5.3176232e-07
1.028787237e+00  5.2895141e-07
1.028992995e+00  5.2673849e-07
1.029198793e+00  5.2496859e-07
1.029404633e+00  5.2338765e-07
1.029610514e+00  5.2172198e-07
1.029816436e+00  5.1975579e-07
1.030022399e+00  5.1738207e-07
1.030228404e+00  5.1461325e-07
1.030434450e+00  5.1155378e-07
1.030640537e+00  5.0834987e-07
1.030846665e+00  5.0513689e-07
1.031052834e+00  5.0200309e-07
1.031259045e+00  4.9897951e-07
1.031465296e+00  4.9605519e-07
1.031671589e+00  4.9320741e-07
1.031877924e+00  4.9043255e-07
1.032084299e+00  4.8776346e-07
1.032290716e+00  4.8526585e-07
1.032497174e+00  4.8301460e-07
1.032703674e+00  4.8106011e-07
1.032910214e+00  4.7939873e-07
1.033116797e+00  4.7796128e-07
1.033323420e+00  4.7662649e-07
1.033530085e+00  4.7525590e-07
1.033736791e+00  4.7373794e-07
1.033943538e+00  4.7202485e-07
1.034150327e+00  4.7014813e-07
1.034357157e+00  4.6820747e-07
1.034564028e+00  4.6633754e-07
1.034770941e+00  4.6466506e-07
1.034977895e+00  4.6327123e-07
1.035184891e+00  4.6217090e-07
1.035391928e+00  4.6131288e-07
1.035599006e+00  4.6059846e-07
1.035806126e+00  4.5990973e-07
1.036013287e+00  4.5913851e-07
1.036220490e+00  4.5820842e-07
1.036427734e+00  4.5708593e-07
1.036635019e+00  4.5578043e-07
1.036842346e+00  4.5433528e-07
1.037049715e+00  4.5281366e-07
1.037257125e+00  4.5128310e-07
1.037464576e+00  4.4980215e-07
1.037672069e+00  4.4841117e-07
1.037879604e+00  4.4712801e-07
1.038087180e+00  4.4594789e-07
1.038294797e+00  4.4484591e-07
1.038502456e+00  4.4378135e-07
1.038710156e+00  4.4270337e-07
1.038917898e+00  4.4155859e-07
1.039125682e+00  4.4030082e-07
1.039333507e+00  4.3890227e-07
1.039541374e+00  4.3736430e-07
1.039749282e+00  4.3572473e-07
1.039957232e+00  4.3405860e-07
1.040165223e+00  4.3247080e-07
1.040373256e+00  4.3108054e-07
1.040581331e+00  4.3000037e-07
1.040789447e+00  4.2931333e-07
1.040997605e+00  4.2905379e-07
1.041205805e+00  4.2919620e-07
1.041414046e+00  4.2965534e-07
1.041622329e+00  4.3029861e-07
1.041830653e+00  4.3096810e-07
1.042039019e+00  4.3150769e-07
1.042247427e+00  4.3178901e-07
1.042455877e+00  4.3173073e-07
1.042664368e+00  4.3130759e-07
1.042872901e+00  4.3054882e-07
1.043081475e+00  4.2952784e-07
1.043290092e+00  4.2834728e-07
1.043498750e+00  4.2712293e-07
1.043707449e+00  4.2596902e-07
1.043916191e+00  4.2498578e-07
1.044124974e+00  4.2424855e-07
1.044333799e+00  4.2379826e-07
1.044542666e+00  4.2363404e-07
1.044751574e+00  4.2371030e-07
1.044960525e+00  4.2394120e-07
1.045169517e+00  4.2421411e-07
1.045378551e+00  4.2441076e-07
1.045587626e+00  4.2443145e-07
1.045796744e+00  4.2421560e-07
1.046005903e+00  4.2375249e-07
1.046215104e+00  4.2307908e-07
1.046424347e+00  4.2226628e-07
1.046633632e+00  4.2139889e-07
1.046842959e+00  4.2055599e-07
1.047052328e+00  4.1979738e-07
1.047261738e+00  4.1915887e-07
1.047471190e+00  4.1865532e-07
1.047680685e+00  4.1828796e-07
1.047890221e+00  4.1805192e-07
1.048099799e+00  4.1794104e-07
1.048309419e+00  4.1794915e-07
1.048519081e+00  4.1806899e-07
1.048728785e+00  4.1829039e-07
1.048938530e+00  4.1859916e-07
1.049148318e+00  4.1897721e-07
1.049358148e+00  4.1940351e-07
1.049568019e+00  4.1985549e-07
1.049777933e+00  4.2031033e-07
1.049987888e+00  4.2074649e-07
