 Wave/freq Total
5.000000000e-01  6.5500331e-07
5.001000000e-01  6.5532333e-07
5.002000200e-01  6.5569727e-07
5.003000600e-01  6.5612112e-07
5.004001200e-01  6.5658876e-07
5.005002000e-01  6.5709282e-07
5.006003001e-01  6.5762562e-07
5.007004201e-01  6.5817989e-07
5.008005602e-01  6.5874932e-07
5.009007203e-01  6.5932882e-07
5.010009005e-01  6.5991452e-07
5.011011007e-01  6.6050367e-07
5.012013209e-01  6.6109439e-07
5.013015611e-01  6.6168540e-07
5.014018215e-01  6.6227586e-07
5.015021018e-01  6.6286511e-07
5.016024022e-01  6.6345256e-07
5.017027227e-01  6.6403761e-07
5.018030633e-01  6.6461962e-07
5.019034239e-01  6.6519786e-07
5.020038046e-01  6.6577157e-07
5.021042053e-01  6.6633994e-07
5.022046262e-01  6.6690217e-07
5.023050671e-01  6.6745746e-07
5.024055281e-01  6.6800509e-07
5.025060092e-01  6.6854441e-07
5.026065104e-01  6.6907487e-07
5.027070317e-01  6.6959597e-07
5.028075731e-01  6.7010728e-07
5.029081346e-01  6.7060837e-07
5.030087163e-01  6.7109875e-07
5.031093180e-01  6.7157784e-07
5.032099399e-01  6.7204494e-07
5.033105819e-01  6.7249930e-07
5.034112440e-01  6.7294009e-07
5.035119262e-01  6.7336649e-07
5.036126286e-01  6.7377776e-07
5.037133511e-01  6.7417321e-07
5.038140938e-01  6.7455230e-07
5.039148566e-01  6.7491454e-07
5.040156396e-01  6.7525954e-07
5.041164427e-01  6.7558694e-07
5.042172660e-01  6.7589643e-07
5.043181095e-01  6.7618768e-07
5.044189731e-01  6.7646040e-07
5.045198569e-01  6.7671429e-07
5.046207609e-01  6.7694909e-07
5.047216850e-01  6.7716457e-07
5.048226293e-01  6.7736057e-07
5.049235939e-01  6.7753695e-07
5.050245786e-01  6.7769364e-07
5.051255835e-01  6.7783058e-07
5.052266086e-01  6.7794773e-07
5.053276539e-01  6.7804504e-07
5.054287195e-01  6.7812251e-07
5.055298052e-01  6.7818012e-07
5.056309112e-01  6.7821793e-07
5.057320374e-01  6.7823606e-07
5.058331838e-01  6.7823477e-07
5.059343504e-01  6.7821438e-07
5.060355373e-01  6.7817538e-07
5.061367444e-01  6.7811833e-07
5.062379717e-01  6.7804385e-07
5.063392193e-01  6.7795260e-07
5.064404872e-01  6.7784522e-07
5.065417753e-01  6.7772230e-07
5.066430836e-01  6.7758441e-07
5.067444122e-01  6.7743204e-07
5.068457611e-01  6.7726569e-07
5.069471303e-01  6.7708587e-07
5.070485197e-01  6.7689313e-07
5.071499294e-01  6.7668812e-07
5.072513594e-01  6.7647154e-07
5.073528097e-01  6.7624424e-07
5.074542802e-01  6.7600711e-07
5.075557711e-01  6.7576113e-07
5.076572822e-01  6.7550732e-07
5.077588137e-01  6.7524668e-07
5.078603654e-01  6.7498025e-07
5.079619375e-01  6.7470901e-07
5.080635299e-01  6.7443394e-07
5.081651426e-01  6.7415597e-07
5.082667756e-01  6.7387604e-07
5.083684290e-01  6.7359506e-07
5.084701027e-01  6.7331390e-07
5.085717967e-01  6.7303343e-07
5.086735111e-01  6.7275445e-07
5.087752458e-01  6.7247771e-07
5.088770008e-01  6.7220390e-07
5.089787762e-01  6.7193370e-07
5.090805720e-01  6.7166773e-07
5.091823881e-01  6.7140662e-07
5.092842246e-01  6.7115104e-07
5.093860814e-01  6.7090170e-07
5.094879586e-01  6.7065934e-07
5.095898562e-01  6.7042475e-07
5.096917742e-01  6.7019869e-07
5.097937125e-01  6.6998187e-07
5.098956713e-01  6.6977491e-07
5.099976504e-01  6.6957833e-07
5.100996499e-01  6.6939254e-07
5.102016699e-01  6.6921789e-07
5.103037102e-01  6.6905467e-07
5.104057710e-01  6.6890318e-07
5.105078521e-01  6.6876371e-07
5.106099537e-01  6.6863655e-07
5.107120757e-01  6.6852197e-07
5.108142181e-01  6.6842022e-07
5.109163809e-01  6.6833150e-07
5.110185642e-01  6.6825597e-07
5.111207679e-01  6.6819377e-07
5.112229921e-01  6.6814500e-07
5.113252367e-01  6.6810973e-07
5.114275017e-01  6.6808801e-07
5.115297872e-01  6.6807981e-07
5.116320932e-01  6.6808505e-07
5.117344196e-01  6.6810356e-07
5.118367665e-01  6.6813510e-07
5.119391338e-01  6.6817936e-07
5.120415217e-01  6.6823599e-07
5.121439300e-01  6.6830456e-07
5.122463587e-01  6.6838464e-07
5.123488080e-01  6.6847574e-07
5.124512778e-01  6.6857737e-07
5.125537680e-01  6.6868900e-07
5.126562788e-01  6.6881011e-07
5.127588100e-01  6.6894018e-07
5.128613618e-01  6.6907865e-07
5.129639341e-01  6.6922499e-07
5.130665269e-01  6.6937864e-07
5.131691402e-01  6.6953901e-07
5.132717740e-01  6.6970551e-07
5.133744284e-01  6.6987750e-07
5.134771032e-01  6.7005436e-07
5.135797987e-01  6.7023543e-07
5.136825146e-01  6.7042005e-07
5.137852511e-01  6.7060757e-07
5.138880082e-01  6.7079732e-07
5.139907858e-01  6.7098870e-07
5.140935839e-01  6.7118112e-07
5.141964027e-01  6.7137404e-07
5.142992419e-01  6.7156700e-07
5.144021018e-01  6.7175961e-07
5.145049822e-01  6.7195153e-07
5.146078832e-01  6.7214244e-07
5.147108048e-01  6.7233204e-07
5.148137469e-01  6.7252000e-07
5.149167097e-01  6.7270600e-07
5.150196930e-01  6.7288969e-07
5.151226970e-01  6.7307077e-07
5.152257215e-01  6.7324896e-07
5.153287666e-01  6.7342411e-07
5.154318324e-01  6.7359611e-07
5.155349188e-01  6.7376500e-07
5.156380258e-01  6.7393084e-07
5.157411534e-01  6.7409376e-07
5.158443016e-01  6.7425389e-07
5.159474704e-01  6.7441134e-07
5.160506599e-01  6.7456618e-07
5.161538701e-01  6.7471846e-07
5.162571008e-01  6.7486820e-07
5.163603523e-01  6.7501541e-07
5.164636243e-01  6.7516013e-07
5.165669171e-01  6.7530239e-07
5.166702304e-01  6.7544227e-07
5.167735645e-01  6.7557985e-07
5.168769192e-01  6.7571525e-07
5.169802946e-01  6.7584862e-07
5.170836906e-01  6.7598014e-07
5.171871074e-01  6.7611008e-07
5.172905448e-01  6.7623873e-07
5.173940029e-01  6.7636642e-07
5.174974817e-01  6.7649352e-07
5.176009812e-01  6.7662040e-07
5.177045014e-01  6.7674742e-07
5.178080423e-01  6.7687494e-07
5.179116039e-01  6.7700326e-07
5.180151862e-01  6.7713270e-07
5.181187893e-01  6.7726352e-07
5.182224130e-01  6.7739594e-07
5.183260575e-01  6.7753015e-07
5.184297227e-01  6.7766633e-07
5.185334087e-01  6.7780465e-07
5.186371154e-01  6.7794526e-07
5.187408428e-01  6.7808838e-07
5.188445909e-01  6.7823422e-07
5.189483599e-01  6.7838305e-07
5.190521495e-01  6.7853514e-07
5.191559600e-01  6.7869081e-07
5.192597912e-01  6.7885041e-07
5.193636431e-01  6.7901434e-07
5.194675158e-01  6.7918300e-07
5.195714093e-01  6.7935681e-07
5.196753236e-01  6.7953616e-07
5.197792587e-01  6.7972140e-07
5.198832145e-01  6.7991278e-07
5.199871912e-01  6.8011051e-07
5.200911886e-01  6.8031474e-07
5.201952069e-01  6.8052560e-07
5.202992459e-01  6.8074324e-07
5.204033058e-01  6.8096786e-07
5.205073864e-01  6.8119969e-07
5.206114879e-01  6.8143900e-07
5.207156102e-01  6.8168609e-07
5.208197533e-01  6.8194124e-07
5.209239173e-01  6.8220475e-07
5.210281020e-01  6.8247684e-07
5.211323077e-01  6.8275768e-07
5.212365341e-01  6.8304737e-07
5.213407814e-01  6.8334593e-07
5.214450496e-01  6.8365332e-07
5.215493386e-01  6.8396944e-07
5.216536485e-01  6.8429415e-07
5.217579792e-01  6.8462734e-07
5.218623308e-01  6.8496889e-07
5.219667033e-01  6.8531872e-07
5.220710966e-01  6.8567676e-07
5.221755108e-01  6.8604300e-07
5.222799459e-01  6.8641741e-07
5.223844019e-01  6.8679998e-07
5.224888788e-01  6.8719068e-07
5.225933766e-01  6.8758945e-07
5.226978952e-01  6.8799619e-07
5.228024348e-01  6.8841069e-07
5.229069953e-01  6.8883274e-07
5.230115767e-01  6.8926204e-07
5.231161790e-01  6.8969829e-07
5.232208023e-01  6.9014122e-07
5.233254464e-01  6.9059059e-07
5.234301115e-01  6.9104625e-07
5.235347975e-01  6.9150810e-07
5.236395045e-01  6.9197611e-07
5.237442324e-01  6.9245027e-07
5.238489812e-01  6.9293054e-07
5.239537510e-01  6.9341682e-07
5.240585418e-01  6.9390894e-07
5.241633535e-01  6.9440661e-07
5.242681862e-01  6.9490946e-07
5.243730398e-01  6.9541703e-07
5.244779144e-01  6.9592886e-07
5.245828100e-01  6.9644449e-07
5.246877266e-01  6.9696353e-07
5.247926641e-01  6.9748565e-07
5.248976226e-01  6.9801061e-07
5.250026022e-01  6.9853824e-07
5.251076027e-01  6.9906836e-07
5.252126242e-01  6.9960083e-07
5.253176667e-01  7.0013549e-07
5.254227303e-01  7.0067217e-07
5.255278148e-01  7.0121071e-07
5.256329204e-01  7.0175098e-07
5.257380470e-01  7.0229288e-07
5.258431946e-01  7.0283630e-07
5.259483632e-01  7.0338117e-07
5.260535529e-01  7.0392737e-07
5.261587636e-01  7.0447473e-07
5.262639953e-01  7.0502299e-07
5.263692481e-01  7.0557183e-07
5.264745220e-01  7.0612083e-07
5.265798169e-01  7.0666952e-07
5.266851329e-01  7.0721742e-07
5.267904699e-01  7.0776410e-07
5.268958280e-01  7.0830920e-07
5.270012071e-01  7.0885244e-07
5.271066074e-01  7.0939368e-07
5.272120287e-01  7.0993281e-07
5.273174711e-01  7.1046980e-07
5.274229346e-01  7.1100459e-07
5.275284192e-01  7.1153714e-07
5.276339249e-01  7.1206734e-07
5.277394517e-01  7.1259503e-07
5.278449995e-01  7.1312000e-07
5.279505685e-01  7.1364200e-07
5.280561587e-01  7.1416071e-07
5.281617699e-01  7.1467578e-07
5.282674022e-01  7.1518683e-07
5.283730557e-01  7.1569348e-07
5.284787303e-01  7.1619536e-07
5.285844261e-01  7.1669213e-07
5.286901430e-01  7.1718353e-07
5.287958810e-01  7.1766936e-07
5.289016402e-01  7.1814950e-07
5.290074205e-01  7.1862387e-07
5.291132220e-01  7.1909237e-07
5.292190446e-01  7.1955489e-07
5.293248884e-01  7.2001125e-07
5.294307534e-01  7.2046122e-07
5.295366396e-01  7.2090449e-07
5.296425469e-01  7.2134071e-07
5.297484754e-01  7.2176955e-07
5.298544251e-01  7.2219067e-07
5.299603960e-01  7.2260378e-07
5.300663881e-01  7.2300864e-07
5.301724013e-01  7.2340507e-07
5.302784358e-01  7.2379289e-07
5.303844915e-01  7.2417197e-07
5.304905684e-01  7.2454210e-07
5.305966665e-01  7.2490307e-07
5.307027859e-01  7.2525460e-07
5.308089264e-01  7.2559638e-07
5.309150882e-01  7.2592811e-07
5.310212712e-01  7.2624953e-07
5.311274755e-01  7.2656045e-07
5.312337010e-01  7.2686077e-07
5.313399477e-01  7.2715048e-07
5.314462157e-01  7.2742965e-07
5.315525049e-01  7.2769836e-07
5.316588154e-01  7.2795664e-07
5.317651472e-01  7.2820451e-07
5.318715002e-01  7.2844186e-07
5.319778745e-01  7.2866851e-07
5.320842701e-01  7.2888425e-07
5.321906870e-01  7.2908883e-07
5.322971251e-01  7.2928202e-07
5.324035845e-01  7.2946364e-07
5.325100652e-01  7.2963359e-07
5.326165673e-01  7.2979182e-07
5.327230906e-01  7.2993832e-07
5.328296352e-01  7.3007314e-07
5.329362011e-01  7.3019632e-07
5.330427884e-01  7.3030795e-07
5.331493969e-01  7.3040810e-07
5.332560268e-01  7.3049685e-07
5.333626780e-01  7.3057426e-07
5.334693505e-01  7.3064041e-07
5.335760444e-01  7.3069535e-07
5.336827596e-01  7.3073916e-07
5.337894962e-01  7.3077196e-07
5.338962541e-01  7.3079392e-07
5.340030333e-01  7.3080532e-07
5.341098339e-01  7.3080654e-07
5.342166559e-01  7.3079805e-07
5.343234992e-01  7.3078040e-07
5.344303639e-01  7.3075422e-07
5.345372500e-01  7.3072012e-07
5.346441574e-01  7.3067877e-07
5.347510863e-01  7.3063077e-07
5.348580365e-01  7.3057676e-07
5.349650081e-01  7.3051734e-07
5.350720011e-01  7.3045308e-07
5.351790155e-01  7.3038456e-07
5.352860513e-01  7.3031235e-07
5.353931085e-01  7.3023701e-07
5.355001871e-01  7.3015911e-07
5.356072872e-01  7.3007923e-07
5.357144086e-01  7.2999798e-07
5.358215515e-01  7.2991600e-07
5.359287158e-01  7.2983392e-07
5.360359016e-01  7.2975239e-07
5.361431087e-01  7.2967204e-07
5.362503374e-01  7.2959351e-07
5.363575874e-01  7.2951740e-07
5.364648589e-01  7.2944431e-07
5.365721519e-01  7.2937486e-07
5.366794663e-01  7.2930964e-07
5.367868022e-01  7.2924928e-07
5.368941596e-01  7.2919438e-07
5.370015384e-01  7.2914552e-07
5.371089387e-01  7.2910326e-07
5.372163605e-01  7.2906811e-07
5.373238038e-01  7.2904052e-07
5.374312686e-01  7.2902090e-07
5.375387548e-01  7.2900961e-07
5.376462626e-01  7.2900698e-07
5.377537918e-01  7.2901329e-07
5.378613426e-01  7.2902883e-07
5.379689148e-01  7.2905385e-07
5.380765086e-01  7.2908862e-07
5.381841239e-01  7.2913336e-07
5.382917608e-01  7.2918828e-07
5.383994191e-01  7.2925353e-07
5.385070990e-01  7.2932922e-07
5.386148004e-01  7.2941537e-07
5.387225234e-01  7.2951197e-07
5.388302679e-01  7.2961895e-07
5.389380339e-01  7.2973618e-07
5.390458215e-01  7.2986357e-07
5.391536307e-01  7.3000098e-07
5.392614614e-01  7.3014833e-07
5.393693137e-01  7.3030552e-07
5.394771876e-01  7.3047247e-07
5.395850830e-01  7.3064907e-07
5.396930000e-01  7.3083521e-07
5.398009386e-01  7.3103066e-07
5.399088988e-01  7.3123516e-07
5.400168806e-01  7.3144833e-07
5.401248840e-01  7.3166971e-07
5.402329090e-01  7.3189879e-07
5.403409555e-01  7.3213501e-07
5.404490237e-01  7.3237784e-07
5.405571135e-01  7.3262674e-07
5.406652250e-01  7.3288121e-07
5.407733580e-01  7.3314075e-07
5.408815127e-01  7.3340493e-07
5.409896890e-01  7.3367329e-07
5.410978869e-01  7.3394541e-07
5.412061065e-01  7.3422091e-07
5.413143477e-01  7.3449941e-07
5.414226106e-01  7.3478056e-07
5.415308951e-01  7.3506403e-07
5.416392013e-01  7.3534947e-07
5.417475291e-01  7.3563654e-07
5.418558786e-01  7.3592488e-07
5.419642498e-01  7.3621410e-07
5.420726427e-01  7.3650383e-07
5.421810572e-01  7.3679367e-07
5.422894934e-01  7.3708325e-07
5.423979513e-01  7.3737223e-07
5.425064309e-01  7.3766025e-07
5.426149322e-01  7.3794700e-07
5.427234552e-01  7.3823219e-07
5.428319998e-01  7.3851551e-07
5.429405662e-01  7.3879672e-07
5.430491544e-01  7.3907553e-07
5.431577642e-01  7.3935171e-07
5.432663957e-01  7.3962498e-07
5.433750490e-01  7.3989507e-07
5.434837240e-01  7.4016170e-07
5.435924208e-01  7.4042459e-07
5.437011393e-01  7.4068347e-07
5.438098795e-01  7.4093811e-07
5.439186415e-01  7.4118831e-07
5.440274252e-01  7.4143393e-07
5.441362307e-01  7.4167488e-07
5.442450579e-01  7.4191110e-07
5.443539069e-01  7.4214256e-07
5.444627777e-01  7.4236926e-07
5.445716703e-01  7.4259119e-07
5.446805846e-01  7.4280839e-07
5.447895207e-01  7.4302089e-07
5.448984786e-01  7.4322873e-07
5.450074583e-01  7.4343196e-07
5.451164598e-01  7.4363063e-07
5.452254831e-01  7.4382476e-07
5.453345282e-01  7.4401440e-07
5.454435951e-01  7.4419956e-07
5.455526838e-01  7.4438028e-07
5.456617944e-01  7.4455664e-07
5.457709267e-01  7.4472871e-07
5.458800809e-01  7.4489662e-07
5.459892569e-01  7.4506054e-07
5.460984548e-01  7.4522063e-07
5.462076745e-01  7.4537712e-07
5.463169160e-01  7.4553018e-07
5.464261794e-01  7.4568002e-07
5.465354646e-01  7.4582679e-07
5.466447717e-01  7.4597064e-07
5.467541007e-01  7.4611167e-07
5.468634515e-01  7.4624999e-07
5.469728242e-01  7.4638572e-07
5.470822187e-01  7.4651899e-07
5.471916352e-01  7.4664994e-07
5.473010735e-01  7.4677871e-07
5.474105337e-01  7.4690546e-07
5.475200158e-01  7.4703026e-07
5.476295198e-01  7.4715320e-07
5.477390457e-01  7.4727431e-07
5.478485936e-01  7.4739360e-07
5.479581633e-01  7.4751111e-07
5.480677549e-01  7.4762688e-07
5.481773685e-01  7.4774103e-07
5.482870039e-01  7.4785375e-07
5.483966613e-01  7.4796525e-07
5.485063407e-01  7.4807582e-07
5.486160419e-01  7.4818572e-07
5.487257651e-01  7.4829523e-07
5.488355103e-01  7.4840461e-07
5.489452774e-01  7.4851408e-07
5.490550665e-01  7.4862382e-07
5.491648775e-01  7.4873395e-07
5.492747104e-01  7.4884454e-07
5.493845654e-01  7.4895564e-07
5.494944423e-01  7.4906722e-07
5.496043412e-01  7.4917928e-07
5.497142621e-01  7.4929181e-07
5.498242049e-01  7.4940485e-07
5.499341697e-01  7.4951850e-07
5.500441566e-01  7.4963290e-07
5.501541654e-01  7.4974823e-07
5.502641962e-01  7.4986468e-07
5.503742491e-01  7.4998242e-07
5.504843239e-01  7.5010160e-07
5.505944208e-01  7.5022231e-07
5.507045397e-01  7.5034463e-07
5.508146806e-01  7.5046861e-07
5.509248435e-01  7.5059424e-07
5.510350285e-01  7.5072154e-07
5.511452355e-01  7.5085047e-07
5.512554645e-01  7.5098102e-07
5.513657156e-01  7.5111316e-07
5.514759888e-01  7.5124692e-07
5.515862840e-01  7.5138233e-07
5.516966012e-01  7.5151950e-07
5.518069406e-01  7.5165857e-07
5.519173019e-01  7.5179971e-07
5.520276854e-01  7.5194310e-07
5.521380909e-01  7.5208886e-07
5.522485186e-01  7.5223710e-07
5.523589683e-01  7.5238785e-07
5.524694401e-01  7.5254107e-07
5.525799339e-01  7.5269671e-07
5.526904499e-01  7.5285469e-07
5.528009880e-01  7.5301497e-07
5.529115482e-01  7.5317752e-07
5.530221305e-01  7.5334241e-07
5.531327350e-01  7.5350973e-07
5.532433615e-01  7.5367963e-07
5.533540102e-01  7.5385228e-07
5.534646810e-01  7.5402786e-07
5.535753739e-01  7.5420656e-07
5.536860890e-01  7.5438856e-07
5.537968262e-01  7.5457402e-07
5.539075856e-01  7.5476306e-07
5.540183671e-01  7.5495580e-07
5.541291708e-01  7.5515231e-07
5.542399966e-01  7.5535267e-07
5.543508446e-01  7.5555696e-07
5.544617148e-01  7.5576532e-07
5.545726071e-01  7.5597793e-07
5.546835216e-01  7.5619502e-07
5.547944583e-01  7.5641683e-07
5.549054172e-01  7.5664363e-07
5.550163983e-01  7.5687560e-07
5.551274016e-01  7.5711290e-07
5.552384271e-01  7.5735558e-07
5.553494748e-01  7.5760366e-07
5.554605447e-01  7.5785709e-07
5.555716368e-01  7.5811588e-07
5.556827511e-01  7.5838004e-07
5.557938876e-01  7.5864970e-07
5.559050464e-01  7.5892501e-07
5.560162274e-01  7.5920621e-07
5.561274307e-01  7.5949350e-07
5.562386562e-01  7.5978709e-07
5.563499039e-01  7.6008708e-07
5.564611739e-01  7.6039356e-07
5.565724661e-01  7.6070650e-07
5.566837806e-01  7.6102589e-07
5.567951174e-01  7.6135166e-07
5.569064764e-01  7.6168375e-07
5.570178577e-01  7.6202212e-07
5.571292612e-01  7.6236669e-07
5.572406871e-01  7.6271740e-07
5.573521352e-01  7.6307414e-07
5.574636057e-01  7.6343680e-07
5.575750984e-01  7.6380523e-07
5.576866134e-01  7.6417924e-07
5.577981507e-01  7.6455866e-07
5.579097104e-01  7.6494331e-07
5.580212923e-01  7.6533303e-07
5.581328966e-01  7.6572770e-07
5.582445231e-01  7.6612723e-07
5.583561720e-01  7.6653153e-07
5.584678433e-01  7.6694050e-07
5.585795368e-01  7.6735400e-07
5.586912527e-01  7.6777182e-07
5.588029910e-01  7.6819371e-07
5.589147516e-01  7.6861936e-07
5.590265345e-01  7.6904844e-07
5.591383399e-01  7.6948062e-07
5.592501675e-01  7.6991559e-07
5.593620176e-01  7.7035303e-07
5.594738900e-01  7.7079259e-07
5.595857847e-01  7.7123394e-07
5.596977019e-01  7.7167675e-07
5.598096414e-01  7.7212069e-07
5.599216034e-01  7.7256545e-07
5.600335877e-01  7.7301078e-07
5.601455944e-01  7.7345643e-07
5.602576235e-01  7.7390216e-07
5.603696750e-01  7.7434769e-07
5.604817490e-01  7.7479270e-07
5.605938453e-01  7.7523680e-07
5.607059641e-01  7.7567961e-07
5.608181053e-01  7.7612070e-07
5.609302689e-01  7.7655969e-07
5.610424550e-01  7.7699627e-07
5.611546635e-01  7.7743015e-07
5.612668944e-01  7.7786111e-07
5.613791478e-01  7.7828899e-07
5.614914236e-01  7.7871361e-07
5.616037219e-01  7.7913479e-07
5.617160426e-01  7.7955232e-07
5.618283858e-01  7.7996597e-07
5.619407515e-01  7.8037545e-07
5.620531397e-01  7.8078051e-07
5.621655503e-01  7.8118086e-07
5.622779834e-01  7.8157625e-07
5.623904390e-01  7.8196648e-07
5.625029171e-01  7.8235138e-07
5.626154177e-01  7.8273085e-07
5.627279408e-01  7.8310483e-07
5.628404863e-01  7.8347328e-07
5.629530544e-01  7.8383622e-07
5.630656450e-01  7.8419367e-07
5.631782582e-01  7.8454565e-07
5.632908938e-01  7.8489220e-07
5.634035520e-01  7.8523332e-07
5.635162327e-01  7.8556904e-07
5.636289360e-01  7.8589939e-07
5.637416618e-01  7.8622437e-07
5.638544101e-01  7.8654405e-07
5.639671810e-01  7.8685848e-07
5.640799744e-01  7.8716774e-07
5.641927904e-01  7.8747196e-07
5.643056290e-01  7.8777127e-07
5.644184901e-01  7.8806584e-07
5.645313738e-01  7.8835585e-07
5.646442801e-01  7.8864149e-07
5.647572089e-01  7.8892294e-07
5.648701604e-01  7.8920036e-07
5.649831344e-01  7.8947390e-07
5.650961310e-01  7.8974365e-07
5.652091502e-01  7.9000969e-07
5.653221921e-01  7.9027203e-07
5.654352565e-01  7.9053072e-07
5.655483436e-01  7.9078579e-07
5.656614532e-01  7.9103733e-07
5.657745855e-01  7.9128548e-07
5.658877404e-01  7.9153042e-07
5.660009180e-01  7.9177238e-07
5.661141182e-01  7.9201158e-07
5.662273410e-01  7.9224827e-07
5.663405865e-01  7.9248267e-07
5.664538546e-01  7.9271502e-07
5.665671453e-01  7.9294553e-07
5.666804588e-01  7.9317444e-07
5.667937949e-01  7.9340201e-07
5.669071536e-01  7.9362844e-07
5.670205351e-01  7.9385396e-07
5.671339392e-01  7.9407873e-07
5.672473659e-01  7.9430286e-07
5.673608154e-01  7.9452646e-07
5.674742876e-01  7.9474958e-07
5.675877824e-01  7.9497233e-07
5.677013000e-01  7.9519481e-07
5.678148403e-01  7.9541715e-07
5.679284032e-01  7.9563951e-07
5.680419889e-01  7.9586205e-07
5.681555973e-01  7.9608488e-07
5.682692284e-01  7.9630807e-07
5.683828823e-01  7.9653165e-07
5.684965588e-01  7.9675558e-07
5.686102582e-01  7.9697981e-07
5.687239802e-01  7.9720429e-07
5.688377250e-01  7.9742897e-07
5.689514926e-01  7.9765386e-07
5.690652829e-01  7.9787897e-07
5.691790959e-01  7.9810432e-07
5.692929317e-01  7.9832993e-07
5.694067903e-01  7.9855577e-07
5.695206717e-01  7.9878176e-07
5.696345758e-01  7.9900775e-07
5.697485027e-01  7.9923354e-07
5.698624524e-01  7.9945883e-07
5.699764249e-01  7.9968333e-07
5.700904202e-01  7.9990670e-07
5.702044383e-01  8.0012863e-07
5.703184792e-01  8.0034883e-07
5.704325429e-01  8.0056703e-07
5.705466294e-01  8.0078302e-07
5.706607387e-01  8.0099657e-07
5.707748708e-01  8.0120748e-07
5.708890258e-01  8.0141553e-07
5.710032036e-01  8.0162049e-07
5.711174043e-01  8.0182209e-07
5.712316277e-01  8.0202006e-07
5.713458741e-01  8.0221408e-07
5.714601432e-01  8.0240382e-07
5.715744353e-01  8.0258893e-07
5.716887502e-01  8.0276903e-07
5.718030879e-01  8.0294373e-07
5.719174485e-01  8.0311266e-07
5.720318320e-01  8.0327545e-07
5.721462384e-01  8.0343178e-07
5.722606676e-01  8.0358140e-07
5.723751198e-01  8.0372410e-07
5.724895948e-01  8.0385970e-07
5.726040927e-01  8.0398808e-07
5.727186135e-01  8.0410907e-07
5.728331573e-01  8.0422250e-07
5.729477239e-01  8.0432814e-07
5.730623134e-01  8.0442572e-07
5.731769259e-01  8.0451496e-07
5.732915613e-01  8.0459558e-07
5.734062196e-01  8.0466732e-07
5.735209008e-01  8.0472998e-07
5.736356050e-01  8.0478337e-07
5.737503321e-01  8.0482740e-07
5.738650822e-01  8.0486198e-07
5.739798552e-01  8.0488707e-07
5.740946512e-01  8.0490269e-07
5.742094701e-01  8.0490884e-07
5.743243120e-01  8.0490560e-07
5.744391769e-01  8.0489303e-07
5.745540647e-01  8.0487123e-07
5.746689755e-01  8.0484029e-07
5.747839093e-01  8.0480032e-07
5.748988661e-01  8.0475145e-07
5.750138459e-01  8.0469379e-07
5.751288486e-01  8.0462749e-07
5.752438744e-01  8.0455268e-07
5.753589232e-01  8.0446952e-07
5.754739950e-01  8.0437818e-07
5.755890898e-01  8.0427886e-07
5.757042076e-01  8.0417178e-07
5.758193484e-01  8.0405725e-07
5.759345123e-01  8.0393557e-07
5.760496992e-01  8.0380711e-07
5.761649091e-01  8.0367226e-07
5.762801421e-01  8.0353137e-07
5.763953982e-01  8.0338475e-07
5.765106772e-01  8.0323269e-07
5.766259794e-01  8.0307536e-07
5.767413046e-01  8.0291291e-07
5.768566528e-01  8.0274543e-07
5.769720242e-01  8.0257300e-07
5.770874186e-01  8.0239573e-07
5.772028360e-01  8.0221377e-07
5.773182766e-01  8.0202733e-07
5.774337403e-01  8.0183678e-07
5.775492270e-01  8.0164258e-07
5.776647369e-01  8.0144538e-07
5.777802698e-01  8.0124601e-07
5.778958259e-01  8.0104549e-07
5.780114050e-01  8.0084504e-07
5.781270073e-01  8.0064594e-07
5.782426327e-01  8.0044937e-07
5.783582812e-01  8.0025610e-07
5.784739529e-01  8.0006616e-07
5.785896477e-01  7.9987857e-07
5.787053656e-01  7.9969114e-07
5.788211067e-01  7.9950070e-07
5.789368709e-01  7.9930357e-07
5.790526583e-01  7.9909632e-07
5.791684688e-01  7.9887656e-07
5.792843025e-01  7.9864356e-07
5.794001594e-01  7.9839845e-07
5.795160394e-01  7.9814394e-07
5.796319426e-01  7.9788371e-07
5.797478690e-01  7.9762148e-07
5.798638186e-01  7.9736037e-07
5.799797913e-01  7.9710237e-07
5.800957873e-01  7.9684831e-07
5.802118064e-01  7.9659803e-07
5.803278488e-01  7.9635077e-07
5.804439144e-01  7.9610558e-07
5.805600032e-01  7.9586166e-07
5.806761152e-01  7.9561847e-07
5.807922504e-01  7.9537582e-07
5.809084088e-01  7.9513383e-07
5.810245905e-01  7.9489276e-07
5.811407954e-01  7.9465302e-07
5.812570236e-01  7.9441498e-07
5.813732750e-01  7.9417901e-07
5.814895497e-01  7.9394545e-07
5.816058476e-01  7.9371457e-07
5.817221687e-01  7.9348665e-07
5.818385132e-01  7.9326192e-07
5.819548809e-01  7.9304062e-07
5.820712718e-01  7.9282295e-07
5.821876861e-01  7.9260909e-07
5.823041236e-01  7.9239915e-07
5.824205845e-01  7.9219321e-07
5.825370686e-01  7.9199131e-07
5.826535760e-01  7.9179343e-07
5.827701067e-01  7.9159952e-07
5.828866607e-01  7.9140953e-07
5.830032381e-01  7.9122337e-07
5.831198387e-01  7.9104095e-07
5.832364627e-01  7.9086217e-07
5.833531100e-01  7.9068696e-07
5.834697806e-01  7.9051526e-07
5.835864745e-01  7.9034705e-07
5.837031918e-01  7.9018235e-07
5.838199325e-01  7.9002121e-07
5.839366965e-01  7.8986369e-07
5.840534838e-01  7.8970987e-07
5.841702945e-01  7.8955980e-07
5.842871286e-01  7.8941350e-07
5.844039860e-01  7.8927099e-07
5.845208668e-01  7.8913228e-07
5.846377710e-01  7.8899739e-07
5.847546985e-01  7.8886635e-07
5.848716495e-01  7.8873922e-07
5.849886238e-01  7.8861606e-07
5.851056215e-01  7.8849696e-07
5.852226426e-01  7.8838199e-07
5.853396872e-01  7.8827123e-07
5.854567551e-01  7.8816475e-07
5.855738464e-01  7.8806259e-07
5.856909612e-01  7.8796480e-07
5.858080994e-01  7.8787139e-07
5.859252610e-01  7.8778235e-07
5.860424461e-01  7.8769768e-07
5.861596546e-01  7.8761735e-07
5.862768865e-01  7.8754133e-07
5.863941419e-01  7.8746959e-07
5.865114207e-01  7.8740214e-07
5.866287230e-01  7.8733898e-07
5.867460487e-01  7.8728016e-07
5.868633979e-01  7.8722577e-07
5.869807706e-01  7.8717591e-07
5.870981668e-01  7.8713073e-07
5.872155864e-01  7.8709034e-07
5.873330295e-01  7.8705487e-07
5.874504961e-01  7.8702439e-07
5.875679862e-01  7.8699894e-07
5.876854998e-01  7.8697856e-07
5.878030369e-01  7.8696325e-07
5.879205975e-01  7.8695303e-07
5.880381817e-01  7.8694791e-07
5.881557893e-01  7.8694793e-07
5.882734205e-01  7.8695312e-07
5.883910751e-01  7.8696350e-07
5.885087534e-01  7.8697909e-07
5.886264551e-01  7.8699992e-07
5.887441804e-01  7.8702600e-07
5.888619292e-01  7.8705738e-07
5.889797016e-01  7.8709415e-07
5.890974976e-01  7.8713646e-07
5.892153171e-01  7.8718450e-07
5.893331601e-01  7.8723847e-07
5.894510268e-01  7.8729864e-07
5.895689170e-01  7.8736522e-07
5.896868307e-01  7.8743843e-07
5.898047681e-01  7.8751846e-07
5.899227291e-01  7.8760547e-07
5.900407136e-01  7.8769962e-07
5.901587217e-01  7.8780107e-07
5.902767535e-01  7.8791004e-07
5.903948088e-01  7.8802676e-07
5.905128878e-01  7.8815149e-07
5.906309904e-01  7.8828447e-07
5.907491166e-01  7.8842595e-07
5.908672664e-01  7.8857610e-07
5.909854399e-01  7.8873505e-07
5.911036369e-01  7.8890292e-07
5.912218577e-01  7.8907977e-07
5.913401020e-01  7.8926567e-07
5.914583701e-01  7.8946069e-07
5.915766617e-01  7.8966486e-07
5.916949771e-01  7.8987820e-07
5.918133161e-01  7.9010064e-07
5.919316787e-01  7.9033210e-07
5.920500651e-01  7.9057243e-07
5.921684751e-01  7.9082146e-07
5.922869088e-01  7.9107907e-07
5.924053662e-01  7.9134515e-07
5.925238472e-01  7.9161967e-07
5.926423520e-01  7.9190264e-07
5.927608805e-01  7.9219406e-07
5.928794326e-01  7.9249387e-07
5.929980085e-01  7.9280194e-07
5.931166081e-01  7.9311801e-07
5.932352315e-01  7.9344174e-07
5.933538785e-01  7.9377267e-07
5.934725493e-01  7.9411036e-07
5.935912438e-01  7.9445437e-07
5.937099620e-01  7.9480427e-07
5.938287040e-01  7.9515969e-07
5.939474698e-01  7.9552024e-07
5.940662593e-01  7.9588549e-07
5.941850725e-01  7.9625497e-07
5.943039095e-01  7.9662813e-07
5.944227703e-01  7.9700441e-07
5.945416549e-01  7.9738327e-07
5.946605632e-01  7.9776426e-07
5.947794953e-01  7.9814701e-07
5.948984512e-01  7.9853131e-07
5.950174309e-01  7.9891700e-07
5.951364344e-01  7.9930398e-07
5.952554617e-01  7.9969217e-07
5.953745128e-01  8.0008140e-07
5.954935877e-01  8.0047147e-07
5.956126864e-01  8.0086210e-07
5.957318089e-01  8.0125295e-07
5.958509553e-01  8.0164367e-07
5.959701255e-01  8.0203393e-07
5.960893195e-01  8.0242342e-07
5.962085374e-01  8.0281189e-07
5.963277791e-01  8.0319910e-07
5.964470446e-01  8.0358480e-07
5.965663340e-01  8.0396874e-07
5.966856473e-01  8.0435062e-07
5.968049844e-01  8.0473012e-07
5.969243454e-01  8.0510689e-07
5.970437303e-01  8.0548058e-07
5.971631390e-01  8.0585085e-07
5.972825717e-01  8.0621736e-07
5.974020282e-01  8.0657976e-07
5.975215086e-01  8.0693769e-07
5.976410129e-01  8.0729079e-07
5.977605411e-01  8.0763867e-07
5.978800932e-01  8.0798099e-07
5.979996692e-01  8.0831741e-07
5.981192692e-01  8.0864765e-07
5.982388930e-01  8.0897143e-07
5.983585408e-01  8.0928853e-07
5.984782125e-01  8.0959872e-07
5.985979081e-01  8.0990176e-07
5.987176277e-01  8.1019740e-07
5.988373712e-01  8.1048539e-07
5.989571387e-01  8.1076549e-07
5.990769301e-01  8.1103746e-07
5.991967455e-01  8.1130108e-07
5.993165849e-01  8.1155614e-07
5.994364482e-01  8.1180245e-07
5.995563355e-01  8.1203978e-07
5.996762468e-01  8.1226792e-07
5.997961820e-01  8.1248662e-07
5.999161412e-01  8.1269565e-07
6.000361245e-01  8.1289479e-07
6.001561317e-01  8.1308384e-07
6.002761629e-01  8.1326267e-07
6.003962182e-01  8.1343116e-07
6.005162974e-01  8.1358923e-07
6.006364007e-01  8.1373684e-07
6.007565279e-01  8.1387391e-07
6.008766792e-01  8.1400040e-07
6.009968546e-01  8.1411625e-07
6.011170539e-01  8.1422140e-07
6.012372774e-01  8.1431581e-07
6.013575248e-01  8.1439945e-07
6.014777963e-01  8.1447236e-07
6.015980919e-01  8.1453460e-07
6.017184115e-01  8.1458623e-07
6.018387552e-01  8.1462735e-07
6.019591229e-01  8.1465802e-07
6.020795148e-01  8.1467825e-07
6.021999307e-01  8.1468802e-07
6.023203706e-01  8.1468723e-07
6.024408347e-01  8.1467580e-07
6.025613229e-01  8.1465361e-07
6.026818352e-01  8.1462060e-07
6.028023715e-01  8.1457674e-07
6.029229320e-01  8.1452207e-07
6.030435166e-01  8.1445667e-07
6.031641253e-01  8.1438069e-07
6.032847581e-01  8.1429432e-07
6.034054151e-01  8.1419774e-07
6.035260961e-01  8.1409119e-07
6.036468014e-01  8.1397489e-07
6.037675307e-01  8.1384904e-07
6.038882842e-01  8.1371384e-07
6.040090619e-01  8.1356945e-07
6.041298637e-01  8.1341599e-07
6.042506897e-01  8.1325355e-07
6.043715398e-01  8.1308218e-07
6.044924141e-01  8.1290189e-07
6.046133126e-01  8.1271267e-07
6.047342353e-01  8.1251451e-07
6.048551821e-01  8.1230738e-07
6.049761531e-01  8.1209132e-07
6.050971484e-01  8.1186638e-07
6.052181678e-01  8.1163270e-07
6.053392114e-01  8.1139045e-07
6.054602793e-01  8.1113983e-07
6.055813713e-01  8.1088106e-07
6.057024876e-01  8.1061434e-07
6.058236281e-01  8.1033983e-07
6.059447928e-01  8.1005767e-07
6.060659818e-01  8.0976797e-07
6.061871950e-01  8.0947087e-07
6.063084324e-01  8.0916646e-07
6.064296941e-01  8.0885490e-07
6.065509801e-01  8.0853633e-07
6.066722902e-01  8.0821092e-07
6.067936247e-01  8.0787884e-07
6.069149834e-01  8.0754026e-07
6.070363664e-01  8.0719535e-07
6.071577737e-01  8.0684430e-07
6.072792053e-01  8.0648731e-07
6.074006611e-01  8.0612464e-07
6.075221412e-01  8.0575654e-07
6.076436457e-01  8.0538329e-07
6.077651744e-01  8.0500519e-07
6.078867274e-01  8.0462253e-07
6.080083048e-01  8.0423555e-07
6.081299064e-01  8.0384450e-07
6.082515324e-01  8.0344958e-07
6.083731827e-01  8.0305099e-07
6.084948574e-01  8.0264889e-07
6.086165563e-01  8.0224348e-07
6.087382796e-01  8.0183492e-07
6.088600273e-01  8.0142335e-07
6.089817993e-01  8.0100893e-07
6.091035957e-01  8.0059180e-07
6.092254164e-01  8.0017207e-07
6.093472615e-01  7.9974992e-07
6.094691309e-01  7.9932554e-07
6.095910247e-01  7.9889917e-07
6.097129429e-01  7.9847108e-07
6.098348855e-01  7.9804158e-07
6.099568525e-01  7.9761095e-07
6.100788439e-01  7.9717944e-07
6.102008596e-01  7.9674723e-07
6.103228998e-01  7.9631443e-07
6.104449644e-01  7.9588111e-07
6.105670534e-01  7.9544732e-07
6.106891668e-01  7.9501309e-07
6.108113046e-01  7.9457852e-07
6.109334669e-01  7.9414371e-07
6.110556536e-01  7.9370882e-07
6.111778647e-01  7.9327400e-07
6.113001003e-01  7.9283939e-07
6.114223603e-01  7.9240510e-07
6.115446448e-01  7.9197119e-07
6.116669537e-01  7.9153771e-07
6.117892871e-01  7.9110468e-07
6.119116450e-01  7.9067214e-07
6.120340273e-01  7.9024016e-07
6.121564341e-01  7.8980882e-07
6.122788654e-01  7.8937821e-07
6.124013212e-01  7.8894845e-07
6.125238014e-01  7.8851963e-07
6.126463062e-01  7.8809184e-07
6.127688354e-01  7.8766518e-07
6.128913892e-01  7.8723971e-07
6.130139675e-01  7.8681554e-07
6.131365703e-01  7.8639276e-07
6.132591976e-01  7.8597148e-07
6.133818494e-01  7.8555179e-07
6.135045258e-01  7.8513378e-07
6.136272267e-01  7.8471748e-07
6.137499522e-01  7.8430292e-07
6.138727021e-01  7.8389013e-07
6.139954767e-01  7.8347909e-07
6.141182758e-01  7.8306983e-07
6.142410994e-01  7.8266238e-07
6.143639477e-01  7.8225681e-07
6.144868204e-01  7.8185318e-07
6.146097178e-01  7.8145158e-07
6.147326398e-01  7.8105207e-07
6.148555863e-01  7.8065471e-07
6.149785574e-01  7.8025948e-07
6.151015531e-01  7.7986637e-07
6.152245734e-01  7.7947530e-07
6.153476183e-01  7.7908618e-07
6.154706879e-01  7.7869893e-07
6.155937820e-01  7.7831350e-07
6.157169008e-01  7.7792986e-07
6.158400441e-01  7.7754803e-07
6.159632121e-01  7.7716806e-07
6.160864048e-01  7.7679004e-07
6.162096221e-01  7.7641405e-07
6.163328640e-01  7.7604019e-07
6.164561306e-01  7.7566856e-07
6.165794218e-01  7.7529922e-07
6.167027377e-01  7.7493225e-07
6.168260782e-01  7.7456772e-07
6.169494434e-01  7.7420568e-07
6.170728333e-01  7.7384619e-07
6.171962479e-01  7.7348930e-07
6.173196871e-01  7.7313507e-07
6.174431511e-01  7.7278356e-07
6.175666397e-01  7.7243481e-07
6.176901530e-01  7.7208887e-07
6.178136911e-01  7.7174580e-07
6.179372538e-01  7.7140563e-07
6.180608413e-01  7.7106839e-07
6.181844534e-01  7.7073406e-07
6.183080903e-01  7.7040262e-07
6.184317519e-01  7.7007400e-07
6.185554383e-01  7.6974814e-07
6.186791494e-01  7.6942493e-07
6.188028852e-01  7.6910431e-07
6.189266458e-01  7.6878620e-07
6.190504311e-01  7.6847058e-07
6.191742412e-01  7.6815743e-07
6.192980760e-01  7.6784676e-07
6.194219357e-01  7.6753855e-07
6.195458200e-01  7.6723278e-07
6.196697292e-01  7.6692939e-07
6.197936632e-01  7.6662829e-07
6.199176219e-01  7.6632934e-07
6.200416054e-01  7.6603241e-07
6.201656137e-01  7.6573739e-07
6.202896469e-01  7.6544414e-07
6.204137048e-01  7.6515260e-07
6.205377875e-01  7.6486267e-07
6.206618951e-01  7.6457428e-07
6.207860275e-01  7.6428737e-07
6.209101847e-01  7.6400185e-07
6.210343667e-01  7.6371765e-07
6.211585736e-01  7.6343466e-07
6.212828053e-01  7.6315282e-07
6.214070619e-01  7.6287202e-07
6.215313433e-01  7.6259219e-07
6.216556495e-01  7.6231322e-07
6.217799807e-01  7.6203497e-07
6.219043367e-01  7.6175732e-07
6.220287175e-01  7.6148011e-07
6.221531233e-01  7.6120319e-07
6.222775539e-01  7.6092645e-07
6.224020094e-01  7.6064980e-07
6.225264898e-01  7.6037322e-07
6.226509951e-01  7.6009671e-07
6.227755253e-01  7.5982028e-07
6.229000804e-01  7.5954395e-07
6.230246604e-01  7.5926771e-07
6.231492654e-01  7.5899152e-07
6.232738952e-01  7.5871526e-07
6.233985500e-01  7.5843881e-07
6.235232297e-01  7.5816201e-07
6.236479343e-01  7.5788468e-07
6.237726639e-01  7.5760665e-07
6.238974185e-01  7.5732775e-07
6.240221980e-01  7.5704786e-07
6.241470024e-01  7.5676688e-07
6.242718318e-01  7.5648473e-07
6.243966862e-01  7.5620140e-07
6.245215655e-01  7.5591686e-07
6.246464698e-01  7.5563111e-07
6.247713991e-01  7.5534412e-07
6.248963534e-01  7.5505585e-07
6.250213327e-01  7.5476624e-07
6.251463369e-01  7.5447522e-07
6.252713662e-01  7.5418272e-07
6.253964205e-01  7.5388870e-07
6.255214997e-01  7.5359314e-07
6.256466040e-01  7.5329608e-07
6.257717334e-01  7.5299767e-07
6.258968877e-01  7.5269837e-07
6.260220671e-01  7.5239920e-07
6.261472715e-01  7.5210234e-07
6.262725010e-01  7.5181191e-07
6.263977555e-01  7.5153520e-07
6.265230350e-01  7.5128404e-07
6.266483396e-01  7.5107607e-07
6.267736693e-01  7.5093517e-07
6.268990240e-01  7.5089022e-07
6.270244038e-01  7.5097138e-07
6.271498087e-01  7.5120338e-07
6.272752387e-01  7.5159667e-07
6.274006937e-01  7.5213834e-07
6.275261739e-01  7.5278584e-07
6.276516791e-01  7.5346695e-07
6.277772094e-01  7.5408778e-07
6.279027649e-01  7.5454863e-07
6.280283454e-01  7.5476404e-07
6.281539511e-01  7.5468175e-07
6.282795819e-01  7.5429463e-07
6.284052378e-01  7.5364175e-07
6.285309188e-01  7.5279837e-07
6.286566250e-01  7.5185795e-07
6.287823563e-01  7.5091174e-07
6.289081128e-01  7.5003167e-07
6.290338944e-01  7.4926042e-07
6.291597012e-01  7.4861005e-07
6.292855332e-01  7.4806758e-07
6.294113903e-01  7.4760463e-07
6.295372725e-01  7.4718767e-07
6.296631800e-01  7.4678631e-07
6.297891126e-01  7.4637816e-07
6.299150705e-01  7.4595039e-07
6.300410535e-01  7.4549868e-07
6.301670617e-01  7.4502474e-07
6.302930951e-01  7.4453339e-07
6.304191537e-01  7.4403006e-07
6.305452375e-01  7.4351903e-07
6.306713466e-01  7.4300268e-07
6.307974809e-01  7.4248161e-07
6.309236404e-01  7.4195528e-07
6.310498251e-01  7.4142312e-07
6.311760351e-01  7.4088537e-07
6.313022703e-01  7.4034367e-07
6.314285307e-01  7.3980103e-07
6.315548164e-01  7.3926129e-07
6.316811274e-01  7.3872844e-07
6.318074636e-01  7.3820584e-07
6.319338251e-01  7.3769575e-07
6.320602119e-01  7.3719918e-07
6.321866239e-01  7.3671599e-07
6.323130612e-01  7.3624521e-07
6.324395238e-01  7.3578540e-07
6.325660117e-01  7.3533487e-07
6.326925250e-01  7.3489188e-07
6.328190635e-01  7.3445481e-07
6.329456273e-01  7.3402220e-07
6.330722164e-01  7.3359285e-07
6.331988308e-01  7.3316588e-07
6.333254706e-01  7.3274074e-07
6.334521357e-01  7.3231714e-07
6.335788261e-01  7.3189498e-07
6.337055419e-01  7.3147417e-07
6.338322830e-01  7.3105455e-07
6.339590495e-01  7.3063583e-07
6.340858413e-01  7.3021757e-07
6.342126584e-01  7.2979924e-07
6.343395010e-01  7.2938033e-07
6.344663689e-01  7.2896040e-07
6.345932621e-01  7.2853915e-07
6.347201808e-01  7.2811643e-07
6.348471248e-01  7.2769219e-07
6.349740943e-01  7.2726647e-07
6.351010891e-01  7.2683934e-07
6.352281093e-01  7.2641087e-07
6.353551549e-01  7.2598109e-07
6.354822259e-01  7.2555004e-07
6.356093224e-01  7.2511777e-07
6.357364443e-01  7.2468433e-07
6.358635915e-01  7.2424980e-07
6.359907643e-01  7.2381431e-07
6.361179624e-01  7.2337798e-07
6.362451860e-01  7.2294096e-07
6.363724350e-01  7.2250339e-07
6.364997095e-01  7.2206540e-07
6.366270095e-01  7.2162705e-07
6.367543349e-01  7.2118837e-07
6.368816857e-01  7.2074932e-07
6.370090621e-01  7.2030976e-07
6.371364639e-01  7.1986955e-07
6.372638912e-01  7.1942848e-07
6.373913440e-01  7.1898636e-07
6.375188222e-01  7.1854299e-07
6.376463260e-01  7.1809820e-07
6.377738553e-01  7.1765184e-07
6.379014100e-01  7.1720376e-07
6.380289903e-01  7.1675380e-07
6.381565961e-01  7.1630185e-07
6.382842274e-01  7.1584780e-07
6.384118843e-01  7.1539162e-07
6.385395667e-01  7.1493334e-07
6.386672746e-01  7.1447308e-07
6.387950080e-01  7.1401101e-07
6.389227670e-01  7.1354736e-07
6.390505516e-01  7.1308235e-07
6.391783617e-01  7.1261619e-07
6.393061974e-01  7.1214905e-07
6.394340586e-01  7.1168107e-07
6.395619454e-01  7.1121240e-07
6.396898578e-01  7.1074317e-07
6.398177958e-01  7.1027354e-07
6.399457593e-01  7.0980374e-07
6.400737485e-01  7.0933400e-07
6.402017632e-01  7.0886462e-07
6.403298036e-01  7.0839590e-07
6.404578695e-01  7.0792817e-07
6.405859611e-01  7.0746176e-07
6.407140783e-01  7.0699696e-07
6.408422211e-01  7.0653407e-07
6.409703896e-01  7.0607336e-07
6.410985836e-01  7.0561509e-07
6.412268034e-01  7.0515948e-07
6.413550487e-01  7.0470675e-07
6.414833197e-01  7.0425710e-07
6.416116164e-01  7.0381069e-07
6.417399387e-01  7.0336768e-07
6.418682867e-01  7.0292817e-07
6.419966604e-01  7.0249225e-07
6.421250597e-01  7.0206000e-07
6.422534847e-01  7.0163144e-07
6.423819354e-01  7.0120657e-07
6.425104118e-01  7.0078538e-07
6.426389139e-01  7.0036781e-07
6.427674417e-01  6.9995378e-07
6.428959951e-01  6.9954318e-07
6.430245743e-01  6.9913591e-07
6.431531793e-01  6.9873182e-07
6.432818099e-01  6.9833074e-07
6.434104663e-01  6.9793245e-07
6.435391484e-01  6.9753671e-07
6.436678562e-01  6.9714323e-07
6.437965898e-01  6.9675172e-07
6.439253491e-01  6.9636190e-07
6.440541341e-01  6.9597348e-07
6.441829450e-01  6.9558619e-07
6.443117816e-01  6.9519975e-07
6.444406439e-01  6.9481387e-07
6.445695320e-01  6.9442825e-07
6.446984459e-01  6.9404260e-07
6.448273856e-01  6.9365666e-07
6.449563511e-01  6.9327023e-07
6.450853424e-01  6.9288323e-07
6.452143595e-01  6.9249562e-07
6.453434023e-01  6.9210749e-07
6.454724710e-01  6.9171893e-07
6.456015655e-01  6.9133005e-07
6.457306858e-01  6.9094087e-07
6.458598320e-01  6.9055140e-07
6.459890039e-01  6.9016158e-07
6.461182017e-01  6.8977133e-07
6.462474254e-01  6.8938061e-07
6.463766748e-01  6.8898946e-07
6.465059502e-01  6.8859803e-07
6.466352514e-01  6.8820661e-07
6.467645784e-01  6.8781554e-07
6.468939313e-01  6.8742526e-07
6.470233101e-01  6.8703621e-07
6.471527148e-01  6.8664875e-07
6.472821453e-01  6.8626318e-07
6.474116018e-01  6.8587968e-07
6.475410841e-01  6.8549829e-07
6.476705923e-01  6.8511899e-07
6.478001264e-01  6.8474168e-07
6.479296864e-01  6.8436624e-07
6.480592724e-01  6.8399257e-07
6.481888842e-01  6.8362060e-07
6.483185220e-01  6.8325033e-07
6.484481857e-01  6.8288179e-07
6.485778753e-01  6.8251503e-07
6.487075909e-01  6.8215012e-07
6.488373324e-01  6.8178708e-07
6.489670999e-01  6.8142590e-07
6.490968933e-01  6.8106647e-07
6.492267127e-01  6.8070865e-07
6.493565580e-01  6.8035222e-07
6.494864294e-01  6.7999698e-07
6.496163266e-01  6.7964275e-07
6.497462499e-01  6.7928939e-07
6.498761992e-01  6.7893687e-07
6.500061744e-01  6.7858521e-07
6.501361756e-01  6.7823448e-07
6.502662029e-01  6.7788478e-07
6.503962561e-01  6.7753615e-07
6.505263354e-01  6.7718859e-07
6.506564406e-01  6.7684200e-07
6.507865719e-01  6.7649623e-07
6.509167292e-01  6.7615101e-07
6.510469126e-01  6.7580602e-07
6.511771220e-01  6.7546086e-07
6.513073574e-01  6.7511501e-07
6.514376189e-01  6.7476795e-07
6.515679064e-01  6.7441910e-07
6.516982200e-01  6.7406794e-07
6.518285596e-01  6.7371407e-07
6.519589253e-01  6.7335727e-07
6.520893171e-01  6.7299751e-07
6.522197350e-01  6.7263496e-07
6.523501789e-01  6.7226992e-07
6.524806489e-01  6.7190277e-07
6.526111451e-01  6.7153383e-07
6.527416673e-01  6.7116340e-07
6.528722156e-01  6.7079162e-07
6.530027901e-01  6.7041856e-07
6.531333906e-01  6.7004415e-07
6.532640173e-01  6.6966834e-07
6.533946701e-01  6.6929104e-07
6.535253491e-01  6.6891222e-07
6.536560541e-01  6.6853193e-07
6.537867853e-01  6.6815029e-07
6.539175427e-01  6.6776748e-07
6.540483262e-01  6.6738370e-07
6.541791359e-01  6.6699915e-07
6.543099717e-01  6.6661395e-07
6.544408337e-01  6.6622819e-07
6.545717219e-01  6.6584188e-07
6.547026362e-01  6.6545502e-07
6.548335767e-01  6.6506760e-07
6.549645434e-01  6.6467966e-07
6.550955364e-01  6.6429127e-07
6.552265555e-01  6.6390257e-07
6.553576008e-01  6.6351375e-07
6.554886723e-01  6.6312500e-07
6.556197700e-01  6.6273654e-07
6.557508940e-01  6.6234853e-07
6.558820442e-01  6.6196110e-07
6.560132206e-01  6.6157431e-07
6.561444232e-01  6.6118816e-07
6.562756521e-01  6.6080261e-07
6.564069072e-01  6.6041760e-07
6.565381886e-01  6.6003308e-07
6.566694962e-01  6.5964904e-07
6.568008301e-01  6.5926547e-07
6.569321903e-01  6.5888244e-07
6.570635767e-01  6.5849998e-07
6.571949895e-01  6.5811814e-07
6.573264285e-01  6.5773695e-07
6.574578937e-01  6.5735641e-07
6.575893853e-01  6.5697651e-07
6.577209032e-01  6.5659724e-07
6.578524474e-01  6.5621858e-07
6.579840179e-01  6.5584052e-07
6.581156147e-01  6.5546306e-07
6.582472378e-01  6.5508620e-07
6.583788872e-01  6.5470995e-07
6.585105630e-01  6.5433433e-07
6.586422651e-01  6.5395938e-07
6.587739936e-01  6.5358512e-07
6.589057484e-01  6.5321158e-07
6.590375295e-01  6.5283878e-07
6.591693370e-01  6.5246671e-07
6.593011709e-01  6.5209536e-07
6.594330311e-01  6.5172472e-07
6.595649178e-01  6.5135476e-07
6.596968307e-01  6.5098546e-07
6.598287701e-01  6.5061681e-07
6.599607359e-01  6.5024880e-07
6.600927280e-01  6.4988143e-07
6.602247465e-01  6.4951470e-07
6.603567915e-01  6.4914866e-07
6.604888629e-01  6.4878333e-07
6.606209606e-01  6.4841876e-07
6.607530848e-01  6.4805498e-07
6.608852354e-01  6.4769199e-07
6.610174125e-01  6.4732977e-07
6.611496160e-01  6.4696825e-07
6.612818459e-01  6.4660730e-07
6.614141023e-01  6.4624678e-07
6.615463851e-01  6.4588647e-07
6.616786944e-01  6.4552616e-07
6.618110301e-01  6.4516561e-07
6.619433923e-01  6.4480456e-07
6.620757810e-01  6.4444276e-07
6.622081961e-01  6.4407996e-07
6.623406378e-01  6.4371585e-07
6.624731059e-01  6.4335014e-07
6.626056005e-01  6.4298248e-07
6.627381216e-01  6.4261251e-07
6.628706693e-01  6.4223986e-07
6.630032434e-01  6.4186419e-07
6.631358441e-01  6.4148517e-07
6.632684712e-01  6.4110257e-07
6.634011249e-01  6.4071617e-07
6.635338051e-01  6.4032584e-07
6.636665119e-01  6.3993149e-07
6.637992452e-01  6.3953308e-07
6.639320051e-01  6.3913060e-07
6.640647915e-01  6.3872407e-07
6.641976044e-01  6.3831356e-07
6.643304439e-01  6.3789915e-07
6.644633100e-01  6.3748098e-07
6.645962027e-01  6.3705919e-07
6.647291219e-01  6.3663396e-07
6.648620677e-01  6.3620553e-07
6.649950402e-01  6.3577414e-07
6.651280392e-01  6.3534008e-07
6.652610648e-01  6.3490369e-07
6.653941170e-01  6.3446533e-07
6.655271958e-01  6.3402535e-07
6.656603013e-01  6.3358410e-07
6.657934333e-01  6.3314187e-07
6.659265920e-01  6.3269890e-07
6.660597773e-01  6.3225532e-07
6.661929893e-01  6.3181119e-07
6.663262279e-01  6.3136650e-07
6.664594931e-01  6.3092121e-07
6.665927850e-01  6.3047524e-07
6.667261036e-01  6.3002860e-07
6.668594488e-01  6.2958130e-07
6.669928207e-01  6.2913345e-07
6.671262192e-01  6.2868518e-07
6.672596445e-01  6.2823668e-07
6.673930964e-01  6.2778810e-07
6.675265750e-01  6.2733956e-07
6.676600804e-01  6.2689111e-07
6.677936124e-01  6.2644275e-07
6.679271711e-01  6.2599442e-07
6.680607565e-01  6.2554602e-07
6.681943687e-01  6.2509750e-07
6.683280076e-01  6.2464880e-07
6.684616732e-01  6.2419992e-07
6.685953655e-01  6.2375093e-07
6.687290846e-01  6.2330192e-07
6.688628304e-01  6.2285304e-07
6.689966029e-01  6.2240442e-07
6.691304023e-01  6.2195619e-07
6.692642283e-01  6.2150844e-07
6.693980812e-01  6.2106126e-07
6.695319608e-01  6.2061469e-07
6.696658672e-01  6.2016875e-07
6.697998004e-01  6.1972345e-07
6.699337603e-01  6.1927879e-07
6.700677471e-01  6.1883475e-07
6.702017606e-01  6.1839135e-07
6.703358010e-01  6.1794859e-07
6.704698681e-01  6.1750649e-07
6.706039621e-01  6.1706509e-07
6.707380829e-01  6.1662445e-07
6.708722305e-01  6.1618463e-07
6.710064050e-01  6.1574573e-07
6.711406063e-01  6.1530783e-07
6.712748344e-01  6.1487102e-07
6.714090893e-01  6.1443540e-07
6.715433712e-01  6.1400106e-07
6.716776798e-01  6.1356807e-07
6.718120154e-01  6.1313654e-07
6.719463778e-01  6.1270656e-07
6.720807671e-01  6.1227823e-07
6.722151832e-01  6.1185165e-07
6.723496262e-01  6.1142688e-07
6.724840962e-01  6.1100397e-07
6.726185930e-01  6.1058292e-07
6.727531167e-01  6.1016370e-07
6.728876673e-01  6.0974624e-07
6.730222449e-01  6.0933051e-07
6.731568493e-01  6.0891646e-07
6.732914807e-01  6.0850408e-07
6.734261390e-01  6.0809337e-07
6.735608242e-01  6.0768438e-07
6.736955364e-01  6.0727712e-07
6.738302755e-01  6.0687158e-07
6.739650415e-01  6.0646774e-07
6.740998345e-01  6.0606551e-07
6.742346545e-01  6.0566477e-07
6.743695014e-01  6.0526538e-07
6.745043753e-01  6.0486720e-07
6.746392762e-01  6.0447010e-07
6.747742041e-01  6.0407398e-07
6.749091589e-01  6.0367874e-07
6.750441407e-01  6.0328428e-07
6.751791496e-01  6.0289051e-07
6.753141854e-01  6.0249732e-07
6.754492482e-01  6.0210458e-07
6.755843381e-01  6.0171219e-07
6.757194550e-01  6.0132006e-07
6.758545988e-01  6.0092815e-07
6.759897698e-01  6.0053648e-07
6.761249677e-01  6.0014508e-07
6.762601927e-01  5.9975402e-07
6.763954447e-01  5.9936341e-07
6.765307238e-01  5.9897333e-07
6.766660300e-01  5.9858390e-07
6.768013632e-01  5.9819522e-07
6.769367235e-01  5.9780741e-07
6.770721108e-01  5.9742058e-07
6.772075252e-01  5.9703488e-07
6.773429667e-01  5.9665044e-07
6.774784353e-01  5.9626744e-07
6.776139310e-01  5.9588604e-07
6.777494538e-01  5.9550643e-07
6.778850037e-01  5.9512884e-07
6.780205807e-01  5.9475348e-07
6.781561848e-01  5.9438061e-07
6.782918160e-01  5.9401048e-07
6.784274744e-01  5.9364334e-07
6.785631599e-01  5.9327948e-07
6.786988725e-01  5.9291913e-07
6.788346123e-01  5.9256255e-07
6.789703792e-01  5.9220995e-07
6.791061733e-01  5.9186150e-07
6.792419945e-01  5.9151737e-07
6.793778429e-01  5.9117767e-07
6.795137185e-01  5.9084251e-07
6.796496213e-01  5.9051194e-07
6.797855512e-01  5.9018604e-07
6.799215083e-01  5.8986482e-07
6.800574926e-01  5.8954832e-07
6.801935041e-01  5.8923654e-07
6.803295428e-01  5.8892945e-07
6.804656087e-01  5.8862705e-07
6.806017018e-01  5.8832926e-07
6.807378222e-01  5.8803605e-07
6.808739697e-01  5.8774733e-07
6.810101445e-01  5.8746302e-07
6.811463465e-01  5.8718302e-07
6.812825758e-01  5.8690722e-07
6.814188323e-01  5.8663549e-07
6.815551161e-01  5.8636772e-07
6.816914271e-01  5.8610377e-07
6.818277654e-01  5.8584350e-07
6.819641310e-01  5.8558676e-07
6.821005238e-01  5.8533337e-07
6.822369439e-01  5.8508313e-07
6.823733913e-01  5.8483579e-07
6.825098660e-01  5.8459101e-07
6.826463679e-01  5.8434841e-07
6.827828972e-01  5.8410754e-07
6.829194538e-01  5.8386786e-07
6.830560377e-01  5.8362881e-07
6.831926489e-01  5.8338978e-07
6.833292874e-01  5.8315019e-07
6.834659533e-01  5.8290949e-07
6.836026465e-01  5.8266716e-07
6.837393670e-01  5.8242275e-07
6.838761149e-01  5.8217586e-07
6.840128901e-01  5.8192612e-07
6.841496927e-01  5.8167323e-07
6.842865226e-01  5.8141701e-07
6.844233799e-01  5.8115740e-07
6.845602646e-01  5.8089473e-07
6.846971766e-01  5.8063034e-07
6.848341161e-01  5.8036759e-07
6.849710829e-01  5.8011388e-07
6.851080771e-01  5.7988410e-07
6.852450987e-01  5.7970592e-07
6.853821477e-01  5.7962695e-07
6.855192242e-01  5.7972305e-07
6.856563280e-01  5.8010552e-07
6.857934593e-01  5.8092349e-07
6.859306180e-01  5.8235637e-07
6.860678041e-01  5.8459212e-07
6.862050177e-01  5.8778977e-07
6.863422587e-01  5.9202998e-07
6.864795271e-01  5.9726476e-07
6.866168230e-01  6.0328156e-07
6.867541464e-01  6.0969822e-07
6.868914972e-01  6.1599831e-07
6.870288755e-01  6.2160522e-07
6.871662813e-01  6.2598000e-07
6.873037145e-01  6.2871890e-07
6.874411753e-01  6.2962605e-07
6.875786635e-01  6.2874341e-07
6.877161793e-01  6.2633329e-07
6.878537225e-01  6.2282159e-07
6.879912932e-01  6.1871751e-07
6.881288915e-01  6.1452857e-07
6.882665173e-01  6.1068662e-07
6.884041706e-01  6.0749553e-07
6.885418514e-01  6.0510570e-07
6.886795598e-01  6.0351634e-07
6.888172957e-01  6.0260170e-07
6.889550592e-01  6.0215431e-07
6.890928502e-01  6.0193563e-07
6.892306687e-01  6.0172345e-07
6.893685149e-01  6.0134721e-07
6.895063886e-01  6.0070572e-07
6.896442899e-01  5.9976732e-07
6.897822187e-01  5.9855612e-07
6.899201752e-01  5.9713109e-07
6.900581592e-01  5.9556460e-07
6.901961708e-01  5.9392523e-07
6.903342101e-01  5.9226705e-07
6.904722769e-01  5.9062532e-07
6.906103714e-01  5.8901679e-07
6.907484934e-01  5.8744303e-07
6.908866431e-01  5.8589526e-07
6.910248205e-01  5.8436005e-07
6.911630254e-01  5.8282479e-07
6.913012580e-01  5.8128243e-07
6.914395183e-01  5.7973428e-07
6.915778062e-01  5.7819028e-07
6.917161217e-01  5.7666652e-07
6.918544650e-01  5.7518091e-07
6.919928359e-01  5.7374854e-07
6.921312344e-01  5.7237819e-07
6.922696607e-01  5.7107146e-07
6.924081146e-01  5.6982395e-07
6.925465962e-01  5.6862826e-07
6.926851055e-01  5.6747694e-07
6.928236426e-01  5.6636454e-07
6.929622073e-01  5.6528836e-07
6.931007997e-01  5.6424773e-07
6.932394199e-01  5.6324306e-07
6.933780678e-01  5.6227497e-07
6.935167434e-01  5.6134376e-07
6.936554467e-01  5.6044963e-07
6.937941778e-01  5.5959277e-07
6.939329367e-01  5.5877355e-07
6.940717233e-01  5.5799229e-07
6.942105376e-01  5.5724905e-07
6.943493797e-01  5.5654320e-07
6.944882496e-01  5.5587333e-07
6.946271472e-01  5.5523733e-07
6.947660727e-01  5.5463267e-07
6.949050259e-01  5.5405676e-07
6.950440069e-01  5.5350718e-07
6.951830157e-01  5.5298176e-07
6.953220523e-01  5.5247843e-07
6.954611167e-01  5.5199495e-07
6.956002089e-01  5.5152879e-07
6.957393290e-01  5.5107706e-07
6.958784768e-01  5.5063661e-07
6.960176525e-01  5.5020445e-07
6.961568561e-01  5.4977812e-07
6.962960874e-01  5.4935598e-07
6.964353466e-01  5.4893738e-07
6.965746337e-01  5.4852255e-07
6.967139486e-01  5.4811236e-07
6.968532914e-01  5.4770795e-07
6.969926621e-01  5.4731030e-07
6.971320606e-01  5.4692008e-07
6.972714870e-01  5.4653745e-07
6.974109413e-01  5.4616213e-07
6.975504235e-01  5.4579351e-07
6.976899336e-01  5.4543082e-07
6.978294716e-01  5.4507331e-07
6.979690375e-01  5.4472034e-07
6.981086313e-01  5.4437140e-07
6.982482530e-01  5.4402611e-07
6.983879027e-01  5.4368416e-07
6.985275802e-01  5.4334524e-07
6.986672858e-01  5.4300900e-07
6.988070192e-01  5.4267504e-07
6.989467806e-01  5.4234297e-07
6.990865700e-01  5.4201251e-07
6.992263873e-01  5.4168354e-07
6.993662326e-01  5.4135613e-07
6.995061058e-01  5.4103061e-07
6.996460070e-01  5.4070744e-07
6.997859362e-01  5.4038714e-07
6.999258934e-01  5.4007021e-07
7.000658786e-01  5.3975701e-07
7.002058918e-01  5.3944772e-07
7.003459330e-01  5.3914238e-07
7.004860021e-01  5.3884092e-07
7.006260993e-01  5.3854322e-07
7.007662246e-01  5.3824922e-07
7.009063778e-01  5.3795895e-07
7.010465591e-01  5.3767253e-07
7.011867684e-01  5.3739011e-07
7.013270058e-01  5.3711182e-07
7.014672712e-01  5.3683771e-07
7.016075646e-01  5.3656768e-07
7.017478861e-01  5.3630152e-07
7.018882357e-01  5.3603893e-07
7.020286133e-01  5.3577961e-07
7.021690191e-01  5.3552326e-07
7.023094529e-01  5.3526959e-07
7.024499148e-01  5.3501840e-07
7.025904047e-01  5.3476952e-07
7.027309228e-01  5.3452286e-07
7.028714690e-01  5.3427844e-07
7.030120433e-01  5.3403644e-07
7.031526457e-01  5.3379714e-07
7.032932762e-01  5.3356090e-07
7.034339349e-01  5.3332803e-07
7.035746217e-01  5.3309871e-07
7.037153366e-01  5.3287286e-07
7.038560797e-01  5.3265024e-07
7.039968509e-01  5.3243045e-07
7.041376503e-01  5.3221309e-07
7.042784778e-01  5.3199787e-07
7.044193335e-01  5.3178469e-07
7.045602174e-01  5.3157362e-07
7.047011294e-01  5.3136483e-07
7.048420696e-01  5.3115849e-07
7.049830380e-01  5.3095461e-07
7.051240346e-01  5.3075308e-07
7.052650595e-01  5.3055361e-07
7.054061125e-01  5.3035586e-07
7.055471937e-01  5.3015948e-07
7.056883031e-01  5.2996424e-07
7.058294408e-01  5.2977003e-07
7.059706067e-01  5.2957684e-07
7.061118008e-01  5.2938475e-07
7.062530232e-01  5.2919386e-07
7.063942738e-01  5.2900422e-07
7.065355526e-01  5.2881584e-07
7.066768597e-01  5.2862867e-07
7.068181951e-01  5.2844266e-07
7.069595587e-01  5.2825775e-07
7.071009506e-01  5.2807391e-07
7.072423708e-01  5.2789112e-07
7.073838193e-01  5.2770940e-07
7.075252961e-01  5.2752871e-07
7.076668011e-01  5.2734901e-07
7.078083345e-01  5.2717023e-07
7.079498962e-01  5.2699233e-07
7.080914861e-01  5.2681525e-07
7.082331044e-01  5.2663903e-07
7.083747511e-01  5.2646376e-07
7.085164260e-01  5.2628954e-07
7.086581293e-01  5.2611651e-07
7.087998609e-01  5.2594478e-07
7.089416209e-01  5.2577444e-07
7.090834092e-01  5.2560552e-07
7.092252259e-01  5.2543805e-07
7.093670709e-01  5.2527207e-07
7.095089444e-01  5.2510763e-07
7.096508461e-01  5.2494481e-07
7.097927763e-01  5.2478372e-07
7.099347349e-01  5.2462452e-07
7.100767218e-01  5.2446738e-07
7.102187372e-01  5.2431251e-07
7.103607809e-01  5.2416012e-07
7.105028531e-01  5.2401045e-07
7.106449536e-01  5.2386372e-07
7.107870826e-01  5.2372018e-07
7.109292400e-01  5.2358000e-07
7.110714259e-01  5.2344339e-07
7.112136402e-01  5.2331052e-07
7.113558829e-01  5.2318158e-07
7.114981541e-01  5.2305676e-07
7.116404537e-01  5.2293627e-07
7.117827818e-01  5.2282029e-07
7.119251384e-01  5.2270901e-07
7.120675234e-01  5.2260257e-07
7.122099369e-01  5.2250108e-07
7.123523789e-01  5.2240457e-07
7.124948494e-01  5.2231302e-07
7.126373483e-01  5.2222633e-07
7.127798758e-01  5.2214434e-07
7.129224318e-01  5.2206681e-07
7.130650163e-01  5.2199348e-07
7.132076293e-01  5.2192400e-07
7.133502708e-01  5.2185802e-07
7.134929408e-01  5.2179513e-07
7.136356394e-01  5.2173491e-07
7.137783666e-01  5.2167685e-07
7.139211222e-01  5.2162036e-07
7.140639065e-01  5.2156475e-07
7.142067192e-01  5.2150923e-07
7.143495606e-01  5.2145284e-07
7.144924305e-01  5.2139457e-07
7.146353290e-01  5.2133331e-07
7.147782560e-01  5.2126795e-07
7.149212117e-01  5.2119739e-07
7.150641959e-01  5.2112066e-07
7.152072088e-01  5.2103692e-07
7.153502502e-01  5.2094552e-07
7.154933203e-01  5.2084602e-07
7.156364189e-01  5.2073817e-07
7.157795462e-01  5.2062192e-07
7.159227021e-01  5.2049737e-07
7.160658867e-01  5.2036471e-07
7.162090998e-01  5.2022418e-07
7.163523417e-01  5.2007598e-07
7.164956121e-01  5.1992022e-07
7.166389113e-01  5.1975683e-07
7.167822390e-01  5.1958559e-07
7.169255955e-01  5.1940612e-07
7.170689806e-01  5.1921801e-07
7.172123944e-01  5.1902086e-07
7.173558369e-01  5.1881452e-07
7.174993080e-01  5.1859910e-07
7.176428079e-01  5.1837507e-07
7.177863365e-01  5.1814307e-07
7.179298937e-01  5.1790372e-07
7.180734797e-01  5.1765724e-07
7.182170944e-01  5.1740313e-07
7.183607378e-01  5.1714004e-07
7.185044100e-01  5.1686581e-07
7.186481109e-01  5.1657796e-07
7.187918405e-01  5.1627424e-07
7.189355988e-01  5.1595333e-07
7.190793860e-01  5.1561529e-07
7.192232018e-01  5.1526180e-07
7.193670465e-01  5.1489592e-07
7.195109199e-01  5.1452158e-07
7.196548221e-01  5.1414280e-07
7.197987530e-01  5.1376286e-07
7.199427128e-01  5.1338360e-07
7.200867013e-01  5.1300503e-07
7.202307187e-01  5.1262539e-07
7.203747648e-01  5.1224177e-07
7.205188398e-01  5.1185103e-07
7.206629435e-01  5.1145096e-07
7.208070761e-01  5.1104112e-07
7.209512375e-01  5.1062337e-07
7.210954278e-01  5.1020170e-07
7.212396469e-01  5.0978158e-07
7.213838948e-01  5.0936895e-07
7.215281716e-01  5.0896921e-07
7.216724772e-01  5.0858653e-07
7.218168117e-01  5.0822348e-07
7.219611751e-01  5.0788111e-07
7.221055673e-01  5.0755938e-07
7.222499884e-01  5.0725759e-07
7.223944384e-01  5.0697477e-07
7.225389173e-01  5.0670995e-07
7.226834251e-01  5.0646204e-07
7.228279618e-01  5.0622974e-07
7.229725274e-01  5.0601121e-07
7.231171219e-01  5.0580393e-07
7.232617453e-01  5.0560467e-07
7.234063977e-01  5.0540973e-07
7.235510789e-01  5.0521534e-07
7.236957891e-01  5.0501812e-07
7.238405283e-01  5.0481555e-07
7.239852964e-01  5.0460614e-07
7.241300935e-01  5.0438956e-07
7.242749195e-01  5.0416644e-07
7.244197745e-01  5.0393824e-07
7.245646584e-01  5.0370688e-07
7.247095714e-01  5.0347445e-07
7.248545133e-01  5.0324279e-07
7.249994842e-01  5.0301318e-07
7.251444841e-01  5.0278605e-07
7.252895130e-01  5.0256104e-07
7.254345709e-01  5.0233720e-07
7.255796578e-01  5.0211344e-07
7.257247737e-01  5.0188894e-07
7.258699187e-01  5.0166342e-07
7.260150927e-01  5.0143706e-07
7.261602957e-01  5.0121029e-07
7.263055277e-01  5.0098345e-07
7.264507888e-01  5.0075655e-07
7.265960790e-01  5.0052927e-07
7.267413982e-01  5.0030111e-07
7.268867465e-01  5.0007150e-07
7.270321238e-01  4.9983989e-07
7.271775303e-01  4.9960560e-07
7.273229658e-01  4.9936771e-07
7.274684304e-01  4.9912497e-07
7.276139241e-01  4.9887601e-07
7.277594468e-01  4.9861977e-07
7.279049987e-01  4.9835609e-07
7.280505797e-01  4.9808606e-07
7.281961898e-01  4.9781212e-07
7.283418291e-01  4.9753761e-07
7.284874974e-01  4.9726606e-07
7.286331949e-01  4.9700024e-07
7.287789216e-01  4.9674157e-07
7.289246774e-01  4.9648989e-07
7.290704623e-01  4.9624375e-07
7.292162764e-01  4.9600113e-07
7.293621197e-01  4.9576027e-07
7.295079921e-01  4.9552027e-07
7.296538937e-01  4.9528139e-07
7.297998245e-01  4.9504487e-07
7.299457844e-01  4.9481237e-07
7.300917736e-01  4.9458543e-07
7.302377919e-01  4.9436499e-07
7.303838395e-01  4.9415122e-07
7.305299163e-01  4.9394364e-07
7.306760222e-01  4.9374142e-07
7.308221574e-01  4.9354371e-07
7.309683219e-01  4.9334990e-07
7.311145155e-01  4.9315967e-07
7.312607384e-01  4.9297295e-07
7.314069906e-01  4.9278976e-07
7.315532720e-01  4.9261012e-07
7.316995826e-01  4.9243401e-07
7.318459226e-01  4.9226140e-07
7.319922917e-01  4.9209242e-07
7.321386902e-01  4.9192736e-07
7.322851179e-01  4.9176675e-07
7.324315750e-01  4.9161128e-07
7.325780613e-01  4.9146165e-07
7.327245769e-01  4.9131847e-07
7.328711218e-01  4.9118207e-07
7.330176960e-01  4.9105249e-07
7.331642996e-01  4.9092945e-07
7.333109324e-01  4.9081250e-07
7.334575946e-01  4.9070108e-07
7.336042861e-01  4.9059470e-07
7.337510070e-01  4.9049299e-07
7.338977572e-01  4.9039574e-07
7.340445367e-01  4.9030286e-07
7.341913457e-01  4.9021428e-07
7.343381839e-01  4.9012990e-07
7.344850516e-01  4.9004947e-07
7.346319486e-01  4.8997261e-07
7.347788750e-01  4.8989887e-07
7.349258307e-01  4.8982776e-07
7.350728159e-01  4.8975889e-07
7.352198305e-01  4.8969197e-07
7.353668744e-01  4.8962683e-07
7.355139478e-01  4.8956330e-07
7.356610506e-01  4.8950121e-07
7.358081828e-01  4.8944028e-07
7.359553444e-01  4.8938007e-07
7.361025355e-01  4.8932005e-07
7.362497560e-01  4.8925963e-07
7.363970060e-01  4.8919825e-07
7.365442854e-01  4.8913542e-07
7.366915942e-01  4.8907085e-07
7.368389325e-01  4.8900448e-07
7.369863003e-01  4.8893644e-07
7.371336976e-01  4.8886715e-07
7.372811243e-01  4.8879721e-07
7.374285806e-01  4.8872735e-07
7.375760663e-01  4.8865841e-07
7.377235815e-01  4.8859116e-07
7.378711262e-01  4.8852627e-07
7.380187004e-01  4.8846419e-07
7.381663042e-01  4.8840519e-07
7.383139374e-01  4.8834934e-07
7.384616002e-01  4.8829657e-07
7.386092925e-01  4.8824678e-07
7.387570144e-01  4.8819990e-07
7.389047658e-01  4.8815590e-07
7.390525468e-01  4.8811485e-07
7.392003573e-01  4.8807685e-07
7.393481973e-01  4.8804201e-07
7.394960670e-01  4.8801045e-07
7.396439662e-01  4.8798224e-07
7.397918950e-01  4.8795745e-07
7.399398534e-01  4.8793614e-07
7.400878413e-01  4.8791840e-07
7.402358589e-01  4.8790436e-07
7.403839061e-01  4.8789421e-07
7.405319828e-01  4.8788813e-07
7.406800892e-01  4.8788633e-07
7.408282253e-01  4.8788897e-07
7.409763909e-01  4.8789617e-07
7.411245862e-01  4.8790799e-07
7.412728111e-01  4.8792446e-07
7.414210657e-01  4.8794562e-07
7.415693499e-01  4.8797148e-07
7.417176637e-01  4.8800213e-07
7.418660073e-01  4.8803764e-07
7.420143805e-01  4.8807809e-07
7.421627834e-01  4.8812354e-07
7.423112159e-01  4.8817399e-07
7.424596782e-01  4.8822937e-07
7.426081701e-01  4.8828956e-07
7.427566917e-01  4.8835439e-07
7.429052431e-01  4.8842365e-07
7.430538241e-01  4.8849713e-07
7.432024349e-01  4.8857461e-07
7.433510754e-01  4.8865582e-07
7.434997456e-01  4.8874046e-07
7.436484455e-01  4.8882817e-07
7.437971752e-01  4.8891849e-07
7.439459347e-01  4.8901090e-07
7.440947238e-01  4.8910484e-07
7.442435428e-01  4.8919976e-07
7.443923915e-01  4.8929514e-07
7.445412700e-01  4.8939052e-07
7.446901782e-01  4.8948550e-07
7.448391163e-01  4.8957975e-07
7.449880841e-01  4.8967291e-07
7.451370817e-01  4.8976455e-07
7.452861091e-01  4.8985410e-07
7.454351663e-01  4.8994082e-07
7.455842534e-01  4.9002379e-07
7.457333702e-01  4.9010198e-07
7.458825169e-01  4.9017425e-07
7.460316934e-01  4.9023953e-07
7.461808997e-01  4.9029679e-07
7.463301359e-01  4.9034515e-07
7.464794020e-01  4.9038388e-07
7.466286978e-01  4.9041239e-07
7.467780236e-01  4.9043020e-07
7.469273792e-01  4.9043691e-07
7.470767647e-01  4.9043217e-07
7.472261800e-01  4.9041563e-07
7.473756252e-01  4.9038693e-07
7.475251004e-01  4.9034568e-07
7.476746054e-01  4.9029141e-07
7.478241403e-01  4.9022361e-07
7.479737051e-01  4.9014171e-07
7.481232999e-01  4.9004511e-07
7.482729245e-01  4.8993322e-07
7.484225791e-01  4.8980550e-07
7.485722636e-01  4.8966150e-07
7.487219781e-01  4.8950090e-07
7.488717225e-01  4.8932352e-07
7.490214968e-01  4.8912931e-07
7.491713011e-01  4.8891831e-07
7.493211354e-01  4.8869069e-07
7.494709996e-01  4.8844669e-07
7.496208938e-01  4.8818666e-07
7.497708180e-01  4.8791100e-07
7.499207722e-01  4.8762026e-07
7.500707563e-01  4.8731503e-07
7.502207705e-01  4.8699604e-07
7.503708146e-01  4.8666405e-07
7.505208888e-01  4.8631990e-07
7.506709930e-01  4.8596448e-07
7.508211272e-01  4.8559873e-07
7.509712914e-01  4.8522366e-07
7.511214856e-01  4.8484032e-07
7.512717099e-01  4.8444983e-07
7.514219643e-01  4.8405336e-07
7.515722487e-01  4.8365215e-07
7.517225631e-01  4.8324745e-07
7.518729076e-01  4.8284050e-07
7.520232822e-01  4.8243251e-07
7.521736869e-01  4.8202458e-07
7.523241216e-01  4.8161772e-07
7.524745864e-01  4.8121276e-07
7.526250814e-01  4.8081045e-07
7.527756064e-01  4.8041141e-07
7.529261615e-01  4.8001619e-07
7.530767467e-01  4.7962533e-07
7.532273621e-01  4.7923936e-07
7.533780075e-01  4.7885884e-07
7.535286831e-01  4.7848432e-07
7.536793889e-01  4.7811635e-07
7.538301248e-01  4.7775541e-07
7.539808908e-01  4.7740189e-07
7.541316870e-01  4.7705604e-07
7.542825133e-01  4.7671798e-07
7.544333698e-01  4.7638765e-07
7.545842565e-01  4.7606488e-07
7.547351733e-01  4.7574936e-07
7.548861204e-01  4.7544079e-07
7.550370976e-01  4.7513883e-07
7.551881050e-01  4.7484323e-07
7.553391426e-01  4.7455383e-07
7.554902105e-01  4.7427063e-07
7.556413085e-01  4.7399372e-07
7.557924368e-01  4.7372332e-07
7.559435952e-01  4.7345967e-07
7.560947840e-01  4.7320304e-07
7.562460029e-01  4.7295361e-07
7.563972521e-01  4.7271151e-07
7.565485316e-01  4.7247686e-07
7.566998413e-01  4.7224987e-07
7.568511812e-01  4.7203097e-07
7.570025515e-01  4.7182136e-07
7.571539520e-01  4.7162391e-07
7.573053828e-01  4.7144501e-07
7.574568439e-01  4.7129803e-07
7.576083352e-01  4.7120930e-07
7.577598569e-01  4.7122758e-07
7.579114089e-01  4.7143771e-07
7.580629912e-01  4.7197780e-07
7.582146037e-01  4.7305736e-07
7.583662467e-01  4.7497065e-07
7.585179199e-01  4.7809731e-07
7.586696235e-01  4.8288090e-07
7.588213574e-01  4.8977918e-07
7.589731217e-01  4.9918638e-07
7.591249163e-01  5.1133841e-07
7.592767413e-01  5.2622183e-07
7.594285967e-01  5.4351221e-07
7.595804824e-01  5.6256479e-07
7.597323985e-01  5.8246688e-07
7.598843449e-01  6.0214341e-07
7.600363218e-01  6.2049107e-07
7.601883291e-01  6.3650864e-07
7.603403667e-01  6.4939678e-07
7.604924348e-01  6.5861320e-07
7.606445333e-01  6.6388691e-07
7.607966622e-01  6.6520644e-07
7.609488215e-01  6.6279921e-07
7.611010113e-01  6.5711352e-07
7.612532315e-01  6.4880226e-07
7.614054822e-01  6.3869731e-07
7.615577633e-01  6.2776092e-07
7.617100748e-01  6.1700397e-07
7.618624168e-01  6.0737372e-07
7.620147893e-01  5.9962964e-07
7.621671923e-01  5.9423527e-07
7.623196257e-01  5.9129585e-07
7.624720896e-01  5.9056206e-07
7.626245840e-01  5.9150068e-07
7.627771090e-01  5.9341392e-07
7.629296644e-01  5.9557685e-07
7.630822503e-01  5.9735965e-07
7.632348668e-01  5.9830927e-07
7.633875137e-01  5.9818053e-07
7.635401912e-01  5.9692044e-07
7.636928993e-01  5.9462014e-07
7.638456379e-01  5.9145288e-07
7.639984070e-01  5.8761566e-07
7.641512067e-01  5.8328639e-07
7.643040369e-01  5.7860120e-07
7.644568977e-01  5.7365083e-07
7.646097891e-01  5.6849044e-07
7.647627111e-01  5.6315538e-07
7.649156636e-01  5.5767654e-07
7.650686467e-01  5.5209123e-07
7.652216605e-01  5.4644827e-07
7.653747048e-01  5.4080781e-07
7.655277797e-01  5.3523754e-07
7.656808853e-01  5.2980703e-07
7.658340215e-01  5.2458115e-07
7.659871883e-01  5.1961359e-07
7.661403857e-01  5.1494154e-07
7.662936138e-01  5.1058263e-07
7.664468725e-01  5.0653528e-07
7.666001619e-01  5.0278241e-07
7.667534819e-01  4.9929845e-07
7.669068326e-01  4.9605704e-07
7.670602140e-01  4.9303765e-07
7.672136260e-01  4.9022919e-07
7.673670687e-01  4.8762945e-07
7.675205422e-01  4.8524176e-07
7.676740463e-01  4.8307031e-07
7.678275811e-01  4.8111547e-07
7.679811466e-01  4.7937123e-07
7.681347428e-01  4.7782487e-07
7.682883698e-01  4.7645801e-07
7.684420274e-01  4.7524907e-07
7.685957159e-01  4.7417576e-07
7.687494350e-01  4.7321686e-07
7.689031849e-01  4.7235330e-07
7.690569655e-01  4.7156880e-07
7.692107769e-01  4.7084962e-07
7.693646191e-01  4.7018422e-07
7.695184920e-01  4.6956327e-07
7.696723957e-01  4.6897957e-07
7.698263302e-01  4.6842830e-07
7.699802954e-01  4.6790731e-07
7.701342915e-01  4.6741741e-07
7.702883184e-01  4.6696198e-07
7.704423760e-01  4.6654597e-07
7.705964645e-01  4.6617494e-07
7.707505838e-01  4.6585364e-07
7.709047339e-01  4.6558499e-07
7.710589148e-01  4.6536958e-07
7.712131266e-01  4.6520569e-07
7.713673693e-01  4.6508964e-07
7.715216427e-01  4.6501637e-07
7.716759471e-01  4.6497999e-07
7.718302822e-01  4.6497435e-07
7.719846483e-01  4.6499345e-07
7.721390452e-01  4.6503179e-07
7.722934730e-01  4.6508469e-07
7.724479317e-01  4.6514858e-07
7.726024213e-01  4.6522114e-07
7.727569418e-01  4.6530121e-07
7.729114932e-01  4.6538861e-07
7.730660755e-01  4.6548385e-07
7.732206887e-01  4.6558768e-07
7.733753328e-01  4.6570079e-07
7.735300079e-01  4.6582360e-07
7.736847139e-01  4.6595610e-07
7.738394509e-01  4.6609798e-07
7.739942188e-01  4.6624864e-07
7.741490176e-01  4.6640735e-07
7.743038474e-01  4.6657335e-07
7.744587082e-01  4.6674588e-07
7.746135999e-01  4.6692423e-07
7.747685226e-01  4.6710768e-07
7.749234763e-01  4.6729553e-07
7.750784610e-01  4.6748709e-07
7.752334767e-01  4.6768165e-07
7.753885234e-01  4.6787854e-07
7.755436011e-01  4.6807714e-07
7.756987098e-01  4.6827684e-07
7.758538496e-01  4.6847701e-07
7.760090204e-01  4.6867701e-07
7.761642222e-01  4.6887608e-07
7.763194550e-01  4.6907337e-07
7.764747189e-01  4.6926792e-07
7.766300138e-01  4.6945865e-07
7.767853398e-01  4.6964447e-07
7.769406969e-01  4.6982426e-07
7.770960850e-01  4.6999692e-07
7.772515043e-01  4.7016144e-07
7.774069546e-01  4.7031682e-07
7.775624360e-01  4.7046214e-07
7.777179484e-01  4.7059654e-07
7.778734920e-01  4.7071918e-07
7.780290667e-01  4.7082927e-07
7.781846725e-01  4.7092604e-07
7.783403095e-01  4.7100877e-07
7.784959775e-01  4.7107676e-07
7.786516767e-01  4.7112938e-07
7.788074071e-01  4.7116609e-07
7.789631686e-01  4.7118645e-07
7.791189612e-01  4.7119021e-07
7.792747850e-01  4.7117731e-07
7.794306399e-01  4.7114786e-07
7.795865261e-01  4.7110215e-07
7.797424434e-01  4.7104054e-07
7.798983919e-01  4.7096337e-07
7.800543715e-01  4.7087087e-07
7.802103824e-01  4.7076313e-07
7.803664245e-01  4.7064010e-07
7.805224978e-01  4.7050164e-07
7.806786023e-01  4.7034763e-07
7.808347380e-01  4.7017805e-07
7.809909049e-01  4.6999306e-07
7.811471031e-01  4.6979304e-07
7.813033325e-01  4.6957850e-07
7.814595932e-01  4.6935009e-07
7.816158851e-01  4.6910852e-07
7.817722083e-01  4.6885450e-07
7.819285627e-01  4.6858878e-07
7.820849485e-01  4.6831211e-07
7.822413654e-01  4.6802536e-07
7.823978137e-01  4.6772948e-07
7.825542933e-01  4.6742557e-07
7.827108041e-01  4.6711482e-07
7.828673463e-01  4.6679846e-07
7.830239198e-01  4.6647765e-07
7.831805246e-01  4.6615346e-07
7.833371607e-01  4.6582674e-07
7.834938281e-01  4.6549817e-07
7.836505269e-01  4.6516822e-07
7.838072570e-01  4.6483726e-07
7.839640184e-01  4.6450562e-07
7.841208112e-01  4.6417365e-07
7.842776354e-01  4.6384179e-07
7.844344909e-01  4.6351059e-07
7.845913778e-01  4.6318078e-07
7.847482961e-01  4.6285317e-07
7.849052457e-01  4.6252870e-07
7.850622268e-01  4.6220832e-07
7.852192392e-01  4.6189295e-07
7.853762831e-01  4.6158339e-07
7.855333583e-01  4.6128029e-07
7.856904650e-01  4.6098406e-07
7.858476031e-01  4.6069488e-07
7.860047726e-01  4.6041276e-07
7.861619736e-01  4.6013751e-07
7.863192060e-01  4.5986885e-07
7.864764698e-01  4.5960647e-07
7.866337651e-01  4.5935004e-07
7.867910919e-01  4.5909929e-07
7.869484501e-01  4.5885397e-07
7.871058398e-01  4.5861386e-07
7.872632609e-01  4.5837880e-07
7.874207136e-01  4.5814864e-07
7.875781977e-01  4.5792324e-07
7.877357134e-01  4.5770251e-07
7.878932605e-01  4.5748641e-07
7.880508392e-01  4.5727492e-07
7.882084493e-01  4.5706801e-07
7.883660910e-01  4.5686564e-07
7.885237642e-01  4.5666770e-07
7.886814690e-01  4.5647397e-07
7.888392053e-01  4.5628410e-07
7.889969731e-01  4.5609765e-07
7.891547725e-01  4.5591404e-07
7.893126035e-01  4.5573268e-07
7.894704660e-01  4.5555296e-07
7.896283601e-01  4.5537437e-07
7.897862858e-01  4.5519657e-07
7.899442430e-01  4.5501936e-07
7.901022319e-01  4.5484274e-07
7.902602523e-01  4.5466681e-07
7.904183044e-01  4.5449166e-07
7.905763880e-01  4.5431731e-07
7.907345033e-01  4.5414366e-07
7.908926502e-01  4.5397044e-07
7.910508287e-01  4.5379734e-07
7.912090389e-01  4.5362408e-07
7.913672807e-01  4.5345048e-07
7.915255542e-01  4.5327653e-07
7.916838593e-01  4.5310238e-07
7.918421961e-01  4.5292825e-07
7.920005645e-01  4.5275442e-07
7.921589646e-01  4.5258113e-07
7.923173964e-01  4.5240852e-07
7.924758599e-01  4.5223664e-07
7.926343550e-01  4.5206543e-07
7.927928819e-01  4.5189479e-07
7.929514405e-01  4.5172460e-07
7.931100308e-01  4.5155485e-07
7.932686528e-01  4.5138566e-07
7.934273065e-01  4.5121740e-07
7.935859920e-01  4.5105072e-07
7.937447092e-01  4.5088643e-07
7.939034581e-01  4.5072546e-07
7.940622388e-01  4.5056871e-07
7.942210513e-01  4.5041687e-07
7.943798955e-01  4.5027041e-07
7.945387714e-01  4.5012946e-07
7.946976792e-01  4.4999392e-07
7.948566187e-01  4.4986350e-07
7.950155901e-01  4.4973781e-07
7.951745932e-01  4.4961645e-07
7.953336281e-01  4.4949902e-07
7.954926948e-01  4.4938516e-07
7.956517934e-01  4.4927445e-07
7.958109237e-01  4.4916647e-07
7.959700859e-01  4.4906071e-07
7.961292799e-01  4.4895669e-07
7.962885058e-01  4.4885396e-07
7.964477635e-01  4.4875227e-07
7.966070530e-01  4.4865154e-07
7.967663744e-01  4.4855196e-07
7.969257277e-01  4.4845385e-07
7.970851129e-01  4.4835764e-07
7.972445299e-01  4.4826373e-07
7.974039788e-01  4.4817242e-07
7.975634596e-01  4.4808389e-07
7.977229723e-01  4.4799815e-07
7.978825169e-01  4.4791513e-07
7.980420934e-01  4.4783467e-07
7.982017018e-01  4.4775661e-07
7.983613421e-01  4.4768077e-07
7.985210144e-01  4.4760701e-07
7.986807186e-01  4.4753525e-07
7.988404548e-01  4.4746537e-07
7.990002228e-01  4.4739728e-07
7.991600229e-01  4.4733083e-07
7.993198549e-01  4.4726583e-07
7.994797189e-01  4.4720203e-07
7.996396148e-01  4.4713917e-07
7.997995427e-01  4.4707702e-07
7.999595026e-01  4.4701539e-07
8.001194945e-01  4.4695417e-07
8.002795184e-01  4.4689332e-07
8.004395743e-01  4.4683287e-07
8.005996623e-01  4.4677290e-07
8.007597822e-01  4.4671349e-07
8.009199341e-01  4.4665474e-07
8.010801181e-01  4.4659678e-07
8.012403342e-01  4.4653971e-07
8.014005822e-01  4.4648371e-07
8.015608623e-01  4.4642900e-07
8.017211745e-01  4.4637588e-07
8.018815187e-01  4.4632477e-07
8.020418951e-01  4.4627614e-07
8.022023034e-01  4.4623048e-07
8.023627439e-01  4.4618820e-07
8.025232164e-01  4.4614960e-07
8.026837211e-01  4.4611481e-07
8.028442578e-01  4.4608378e-07
8.030048267e-01  4.4605631e-07
8.031654276e-01  4.4603215e-07
8.033260607e-01  4.4601104e-07
8.034867259e-01  4.4599279e-07
8.036474233e-01  4.4597731e-07
8.038081528e-01  4.4596463e-07
8.039689144e-01  4.4595484e-07
8.041297082e-01  4.4594813e-07
8.042905341e-01  4.4594467e-07
8.044513922e-01  4.4594470e-07
8.046122825e-01  4.4594848e-07
8.047732050e-01  4.4595634e-07
8.049341596e-01  4.4596869e-07
8.050951464e-01  4.4598606e-07
8.052561655e-01  4.4600904e-07
8.054172167e-01  4.4603820e-07
8.055783001e-01  4.4607409e-07
8.057394158e-01  4.4611712e-07
8.059005637e-01  4.4616759e-07
8.060617438e-01  4.4622564e-07
8.062229562e-01  4.4629136e-07
8.063842007e-01  4.4636478e-07
8.065454776e-01  4.4644594e-07
8.067067867e-01  4.4653485e-07
8.068681280e-01  4.4663149e-07
8.070295017e-01  4.4673576e-07
8.071909076e-01  4.4684743e-07
8.073523457e-01  4.4696615e-07
8.075138162e-01  4.4709143e-07
8.076753190e-01  4.4722272e-07
8.078368540e-01  4.4735937e-07
8.079984214e-01  4.4750076e-07
8.081600211e-01  4.4764628e-07
8.083216531e-01  4.4779538e-07
8.084833174e-01  4.4794756e-07
8.086450141e-01  4.4810241e-07
8.088067431e-01  4.4825955e-07
8.089685044e-01  4.4841862e-07
8.091302981e-01  4.4857921e-07
8.092921242e-01  4.4874090e-07
8.094539826e-01  4.4890328e-07
8.096158734e-01  4.4906599e-07
8.097777966e-01  4.4922881e-07
8.099397522e-01  4.4939171e-07
8.101017401e-01  4.4955491e-07
8.102637605e-01  4.4971876e-07
8.104258132e-01  4.4988368e-07
8.105878984e-01  4.5005006e-07
8.107500160e-01  4.5021811e-07
8.109121660e-01  4.5038788e-07
8.110743484e-01  4.5055922e-07
8.112365633e-01  4.5073186e-07
8.113988106e-01  4.5090555e-07
8.115610903e-01  4.5108005e-07
8.117234026e-01  4.5125523e-07
8.118857472e-01  4.5143105e-07
8.120481244e-01  4.5160751e-07
8.122105340e-01  4.5178458e-07
8.123729761e-01  4.5196217e-07
8.125354507e-01  4.5214006e-07
8.126979578e-01  4.5231786e-07
8.128604974e-01  4.5249499e-07
8.130230695e-01  4.5267071e-07
8.131856741e-01  4.5284419e-07
8.133483112e-01  4.5301460e-07
8.135109809e-01  4.5318129e-07
8.136736831e-01  4.5334391e-07
8.138364178e-01  4.5350249e-07
8.139991851e-01  4.5365740e-07
8.141619850e-01  4.5380929e-07
8.143248174e-01  4.5395887e-07
8.144876823e-01  4.5410676e-07
8.146505799e-01  4.5425337e-07
8.148135100e-01  4.5439882e-07
8.149764727e-01  4.5454294e-07
8.151394680e-01  4.5468530e-07
8.153024959e-01  4.5482520e-07
8.154655564e-01  4.5496153e-07
8.156286495e-01  4.5509264e-07
8.157917752e-01  4.5521612e-07
8.159549336e-01  4.5532868e-07
8.161181245e-01  4.5542635e-07
8.162813482e-01  4.5550495e-07
8.164446044e-01  4.5556080e-07
8.166078934e-01  4.5559159e-07
8.167712149e-01  4.5559690e-07
8.169345692e-01  4.5557839e-07
8.170979561e-01  4.5553926e-07
8.172613757e-01  4.5548335e-07
8.174248280e-01  4.5541407e-07
8.175883129e-01  4.5533356e-07
8.177518306e-01  4.5524241e-07
8.179153810e-01  4.5513998e-07
8.180789640e-01  4.5502510e-07
8.182425798e-01  4.5489685e-07
8.184062283e-01  4.5475507e-07
8.185699096e-01  4.5460035e-07
8.187336236e-01  4.5443370e-07
8.188973703e-01  4.5425591e-07
8.190611498e-01  4.5406709e-07
8.192249620e-01  4.5386636e-07
8.193888070e-01  4.5365192e-07
8.195526847e-01  4.5342137e-07
8.197165953e-01  4.5317223e-07
8.198805386e-01  4.5290258e-07
8.200445147e-01  4.5261174e-07
8.202085236e-01  4.5230077e-07
8.203725653e-01  4.5197273e-07
8.205366398e-01  4.5163246e-07
8.207007472e-01  4.5128599e-07
8.208648873e-01  4.5093972e-07
8.210290603e-01  4.5059957e-07
8.211932661e-01  4.5027051e-07
8.213575048e-01  4.4995645e-07
8.215217763e-01  4.4966033e-07
8.216860806e-01  4.4938435e-07
8.218504178e-01  4.4912977e-07
8.220147879e-01  4.4889638e-07
8.221791909e-01  4.4868160e-07
8.223436267e-01  4.4847958e-07
8.225080954e-01  4.4828101e-07
8.226725970e-01  4.4807368e-07
8.228371316e-01  4.4784424e-07
8.230016990e-01  4.4758074e-07
8.231662993e-01  4.4727516e-07
8.233309326e-01  4.4692534e-07
8.234955988e-01  4.4653548e-07
8.236602979e-01  4.4611516e-07
8.238250300e-01  4.4567720e-07
8.239897950e-01  4.4523498e-07
8.241545929e-01  4.4480020e-07
8.243194238e-01  4.4438143e-07
8.244842877e-01  4.4398386e-07
8.246491846e-01  4.4360972e-07
8.248141144e-01  4.4325914e-07
8.249790772e-01  4.4293081e-07
8.251440731e-01  4.4262245e-07
8.253091019e-01  4.4233087e-07
8.254741637e-01  4.4205222e-07
8.256392585e-01  4.4178230e-07
8.258043864e-01  4.4151729e-07
8.259695473e-01  4.4125455e-07
8.261347412e-01  4.4099335e-07
8.262999681e-01  4.4073513e-07
8.264652281e-01  4.4048315e-07
8.266305212e-01  4.4024155e-07
8.267958473e-01  4.4001419e-07
8.269612064e-01  4.3980343e-07
8.271265987e-01  4.3960938e-07
8.272920240e-01  4.3942976e-07
8.274574824e-01  4.3926040e-07
8.276229739e-01  4.3909620e-07
8.277884985e-01  4.3893217e-07
8.279540562e-01  4.3876441e-07
8.281196470e-01  4.3859049e-07
8.282852709e-01  4.3840952e-07
8.284509280e-01  4.3822176e-07
8.286166182e-01  4.3802818e-07
8.287823415e-01  4.3783012e-07
8.289480980e-01  4.3762910e-07
8.291138876e-01  4.3742686e-07
8.292797104e-01  4.3722537e-07
8.294455663e-01  4.3702684e-07
8.296114554e-01  4.3683352e-07
8.297773777e-01  4.3664735e-07
8.299433332e-01  4.3646958e-07
8.301093218e-01  4.3630054e-07
8.302753437e-01  4.3613960e-07
8.304413988e-01  4.3598543e-07
8.306074871e-01  4.3583649e-07
8.307736086e-01  4.3569153e-07
8.309397633e-01  4.3555002e-07
8.311059512e-01  4.3541220e-07
8.312721724e-01  4.3527884e-07
8.314384269e-01  4.3515075e-07
8.316047145e-01  4.3502823e-07
8.317710355e-01  4.3491076e-07
8.319373897e-01  4.3479701e-07
8.321037772e-01  4.3468525e-07
8.322701979e-01  4.3457391e-07
8.324366520e-01  4.3446219e-07
8.326031393e-01  4.3435036e-07
8.327696599e-01  4.3423968e-07
8.329362139e-01  4.3413202e-07
8.331028011e-01  4.3402922e-07
8.332694217e-01  4.3393255e-07
8.334360755e-01  4.3384240e-07
8.336027628e-01  4.3375819e-07
8.337694833e-01  4.3367862e-07
8.339362372e-01  4.3360212e-07
8.341030245e-01  4.3352720e-07
8.342698451e-01  4.3345284e-07
8.344366990e-01  4.3337861e-07
8.346035864e-01  4.3330471e-07
8.347705071e-01  4.3323186e-07
8.349374612e-01  4.3316106e-07
8.351044487e-01  4.3309338e-07
8.352714696e-01  4.3302982e-07
8.354385239e-01  4.3297111e-07
8.356056116e-01  4.3291764e-07
8.357727327e-01  4.3286944e-07
8.359398872e-01  4.3282626e-07
8.361070752e-01  4.3278755e-07
8.362742966e-01  4.3275265e-07
8.364415515e-01  4.3272083e-07
8.366088398e-01  4.3269137e-07
8.367761616e-01  4.3266365e-07
8.369435168e-01  4.3263712e-07
8.371109055e-01  4.3261136e-07
8.372783277e-01  4.3258607e-07
8.374457833e-01  4.3256102e-07
8.376132725e-01  4.3253610e-07
8.377807952e-01  4.3251130e-07
8.379483513e-01  4.3248673e-07
8.381159410e-01  4.3246264e-07
8.382835642e-01  4.3243938e-07
8.384512209e-01  4.3241740e-07
8.386189111e-01  4.3239713e-07
8.387866349e-01  4.3237892e-07
8.389543922e-01  4.3236294e-07
8.391221831e-01  4.3234910e-07
8.392900076e-01  4.3233711e-07
8.394578656e-01  4.3232652e-07
8.396257571e-01  4.3231687e-07
8.397936823e-01  4.3230787e-07
8.399616410e-01  4.3229952e-07
8.401296333e-01  4.3229215e-07
8.402976593e-01  4.3228641e-07
8.404657188e-01  4.3228309e-07
8.406338119e-01  4.3228291e-07
8.408019387e-01  4.3228634e-07
8.409700991e-01  4.3229348e-07
8.411382931e-01  4.3230399e-07
8.413065208e-01  4.3231723e-07
8.414747821e-01  4.3233237e-07
8.416430770e-01  4.3234866e-07
8.418114057e-01  4.3236554e-07
8.419797679e-01  4.3238280e-07
8.421481639e-01  4.3240063e-07
8.423165935e-01  4.3241956e-07
8.424850568e-01  4.3244037e-07
8.426535538e-01  4.3246393e-07
8.428220846e-01  4.3249104e-07
8.429906490e-01  4.3252230e-07
8.431592471e-01  4.3255798e-07
8.433278790e-01  4.3259802e-07
8.434965445e-01  4.3264198e-07
8.436652438e-01  4.3268915e-07
8.438339769e-01  4.3273864e-07
8.440027437e-01  4.3278947e-07
8.441715442e-01  4.3284077e-07
8.443403785e-01  4.3289190e-07
8.445092466e-01  4.3294254e-07
8.446781485e-01  4.3299276e-07
8.448470841e-01  4.3304300e-07
8.450160535e-01  4.3309401e-07
8.451850567e-01  4.3314672e-07
8.453540937e-01  4.3320204e-07
8.455231646e-01  4.3326077e-07
8.456922692e-01  4.3332351e-07
8.458614076e-01  4.3339056e-07
8.460305799e-01  4.3346209e-07
8.461997860e-01  4.3353823e-07
8.463690260e-01  4.3361920e-07
8.465382998e-01  4.3370551e-07
8.467076075e-01  4.3379793e-07
8.468769490e-01  4.3389743e-07
8.470463244e-01  4.3400502e-07
8.472157336e-01  4.3412152e-07
8.473851768e-01  4.3424739e-07
8.475546538e-01  4.3438269e-07
8.477241648e-01  4.3452705e-07
8.478937096e-01  4.3467984e-07
8.480632883e-01  4.3484030e-07
8.482329010e-01  4.3500773e-07
8.484025476e-01  4.3518157e-07
8.485722281e-01  4.3536146e-07
8.487419425e-01  4.3554715e-07
8.489116909e-01  4.3573855e-07
8.490814732e-01  4.3593560e-07
8.492512895e-01  4.3613829e-07
8.494211398e-01  4.3634667e-07
8.495910240e-01  4.3656083e-07
8.497609422e-01  4.3678087e-07
8.499308944e-01  4.3700682e-07
8.501008806e-01  4.3723857e-07
8.502709008e-01  4.3747574e-07
8.504409550e-01  4.3771761e-07
8.506110431e-01  4.3796309e-07
8.507811654e-01  4.3821077e-07
8.509513216e-01  4.3845901e-07
8.511215119e-01  4.3870604e-07
8.512917362e-01  4.3895008e-07
8.514619945e-01  4.3918938e-07
8.516322869e-01  4.3942225e-07
8.518026134e-01  4.3964695e-07
8.519729739e-01  4.3986165e-07
8.521433685e-01  4.4006435e-07
8.523137971e-01  4.4025282e-07
8.524842599e-01  4.4042469e-07
8.526547568e-01  4.4057746e-07
8.528252877e-01  4.4070877e-07
8.529958528e-01  4.4081651e-07
8.531664519e-01  4.4089912e-07
8.533370852e-01  4.4095577e-07
8.535077526e-01  4.4098649e-07
8.536784542e-01  4.4099218e-07
8.538491899e-01  4.4097453e-07
8.540199597e-01  4.4093577e-07
8.541907637e-01  4.4087844e-07
8.543616019e-01  4.4080507e-07
8.545324742e-01  4.4071806e-07
8.547033807e-01  4.4061948e-07
8.548743214e-01  4.4051109e-07
8.550452962e-01  4.4039431e-07
8.552163053e-01  4.4027028e-07
8.553873485e-01  4.4013986e-07
8.555584260e-01  4.4000370e-07
8.557295377e-01  4.3986225e-07
8.559006836e-01  4.3971590e-07
8.560718637e-01  4.3956503e-07
8.562430781e-01  4.3941009e-07
8.564143267e-01  4.3925175e-07
8.565856096e-01  4.3909086e-07
8.567569267e-01  4.3892841e-07
8.569282781e-01  4.3876538e-07
8.570996638e-01  4.3860260e-07
8.572710837e-01  4.3844056e-07
8.574425379e-01  4.3827930e-07
8.576140264e-01  4.3811839e-07
8.577855492e-01  4.3795702e-07
8.579571063e-01  4.3779412e-07
8.581286978e-01  4.3762861e-07
8.583003235e-01  4.3745952e-07
8.584719836e-01  4.3728612e-07
8.586436780e-01  4.3710803e-07
8.588154067e-01  4.3692514e-07
8.589871698e-01  4.3673760e-07
8.591589672e-01  4.3654572e-07
8.593307990e-01  4.3634989e-07
8.595026652e-01  4.3615053e-07
8.596745657e-01  4.3594802e-07
8.598465006e-01  4.3574271e-07
8.600184699e-01  4.3553494e-07
8.601904736e-01  4.3532501e-07
8.603625117e-01  4.3511324e-07
8.605345842e-01  4.3489988e-07
8.607066911e-01  4.3468519e-07
8.608788325e-01  4.3446932e-07
8.610510082e-01  4.3425236e-07
8.612232184e-01  4.3403429e-07
8.613954631e-01  4.3381499e-07
8.615677422e-01  4.3359430e-07
8.617400557e-01  4.3337200e-07
8.619124037e-01  4.3314793e-07
8.620847862e-01  4.3292206e-07
8.622572032e-01  4.3269452e-07
8.624296546e-01  4.3246572e-07
8.626021405e-01  4.3223634e-07
8.627746610e-01  4.3200731e-07
8.629472159e-01  4.3177976e-07
8.631198053e-01  4.3155490e-07
8.632924293e-01  4.3133391e-07
8.634650878e-01  4.3111785e-07
8.636377808e-01  4.3090752e-07
8.638105084e-01  4.3070343e-07
8.639832705e-01  4.3050581e-07
8.641560671e-01  4.3031463e-07
8.643288983e-01  4.3012972e-07
8.645017641e-01  4.2995078e-07
8.646746645e-01  4.2977752e-07
8.648475994e-01  4.2960967e-07
8.650205689e-01  4.2944701e-07
8.651935730e-01  4.2928928e-07
8.653666117e-01  4.2913619e-07
8.655396851e-01  4.2898736e-07
8.657127930e-01  4.2884224e-07
8.658859356e-01  4.2870016e-07
8.660591127e-01  4.2856033e-07
8.662323246e-01  4.2842194e-07
8.664055710e-01  4.2828423e-07
8.665788521e-01  4.2814662e-07
8.667521679e-01  4.2800875e-07
8.669255183e-01  4.2787058e-07
8.670989034e-01  4.2773241e-07
8.672723232e-01  4.2759491e-07
8.674457777e-01  4.2745909e-07
8.676192668e-01  4.2732623e-07
8.677927907e-01  4.2719774e-07
8.679663493e-01  4.2707497e-07
8.681399425e-01  4.2695892e-07
8.683135705e-01  4.2684998e-07
8.684872332e-01  4.2674779e-07
8.686609307e-01  4.2665113e-07
8.688346629e-01  4.2655810e-07
8.690084298e-01  4.2646641e-07
8.691822315e-01  4.2637389e-07
8.693560679e-01  4.2627887e-07
8.695299391e-01  4.2618057e-07
8.697038451e-01  4.2607915e-07
8.698777859e-01  4.2597564e-07
8.700517615e-01  4.2587153e-07
8.702257718e-01  4.2576844e-07
8.703998170e-01  4.2566773e-07
8.705738969e-01  4.2557034e-07
8.707480117e-01  4.2547671e-07
8.709221613e-01  4.2538689e-07
8.710963457e-01  4.2530075e-07
8.712705650e-01  4.2521802e-07
8.714448191e-01  4.2513851e-07
8.716191081e-01  4.2506205e-07
8.717934319e-01  4.2498854e-07
8.719677906e-01  4.2491790e-07
8.721421842e-01  4.2485006e-07
8.723166126e-01  4.2478490e-07
8.724910759e-01  4.2472226e-07
8.726655741e-01  4.2466190e-07
8.728401072e-01  4.2460358e-07
8.730146753e-01  4.2454701e-07
8.731892782e-01  4.2449198e-07
8.733639161e-01  4.2443835e-07
8.735385888e-01  4.2438608e-07
8.737132966e-01  4.2433528e-07
8.738880392e-01  4.2428608e-07
8.740628168e-01  4.2423868e-07
8.742376294e-01  4.2419322e-07
8.744124769e-01  4.2414982e-07
8.745873594e-01  4.2410854e-07
8.747622769e-01  4.2406942e-07
8.749372293e-01  4.2403251e-07
8.751122168e-01  4.2399786e-07
8.752872392e-01  4.2396556e-07
8.754622967e-01  4.2393564e-07
8.756373891e-01  4.2390809e-07
8.758125166e-01  4.2388282e-07
8.759876791e-01  4.2385961e-07
8.761628766e-01  4.2383819e-07
8.763381092e-01  4.2381823e-07
8.765133768e-01  4.2379949e-07
8.766886795e-01  4.2378181e-07
8.768640173e-01  4.2376518e-07
8.770393901e-01  4.2374974e-07
8.772147979e-01  4.2373573e-07
8.773902409e-01  4.2372343e-07
8.775657189e-01  4.2371307e-07
8.777412321e-01  4.2370481e-07
8.779167803e-01  4.2369867e-07
8.780923637e-01  4.2369454e-07
8.782679822e-01  4.2369225e-07
8.784436358e-01  4.2369158e-07
8.786193245e-01  4.2369236e-07
8.787950484e-01  4.2369453e-07
8.789708074e-01  4.2369814e-07
8.791466015e-01  4.2370335e-07
8.793224308e-01  4.2371036e-07
8.794982953e-01  4.2371941e-07
8.796741950e-01  4.2373066e-07
8.798501298e-01  4.2374417e-07
8.800260999e-01  4.2375995e-07
8.802021051e-01  4.2377793e-07
8.803781455e-01  4.2379807e-07
8.805542211e-01  4.2382036e-07
8.807303320e-01  4.2384489e-07
8.809064780e-01  4.2387176e-07
8.810826593e-01  4.2390109e-07
8.812588759e-01  4.2393290e-07
8.814351276e-01  4.2396706e-07
8.816114147e-01  4.2400327e-07
8.817877369e-01  4.2404109e-07
8.819640945e-01  4.2408001e-07
8.821404873e-01  4.2411954e-07
8.823169154e-01  4.2415933e-07
8.824933788e-01  4.2419915e-07
8.826698775e-01  4.2423884e-07
8.828464114e-01  4.2427817e-07
8.830229807e-01  4.2431674e-07
8.831995853e-01  4.2435384e-07
8.833762252e-01  4.2438853e-07
8.835529005e-01  4.2441971e-07
8.837296111e-01  4.2444644e-07
8.839063570e-01  4.2446817e-07
8.840831383e-01  4.2448497e-07
8.842599549e-01  4.2449759e-07
8.844368069e-01  4.2450742e-07
8.846136942e-01  4.2451624e-07
8.847906170e-01  4.2452601e-07
8.849675751e-01  4.2453853e-07
8.851445686e-01  4.2455528e-07
8.853215975e-01  4.2457724e-07
8.854986619e-01  4.2460493e-07
8.856757616e-01  4.2463841e-07
8.858528967e-01  4.2467737e-07
8.860300673e-01  4.2472114e-07
8.862072733e-01  4.2476870e-07
8.863845148e-01  4.2481867e-07
8.865617917e-01  4.2486929e-07
8.867391040e-01  4.2491850e-07
8.869164519e-01  4.2496412e-07
8.870938352e-01  4.2500413e-07
8.872712539e-01  4.2503693e-07
8.874487082e-01  4.2506156e-07
8.876261979e-01  4.2507786e-07
8.878037232e-01  4.2508634e-07
8.879812839e-01  4.2508810e-07
8.881588802e-01  4.2508455e-07
8.883365119e-01  4.2507714e-07
8.885141792e-01  4.2506715e-07
8.886918821e-01  4.2505551e-07
8.888696204e-01  4.2504266e-07
8.890473944e-01  4.2502858e-07
8.892252038e-01  4.2501273e-07
8.894030489e-01  4.2499423e-07
8.895809295e-01  4.2497198e-07
8.897588457e-01  4.2494482e-07
8.899367975e-01  4.2491174e-07
8.901147848e-01  4.2487201e-07
8.902928078e-01  4.2482535e-07
8.904708663e-01  4.2477200e-07
8.906489605e-01  4.2471281e-07
8.908270903e-01  4.2464917e-07
8.910052557e-01  4.2458302e-07
8.911834568e-01  4.2451664e-07
8.913616935e-01  4.2445255e-07
8.915399658e-01  4.2439325e-07
8.917182738e-01  4.2434104e-07
8.918966174e-01  4.2429786e-07
8.920749968e-01  4.2426515e-07
8.922534118e-01  4.2424380e-07
8.924318625e-01  4.2423417e-07
8.926103488e-01  4.2423616e-07
8.927888709e-01  4.2424925e-07
8.929674287e-01  4.2427270e-07
8.931460222e-01  4.2430563e-07
8.933246514e-01  4.2434723e-07
8.935033163e-01  4.2439686e-07
8.936820170e-01  4.2445413e-07
8.938607534e-01  4.2451893e-07
8.940395255e-01  4.2459137e-07
8.942183334e-01  4.2467164e-07
8.943971771e-01  4.2475986e-07
8.945760565e-01  4.2485593e-07
8.947549717e-01  4.2495938e-07
8.949339227e-01  4.2506943e-07
8.951129095e-01  4.2518493e-07
8.952919321e-01  4.2530459e-07
8.954709905e-01  4.2542704e-07
8.956500847e-01  4.2555089e-07
8.958292147e-01  4.2567474e-07
8.960083805e-01  4.2579703e-07
8.961875822e-01  4.2591594e-07
8.963668197e-01  4.2602937e-07
8.965460931e-01  4.2613514e-07
8.967254023e-01  4.2623138e-07
8.969047474e-01  4.2631710e-07
8.970841283e-01  4.2639272e-07
8.972635452e-01  4.2646045e-07
8.974429979e-01  4.2652433e-07
8.976224865e-01  4.2658969e-07
8.978020110e-01  4.2666215e-07
8.979815714e-01  4.2674623e-07
8.981611677e-01  4.2684368e-07
8.983407999e-01  4.2695219e-07
8.985204681e-01  4.2706489e-07
8.987001722e-01  4.2717096e-07
8.988799122e-01  4.2725766e-07
8.990596882e-01  4.2731308e-07
8.992395001e-01  4.2732909e-07
8.994193480e-01  4.2730336e-07
8.995992319e-01  4.2723967e-07
8.997791517e-01  4.2714661e-07
8.999591076e-01  4.2703497e-07
9.001390994e-01  4.2691499e-07
9.003191272e-01  4.2679439e-07
9.004991910e-01  4.2667774e-07
9.006792909e-01  4.2656704e-07
9.008594267e-01  4.2646280e-07
9.010395986e-01  4.2636493e-07
9.012198065e-01  4.2627294e-07
9.014000505e-01  4.2618554e-07
9.015803305e-01  4.2609992e-07
9.017606466e-01  4.2601140e-07
9.019409987e-01  4.2591364e-07
9.021213869e-01  4.2579953e-07
9.023018112e-01  4.2566242e-07
9.024822715e-01  4.2549752e-07
9.026627680e-01  4.2530292e-07
9.028433006e-01  4.2508015e-07
9.030238692e-01  4.2483424e-07
9.032044740e-01  4.2457303e-07
9.033851149e-01  4.2430609e-07
9.035657919e-01  4.2404334e-07
9.037465051e-01  4.2379352e-07
9.039272544e-01  4.2356310e-07
9.041080398e-01  4.2335566e-07
9.042888614e-01  4.2317199e-07
9.044697192e-01  4.2301070e-07
9.046506131e-01  4.2286916e-07
9.048315433e-01  4.2274448e-07
9.050125096e-01  4.2263420e-07
9.051935121e-01  4.2253673e-07
9.053745508e-01  4.2245152e-07
9.055556257e-01  4.2237894e-07
9.057367368e-01  4.2232006e-07
9.059178842e-01  4.2227631e-07
9.060990677e-01  4.2224884e-07
9.062802875e-01  4.2223784e-07
9.064615436e-01  4.2224180e-07
9.066428359e-01  4.2225700e-07
9.068241645e-01  4.2227749e-07
9.070055293e-01  4.2229573e-07
9.071869304e-01  4.2230376e-07
9.073683678e-01  4.2229474e-07
9.075498415e-01  4.2226415e-07
9.077313514e-01  4.2221051e-07
9.079128977e-01  4.2213524e-07
9.080944803e-01  4.2204188e-07
9.082760992e-01  4.2193493e-07
9.084577544e-01  4.2181894e-07
9.086394460e-01  4.2169782e-07
9.088211739e-01  4.2157482e-07
9.090029381e-01  4.2145263e-07
9.091847387e-01  4.2133357e-07
9.093665756e-01  4.2121961e-07
9.095484489e-01  4.2111204e-07
9.097303586e-01  4.2101114e-07
9.099123047e-01  4.2091588e-07
9.100942872e-01  4.2082407e-07
9.102763060e-01  4.2073296e-07
9.104583613e-01  4.2064020e-07
9.106404530e-01  4.2054478e-07
9.108225810e-01  4.2044763e-07
9.110047456e-01  4.2035152e-07
9.111869465e-01  4.2026026e-07
9.113691839e-01  4.2017757e-07
9.115514577e-01  4.2010594e-07
9.117337680e-01  4.2004618e-07
9.119161148e-01  4.1999760e-07
9.120984980e-01  4.1995891e-07
9.122809177e-01  4.1992907e-07
9.124633739e-01  4.1990783e-07
9.126458666e-01  4.1989527e-07
9.128283957e-01  4.1989078e-07
9.130109614e-01  4.1989177e-07
9.131935636e-01  4.1989300e-07
9.133762023e-01  4.1988700e-07
9.135588776e-01  4.1986571e-07
9.137415893e-01  4.1982292e-07
9.139243377e-01  4.1975661e-07
9.141071225e-01  4.1967022e-07
9.142899439e-01  4.1957239e-07
9.144728019e-01  4.1947491e-07
9.146556965e-01  4.1938958e-07
9.148386276e-01  4.1932481e-07
9.150215954e-01  4.1928317e-07
9.152045997e-01  4.1926068e-07
9.153876406e-01  4.1924806e-07
9.155707181e-01  4.1923370e-07
9.157538323e-01  4.1920725e-07
9.159369830e-01  4.1916274e-07
9.161201704e-01  4.1910029e-07
9.163033945e-01  4.1902575e-07
9.164866551e-01  4.1894862e-07
9.166699525e-01  4.1887893e-07
9.168532865e-01  4.1882416e-07
9.170366571e-01  4.1878712e-07
9.172200645e-01  4.1876537e-07
9.174035085e-01  4.1875219e-07
9.175869892e-01  4.1873873e-07
9.177705066e-01  4.1871644e-07
9.179540607e-01  4.1867918e-07
9.181376515e-01  4.1862438e-07
9.183212790e-01  4.1855312e-07
9.185049433e-01  4.1846931e-07
9.186886443e-01  4.1837831e-07
9.188723820e-01  4.1828558e-07
9.190561565e-01  4.1819555e-07
9.192399677e-01  4.1811112e-07
9.194238157e-01  4.1803361e-07
9.196077004e-01  4.1796320e-07
9.197916220e-01  4.1789952e-07
9.199755803e-01  4.1784230e-07
9.201595754e-01  4.1779166e-07
9.203436073e-01  4.1774818e-07
9.205276761e-01  4.1771254e-07
9.207117816e-01  4.1768513e-07
9.208959240e-01  4.1766555e-07
9.210801031e-01  4.1765243e-07
9.212643192e-01  4.1764354e-07
9.214485720e-01  4.1763623e-07
9.216328617e-01  4.1762794e-07
9.218171883e-01  4.1761678e-07
9.220015517e-01  4.1760190e-07
9.221859521e-01  4.1758350e-07
9.223703893e-01  4.1756271e-07
9.225548633e-01  4.1754118e-07
9.227393743e-01  4.1752066e-07
9.229239222e-01  4.1750265e-07
9.231085070e-01  4.1748814e-07
9.232931287e-01  4.1747763e-07
9.234777873e-01  4.1747109e-07
9.236624828e-01  4.1746816e-07
9.238472153e-01  4.1746820e-07
9.240319848e-01  4.1747037e-07
9.242167912e-01  4.1747361e-07
9.244016345e-01  4.1747664e-07
9.245865149e-01  4.1747805e-07
9.247714322e-01  4.1747637e-07
9.249563865e-01  4.1747034e-07
9.251413777e-01  4.1745917e-07
9.253264060e-01  4.1744272e-07
9.255114713e-01  4.1742156e-07
9.256965736e-01  4.1739694e-07
9.258817129e-01  4.1737060e-07
9.260668892e-01  4.1734464e-07
9.262521026e-01  4.1732139e-07
9.264373530e-01  4.1730343e-07
9.266226405e-01  4.1729344e-07
9.268079650e-01  4.1729401e-07
9.269933266e-01  4.1730717e-07
9.271787253e-01  4.1733375e-07
9.273641610e-01  4.1737288e-07
9.275496339e-01  4.1742172e-07
9.277351438e-01  4.1747572e-07
9.279206908e-01  4.1752950e-07
9.281062750e-01  4.1757804e-07
9.282918962e-01  4.1761804e-07
9.284775546e-01  4.1764885e-07
9.286632501e-01  4.1767293e-07
9.288489828e-01  4.1769546e-07
9.290347526e-01  4.1772350e-07
9.292205595e-01  4.1776487e-07
9.294064036e-01  4.1782715e-07
9.295922849e-01  4.1791721e-07
9.297782034e-01  4.1804105e-07
9.299641590e-01  4.1820396e-07
9.301501518e-01  4.1841065e-07
9.303361819e-01  4.1866497e-07
9.305222491e-01  4.1896911e-07
9.307083535e-01  4.1932252e-07
9.308944952e-01  4.1972065e-07
9.310806741e-01  4.2015431e-07
9.312668903e-01  4.2060976e-07
9.314531436e-01  4.2106988e-07
9.316394343e-01  4.2151625e-07
9.318257621e-01  4.2193177e-07
9.320121273e-01  4.2230336e-07
9.321985297e-01  4.2262428e-07
9.323849694e-01  4.2289575e-07
9.325714464e-01  4.2312754e-07
9.327579607e-01  4.2333733e-07
9.329445123e-01  4.2354838e-07
9.331311012e-01  4.2378556e-07
9.333177274e-01  4.2406972e-07
9.335043910e-01  4.2441159e-07
9.336910919e-01  4.2480675e-07
9.338778301e-01  4.2523361e-07
9.340646056e-01  4.2565625e-07
9.342514186e-01  4.2603212e-07
9.344382688e-01  4.2632288e-07
9.346251565e-01  4.2650494e-07
9.348120815e-01  4.2657562e-07
9.349990439e-01  4.2655242e-07
9.351860438e-01  4.2646567e-07
9.353730810e-01  4.2634773e-07
9.355601556e-01  4.2622342e-07
9.357472676e-01  4.2610579e-07
9.359344171e-01  4.2599802e-07
9.361216039e-01  4.2589940e-07
9.363088283e-01  4.2581136e-07
9.364960900e-01  4.2574004e-07
9.366833892e-01  4.2569410e-07
9.368707259e-01  4.2567962e-07
9.370581001e-01  4.2569479e-07
9.372455117e-01  4.2572741e-07
9.374329608e-01  4.2575605e-07
9.376204474e-01  4.2575412e-07
9.378079715e-01  4.2569496e-07
9.379955331e-01  4.2555643e-07
9.381831322e-01  4.2532409e-07
9.383707688e-01  4.2499312e-07
9.385584430e-01  4.2456935e-07
9.387461546e-01  4.2406946e-07
9.389339039e-01  4.2352003e-07
9.391216907e-01  4.2295509e-07
9.393095150e-01  4.2241199e-07
9.394973769e-01  4.2192630e-07
9.396852764e-01  4.2152681e-07
9.398732134e-01  4.2123208e-07
9.400611881e-01  4.2104914e-07
9.402492003e-01  4.2097462e-07
9.404372502e-01  4.2099752e-07
9.406253376e-01  4.2110280e-07
9.408134627e-01  4.2127482e-07
9.410016254e-01  4.2150013e-07
9.411898257e-01  4.2176959e-07
9.413780637e-01  4.2207936e-07
9.415663393e-01  4.2243063e-07
9.417546525e-01  4.2282744e-07
9.419430035e-01  4.2327281e-07
9.421313921e-01  4.2376405e-07
9.423198183e-01  4.2428891e-07
9.425082823e-01  4.2482477e-07
9.426967840e-01  4.2534179e-07
9.428853233e-01  4.2580944e-07
9.430739004e-01  4.2620413e-07
9.432625152e-01  4.2651414e-07
9.434511677e-01  4.2673962e-07
9.436398579e-01  4.2688774e-07
9.438285859e-01  4.2696550e-07
9.440173516e-01  4.2697446e-07
9.442061551e-01  4.2691056e-07
9.443949963e-01  4.2676959e-07
9.445838753e-01  4.2655511e-07
9.447727921e-01  4.2628447e-07
9.449617466e-01  4.2598859e-07
9.451507390e-01  4.2570468e-07
9.453397691e-01  4.2546441e-07
9.455288371e-01  4.2528270e-07
9.457179428e-01  4.2515194e-07
9.459070864e-01  4.2504459e-07
9.460962678e-01  4.2492305e-07
9.462854871e-01  4.2475319e-07
9.464747442e-01  4.2451615e-07
9.466640391e-01  4.2421456e-07
9.468533720e-01  4.2387108e-07
9.470427426e-01  4.2352050e-07
9.472321512e-01  4.2319849e-07
9.474215976e-01  4.2293088e-07
9.476110819e-01  4.2272709e-07
9.478006041e-01  4.2257944e-07
9.479901643e-01  4.2246830e-07
9.481797623e-01  4.2237113e-07
9.483693982e-01  4.2227207e-07
9.485590721e-01  4.2216839e-07
9.487487839e-01  4.2207137e-07
9.489385337e-01  4.2200062e-07
9.491283214e-01  4.2197397e-07
9.493181471e-01  4.2199674e-07
9.495080107e-01  4.2205469e-07
9.496979123e-01  4.2211419e-07
9.498878519e-01  4.2213006e-07
9.500778295e-01  4.2205894e-07
9.502678450e-01  4.2187369e-07
9.504578986e-01  4.2157380e-07
9.506479902e-01  4.2118818e-07
9.508381198e-01  4.2076899e-07
9.510282874e-01  4.2037843e-07
9.512184930e-01  4.2007240e-07
9.514087367e-01  4.1988599e-07
9.515990185e-01  4.1982489e-07
9.517893383e-01  4.1986503e-07
9.519796962e-01  4.1995994e-07
9.521700921e-01  4.2005355e-07
9.523605261e-01  4.2009450e-07
9.525509982e-01  4.2004819e-07
9.527415084e-01  4.1990357e-07
9.529320567e-01  4.1967350e-07
9.531226431e-01  4.1938932e-07
9.533132677e-01  4.1909160e-07
9.535039303e-01  4.1881967e-07
9.536946311e-01  4.1860290e-07
9.538853700e-01  4.1845540e-07
9.540761471e-01  4.1837520e-07
9.542669623e-01  4.1834737e-07
9.544578157e-01  4.1834994e-07
9.546487073e-01  4.1836043e-07
9.548396370e-01  4.1836132e-07
9.550306050e-01  4.1834303e-07
9.552216111e-01  4.1830402e-07
9.554126554e-01  4.1824858e-07
9.556037379e-01  4.1818342e-07
9.557948587e-01  4.1811441e-07
9.559860177e-01  4.1804429e-07
9.561772149e-01  4.1797196e-07
9.563684503e-01  4.1789303e-07
9.565597240e-01  4.1780159e-07
9.567510359e-01  4.1769256e-07
9.569423861e-01  4.1756402e-07
9.571337746e-01  4.1741868e-07
9.573252014e-01  4.1726410e-07
9.575166664e-01  4.1711126e-07
9.577081698e-01  4.1697192e-07
9.578997114e-01  4.1685571e-07
9.580912913e-01  4.1676785e-07
9.582829096e-01  4.1670815e-07
9.584745662e-01  4.1667154e-07
9.586662611e-01  4.1664952e-07
9.588579943e-01  4.1663208e-07
9.590497659e-01  4.1660954e-07
9.592415759e-01  4.1657407e-07
9.594334242e-01  4.1652075e-07
9.596253109e-01  4.1644803e-07
9.598172359e-01  4.1635748e-07
9.600091994e-01  4.1625288e-07
9.602012012e-01  4.1613904e-07
9.603932415e-01  4.1602075e-07
9.605853201e-01  4.1590234e-07
9.607774372e-01  4.1578799e-07
9.609695927e-01  4.1568236e-07
9.611617866e-01  4.1559075e-07
9.613540190e-01  4.1551843e-07
9.615462898e-01  4.1546895e-07
9.617385990e-01  4.1544230e-07
9.619309467e-01  4.1543370e-07
9.621233329e-01  4.1543408e-07
9.623157576e-01  4.1543229e-07
9.625082207e-01  4.1541838e-07
9.627007224e-01  4.1538685e-07
9.628932625e-01  4.1533832e-07
9.630858412e-01  4.1527911e-07
9.632784583e-01  4.1521880e-07
9.634711140e-01  4.1516658e-07
9.636638083e-01  4.1512804e-07
9.638565410e-01  4.1510328e-07
9.640493123e-01  4.1508707e-07
9.642421222e-01  4.1507097e-07
9.644349706e-01  4.1504622e-07
9.646278576e-01  4.1500681e-07
9.648207832e-01  4.1495139e-07
9.650137473e-01  4.1488371e-07
9.652067501e-01  4.1481146e-07
9.653997914e-01  4.1474386e-07
9.655928714e-01  4.1468878e-07
9.657859900e-01  4.1465021e-07
9.659791472e-01  4.1462682e-07
9.661723430e-01  4.1461215e-07
9.663655775e-01  4.1459630e-07
9.665588506e-01  4.1456869e-07
9.667521624e-01  4.1452088e-07
9.669455128e-01  4.1444869e-07
9.671389019e-01  4.1435288e-07
9.673323297e-01  4.1423842e-07
9.675257961e-01  4.1411262e-07
9.677193013e-01  4.1398293e-07
9.679128452e-01  4.1385522e-07
9.681064277e-01  4.1373300e-07
9.683000490e-01  4.1361766e-07
9.684937090e-01  4.1350956e-07
9.686874078e-01  4.1340916e-07
9.688811452e-01  4.1331781e-07
9.690749215e-01  4.1323785e-07
9.692687365e-01  4.1317190e-07
9.694625902e-01  4.1312188e-07
9.696564827e-01  4.1308808e-07
9.698504140e-01  4.1306878e-07
9.700443841e-01  4.1306046e-07
9.702383930e-01  4.1305868e-07
9.704324407e-01  4.1305908e-07
9.706265271e-01  4.1305837e-07
9.708206525e-01  4.1305478e-07
9.710148166e-01  4.1304797e-07
9.712090195e-01  4.1303852e-07
9.714032614e-01  4.1302730e-07
9.715975420e-01  4.1301496e-07
9.717918615e-01  4.1300191e-07
9.719862199e-01  4.1298853e-07
9.721806171e-01  4.1297557e-07
9.723750533e-01  4.1296453e-07
9.725695283e-01  4.1295767e-07
9.727640422e-01  4.1295767e-07
9.729585950e-01  4.1296694e-07
9.731531867e-01  4.1298693e-07
9.733478173e-01  4.1301740e-07
9.735424869e-01  4.1305616e-07
9.737371954e-01  4.1309926e-07
9.739319428e-01  4.1314165e-07
9.741267292e-01  4.1317816e-07
9.743215546e-01  4.1320459e-07
9.745164189e-01  4.1321850e-07
9.747113222e-01  4.1321949e-07
9.749062644e-01  4.1320890e-07
9.751012457e-01  4.1318905e-07
9.752962659e-01  4.1316216e-07
9.754913252e-01  4.1312945e-07
9.756864234e-01  4.1309070e-07
9.758815607e-01  4.1304447e-07
9.760767370e-01  4.1298884e-07
9.762719524e-01  4.1292263e-07
9.764672068e-01  4.1284643e-07
9.766625002e-01  4.1276309e-07
9.768578327e-01  4.1267755e-07
9.770532043e-01  4.1259586e-07
9.772486149e-01  4.1252384e-07
9.774440647e-01  4.1246570e-07
9.776395535e-01  4.1242319e-07
9.778350814e-01  4.1239541e-07
9.780306484e-01  4.1237938e-07
9.782262545e-01  4.1237104e-07
9.784218998e-01  4.1236635e-07
9.786175842e-01  4.1236210e-07
9.788133077e-01  4.1235626e-07
9.790090703e-01  4.1234774e-07
9.792048721e-01  4.1233598e-07
9.794007131e-01  4.1232042e-07
9.795965933e-01  4.1230026e-07
9.797925126e-01  4.1227450e-07
9.799884711e-01  4.1224227e-07
9.801844688e-01  4.1220325e-07
9.803805057e-01  4.1215802e-07
9.805765818e-01  4.1210813e-07
9.807726971e-01  4.1205600e-07
9.809688516e-01  4.1200450e-07
9.811650454e-01  4.1195649e-07
9.813612784e-01  4.1191430e-07
9.815575507e-01  4.1187937e-07
9.817538622e-01  4.1185214e-07
9.819502129e-01  4.1183203e-07
9.821466030e-01  4.1181773e-07
9.823430323e-01  4.1180744e-07
9.825395009e-01  4.1179929e-07
9.827360088e-01  4.1179164e-07
9.829325560e-01  4.1178339e-07
9.831291425e-01  4.1177411e-07
9.833257684e-01  4.1176405e-07
9.835224335e-01  4.1175404e-07
9.837191380e-01  4.1174523e-07
9.839158818e-01  4.1173873e-07
9.841126650e-01  4.1173535e-07
9.843094875e-01  4.1173540e-07
9.845063494e-01  4.1173866e-07
9.847032507e-01  4.1174453e-07
9.849001914e-01  4.1175224e-07
9.850971714e-01  4.1176118e-07
9.852941908e-01  4.1177109e-07
9.854912497e-01  4.1178218e-07
9.856883479e-01  4.1179509e-07
9.858854856e-01  4.1181074e-07
9.860826627e-01  4.1183011e-07
9.862798792e-01  4.1185407e-07
9.864771352e-01  4.1188318e-07
9.866744306e-01  4.1191764e-07
9.868717655e-01  4.1195727e-07
9.870691399e-01  4.1200159e-07
9.872665537e-01  4.1204990e-07
9.874640070e-01  4.1210138e-07
9.876614998e-01  4.1215521e-07
9.878590321e-01  4.1221068e-07
9.880566039e-01  4.1226728e-07
9.882542152e-01  4.1232484e-07
9.884518661e-01  4.1238371e-07
9.886495564e-01  4.1244492e-07
9.888472863e-01  4.1251033e-07
9.890450558e-01  4.1258278e-07
9.892428648e-01  4.1266610e-07
9.894407134e-01  4.1276499e-07
9.896386015e-01  4.1288457e-07
9.898365293e-01  4.1302972e-07
9.900344966e-01  4.1320402e-07
9.902325035e-01  4.1340847e-07
9.904305500e-01  4.1364017e-07
9.906286361e-01  4.1389134e-07
9.908267618e-01  4.1414910e-07
9.910249271e-01  4.1439632e-07
9.912231321e-01  4.1461381e-07
9.914213768e-01  4.1478332e-07
9.916196610e-01  4.1489097e-07
9.918179850e-01  4.1493010e-07
9.920163486e-01  4.1490264e-07
9.922147518e-01  4.1481867e-07
9.924131948e-01  4.1469414e-07
9.926116774e-01  4.1454754e-07
9.928101998e-01  4.1439634e-07
9.930087618e-01  4.1425423e-07
9.932073636e-01  4.1412957e-07
9.934060050e-01  4.1402535e-07
9.936046862e-01  4.1394008e-07
9.938034072e-01  4.1386927e-07
9.940021678e-01  4.1380699e-07
9.942009683e-01  4.1374703e-07
9.943998085e-01  4.1368386e-07
9.945986884e-01  4.1361309e-07
9.947976082e-01  4.1353179e-07
9.949965677e-01  4.1343864e-07
9.951955670e-01  4.1333383e-07
9.953946061e-01  4.1321885e-07
9.955936850e-01  4.1309609e-07
9.957928038e-01  4.1296844e-07
9.959919623e-01  4.1283888e-07
9.961911607e-01  4.1271026e-07
9.963903990e-01  4.1258517e-07
9.965896770e-01  4.1246588e-07
9.967889950e-01  4.1235420e-07
9.969883528e-01  4.1225119e-07
9.971877504e-01  4.1215701e-07
9.973871880e-01  4.1207080e-07
9.975866654e-01  4.1199096e-07
9.977861828e-01  4.1191558e-07
9.979857400e-01  4.1184304e-07
9.981853372e-01  4.1177246e-07
9.983849742e-01  4.1170379e-07
9.985846512e-01  4.1163754e-07
9.987843681e-01  4.1157436e-07
9.989841250e-01  4.1151450e-07
9.991839218e-01  4.1145770e-07
9.993837586e-01  4.1140320e-07
9.995836354e-01  4.1135015e-07
9.997835521e-01  4.1129805e-07
9.999835088e-01  4.1124701e-07
1.000183506e+00  4.1119780e-07
1.000383542e+00  4.1115154e-07
1.000583619e+00  4.1110925e-07
1.000783736e+00  4.1107142e-07
1.000983892e+00  4.1103777e-07
1.001184089e+00  4.1100721e-07
1.001384326e+00  4.1097820e-07
1.001584603e+00  4.1094912e-07
1.001784920e+00  4.1091879e-07
1.001985277e+00  4.1088677e-07
1.002185674e+00  4.1085341e-07
1.002386111e+00  4.1081971e-07
1.002586588e+00  4.1078691e-07
1.002787105e+00  4.1075609e-07
1.002987663e+00  4.1072781e-07
1.003188260e+00  4.1070194e-07
1.003388898e+00  4.1067775e-07
1.003589576e+00  4.1065416e-07
1.003790294e+00  4.1063012e-07
1.003991052e+00  4.1060492e-07
1.004191850e+00  4.1057842e-07
1.004392688e+00  4.1055108e-07
1.004593567e+00  4.1052378e-07
1.004794486e+00  4.1049761e-07
1.004995445e+00  4.1047349e-07
1.005196444e+00  4.1045201e-07
1.005397483e+00  4.1043321e-07
1.005598562e+00  4.1041660e-07
1.005799682e+00  4.1040133e-07
1.006000842e+00  4.1038634e-07
1.006202042e+00  4.1037069e-07
1.006403283e+00  4.1035371e-07
1.006604563e+00  4.1033515e-07
1.006805884e+00  4.1031515e-07
1.007007245e+00  4.1029421e-07
1.007208647e+00  4.1027301e-07
1.007410089e+00  4.1025233e-07
1.007611571e+00  4.1023284e-07
1.007813093e+00  4.1021509e-07
1.008014656e+00  4.1019941e-07
1.008216258e+00  4.1018586e-07
1.008417902e+00  4.1017422e-07
1.008619585e+00  4.1016398e-07
1.008821309e+00  4.1015442e-07
1.009023074e+00  4.1014469e-07
1.009224878e+00  4.1013397e-07
1.009426723e+00  4.1012163e-07
1.009628608e+00  4.1010730e-07
1.009830534e+00  4.1009100e-07
1.010032500e+00  4.1007308e-07
1.010234507e+00  4.1005417e-07
1.010436554e+00  4.1003507e-07
1.010638641e+00  4.1001659e-07
1.010840769e+00  4.0999941e-07
1.011042937e+00  4.0998401e-07
1.011245145e+00  4.0997051e-07
1.011447394e+00  4.0995871e-07
1.011649684e+00  4.0994813e-07
1.011852014e+00  4.0993806e-07
1.012054384e+00  4.0992775e-07
1.012256795e+00  4.0991654e-07
1.012459247e+00  4.0990397e-07
1.012661738e+00  4.0988985e-07
1.012864271e+00  4.0987423e-07
1.013066844e+00  4.0985742e-07
1.013269457e+00  4.0983981e-07
1.013472111e+00  4.0982185e-07
1.013674805e+00  4.0980395e-07
1.013877540e+00  4.0978647e-07
1.014080316e+00  4.0976968e-07
1.014283132e+00  4.0975378e-07
1.014485988e+00  4.0973888e-07
1.014688886e+00  4.0972498e-07
1.014891823e+00  4.0971199e-07
1.015094802e+00  4.0969970e-07
1.015297821e+00  4.0968785e-07
1.015500880e+00  4.0967613e-07
1.015703980e+00  4.0966426e-07
1.015907121e+00  4.0965204e-07
1.016110303e+00  4.0963936e-07
1.016313525e+00  4.0962623e-07
1.016516787e+00  4.0961271e-07
1.016720091e+00  4.0959896e-07
1.016923435e+00  4.0958508e-07
1.017126820e+00  4.0957119e-07
1.017330245e+00  4.0955734e-07
1.017533711e+00  4.0954357e-07
1.017737218e+00  4.0952988e-07
1.017940765e+00  4.0951633e-07
1.018144353e+00  4.0950297e-07
1.018347982e+00  4.0948985e-07
1.018551652e+00  4.0947704e-07
1.018755362e+00  4.0946452e-07
1.018959113e+00  4.0945224e-07
1.019162905e+00  4.0944008e-07
1.019366738e+00  4.0942787e-07
1.019570611e+00  4.0941550e-07
1.019774525e+00  4.0940291e-07
1.019978480e+00  4.0939014e-07
1.020182476e+00  4.0937732e-07
1.020386512e+00  4.0936461e-07
1.020590589e+00  4.0935217e-07
1.020794708e+00  4.0934008e-07
1.020998866e+00  4.0932833e-07
1.021203066e+00  4.0931682e-07
1.021407307e+00  4.0930541e-07
1.021611588e+00  4.0929397e-07
1.021815911e+00  4.0928245e-07
1.022020274e+00  4.0927086e-07
1.022224678e+00  4.0925932e-07
1.022429123e+00  4.0924796e-07
1.022633609e+00  4.0923687e-07
1.022838135e+00  4.0922605e-07
1.023042703e+00  4.0921543e-07
1.023247312e+00  4.0920479e-07
1.023451961e+00  4.0919391e-07
1.023656651e+00  4.0918256e-07
1.023861383e+00  4.0917058e-07
1.024066155e+00  4.0915795e-07
1.024270968e+00  4.0914478e-07
1.024475822e+00  4.0913124e-07
1.024680718e+00  4.0911759e-07
1.024885654e+00  4.0910408e-07
1.025090631e+00  4.0909089e-07
1.025295649e+00  4.0907813e-07
1.025500708e+00  4.0906587e-07
1.025705808e+00  4.0905411e-07
1.025910949e+00  4.0904282e-07
1.026116132e+00  4.0903198e-07
1.026321355e+00  4.0902157e-07
1.026526619e+00  4.0901154e-07
1.026731924e+00  4.0900181e-07
1.026937271e+00  4.0899225e-07
1.027142658e+00  4.0898267e-07
1.027348087e+00  4.0897290e-07
1.027553556e+00  4.0896276e-07
1.027759067e+00  4.0895216e-07
1.027964619e+00  4.0894112e-07
1.028170212e+00  4.0892970e-07
1.028375846e+00  4.0891808e-07
1.028581521e+00  4.0890643e-07
1.028787237e+00  4.0889492e-07
1.028992995e+00  4.0888366e-07
1.029198793e+00  4.0887267e-07
1.029404633e+00  4.0886195e-07
1.029610514e+00  4.0885143e-07
1.029816436e+00  4.0884102e-07
1.030022399e+00  4.0883065e-07
1.030228404e+00  4.0882029e-07
1.030434450e+00  4.0880991e-07
1.030640537e+00  4.0879954e-07
1.030846665e+00  4.0878921e-07
1.031052834e+00  4.0877896e-07
1.031259045e+00  4.0876882e-07
1.031465296e+00  4.0875880e-07
1.031671589e+00  4.0874890e-07
1.031877924e+00  4.0873911e-07
1.032084299e+00  4.0872940e-07
1.032290716e+00  4.0871974e-07
1.032497174e+00  4.0871011e-07
1.032703674e+00  4.0870047e-07
1.032910214e+00  4.0869081e-07
1.033116797e+00  4.0868110e-07
1.033323420e+00  4.0867136e-07
1.033530085e+00  4.0866163e-07
1.033736791e+00  4.0865201e-07
1.033943538e+00  4.0864267e-07
1.034150327e+00  4.0863387e-07
1.034357157e+00  4.0862602e-07
1.034564028e+00  4.0861966e-07
1.034770941e+00  4.0861555e-07
1.034977895e+00  4.0861461e-07
1.035184891e+00  4.0861792e-07
1.035391928e+00  4.0862647e-07
1.035599006e+00  4.0864099e-07
1.035806126e+00  4.0866163e-07
1.036013287e+00  4.0868770e-07
1.036220490e+00  4.0871746e-07
1.036427734e+00  4.0874827e-07
1.036635019e+00  4.0877685e-07
1.036842346e+00  4.0879985e-07
1.037049715e+00  4.0881450e-07
1.037257125e+00  4.0881916e-07
1.037464576e+00  4.0881372e-07
1.037672069e+00  4.0879956e-07
1.037879604e+00  4.0877920e-07
1.038087180e+00  4.0875576e-07
1.038294797e+00  4.0873220e-07
1.038502456e+00  4.0871085e-07
1.038710156e+00  4.0869300e-07
1.038917898e+00  4.0867893e-07
1.039125682e+00  4.0866805e-07
1.039333507e+00  4.0865930e-07
1.039541374e+00  4.0865154e-07
1.039749282e+00  4.0864382e-07
1.039957232e+00  4.0863561e-07
1.040165223e+00  4.0862691e-07
1.040373256e+00  4.0861822e-07
1.040581331e+00  4.0861059e-07
1.040789447e+00  4.0860552e-07
1.040997605e+00  4.0860480e-07
1.041205805e+00  4.0861035e-07
1.041414046e+00  4.0862389e-07
1.041622329e+00  4.0864658e-07
1.041830653e+00  4.0867871e-07
1.042039019e+00  4.0871948e-07
1.042247427e+00  4.0876706e-07
1.042455877e+00  4.0881880e-07
1.042664368e+00  4.0887175e-07
1.042872901e+00  4.0892313e-07
1.043081475e+00  4.0897084e-07
1.043290092e+00  4.0901376e-07
1.043498750e+00  4.0905183e-07
1.043707449e+00  4.0908592e-07
1.043916191e+00  4.0911758e-07
1.044124974e+00  4.0914874e-07
1.044333799e+00  4.0918137e-07
1.044542666e+00  4.0921719e-07
1.044751574e+00  4.0925746e-07
1.044960525e+00  4.0930275e-07
1.045169517e+00  4.0935271e-07
1.045378551e+00  4.0940602e-07
1.045587626e+00  4.0946038e-07
1.045796744e+00  4.0951274e-07
1.046005903e+00  4.0955968e-07
1.046215104e+00  4.0959808e-07
1.046424347e+00  4.0962573e-07
1.046633632e+00  4.0964194e-07
1.046842959e+00  4.0964798e-07
1.047052328e+00  4.0964709e-07
1.047261738e+00  4.0964433e-07
1.047471190e+00  4.0964598e-07
1.047680685e+00  4.0965885e-07
1.047890221e+00  4.0968936e-07
1.048099799e+00  4.0974263e-07
1.048309419e+00  4.0982163e-07
1.048519081e+00  4.0992646e-07
1.048728785e+00  4.1005408e-07
1.048938530e+00  4.1019845e-07
1.049148318e+00  4.1035136e-07
1.049358148e+00  4.1050362e-07
1.049568019e+00  4.1064651e-07
1.049777933e+00  4.1077310e-07
1.049987888e+00  4.1087906e-07
