 Wave/freq Total
5.000000000e-01  9.0439669e-07
5.001000000e-01  9.0450577e-07
5.002000200e-01  9.0463325e-07
5.003000600e-01  9.0477775e-07
5.004001200e-01  9.0493722e-07
5.005002000e-01  9.0510916e-07
5.006003001e-01  9.0529098e-07
5.007004201e-01  9.0548024e-07
5.008005602e-01  9.0567481e-07
5.009007203e-01  9.0587300e-07
5.010009005e-01  9.0607351e-07
5.011011007e-01  9.0627540e-07
5.012013209e-01  9.0647804e-07
5.013015611e-01  9.0668097e-07
5.014018215e-01  9.0688388e-07
5.015021018e-01  9.0708653e-07
5.016024022e-01  9.0728868e-07
5.017027227e-01  9.0749011e-07
5.018030633e-01  9.0769057e-07
5.019034239e-01  9.0788978e-07
5.020038046e-01  9.0808749e-07
5.021042053e-01  9.0828343e-07
5.022046262e-01  9.0847734e-07
5.023050671e-01  9.0866902e-07
5.024055281e-01  9.0885826e-07
5.025060092e-01  9.0904491e-07
5.026065104e-01  9.0922880e-07
5.027070317e-01  9.0940981e-07
5.028075731e-01  9.0958778e-07
5.029081346e-01  9.0976255e-07
5.030087163e-01  9.0993390e-07
5.031093180e-01  9.1010160e-07
5.032099399e-01  9.1026535e-07
5.033105819e-01  9.1042485e-07
5.034112440e-01  9.1057979e-07
5.035119262e-01  9.1072989e-07
5.036126286e-01  9.1087488e-07
5.037133511e-01  9.1101456e-07
5.038140938e-01  9.1114875e-07
5.039148566e-01  9.1127729e-07
5.040156396e-01  9.1140006e-07
5.041164427e-01  9.1151694e-07
5.042172660e-01  9.1162780e-07
5.043181095e-01  9.1173252e-07
5.044189731e-01  9.1183098e-07
5.045198569e-01  9.1192308e-07
5.046207609e-01  9.1200872e-07
5.047216850e-01  9.1208782e-07
5.048226293e-01  9.1216031e-07
5.049235939e-01  9.1222613e-07
5.050245786e-01  9.1228523e-07
5.051255835e-01  9.1233758e-07
5.052266086e-01  9.1238312e-07
5.053276539e-01  9.1242183e-07
5.054287195e-01  9.1245369e-07
5.055298052e-01  9.1247868e-07
5.056309112e-01  9.1249683e-07
5.057320374e-01  9.1250819e-07
5.058331838e-01  9.1251285e-07
5.059343504e-01  9.1251095e-07
5.060355373e-01  9.1250267e-07
5.061367444e-01  9.1248819e-07
5.062379717e-01  9.1246775e-07
5.063392193e-01  9.1244157e-07
5.064404872e-01  9.1240986e-07
5.065417753e-01  9.1237283e-07
5.066430836e-01  9.1233067e-07
5.067444122e-01  9.1228352e-07
5.068457611e-01  9.1223156e-07
5.069471303e-01  9.1217495e-07
5.070485197e-01  9.1211388e-07
5.071499294e-01  9.1204858e-07
5.072513594e-01  9.1197931e-07
5.073528097e-01  9.1190635e-07
5.074542802e-01  9.1183004e-07
5.075557711e-01  9.1175071e-07
5.076572822e-01  9.1166869e-07
5.077588137e-01  9.1158432e-07
5.078603654e-01  9.1149790e-07
5.079619375e-01  9.1140976e-07
5.080635299e-01  9.1132020e-07
5.081651426e-01  9.1122955e-07
5.082667756e-01  9.1113813e-07
5.083684290e-01  9.1104627e-07
5.084701027e-01  9.1095432e-07
5.085717967e-01  9.1086261e-07
5.086735111e-01  9.1077145e-07
5.087752458e-01  9.1068109e-07
5.088770008e-01  9.1059178e-07
5.089787762e-01  9.1050373e-07
5.090805720e-01  9.1041710e-07
5.091823881e-01  9.1033209e-07
5.092842246e-01  9.1024889e-07
5.093860814e-01  9.1016770e-07
5.094879586e-01  9.1008878e-07
5.095898562e-01  9.1001239e-07
5.096917742e-01  9.0993879e-07
5.097937125e-01  9.0986826e-07
5.098956713e-01  9.0980101e-07
5.099976504e-01  9.0973726e-07
5.100996499e-01  9.0967715e-07
5.102016699e-01  9.0962082e-07
5.103037102e-01  9.0956836e-07
5.104057710e-01  9.0951986e-07
5.105078521e-01  9.0947540e-07
5.106099537e-01  9.0943506e-07
5.107120757e-01  9.0939891e-07
5.108142181e-01  9.0936704e-07
5.109163809e-01  9.0933952e-07
5.110185642e-01  9.0931644e-07
5.111207679e-01  9.0929787e-07
5.112229921e-01  9.0928388e-07
5.113252367e-01  9.0927454e-07
5.114275017e-01  9.0926985e-07
5.115297872e-01  9.0926980e-07
5.116320932e-01  9.0927435e-07
5.117344196e-01  9.0928339e-07
5.118367665e-01  9.0929684e-07
5.119391338e-01  9.0931455e-07
5.120415217e-01  9.0933641e-07
5.121439300e-01  9.0936227e-07
5.122463587e-01  9.0939199e-07
5.123488080e-01  9.0942542e-07
5.124512778e-01  9.0946242e-07
5.125537680e-01  9.0950282e-07
5.126562788e-01  9.0954646e-07
5.127588100e-01  9.0959317e-07
5.128613618e-01  9.0964277e-07
5.129639341e-01  9.0969510e-07
5.130665269e-01  9.0974996e-07
5.131691402e-01  9.0980715e-07
5.132717740e-01  9.0986647e-07
5.133744284e-01  9.0992768e-07
5.134771032e-01  9.0999056e-07
5.135797987e-01  9.1005488e-07
5.136825146e-01  9.1012041e-07
5.137852511e-01  9.1018693e-07
5.138880082e-01  9.1025423e-07
5.139907858e-01  9.1032211e-07
5.140935839e-01  9.1039038e-07
5.141964027e-01  9.1045889e-07
5.142992419e-01  9.1052749e-07
5.144021018e-01  9.1059604e-07
5.145049822e-01  9.1066444e-07
5.146078832e-01  9.1073258e-07
5.147108048e-01  9.1080035e-07
5.148137469e-01  9.1086763e-07
5.149167097e-01  9.1093430e-07
5.150196930e-01  9.1100026e-07
5.151226970e-01  9.1106538e-07
5.152257215e-01  9.1112958e-07
5.153287666e-01  9.1119277e-07
5.154318324e-01  9.1125493e-07
5.155349188e-01  9.1131603e-07
5.156380258e-01  9.1137610e-07
5.157411534e-01  9.1143516e-07
5.158443016e-01  9.1149326e-07
5.159474704e-01  9.1155045e-07
5.160506599e-01  9.1160676e-07
5.161538701e-01  9.1166220e-07
5.162571008e-01  9.1171679e-07
5.163603523e-01  9.1177053e-07
5.164636243e-01  9.1182342e-07
5.165669171e-01  9.1187549e-07
5.166702304e-01  9.1192676e-07
5.167735645e-01  9.1197728e-07
5.168769192e-01  9.1202711e-07
5.169802946e-01  9.1207632e-07
5.170836906e-01  9.1212498e-07
5.171871074e-01  9.1217317e-07
5.172905448e-01  9.1222096e-07
5.173940029e-01  9.1226843e-07
5.174974817e-01  9.1231568e-07
5.176009812e-01  9.1236280e-07
5.177045014e-01  9.1240991e-07
5.178080423e-01  9.1245711e-07
5.179116039e-01  9.1250451e-07
5.180151862e-01  9.1255223e-07
5.181187893e-01  9.1260036e-07
5.182224130e-01  9.1264899e-07
5.183260575e-01  9.1269819e-07
5.184297227e-01  9.1274804e-07
5.185334087e-01  9.1279861e-07
5.186371154e-01  9.1284998e-07
5.187408428e-01  9.1290224e-07
5.188445909e-01  9.1295548e-07
5.189483599e-01  9.1300980e-07
5.190521495e-01  9.1306529e-07
5.191559600e-01  9.1312205e-07
5.192597912e-01  9.1318018e-07
5.193636431e-01  9.1323978e-07
5.194675158e-01  9.1330100e-07
5.195714093e-01  9.1336396e-07
5.196753236e-01  9.1342881e-07
5.197792587e-01  9.1349567e-07
5.198832145e-01  9.1356466e-07
5.199871912e-01  9.1363585e-07
5.200911886e-01  9.1370932e-07
5.201952069e-01  9.1378511e-07
5.202992459e-01  9.1386327e-07
5.204033058e-01  9.1394386e-07
5.205073864e-01  9.1402695e-07
5.206114879e-01  9.1411262e-07
5.207156102e-01  9.1420095e-07
5.208197533e-01  9.1429204e-07
5.209239173e-01  9.1438596e-07
5.210281020e-01  9.1448278e-07
5.211323077e-01  9.1458255e-07
5.212365341e-01  9.1468531e-07
5.213407814e-01  9.1479106e-07
5.214450496e-01  9.1489982e-07
5.215493386e-01  9.1501157e-07
5.216536485e-01  9.1512629e-07
5.217579792e-01  9.1524398e-07
5.218623308e-01  9.1536461e-07
5.219667033e-01  9.1548818e-07
5.220710966e-01  9.1561468e-07
5.221755108e-01  9.1574410e-07
5.222799459e-01  9.1587644e-07
5.223844019e-01  9.1601167e-07
5.224888788e-01  9.1614981e-07
5.225933766e-01  9.1629081e-07
5.226978952e-01  9.1643464e-07
5.228024348e-01  9.1658125e-07
5.229069953e-01  9.1673054e-07
5.230115767e-01  9.1688243e-07
5.231161790e-01  9.1703681e-07
5.232208023e-01  9.1719358e-07
5.233254464e-01  9.1735268e-07
5.234301115e-01  9.1751406e-07
5.235347975e-01  9.1767768e-07
5.236395045e-01  9.1784355e-07
5.237442324e-01  9.1801165e-07
5.238489812e-01  9.1818197e-07
5.239537510e-01  9.1835446e-07
5.240585418e-01  9.1852907e-07
5.241633535e-01  9.1870568e-07
5.242681862e-01  9.1888415e-07
5.243730398e-01  9.1906432e-07
5.244779144e-01  9.1924604e-07
5.245828100e-01  9.1942915e-07
5.246877266e-01  9.1961354e-07
5.247926641e-01  9.1979911e-07
5.248976226e-01  9.1998581e-07
5.250026022e-01  9.2017358e-07
5.251076027e-01  9.2036241e-07
5.252126242e-01  9.2055224e-07
5.253176667e-01  9.2074302e-07
5.254227303e-01  9.2093469e-07
5.255278148e-01  9.2112719e-07
5.256329204e-01  9.2132046e-07
5.257380470e-01  9.2151444e-07
5.258431946e-01  9.2170909e-07
5.259483632e-01  9.2190439e-07
5.260535529e-01  9.2210031e-07
5.261587636e-01  9.2229679e-07
5.262639953e-01  9.2249375e-07
5.263692481e-01  9.2269110e-07
5.264745220e-01  9.2288870e-07
5.265798169e-01  9.2308637e-07
5.266851329e-01  9.2328396e-07
5.267904699e-01  9.2348130e-07
5.268958280e-01  9.2367825e-07
5.270012071e-01  9.2387472e-07
5.271066074e-01  9.2407062e-07
5.272120287e-01  9.2426593e-07
5.273174711e-01  9.2446062e-07
5.274229346e-01  9.2465467e-07
5.275284192e-01  9.2484806e-07
5.276339249e-01  9.2504075e-07
5.277394517e-01  9.2523270e-07
5.278449995e-01  9.2542383e-07
5.279505685e-01  9.2561406e-07
5.280561587e-01  9.2580328e-07
5.281617699e-01  9.2599137e-07
5.282674022e-01  9.2617820e-07
5.283730557e-01  9.2636363e-07
5.284787303e-01  9.2654752e-07
5.285844261e-01  9.2672974e-07
5.286901430e-01  9.2691019e-07
5.287958810e-01  9.2708877e-07
5.289016402e-01  9.2726543e-07
5.290074205e-01  9.2744011e-07
5.291132220e-01  9.2761277e-07
5.292190446e-01  9.2778336e-07
5.293248884e-01  9.2795180e-07
5.294307534e-01  9.2811802e-07
5.295366396e-01  9.2828191e-07
5.296425469e-01  9.2844338e-07
5.297484754e-01  9.2860231e-07
5.298544251e-01  9.2875859e-07
5.299603960e-01  9.2891211e-07
5.300663881e-01  9.2906278e-07
5.301724013e-01  9.2921050e-07
5.302784358e-01  9.2935519e-07
5.303844915e-01  9.2949676e-07
5.304905684e-01  9.2963513e-07
5.305966665e-01  9.2977022e-07
5.307027859e-01  9.2990191e-07
5.308089264e-01  9.3003012e-07
5.309150882e-01  9.3015475e-07
5.310212712e-01  9.3027570e-07
5.311274755e-01  9.3039292e-07
5.312337010e-01  9.3050635e-07
5.313399477e-01  9.3061599e-07
5.314462157e-01  9.3072182e-07
5.315525049e-01  9.3082386e-07
5.316588154e-01  9.3092210e-07
5.317651472e-01  9.3101652e-07
5.318715002e-01  9.3110708e-07
5.319778745e-01  9.3119372e-07
5.320842701e-01  9.3127637e-07
5.321906870e-01  9.3135493e-07
5.322971251e-01  9.3142935e-07
5.324035845e-01  9.3149955e-07
5.325100652e-01  9.3156549e-07
5.326165673e-01  9.3162714e-07
5.327230906e-01  9.3168449e-07
5.328296352e-01  9.3173755e-07
5.329362011e-01  9.3178633e-07
5.330427884e-01  9.3183085e-07
5.331493969e-01  9.3187116e-07
5.332560268e-01  9.3190730e-07
5.333626780e-01  9.3193931e-07
5.334693505e-01  9.3196724e-07
5.335760444e-01  9.3199114e-07
5.336827596e-01  9.3201106e-07
5.337894962e-01  9.3202704e-07
5.338962541e-01  9.3203916e-07
5.340030333e-01  9.3204751e-07
5.341098339e-01  9.3205220e-07
5.342166559e-01  9.3205338e-07
5.343234992e-01  9.3205123e-07
5.344303639e-01  9.3204594e-07
5.345372500e-01  9.3203772e-07
5.346441574e-01  9.3202677e-07
5.347510863e-01  9.3201332e-07
5.348580365e-01  9.3199758e-07
5.349650081e-01  9.3197976e-07
5.350720011e-01  9.3196008e-07
5.351790155e-01  9.3193874e-07
5.352860513e-01  9.3191597e-07
5.353931085e-01  9.3189197e-07
5.355001871e-01  9.3186696e-07
5.356072872e-01  9.3184116e-07
5.357144086e-01  9.3181480e-07
5.358215515e-01  9.3178814e-07
5.359287158e-01  9.3176142e-07
5.360359016e-01  9.3173488e-07
5.361431087e-01  9.3170876e-07
5.362503374e-01  9.3168328e-07
5.363575874e-01  9.3165864e-07
5.364648589e-01  9.3163504e-07
5.365721519e-01  9.3161269e-07
5.366794663e-01  9.3159178e-07
5.367868022e-01  9.3157256e-07
5.368941596e-01  9.3155525e-07
5.370015384e-01  9.3154007e-07
5.371089387e-01  9.3152726e-07
5.372163605e-01  9.3151702e-07
5.373238038e-01  9.3150952e-07
5.374312686e-01  9.3150491e-07
5.375387548e-01  9.3150333e-07
5.376462626e-01  9.3150490e-07
5.377537918e-01  9.3150970e-07
5.378613426e-01  9.3151784e-07
5.379689148e-01  9.3152942e-07
5.380765086e-01  9.3154451e-07
5.381841239e-01  9.3156322e-07
5.382917608e-01  9.3158561e-07
5.383994191e-01  9.3161176e-07
5.385070990e-01  9.3164170e-07
5.386148004e-01  9.3167546e-07
5.387225234e-01  9.3171302e-07
5.388302679e-01  9.3175438e-07
5.389380339e-01  9.3179949e-07
5.390458215e-01  9.3184831e-07
5.391536307e-01  9.3190081e-07
5.392614614e-01  9.3195694e-07
5.393693137e-01  9.3201665e-07
5.394771876e-01  9.3207991e-07
5.395850830e-01  9.3214666e-07
5.396930000e-01  9.3221684e-07
5.398009386e-01  9.3229038e-07
5.399088988e-01  9.3236718e-07
5.400168806e-01  9.3244710e-07
5.401248840e-01  9.3253001e-07
5.402329090e-01  9.3261573e-07
5.403409555e-01  9.3270408e-07
5.404490237e-01  9.3279490e-07
5.405571135e-01  9.3288800e-07
5.406652250e-01  9.3298320e-07
5.407733580e-01  9.3308035e-07
5.408815127e-01  9.3317928e-07
5.409896890e-01  9.3327983e-07
5.410978869e-01  9.3338184e-07
5.412061065e-01  9.3348519e-07
5.413143477e-01  9.3358972e-07
5.414226106e-01  9.3369532e-07
5.415308951e-01  9.3380186e-07
5.416392013e-01  9.3390920e-07
5.417475291e-01  9.3401721e-07
5.418558786e-01  9.3412575e-07
5.419642498e-01  9.3423466e-07
5.420726427e-01  9.3434381e-07
5.421810572e-01  9.3445305e-07
5.422894934e-01  9.3456226e-07
5.423979513e-01  9.3467132e-07
5.425064309e-01  9.3478012e-07
5.426149322e-01  9.3488854e-07
5.427234552e-01  9.3499646e-07
5.428319998e-01  9.3510379e-07
5.429405662e-01  9.3521039e-07
5.430491544e-01  9.3531615e-07
5.431577642e-01  9.3542096e-07
5.432663957e-01  9.3552472e-07
5.433750490e-01  9.3562733e-07
5.434837240e-01  9.3572869e-07
5.435924208e-01  9.3582872e-07
5.437011393e-01  9.3592733e-07
5.438098795e-01  9.3602445e-07
5.439186415e-01  9.3612002e-07
5.440274252e-01  9.3621397e-07
5.441362307e-01  9.3630626e-07
5.442450579e-01  9.3639685e-07
5.443539069e-01  9.3648571e-07
5.444627777e-01  9.3657282e-07
5.445716703e-01  9.3665818e-07
5.446805846e-01  9.3674178e-07
5.447895207e-01  9.3682365e-07
5.448984786e-01  9.3690381e-07
5.450074583e-01  9.3698231e-07
5.451164598e-01  9.3705916e-07
5.452254831e-01  9.3713438e-07
5.453345282e-01  9.3720799e-07
5.454435951e-01  9.3728000e-07
5.455526838e-01  9.3735042e-07
5.456617944e-01  9.3741926e-07
5.457709267e-01  9.3748655e-07
5.458800809e-01  9.3755233e-07
5.459892569e-01  9.3761664e-07
5.460984548e-01  9.3767956e-07
5.462076745e-01  9.3774114e-07
5.463169160e-01  9.3780145e-07
5.464261794e-01  9.3786057e-07
5.465354646e-01  9.3791854e-07
5.466447717e-01  9.3797542e-07
5.467541007e-01  9.3803125e-07
5.468634515e-01  9.3808607e-07
5.469728242e-01  9.3813990e-07
5.470822187e-01  9.3819279e-07
5.471916352e-01  9.3824478e-07
5.473010735e-01  9.3829594e-07
5.474105337e-01  9.3834631e-07
5.475200158e-01  9.3839593e-07
5.476295198e-01  9.3844486e-07
5.477390457e-01  9.3849310e-07
5.478485936e-01  9.3854069e-07
5.479581633e-01  9.3858763e-07
5.480677549e-01  9.3863396e-07
5.481773685e-01  9.3867972e-07
5.482870039e-01  9.3872497e-07
5.483966613e-01  9.3876979e-07
5.485063407e-01  9.3881427e-07
5.486160419e-01  9.3885849e-07
5.487257651e-01  9.3890256e-07
5.488355103e-01  9.3894656e-07
5.489452774e-01  9.3899056e-07
5.490550665e-01  9.3903461e-07
5.491648775e-01  9.3907878e-07
5.492747104e-01  9.3912309e-07
5.493845654e-01  9.3916757e-07
5.494944423e-01  9.3921221e-07
5.496043412e-01  9.3925701e-07
5.497142621e-01  9.3930199e-07
5.498242049e-01  9.3934714e-07
5.499341697e-01  9.3939250e-07
5.500441566e-01  9.3943811e-07
5.501541654e-01  9.3948402e-07
5.502641962e-01  9.3953030e-07
5.503742491e-01  9.3957700e-07
5.504843239e-01  9.3962419e-07
5.505944208e-01  9.3967191e-07
5.507045397e-01  9.3972021e-07
5.508146806e-01  9.3976910e-07
5.509248435e-01  9.3981862e-07
5.510350285e-01  9.3986878e-07
5.511452355e-01  9.3991958e-07
5.512554645e-01  9.3997101e-07
5.513657156e-01  9.4002306e-07
5.514759888e-01  9.4007574e-07
5.515862840e-01  9.4012905e-07
5.516966012e-01  9.4018302e-07
5.518069406e-01  9.4023771e-07
5.519173019e-01  9.4029316e-07
5.520276854e-01  9.4034944e-07
5.521380909e-01  9.4040660e-07
5.522485186e-01  9.4046471e-07
5.523589683e-01  9.4052376e-07
5.524694401e-01  9.4058378e-07
5.525799339e-01  9.4064474e-07
5.526904499e-01  9.4070663e-07
5.528009880e-01  9.4076942e-07
5.529115482e-01  9.4083311e-07
5.530221305e-01  9.4089770e-07
5.531327350e-01  9.4096321e-07
5.532433615e-01  9.4102968e-07
5.533540102e-01  9.4109716e-07
5.534646810e-01  9.4116571e-07
5.535753739e-01  9.4123542e-07
5.536860890e-01  9.4130636e-07
5.537968262e-01  9.4137862e-07
5.539075856e-01  9.4145228e-07
5.540183671e-01  9.4152737e-07
5.541291708e-01  9.4160394e-07
5.542399966e-01  9.4168203e-07
5.543508446e-01  9.4176164e-07
5.544617148e-01  9.4184282e-07
5.545726071e-01  9.4192561e-07
5.546835216e-01  9.4201008e-07
5.547944583e-01  9.4209631e-07
5.549054172e-01  9.4218440e-07
5.550163983e-01  9.4227441e-07
5.551274016e-01  9.4236643e-07
5.552384271e-01  9.4246051e-07
5.553494748e-01  9.4255665e-07
5.554605447e-01  9.4265489e-07
5.555716368e-01  9.4275524e-07
5.556827511e-01  9.4285773e-07
5.557938876e-01  9.4296241e-07
5.559050464e-01  9.4306933e-07
5.560162274e-01  9.4317857e-07
5.561274307e-01  9.4329020e-07
5.562386562e-01  9.4340427e-07
5.563499039e-01  9.4352082e-07
5.564611739e-01  9.4363985e-07
5.565724661e-01  9.4376136e-07
5.566837806e-01  9.4388535e-07
5.567951174e-01  9.4401180e-07
5.569064764e-01  9.4414071e-07
5.570178577e-01  9.4427210e-07
5.571292612e-01  9.4440596e-07
5.572406871e-01  9.4454228e-07
5.573521352e-01  9.4468104e-07
5.574636057e-01  9.4482220e-07
5.575750984e-01  9.4496569e-07
5.576866134e-01  9.4511143e-07
5.577981507e-01  9.4525932e-07
5.579097104e-01  9.4540929e-07
5.580212923e-01  9.4556127e-07
5.581328966e-01  9.4571521e-07
5.582445231e-01  9.4587107e-07
5.583561720e-01  9.4602885e-07
5.584678433e-01  9.4618854e-07
5.585795368e-01  9.4635010e-07
5.586912527e-01  9.4651347e-07
5.588029910e-01  9.4667859e-07
5.589147516e-01  9.4684532e-07
5.590265345e-01  9.4701356e-07
5.591383399e-01  9.4718317e-07
5.592501675e-01  9.4735402e-07
5.593620176e-01  9.4752598e-07
5.594738900e-01  9.4769890e-07
5.595857847e-01  9.4787266e-07
5.596977019e-01  9.4804711e-07
5.598096414e-01  9.4822212e-07
5.599216034e-01  9.4839756e-07
5.600335877e-01  9.4857331e-07
5.601455944e-01  9.4874930e-07
5.602576235e-01  9.4892542e-07
5.603696750e-01  9.4910159e-07
5.604817490e-01  9.4927769e-07
5.605938453e-01  9.4945360e-07
5.607059641e-01  9.4962918e-07
5.608181053e-01  9.4980426e-07
5.609302689e-01  9.4997871e-07
5.610424550e-01  9.5015239e-07
5.611546635e-01  9.5032520e-07
5.612668944e-01  9.5049703e-07
5.613791478e-01  9.5066783e-07
5.614914236e-01  9.5083750e-07
5.616037219e-01  9.5100597e-07
5.617160426e-01  9.5117315e-07
5.618283858e-01  9.5133891e-07
5.619407515e-01  9.5150314e-07
5.620531397e-01  9.5166571e-07
5.621655503e-01  9.5182651e-07
5.622779834e-01  9.5198542e-07
5.623904390e-01  9.5214237e-07
5.625029171e-01  9.5229731e-07
5.626154177e-01  9.5245022e-07
5.627279408e-01  9.5260107e-07
5.628404863e-01  9.5274986e-07
5.629530544e-01  9.5289661e-07
5.630656450e-01  9.5304129e-07
5.631782582e-01  9.5318390e-07
5.632908938e-01  9.5332443e-07
5.634035520e-01  9.5346284e-07
5.635162327e-01  9.5359915e-07
5.636289360e-01  9.5373335e-07
5.637416618e-01  9.5386546e-07
5.638544101e-01  9.5399553e-07
5.639671810e-01  9.5412359e-07
5.640799744e-01  9.5424968e-07
5.641927904e-01  9.5437386e-07
5.643056290e-01  9.5449615e-07
5.644184901e-01  9.5461659e-07
5.645313738e-01  9.5473524e-07
5.646442801e-01  9.5485211e-07
5.647572089e-01  9.5496728e-07
5.648701604e-01  9.5508077e-07
5.649831344e-01  9.5519265e-07
5.650961310e-01  9.5530296e-07
5.652091502e-01  9.5541172e-07
5.653221921e-01  9.5551898e-07
5.654352565e-01  9.5562475e-07
5.655483436e-01  9.5572907e-07
5.656614532e-01  9.5583200e-07
5.657745855e-01  9.5593360e-07
5.658877404e-01  9.5603396e-07
5.660009180e-01  9.5613318e-07
5.661141182e-01  9.5623135e-07
5.662273410e-01  9.5632857e-07
5.663405865e-01  9.5642490e-07
5.664538546e-01  9.5652044e-07
5.665671453e-01  9.5661524e-07
5.666804588e-01  9.5670939e-07
5.667937949e-01  9.5680298e-07
5.669071536e-01  9.5689609e-07
5.670205351e-01  9.5698881e-07
5.671339392e-01  9.5708121e-07
5.672473659e-01  9.5717336e-07
5.673608154e-01  9.5726530e-07
5.674742876e-01  9.5735706e-07
5.675877824e-01  9.5744869e-07
5.677013000e-01  9.5754021e-07
5.678148403e-01  9.5763169e-07
5.679284032e-01  9.5772318e-07
5.680419889e-01  9.5781473e-07
5.681555973e-01  9.5790640e-07
5.682692284e-01  9.5799822e-07
5.683828823e-01  9.5809020e-07
5.684965588e-01  9.5818236e-07
5.686102582e-01  9.5827469e-07
5.687239802e-01  9.5836717e-07
5.688377250e-01  9.5845981e-07
5.689514926e-01  9.5855258e-07
5.690652829e-01  9.5864549e-07
5.691790959e-01  9.5873852e-07
5.692929317e-01  9.5883164e-07
5.694067903e-01  9.5892482e-07
5.695206717e-01  9.5901801e-07
5.696345758e-01  9.5911114e-07
5.697485027e-01  9.5920412e-07
5.698624524e-01  9.5929686e-07
5.699764249e-01  9.5938926e-07
5.700904202e-01  9.5948120e-07
5.702044383e-01  9.5957258e-07
5.703184792e-01  9.5966331e-07
5.704325429e-01  9.5975328e-07
5.705466294e-01  9.5984240e-07
5.706607387e-01  9.5993058e-07
5.707748708e-01  9.6001771e-07
5.708890258e-01  9.6010368e-07
5.710032036e-01  9.6018840e-07
5.711174043e-01  9.6027174e-07
5.712316277e-01  9.6035359e-07
5.713458741e-01  9.6043383e-07
5.714601432e-01  9.6051233e-07
5.715744353e-01  9.6058895e-07
5.716887502e-01  9.6066356e-07
5.718030879e-01  9.6073599e-07
5.719174485e-01  9.6080608e-07
5.720318320e-01  9.6087369e-07
5.721462384e-01  9.6093866e-07
5.722606676e-01  9.6100088e-07
5.723751198e-01  9.6106025e-07
5.724895948e-01  9.6111667e-07
5.726040927e-01  9.6117008e-07
5.727186135e-01  9.6122041e-07
5.728331573e-01  9.6126761e-07
5.729477239e-01  9.6131160e-07
5.730623134e-01  9.6135229e-07
5.731769259e-01  9.6138960e-07
5.732915613e-01  9.6142342e-07
5.734062196e-01  9.6145367e-07
5.735209008e-01  9.6148025e-07
5.736356050e-01  9.6150307e-07
5.737503321e-01  9.6152207e-07
5.738650822e-01  9.6153720e-07
5.739798552e-01  9.6154842e-07
5.740946512e-01  9.6155571e-07
5.742094701e-01  9.6155906e-07
5.743243120e-01  9.6155850e-07
5.744391769e-01  9.6155405e-07
5.745540647e-01  9.6154577e-07
5.746689755e-01  9.6153370e-07
5.747839093e-01  9.6151791e-07
5.748988661e-01  9.6149845e-07
5.750138459e-01  9.6147540e-07
5.751288486e-01  9.6144880e-07
5.752438744e-01  9.6141872e-07
5.753589232e-01  9.6138522e-07
5.754739950e-01  9.6134836e-07
5.755890898e-01  9.6130821e-07
5.757042076e-01  9.6126486e-07
5.758193484e-01  9.6121843e-07
5.759345123e-01  9.6116905e-07
5.760496992e-01  9.6111687e-07
5.761649091e-01  9.6106205e-07
5.762801421e-01  9.6100474e-07
5.763953982e-01  9.6094508e-07
5.765106772e-01  9.6088318e-07
5.766259794e-01  9.6081913e-07
5.767413046e-01  9.6075301e-07
5.768566528e-01  9.6068487e-07
5.769720242e-01  9.6061477e-07
5.770874186e-01  9.6054277e-07
5.772028360e-01  9.6046894e-07
5.773182766e-01  9.6039339e-07
5.774337403e-01  9.6031625e-07
5.775492270e-01  9.6023771e-07
5.776647369e-01  9.6015802e-07
5.777802698e-01  9.6007749e-07
5.778958259e-01  9.5999653e-07
5.780114050e-01  9.5991561e-07
5.781270073e-01  9.5983523e-07
5.782426327e-01  9.5975587e-07
5.783582812e-01  9.5967782e-07
5.784739529e-01  9.5960113e-07
5.785896477e-01  9.5952541e-07
5.787053656e-01  9.5944983e-07
5.788211067e-01  9.5937319e-07
5.789368709e-01  9.5929407e-07
5.790526583e-01  9.5921118e-07
5.791684688e-01  9.5912361e-07
5.792843025e-01  9.5903111e-07
5.794001594e-01  9.5893412e-07
5.795160394e-01  9.5883370e-07
5.796319426e-01  9.5873124e-07
5.797478690e-01  9.5862819e-07
5.798638186e-01  9.5852571e-07
5.799797913e-01  9.5842456e-07
5.800957873e-01  9.5832503e-07
5.802118064e-01  9.5822704e-07
5.803278488e-01  9.5813030e-07
5.804439144e-01  9.5803443e-07
5.805600032e-01  9.5793911e-07
5.806761152e-01  9.5784414e-07
5.807922504e-01  9.5774944e-07
5.809084088e-01  9.5765503e-07
5.810245905e-01  9.5756101e-07
5.811407954e-01  9.5746752e-07
5.812570236e-01  9.5737469e-07
5.813732750e-01  9.5728265e-07
5.814895497e-01  9.5719150e-07
5.816058476e-01  9.5710137e-07
5.817221687e-01  9.5701233e-07
5.818385132e-01  9.5692450e-07
5.819548809e-01  9.5683798e-07
5.820712718e-01  9.5675286e-07
5.821876861e-01  9.5666922e-07
5.823041236e-01  9.5658714e-07
5.824205845e-01  9.5650664e-07
5.825370686e-01  9.5642775e-07
5.826535760e-01  9.5635045e-07
5.827701067e-01  9.5627472e-07
5.828866607e-01  9.5620052e-07
5.830032381e-01  9.5612782e-07
5.831198387e-01  9.5605659e-07
5.832364627e-01  9.5598678e-07
5.833531100e-01  9.5591839e-07
5.834697806e-01  9.5585140e-07
5.835864745e-01  9.5578583e-07
5.837031918e-01  9.5572168e-07
5.838199325e-01  9.5565898e-07
5.839366965e-01  9.5559774e-07
5.840534838e-01  9.5553798e-07
5.841702945e-01  9.5547969e-07
5.842871286e-01  9.5542286e-07
5.844039860e-01  9.5536749e-07
5.845208668e-01  9.5531356e-07
5.846377710e-01  9.5526107e-07
5.847546985e-01  9.5521006e-07
5.848716495e-01  9.5516053e-07
5.849886238e-01  9.5511254e-07
5.851056215e-01  9.5506614e-07
5.852226426e-01  9.5502139e-07
5.853396872e-01  9.5497834e-07
5.854567551e-01  9.5493703e-07
5.855738464e-01  9.5489750e-07
5.856909612e-01  9.5485976e-07
5.858080994e-01  9.5482382e-07
5.859252610e-01  9.5478966e-07
5.860424461e-01  9.5475727e-07
5.861596546e-01  9.5472660e-07
5.862768865e-01  9.5469766e-07
5.863941419e-01  9.5467041e-07
5.865114207e-01  9.5464485e-07
5.866287230e-01  9.5462099e-07
5.867460487e-01  9.5459884e-07
5.868633979e-01  9.5457843e-07
5.869807706e-01  9.5455980e-07
5.870981668e-01  9.5454298e-07
5.872155864e-01  9.5452801e-07
5.873330295e-01  9.5451494e-07
5.874504961e-01  9.5450381e-07
5.875679862e-01  9.5449465e-07
5.876854998e-01  9.5448750e-07
5.878030369e-01  9.5448236e-07
5.879205975e-01  9.5447927e-07
5.880381817e-01  9.5447824e-07
5.881557893e-01  9.5447928e-07
5.882734205e-01  9.5448240e-07
5.883910751e-01  9.5448760e-07
5.885087534e-01  9.5449488e-07
5.886264551e-01  9.5450423e-07
5.887441804e-01  9.5451567e-07
5.888619292e-01  9.5452920e-07
5.889797016e-01  9.5454488e-07
5.890974976e-01  9.5456274e-07
5.892153171e-01  9.5458289e-07
5.893331601e-01  9.5460541e-07
5.894510268e-01  9.5463040e-07
5.895689170e-01  9.5465797e-07
5.896868307e-01  9.5468821e-07
5.898047681e-01  9.5472121e-07
5.899227291e-01  9.5475701e-07
5.900407136e-01  9.5479570e-07
5.901587217e-01  9.5483734e-07
5.902767535e-01  9.5488201e-07
5.903948088e-01  9.5492978e-07
5.905128878e-01  9.5498077e-07
5.906309904e-01  9.5503506e-07
5.907491166e-01  9.5509273e-07
5.908672664e-01  9.5515387e-07
5.909854399e-01  9.5521851e-07
5.911036369e-01  9.5528670e-07
5.912218577e-01  9.5535848e-07
5.913401020e-01  9.5543385e-07
5.914583701e-01  9.5551286e-07
5.915766617e-01  9.5559551e-07
5.916949771e-01  9.5568182e-07
5.918133161e-01  9.5577176e-07
5.919316787e-01  9.5586532e-07
5.920500651e-01  9.5596246e-07
5.921684751e-01  9.5606316e-07
5.922869088e-01  9.5616738e-07
5.924053662e-01  9.5627511e-07
5.925238472e-01  9.5638637e-07
5.926423520e-01  9.5650116e-07
5.927608805e-01  9.5661948e-07
5.928794326e-01  9.5674128e-07
5.929980085e-01  9.5686650e-07
5.931166081e-01  9.5699502e-07
5.932352315e-01  9.5712666e-07
5.933538785e-01  9.5726126e-07
5.934725493e-01  9.5739863e-07
5.935912438e-01  9.5753860e-07
5.937099620e-01  9.5768101e-07
5.938287040e-01  9.5782572e-07
5.939474698e-01  9.5797261e-07
5.940662593e-01  9.5812150e-07
5.941850725e-01  9.5827221e-07
5.943039095e-01  9.5842454e-07
5.944227703e-01  9.5857827e-07
5.945416549e-01  9.5873319e-07
5.946605632e-01  9.5888912e-07
5.947794953e-01  9.5904595e-07
5.948984512e-01  9.5920357e-07
5.950174309e-01  9.5936195e-07
5.951364344e-01  9.5952104e-07
5.952554617e-01  9.5968080e-07
5.953745128e-01  9.5984115e-07
5.954935877e-01  9.6000200e-07
5.956126864e-01  9.6016320e-07
5.957318089e-01  9.6032461e-07
5.958509553e-01  9.6048605e-07
5.959701255e-01  9.6064740e-07
5.960893195e-01  9.6080852e-07
5.962085374e-01  9.6096933e-07
5.963277791e-01  9.6112973e-07
5.964470446e-01  9.6128964e-07
5.965663340e-01  9.6144899e-07
5.966856473e-01  9.6160765e-07
5.968049844e-01  9.6176550e-07
5.969243454e-01  9.6192238e-07
5.970437303e-01  9.6207815e-07
5.971631390e-01  9.6223264e-07
5.972825717e-01  9.6238571e-07
5.974020282e-01  9.6253719e-07
5.975215086e-01  9.6268692e-07
5.976410129e-01  9.6283475e-07
5.977605411e-01  9.6298052e-07
5.978800932e-01  9.6312408e-07
5.979996692e-01  9.6326527e-07
5.981192692e-01  9.6340398e-07
5.982388930e-01  9.6354010e-07
5.983585408e-01  9.6367354e-07
5.984782125e-01  9.6380419e-07
5.985979081e-01  9.6393197e-07
5.987176277e-01  9.6405680e-07
5.988373712e-01  9.6417855e-07
5.989571387e-01  9.6429713e-07
5.990769301e-01  9.6441243e-07
5.991967455e-01  9.6452434e-07
5.993165849e-01  9.6463275e-07
5.994364482e-01  9.6473755e-07
5.995563355e-01  9.6483864e-07
5.996762468e-01  9.6493592e-07
5.997961820e-01  9.6502929e-07
5.999161412e-01  9.6511866e-07
6.000361245e-01  9.6520393e-07
6.001561317e-01  9.6528502e-07
6.002761629e-01  9.6536186e-07
6.003962182e-01  9.6543439e-07
6.005162974e-01  9.6550255e-07
6.006364007e-01  9.6556631e-07
6.007565279e-01  9.6562562e-07
6.008766792e-01  9.6568047e-07
6.009968546e-01  9.6573084e-07
6.011170539e-01  9.6577671e-07
6.012372774e-01  9.6581809e-07
6.013575248e-01  9.6585498e-07
6.014777963e-01  9.6588740e-07
6.015980919e-01  9.6591539e-07
6.017184115e-01  9.6593895e-07
6.018387552e-01  9.6595812e-07
6.019591229e-01  9.6597290e-07
6.020795148e-01  9.6598327e-07
6.021999307e-01  9.6598922e-07
6.023203706e-01  9.6599072e-07
6.024408347e-01  9.6598772e-07
6.025613229e-01  9.6598019e-07
6.026818352e-01  9.6596810e-07
6.028023715e-01  9.6595142e-07
6.029229320e-01  9.6593017e-07
6.030435166e-01  9.6590437e-07
6.031641253e-01  9.6587407e-07
6.032847581e-01  9.6583935e-07
6.034054151e-01  9.6580029e-07
6.035260961e-01  9.6575702e-07
6.036468014e-01  9.6570962e-07
6.037675307e-01  9.6565822e-07
6.038882842e-01  9.6560290e-07
6.040090619e-01  9.6554374e-07
6.041298637e-01  9.6548079e-07
6.042506897e-01  9.6541408e-07
6.043715398e-01  9.6534363e-07
6.044924141e-01  9.6526945e-07
6.046133126e-01  9.6519154e-07
6.047342353e-01  9.6510991e-07
6.048551821e-01  9.6502458e-07
6.049761531e-01  9.6493557e-07
6.050971484e-01  9.6484294e-07
6.052181678e-01  9.6474674e-07
6.053392114e-01  9.6464705e-07
6.054602793e-01  9.6454395e-07
6.055813713e-01  9.6443750e-07
6.057024876e-01  9.6432780e-07
6.058236281e-01  9.6421488e-07
6.059447928e-01  9.6409882e-07
6.060659818e-01  9.6397965e-07
6.061871950e-01  9.6385744e-07
6.063084324e-01  9.6373223e-07
6.064296941e-01  9.6360409e-07
6.065509801e-01  9.6347310e-07
6.066722902e-01  9.6333932e-07
6.067936247e-01  9.6320285e-07
6.069149834e-01  9.6306377e-07
6.070363664e-01  9.6292217e-07
6.071577737e-01  9.6277814e-07
6.072792053e-01  9.6263178e-07
6.074006611e-01  9.6248318e-07
6.075221412e-01  9.6233244e-07
6.076436457e-01  9.6217967e-07
6.077651744e-01  9.6202498e-07
6.078867274e-01  9.6186848e-07
6.080083048e-01  9.6171028e-07
6.081299064e-01  9.6155047e-07
6.082515324e-01  9.6138915e-07
6.083731827e-01  9.6122643e-07
6.084948574e-01  9.6106239e-07
6.086165563e-01  9.6089713e-07
6.087382796e-01  9.6073075e-07
6.088600273e-01  9.6056332e-07
6.089817993e-01  9.6039492e-07
6.091035957e-01  9.6022562e-07
6.092254164e-01  9.6005546e-07
6.093472615e-01  9.5988450e-07
6.094691309e-01  9.5971282e-07
6.095910247e-01  9.5954049e-07
6.097129429e-01  9.5936760e-07
6.098348855e-01  9.5919426e-07
6.099568525e-01  9.5902058e-07
6.100788439e-01  9.5884665e-07
6.102008596e-01  9.5867255e-07
6.103228998e-01  9.5849833e-07
6.104449644e-01  9.5832403e-07
6.105670534e-01  9.5814967e-07
6.106891668e-01  9.5797528e-07
6.108113046e-01  9.5780088e-07
6.109334669e-01  9.5762650e-07
6.110556536e-01  9.5745220e-07
6.111778647e-01  9.5727802e-07
6.113001003e-01  9.5710402e-07
6.114223603e-01  9.5693023e-07
6.115446448e-01  9.5675670e-07
6.116669537e-01  9.5658347e-07
6.117892871e-01  9.5641057e-07
6.119116450e-01  9.5623804e-07
6.120340273e-01  9.5606592e-07
6.121564341e-01  9.5589428e-07
6.122788654e-01  9.5572313e-07
6.124013212e-01  9.5555253e-07
6.125238014e-01  9.5538249e-07
6.126463062e-01  9.5521303e-07
6.127688354e-01  9.5504417e-07
6.128913892e-01  9.5487592e-07
6.130139675e-01  9.5470832e-07
6.131365703e-01  9.5454139e-07
6.132591976e-01  9.5437517e-07
6.133818494e-01  9.5420970e-07
6.135045258e-01  9.5404501e-07
6.136272267e-01  9.5388111e-07
6.137499522e-01  9.5371801e-07
6.138727021e-01  9.5355572e-07
6.139954767e-01  9.5339425e-07
6.141182758e-01  9.5323358e-07
6.142410994e-01  9.5307376e-07
6.143639477e-01  9.5291481e-07
6.144868204e-01  9.5275675e-07
6.146097178e-01  9.5259964e-07
6.147326398e-01  9.5244349e-07
6.148555863e-01  9.5228832e-07
6.149785574e-01  9.5213413e-07
6.151015531e-01  9.5198088e-07
6.152245734e-01  9.5182855e-07
6.153476183e-01  9.5167708e-07
6.154706879e-01  9.5152644e-07
6.155937820e-01  9.5137661e-07
6.157169008e-01  9.5122757e-07
6.158400441e-01  9.5107932e-07
6.159632121e-01  9.5093191e-07
6.160864048e-01  9.5078534e-07
6.162096221e-01  9.5063967e-07
6.163328640e-01  9.5049492e-07
6.164561306e-01  9.5035112e-07
6.165794218e-01  9.5020831e-07
6.167027377e-01  9.5006650e-07
6.168260782e-01  9.4992571e-07
6.169494434e-01  9.4978598e-07
6.170728333e-01  9.4964731e-07
6.171962479e-01  9.4950973e-07
6.173196871e-01  9.4937328e-07
6.174431511e-01  9.4923799e-07
6.175666397e-01  9.4910388e-07
6.176901530e-01  9.4897097e-07
6.178136911e-01  9.4883930e-07
6.179372538e-01  9.4870887e-07
6.180608413e-01  9.4857967e-07
6.181844534e-01  9.4845170e-07
6.183080903e-01  9.4832491e-07
6.184317519e-01  9.4819928e-07
6.185554383e-01  9.4807477e-07
6.186791494e-01  9.4795132e-07
6.188028852e-01  9.4782890e-07
6.189266458e-01  9.4770747e-07
6.190504311e-01  9.4758701e-07
6.191742412e-01  9.4746751e-07
6.192980760e-01  9.4734897e-07
6.194219357e-01  9.4723141e-07
6.195458200e-01  9.4711481e-07
6.196697292e-01  9.4699918e-07
6.197936632e-01  9.4688450e-07
6.199176219e-01  9.4677073e-07
6.200416054e-01  9.4665783e-07
6.201656137e-01  9.4654575e-07
6.202896469e-01  9.4643445e-07
6.204137048e-01  9.4632387e-07
6.205377875e-01  9.4621396e-07
6.206618951e-01  9.4610470e-07
6.207860275e-01  9.4599605e-07
6.209101847e-01  9.4588798e-07
6.210343667e-01  9.4578046e-07
6.211585736e-01  9.4567346e-07
6.212828053e-01  9.4556696e-07
6.214070619e-01  9.4546092e-07
6.215313433e-01  9.4535530e-07
6.216556495e-01  9.4525005e-07
6.217799807e-01  9.4514510e-07
6.219043367e-01  9.4504038e-07
6.220287175e-01  9.4493584e-07
6.221531233e-01  9.4483142e-07
6.222775539e-01  9.4472708e-07
6.224020094e-01  9.4462281e-07
6.225264898e-01  9.4451861e-07
6.226509951e-01  9.4441448e-07
6.227755253e-01  9.4431044e-07
6.229000804e-01  9.4420649e-07
6.230246604e-01  9.4410261e-07
6.231492654e-01  9.4399877e-07
6.232738952e-01  9.4389493e-07
6.233985500e-01  9.4379102e-07
6.235232297e-01  9.4368698e-07
6.236479343e-01  9.4358276e-07
6.237726639e-01  9.4347830e-07
6.238974185e-01  9.4337356e-07
6.240221980e-01  9.4326851e-07
6.241470024e-01  9.4316314e-07
6.242718318e-01  9.4305742e-07
6.243966862e-01  9.4295135e-07
6.245215655e-01  9.4284493e-07
6.246464698e-01  9.4273813e-07
6.247713991e-01  9.4263095e-07
6.248963534e-01  9.4252335e-07
6.250213327e-01  9.4241532e-07
6.251463369e-01  9.4230680e-07
6.252713662e-01  9.4219779e-07
6.253964205e-01  9.4208825e-07
6.255214997e-01  9.4197818e-07
6.256466040e-01  9.4186761e-07
6.257717334e-01  9.4175661e-07
6.258968877e-01  9.4164542e-07
6.260220671e-01  9.4153453e-07
6.261472715e-01  9.4142495e-07
6.262725010e-01  9.4131861e-07
6.263977555e-01  9.4121890e-07
6.265230350e-01  9.4113131e-07
6.266483396e-01  9.4106403e-07
6.267736693e-01  9.4102818e-07
6.268990240e-01  9.4103724e-07
6.270244038e-01  9.4110532e-07
6.271498087e-01  9.4124405e-07
6.272752387e-01  9.4145842e-07
6.274006937e-01  9.4174246e-07
6.275261739e-01  9.4207630e-07
6.276516791e-01  9.4242604e-07
6.277772094e-01  9.4274747e-07
6.279027649e-01  9.4299358e-07
6.280283454e-01  9.4312399e-07
6.281539511e-01  9.4311406e-07
6.282795819e-01  9.4296053e-07
6.284052378e-01  9.4268216e-07
6.285309188e-01  9.4231499e-07
6.286566250e-01  9.4190375e-07
6.287823563e-01  9.4149209e-07
6.289081128e-01  9.4111433e-07
6.290338944e-01  9.4079071e-07
6.291597012e-01  9.4052665e-07
6.292855332e-01  9.4031541e-07
6.294113903e-01  9.4014277e-07
6.295372725e-01  9.3999199e-07
6.296631800e-01  9.3984783e-07
6.297891126e-01  9.3969897e-07
6.299150705e-01  9.3953884e-07
6.300410535e-01  9.3936516e-07
6.301670617e-01  9.3917873e-07
6.302930951e-01  9.3898211e-07
6.304191537e-01  9.3877829e-07
6.305452375e-01  9.3856989e-07
6.306713466e-01  9.3835867e-07
6.307974809e-01  9.3814558e-07
6.309236404e-01  9.3793095e-07
6.310498251e-01  9.3771497e-07
6.311760351e-01  9.3749805e-07
6.313022703e-01  9.3728107e-07
6.314285307e-01  9.3706535e-07
6.315548164e-01  9.3685251e-07
6.316811274e-01  9.3664414e-07
6.318074636e-01  9.3644152e-07
6.319338251e-01  9.3624545e-07
6.320602119e-01  9.3605624e-07
6.321866239e-01  9.3587369e-07
6.323130612e-01  9.3569731e-07
6.324395238e-01  9.3552641e-07
6.325660117e-01  9.3536024e-07
6.326925250e-01  9.3519803e-07
6.328190635e-01  9.3503907e-07
6.329456273e-01  9.3488271e-07
6.330722164e-01  9.3472840e-07
6.331988308e-01  9.3457573e-07
6.333254706e-01  9.3442437e-07
6.334521357e-01  9.3427415e-07
6.335788261e-01  9.3412491e-07
6.337055419e-01  9.3397658e-07
6.338322830e-01  9.3382904e-07
6.339590495e-01  9.3368213e-07
6.340858413e-01  9.3353567e-07
6.342126584e-01  9.3338944e-07
6.343395010e-01  9.3324324e-07
6.344663689e-01  9.3309690e-07
6.345932621e-01  9.3295026e-07
6.347201808e-01  9.3280325e-07
6.348471248e-01  9.3265583e-07
6.349740943e-01  9.3250797e-07
6.351010891e-01  9.3235969e-07
6.352281093e-01  9.3221099e-07
6.353551549e-01  9.3206186e-07
6.354822259e-01  9.3191234e-07
6.356093224e-01  9.3176243e-07
6.357364443e-01  9.3161216e-07
6.358635915e-01  9.3146158e-07
6.359907643e-01  9.3131075e-07
6.361179624e-01  9.3115971e-07
6.362451860e-01  9.3100853e-07
6.363724350e-01  9.3085725e-07
6.364997095e-01  9.3070592e-07
6.366270095e-01  9.3055456e-07
6.367543349e-01  9.3040317e-07
6.368816857e-01  9.3025174e-07
6.370090621e-01  9.3010023e-07
6.371364639e-01  9.2994857e-07
6.372638912e-01  9.2979672e-07
6.373913440e-01  9.2964460e-07
6.375188222e-01  9.2949215e-07
6.376463260e-01  9.2933933e-07
6.377738553e-01  9.2918606e-07
6.379014100e-01  9.2903231e-07
6.380289903e-01  9.2887802e-07
6.381565961e-01  9.2872313e-07
6.382842274e-01  9.2856761e-07
6.384118843e-01  9.2841145e-07
6.385395667e-01  9.2825464e-07
6.386672746e-01  9.2809723e-07
6.387950080e-01  9.2793928e-07
6.389227670e-01  9.2778087e-07
6.390505516e-01  9.2762208e-07
6.391783617e-01  9.2746299e-07
6.393061974e-01  9.2730369e-07
6.394340586e-01  9.2714423e-07
6.395619454e-01  9.2698466e-07
6.396898578e-01  9.2682503e-07
6.398177958e-01  9.2666540e-07
6.399457593e-01  9.2650581e-07
6.400737485e-01  9.2634635e-07
6.402017632e-01  9.2618710e-07
6.403298036e-01  9.2602817e-07
6.404578695e-01  9.2586966e-07
6.405859611e-01  9.2571167e-07
6.407140783e-01  9.2555433e-07
6.408422211e-01  9.2539771e-07
6.409703896e-01  9.2524192e-07
6.410985836e-01  9.2508705e-07
6.412268034e-01  9.2493316e-07
6.413550487e-01  9.2478035e-07
6.414833197e-01  9.2462867e-07
6.416116164e-01  9.2447818e-07
6.417399387e-01  9.2432893e-07
6.418682867e-01  9.2418097e-07
6.419966604e-01  9.2403432e-07
6.421250597e-01  9.2388899e-07
6.422534847e-01  9.2374500e-07
6.423819354e-01  9.2360234e-07
6.425104118e-01  9.2346099e-07
6.426389139e-01  9.2332093e-07
6.427674417e-01  9.2318212e-07
6.428959951e-01  9.2304453e-07
6.430245743e-01  9.2290812e-07
6.431531793e-01  9.2277285e-07
6.432818099e-01  9.2263867e-07
6.434104663e-01  9.2250551e-07
6.435391484e-01  9.2237329e-07
6.436678562e-01  9.2224192e-07
6.437965898e-01  9.2211130e-07
6.439253491e-01  9.2198135e-07
6.440541341e-01  9.2185196e-07
6.441829450e-01  9.2172304e-07
6.443117816e-01  9.2159449e-07
6.444406439e-01  9.2146621e-07
6.445695320e-01  9.2133809e-07
6.446984459e-01  9.2121004e-07
6.448273856e-01  9.2108194e-07
6.449563511e-01  9.2095375e-07
6.450853424e-01  9.2082543e-07
6.452143595e-01  9.2069696e-07
6.453434023e-01  9.2056837e-07
6.454724710e-01  9.2043968e-07
6.456015655e-01  9.2031094e-07
6.457306858e-01  9.2018216e-07
6.458598320e-01  9.2005335e-07
6.459890039e-01  9.1992448e-07
6.461182017e-01  9.1979556e-07
6.462474254e-01  9.1966658e-07
6.463766748e-01  9.1953756e-07
6.465059502e-01  9.1940855e-07
6.466352514e-01  9.1927963e-07
6.467645784e-01  9.1915091e-07
6.468939313e-01  9.1902253e-07
6.470233101e-01  9.1889460e-07
6.471527148e-01  9.1876725e-07
6.472821453e-01  9.1864058e-07
6.474116018e-01  9.1851463e-07
6.475410841e-01  9.1838944e-07
6.476705923e-01  9.1826500e-07
6.478001264e-01  9.1814131e-07
6.479296864e-01  9.1801832e-07
6.480592724e-01  9.1789601e-07
6.481888842e-01  9.1777435e-07
6.483185220e-01  9.1765336e-07
6.484481857e-01  9.1753301e-07
6.485778753e-01  9.1741333e-07
6.487075909e-01  9.1729432e-07
6.488373324e-01  9.1717600e-07
6.489670999e-01  9.1705834e-07
6.490968933e-01  9.1694131e-07
6.492267127e-01  9.1682487e-07
6.493565580e-01  9.1670894e-07
6.494864294e-01  9.1659346e-07
6.496163266e-01  9.1647835e-07
6.497462499e-01  9.1636358e-07
6.498761992e-01  9.1624913e-07
6.500061744e-01  9.1613501e-07
6.501361756e-01  9.1602125e-07
6.502662029e-01  9.1590787e-07
6.503962561e-01  9.1579489e-07
6.505263354e-01  9.1568232e-07
6.506564406e-01  9.1557012e-07
6.507865719e-01  9.1545823e-07
6.509167292e-01  9.1534659e-07
6.510469126e-01  9.1523507e-07
6.511771220e-01  9.1512356e-07
6.513073574e-01  9.1501191e-07
6.514376189e-01  9.1489995e-07
6.515679064e-01  9.1478750e-07
6.516982200e-01  9.1467441e-07
6.518285596e-01  9.1456055e-07
6.519589253e-01  9.1444582e-07
6.520893171e-01  9.1433023e-07
6.522197350e-01  9.1421381e-07
6.523501789e-01  9.1409665e-07
6.524806489e-01  9.1397886e-07
6.526111451e-01  9.1386054e-07
6.527416673e-01  9.1374180e-07
6.528722156e-01  9.1362268e-07
6.530027901e-01  9.1350321e-07
6.531333906e-01  9.1338339e-07
6.532640173e-01  9.1326321e-07
6.533946701e-01  9.1314264e-07
6.535253491e-01  9.1302168e-07
6.536560541e-01  9.1290031e-07
6.537867853e-01  9.1277858e-07
6.539175427e-01  9.1265652e-07
6.540483262e-01  9.1253420e-07
6.541791359e-01  9.1241166e-07
6.543099717e-01  9.1228895e-07
6.544408337e-01  9.1216611e-07
6.545717219e-01  9.1204316e-07
6.547026362e-01  9.1192010e-07
6.548335767e-01  9.1179695e-07
6.549645434e-01  9.1167373e-07
6.550955364e-01  9.1155045e-07
6.552265555e-01  9.1142717e-07
6.553576008e-01  9.1130395e-07
6.554886723e-01  9.1118083e-07
6.556197700e-01  9.1105788e-07
6.557508940e-01  9.1093514e-07
6.558820442e-01  9.1081265e-07
6.560132206e-01  9.1069041e-07
6.561444232e-01  9.1056841e-07
6.562756521e-01  9.1044664e-07
6.564069072e-01  9.1032506e-07
6.565381886e-01  9.1020365e-07
6.566694962e-01  9.1008243e-07
6.568008301e-01  9.0996139e-07
6.569321903e-01  9.0984057e-07
6.570635767e-01  9.0971998e-07
6.571949895e-01  9.0959965e-07
6.573264285e-01  9.0947959e-07
6.574578937e-01  9.0935981e-07
6.575893853e-01  9.0924031e-07
6.577209032e-01  9.0912108e-07
6.578524474e-01  9.0900211e-07
6.579840179e-01  9.0888339e-07
6.581156147e-01  9.0876494e-07
6.582472378e-01  9.0864674e-07
6.583788872e-01  9.0852881e-07
6.585105630e-01  9.0841115e-07
6.586422651e-01  9.0829377e-07
6.587739936e-01  9.0817667e-07
6.589057484e-01  9.0805987e-07
6.590375295e-01  9.0794335e-07
6.591693370e-01  9.0782711e-07
6.593011709e-01  9.0771113e-07
6.594330311e-01  9.0759542e-07
6.595649178e-01  9.0747995e-07
6.596968307e-01  9.0736473e-07
6.598287701e-01  9.0724975e-07
6.599607359e-01  9.0713502e-07
6.600927280e-01  9.0702055e-07
6.602247465e-01  9.0690635e-07
6.603567915e-01  9.0679243e-07
6.604888629e-01  9.0667881e-07
6.606209606e-01  9.0656550e-07
6.607530848e-01  9.0645250e-07
6.608852354e-01  9.0633983e-07
6.610174125e-01  9.0622745e-07
6.611496160e-01  9.0611534e-07
6.612818459e-01  9.0600346e-07
6.614141023e-01  9.0589173e-07
6.615463851e-01  9.0578010e-07
6.616786944e-01  9.0566848e-07
6.618110301e-01  9.0555680e-07
6.619433923e-01  9.0544499e-07
6.620757810e-01  9.0533297e-07
6.622081961e-01  9.0522067e-07
6.623406378e-01  9.0510802e-07
6.624731059e-01  9.0499493e-07
6.626056005e-01  9.0488131e-07
6.627381216e-01  9.0476706e-07
6.628706693e-01  9.0465208e-07
6.630032434e-01  9.0453627e-07
6.631358441e-01  9.0441953e-07
6.632684712e-01  9.0430178e-07
6.634011249e-01  9.0418296e-07
6.635338051e-01  9.0406300e-07
6.636665119e-01  9.0394187e-07
6.637992452e-01  9.0381955e-07
6.639320051e-01  9.0369602e-07
6.640647915e-01  9.0357130e-07
6.641976044e-01  9.0344541e-07
6.643304439e-01  9.0331840e-07
6.644633100e-01  9.0319031e-07
6.645962027e-01  9.0306122e-07
6.647291219e-01  9.0293118e-07
6.648620677e-01  9.0280025e-07
6.649950402e-01  9.0266853e-07
6.651280392e-01  9.0253607e-07
6.652610648e-01  9.0240299e-07
6.653941170e-01  9.0226936e-07
6.655271958e-01  9.0213529e-07
6.656603013e-01  9.0200088e-07
6.657934333e-01  9.0186621e-07
6.659265920e-01  9.0173135e-07
6.660597773e-01  9.0159635e-07
6.661929893e-01  9.0146123e-07
6.663262279e-01  9.0132599e-07
6.664594931e-01  9.0119063e-07
6.665927850e-01  9.0105513e-07
6.667261036e-01  9.0091949e-07
6.668594488e-01  9.0078371e-07
6.669928207e-01  9.0064783e-07
6.671262192e-01  9.0051189e-07
6.672596445e-01  9.0037596e-07
6.673930964e-01  9.0024008e-07
6.675265750e-01  9.0010429e-07
6.676600804e-01  8.9996862e-07
6.677936124e-01  8.9983307e-07
6.679271711e-01  8.9969763e-07
6.680607565e-01  8.9956227e-07
6.681943687e-01  8.9942698e-07
6.683280076e-01  8.9929171e-07
6.684616732e-01  8.9915649e-07
6.685953655e-01  8.9902130e-07
6.687290846e-01  8.9888619e-07
6.688628304e-01  8.9875118e-07
6.689966029e-01  8.9861631e-07
6.691304023e-01  8.9848163e-07
6.692642283e-01  8.9834714e-07
6.693980812e-01  8.9821289e-07
6.695319608e-01  8.9807887e-07
6.696658672e-01  8.9794509e-07
6.697998004e-01  8.9781156e-07
6.699337603e-01  8.9767828e-07
6.700677471e-01  8.9754526e-07
6.702017606e-01  8.9741251e-07
6.703358010e-01  8.9728003e-07
6.704698681e-01  8.9714784e-07
6.706039621e-01  8.9701595e-07
6.707380829e-01  8.9688437e-07
6.708722305e-01  8.9675312e-07
6.710064050e-01  8.9662221e-07
6.711406063e-01  8.9649167e-07
6.712748344e-01  8.9636151e-07
6.714090893e-01  8.9623176e-07
6.715433712e-01  8.9610246e-07
6.716776798e-01  8.9597365e-07
6.718120154e-01  8.9584535e-07
6.719463778e-01  8.9571761e-07
6.720807671e-01  8.9559044e-07
6.722151832e-01  8.9546387e-07
6.723496262e-01  8.9533792e-07
6.724840962e-01  8.9521257e-07
6.726185930e-01  8.9508783e-07
6.727531167e-01  8.9496368e-07
6.728876673e-01  8.9484011e-07
6.730222449e-01  8.9471709e-07
6.731568493e-01  8.9459463e-07
6.732914807e-01  8.9447273e-07
6.734261390e-01  8.9435139e-07
6.735608242e-01  8.9423063e-07
6.736955364e-01  8.9411045e-07
6.738302755e-01  8.9399086e-07
6.739650415e-01  8.9387183e-07
6.740998345e-01  8.9375336e-07
6.742346545e-01  8.9363541e-07
6.743695014e-01  8.9351793e-07
6.745043753e-01  8.9340090e-07
6.746392762e-01  8.9328426e-07
6.747742041e-01  8.9316798e-07
6.749091589e-01  8.9305202e-07
6.750441407e-01  8.9293635e-07
6.751791496e-01  8.9282092e-07
6.753141854e-01  8.9270570e-07
6.754492482e-01  8.9259066e-07
6.755843381e-01  8.9247577e-07
6.757194550e-01  8.9236102e-07
6.758545988e-01  8.9224642e-07
6.759897698e-01  8.9213197e-07
6.761249677e-01  8.9201769e-07
6.762601927e-01  8.9190362e-07
6.763954447e-01  8.9178976e-07
6.765307238e-01  8.9167614e-07
6.766660300e-01  8.9156278e-07
6.768013632e-01  8.9144969e-07
6.769367235e-01  8.9133689e-07
6.770721108e-01  8.9122440e-07
6.772075252e-01  8.9111227e-07
6.773429667e-01  8.9100053e-07
6.774784353e-01  8.9088926e-07
6.776139310e-01  8.9077850e-07
6.777494538e-01  8.9066833e-07
6.778850037e-01  8.9055883e-07
6.780205807e-01  8.9045006e-07
6.781561848e-01  8.9034211e-07
6.782918160e-01  8.9023504e-07
6.784274744e-01  8.9012893e-07
6.785631599e-01  8.9002384e-07
6.786988725e-01  8.8991984e-07
6.788346123e-01  8.8981697e-07
6.789703792e-01  8.8971531e-07
6.791061733e-01  8.8961489e-07
6.792419945e-01  8.8951575e-07
6.793778429e-01  8.8941792e-07
6.795137185e-01  8.8932143e-07
6.796496213e-01  8.8922630e-07
6.797855512e-01  8.8913255e-07
6.799215083e-01  8.8904020e-07
6.800574926e-01  8.8894925e-07
6.801935041e-01  8.8885970e-07
6.803295428e-01  8.8877156e-07
6.804656087e-01  8.8868481e-07
6.806017018e-01  8.8859944e-07
6.807378222e-01  8.8851542e-07
6.808739697e-01  8.8843274e-07
6.810101445e-01  8.8835137e-07
6.811463465e-01  8.8827129e-07
6.812825758e-01  8.8819248e-07
6.814188323e-01  8.8811491e-07
6.815551161e-01  8.8803854e-07
6.816914271e-01  8.8796333e-07
6.818277654e-01  8.8788924e-07
6.819641310e-01  8.8781620e-07
6.821005238e-01  8.8774415e-07
6.822369439e-01  8.8767301e-07
6.823733913e-01  8.8760268e-07
6.825098660e-01  8.8753306e-07
6.826463679e-01  8.8746405e-07
6.827828972e-01  8.8739551e-07
6.829194538e-01  8.8732731e-07
6.830560377e-01  8.8725929e-07
6.831926489e-01  8.8719130e-07
6.833292874e-01  8.8712318e-07
6.834659533e-01  8.8705478e-07
6.836026465e-01  8.8698594e-07
6.837393670e-01  8.8691653e-07
6.838761149e-01  8.8684644e-07
6.840128901e-01  8.8677555e-07
6.841496927e-01  8.8670379e-07
6.842865226e-01  8.8663113e-07
6.844233799e-01  8.8655761e-07
6.845602646e-01  8.8648345e-07
6.846971766e-01  8.8640934e-07
6.848341161e-01  8.8633693e-07
6.849710829e-01  8.8626978e-07
6.851080771e-01  8.8621500e-07
6.852450987e-01  8.8618575e-07
6.853821477e-01  8.8620467e-07
6.855192242e-01  8.8630775e-07
6.856563280e-01  8.8654773e-07
6.857934593e-01  8.8699508e-07
6.859306180e-01  8.8773422e-07
6.860678041e-01  8.8885296e-07
6.862050177e-01  8.9042434e-07
6.863422587e-01  8.9248309e-07
6.864795271e-01  8.9500178e-07
6.866168230e-01  8.9787428e-07
6.867541464e-01  9.0091430e-07
6.868914972e-01  9.0387342e-07
6.870288755e-01  9.0647752e-07
6.871662813e-01  9.0847406e-07
6.873037145e-01  9.0967846e-07
6.874411753e-01  9.1000756e-07
6.875786635e-01  9.0949205e-07
6.877161793e-01  9.0826584e-07
6.878537225e-01  9.0653716e-07
6.879912932e-01  9.0454937e-07
6.881288915e-01  9.0254081e-07
6.882665173e-01  9.0071123e-07
6.884041706e-01  8.9919919e-07
6.885418514e-01  8.9807223e-07
6.886795598e-01  8.9732950e-07
6.888172957e-01  8.9691437e-07
6.889550592e-01  8.9673406e-07
6.890928502e-01  8.9668172e-07
6.892306687e-01  8.9665701e-07
6.893685149e-01  8.9658128e-07
6.895063886e-01  8.9640540e-07
6.896442899e-01  8.9611016e-07
6.897822187e-01  8.9570091e-07
6.899201752e-01  8.9519893e-07
6.900581592e-01  8.9463264e-07
6.901961708e-01  8.9403021e-07
6.903342101e-01  8.9341476e-07
6.904722769e-01  8.9280213e-07
6.906103714e-01  8.9220039e-07
6.907484934e-01  8.9161079e-07
6.908866431e-01  8.9102958e-07
6.910248205e-01  8.9045044e-07
6.911630254e-01  8.8986716e-07
6.913012580e-01  8.8927617e-07
6.914395183e-01  8.8867798e-07
6.915778062e-01  8.8807750e-07
6.917161217e-01  8.8748271e-07
6.918544650e-01  8.8690247e-07
6.919928359e-01  8.8634415e-07
6.921312344e-01  8.8581188e-07
6.922696607e-01  8.8530618e-07
6.924081146e-01  8.8482468e-07
6.925465962e-01  8.8436368e-07
6.926851055e-01  8.8391967e-07
6.928236426e-01  8.8349037e-07
6.929622073e-01  8.8307502e-07
6.931007997e-01  8.8267399e-07
6.932394199e-01  8.8228823e-07
6.933780678e-01  8.8191878e-07
6.935167434e-01  8.8156644e-07
6.936554467e-01  8.8123184e-07
6.937941778e-01  8.8091547e-07
6.939329367e-01  8.8061771e-07
6.940717233e-01  8.8033883e-07
6.942105376e-01  8.8007882e-07
6.943493797e-01  8.7983724e-07
6.944882496e-01  8.7961323e-07
6.946271472e-01  8.7940550e-07
6.947660727e-01  8.7921250e-07
6.949050259e-01  8.7903261e-07
6.950440069e-01  8.7886426e-07
6.951830157e-01  8.7870604e-07
6.953220523e-01  8.7855668e-07
6.954611167e-01  8.7841497e-07
6.956002089e-01  8.7827974e-07
6.957393290e-01  8.7814979e-07
6.958784768e-01  8.7802396e-07
6.960176525e-01  8.7790120e-07
6.961568561e-01  8.7778064e-07
6.962960874e-01  8.7766172e-07
6.964353466e-01  8.7754419e-07
6.965746337e-01  8.7742807e-07
6.967139486e-01  8.7731358e-07
6.968532914e-01  8.7720099e-07
6.969926621e-01  8.7709057e-07
6.971320606e-01  8.7698246e-07
6.972714870e-01  8.7687668e-07
6.974109413e-01  8.7677311e-07
6.975504235e-01  8.7667155e-07
6.976899336e-01  8.7657172e-07
6.978294716e-01  8.7647340e-07
6.979690375e-01  8.7637636e-07
6.981086313e-01  8.7628042e-07
6.982482530e-01  8.7618547e-07
6.983879027e-01  8.7609142e-07
6.985275802e-01  8.7599816e-07
6.986672858e-01  8.7590564e-07
6.988070192e-01  8.7581376e-07
6.989467806e-01  8.7572244e-07
6.990865700e-01  8.7563165e-07
6.992263873e-01  8.7554136e-07
6.993662326e-01  8.7545162e-07
6.995061058e-01  8.7536250e-07
6.996460070e-01  8.7527411e-07
6.997859362e-01  8.7518660e-07
6.999258934e-01  8.7510008e-07
7.000658786e-01  8.7501464e-07
7.002058918e-01  8.7493033e-07
7.003459330e-01  8.7484717e-07
7.004860021e-01  8.7476514e-07
7.006260993e-01  8.7468422e-07
7.007662246e-01  8.7460439e-07
7.009063778e-01  8.7452563e-07
7.010465591e-01  8.7444796e-07
7.011867684e-01  8.7437139e-07
7.013270058e-01  8.7429594e-07
7.014672712e-01  8.7422161e-07
7.016075646e-01  8.7414836e-07
7.017478861e-01  8.7407615e-07
7.018882357e-01  8.7400492e-07
7.020286133e-01  8.7393460e-07
7.021690191e-01  8.7386514e-07
7.023094529e-01  8.7379650e-07
7.024499148e-01  8.7372863e-07
7.025904047e-01  8.7366148e-07
7.027309228e-01  8.7359504e-07
7.028714690e-01  8.7352930e-07
7.030120433e-01  8.7346428e-07
7.031526457e-01  8.7340005e-07
7.032932762e-01  8.7333666e-07
7.034339349e-01  8.7327420e-07
7.035746217e-01  8.7321269e-07
7.037153366e-01  8.7315212e-07
7.038560797e-01  8.7309244e-07
7.039968509e-01  8.7303353e-07
7.041376503e-01  8.7297530e-07
7.042784778e-01  8.7291768e-07
7.044193335e-01  8.7286064e-07
7.045602174e-01  8.7280418e-07
7.047011294e-01  8.7274835e-07
7.048420696e-01  8.7269317e-07
7.049830380e-01  8.7263865e-07
7.051240346e-01  8.7258476e-07
7.052650595e-01  8.7253143e-07
7.054061125e-01  8.7247859e-07
7.055471937e-01  8.7242617e-07
7.056883031e-01  8.7237411e-07
7.058294408e-01  8.7232240e-07
7.059706067e-01  8.7227102e-07
7.061118008e-01  8.7222000e-07
7.062530232e-01  8.7216934e-07
7.063942738e-01  8.7211904e-07
7.065355526e-01  8.7206909e-07
7.066768597e-01  8.7201947e-07
7.068181951e-01  8.7197016e-07
7.069595587e-01  8.7192113e-07
7.071009506e-01  8.7187239e-07
7.072423708e-01  8.7182393e-07
7.073838193e-01  8.7177575e-07
7.075252961e-01  8.7172787e-07
7.076668011e-01  8.7168027e-07
7.078083345e-01  8.7163295e-07
7.079498962e-01  8.7158589e-07
7.080914861e-01  8.7153910e-07
7.082331044e-01  8.7149256e-07
7.083747511e-01  8.7144631e-07
7.085164260e-01  8.7140036e-07
7.086581293e-01  8.7135474e-07
7.087998609e-01  8.7130948e-07
7.089416209e-01  8.7126459e-07
7.090834092e-01  8.7122010e-07
7.092252259e-01  8.7117601e-07
7.093670709e-01  8.7113234e-07
7.095089444e-01  8.7108911e-07
7.096508461e-01  8.7104633e-07
7.097927763e-01  8.7100403e-07
7.099347349e-01  8.7096225e-07
7.100767218e-01  8.7092103e-07
7.102187372e-01  8.7088041e-07
7.103607809e-01  8.7084048e-07
7.105028531e-01  8.7080127e-07
7.106449536e-01  8.7076287e-07
7.107870826e-01  8.7072532e-07
7.109292400e-01  8.7068869e-07
7.110714259e-01  8.7065304e-07
7.112136402e-01  8.7061840e-07
7.113558829e-01  8.7058485e-07
7.114981541e-01  8.7055243e-07
7.116404537e-01  8.7052122e-07
7.117827818e-01  8.7049127e-07
7.119251384e-01  8.7046264e-07
7.120675234e-01  8.7043536e-07
7.122099369e-01  8.7040945e-07
7.123523789e-01  8.7038491e-07
7.124948494e-01  8.7036173e-07
7.126373483e-01  8.7033986e-07
7.127798758e-01  8.7031924e-07
7.129224318e-01  8.7029981e-07
7.130650163e-01  8.7028147e-07
7.132076293e-01  8.7026415e-07
7.133502708e-01  8.7024773e-07
7.134929408e-01  8.7023211e-07
7.136356394e-01  8.7021717e-07
7.137783666e-01  8.7020277e-07
7.139211222e-01  8.7018878e-07
7.140639065e-01  8.7017501e-07
7.142067192e-01  8.7016124e-07
7.143495606e-01  8.7014724e-07
7.144924305e-01  8.7013275e-07
7.146353290e-01  8.7011748e-07
7.147782560e-01  8.7010113e-07
7.149212117e-01  8.7008342e-07
7.150641959e-01  8.7006409e-07
7.152072088e-01  8.7004291e-07
7.153502502e-01  8.7001970e-07
7.154933203e-01  8.6999432e-07
7.156364189e-01  8.6996670e-07
7.157795462e-01  8.6993679e-07
7.159227021e-01  8.6990462e-07
7.160658867e-01  8.6987021e-07
7.162090998e-01  8.6983362e-07
7.163523417e-01  8.6979487e-07
7.164956121e-01  8.6975398e-07
7.166389113e-01  8.6971092e-07
7.167822390e-01  8.6966561e-07
7.169255955e-01  8.6961794e-07
7.170689806e-01  8.6956778e-07
7.172123944e-01  8.6951503e-07
7.173558369e-01  8.6945964e-07
7.174993080e-01  8.6940164e-07
7.176428079e-01  8.6934115e-07
7.177863365e-01  8.6927837e-07
7.179298937e-01  8.6921346e-07
7.180734797e-01  8.6914652e-07
7.182170944e-01  8.6907747e-07
7.183607378e-01  8.6900601e-07
7.185044100e-01  8.6893168e-07
7.186481109e-01  8.6885388e-07
7.187918405e-01  8.6877211e-07
7.189355988e-01  8.6868607e-07
7.190793860e-01  8.6859577e-07
7.192232018e-01  8.6850164e-07
7.193670465e-01  8.6840442e-07
7.195109199e-01  8.6830508e-07
7.196548221e-01  8.6820461e-07
7.197987530e-01  8.6810384e-07
7.199427128e-01  8.6800326e-07
7.200867013e-01  8.6790293e-07
7.202307187e-01  8.6780249e-07
7.203747648e-01  8.6770126e-07
7.205188398e-01  8.6759855e-07
7.206629435e-01  8.6749384e-07
7.208070761e-01  8.6738702e-07
7.209512375e-01  8.6727855e-07
7.210954278e-01  8.6716936e-07
7.212396469e-01  8.6706073e-07
7.213838948e-01  8.6695408e-07
7.215281716e-01  8.6685067e-07
7.216724772e-01  8.6675149e-07
7.218168117e-01  8.6665715e-07
7.219611751e-01  8.6656789e-07
7.221055673e-01  8.6648370e-07
7.222499884e-01  8.6640442e-07
7.223944384e-01  8.6632981e-07
7.225389173e-01  8.6625965e-07
7.226834251e-01  8.6619367e-07
7.228279618e-01  8.6613158e-07
7.229725274e-01  8.6607295e-07
7.231171219e-01  8.6601717e-07
7.232617453e-01  8.6596350e-07
7.234063977e-01  8.6591107e-07
7.235510789e-01  8.6585899e-07
7.236957891e-01  8.6580648e-07
7.238405283e-01  8.6575293e-07
7.239852964e-01  8.6569799e-07
7.241300935e-01  8.6564156e-07
7.242749195e-01  8.6558379e-07
7.244197745e-01  8.6552498e-07
7.245646584e-01  8.6546555e-07
7.247095714e-01  8.6540595e-07
7.248545133e-01  8.6534659e-07
7.249994842e-01  8.6528773e-07
7.251444841e-01  8.6522945e-07
7.252895130e-01  8.6517163e-07
7.254345709e-01  8.6511405e-07
7.255796578e-01  8.6505642e-07
7.257247737e-01  8.6499855e-07
7.258699187e-01  8.6494035e-07
7.260150927e-01  8.6488187e-07
7.261602957e-01  8.6482321e-07
7.263055277e-01  8.6476445e-07
7.264507888e-01  8.6470562e-07
7.265960790e-01  8.6464664e-07
7.267413982e-01  8.6458741e-07
7.268867465e-01  8.6452780e-07
7.270321238e-01  8.6446768e-07
7.271775303e-01  8.6440690e-07
7.273229658e-01  8.6434522e-07
7.274684304e-01  8.6428238e-07
7.276139241e-01  8.6421805e-07
7.277594468e-01  8.6415200e-07
7.279049987e-01  8.6408423e-07
7.280505797e-01  8.6401500e-07
7.281961898e-01  8.6394492e-07
7.283418291e-01  8.6387478e-07
7.284874974e-01  8.6380543e-07
7.286331949e-01  8.6373753e-07
7.287789216e-01  8.6367141e-07
7.289246774e-01  8.6360702e-07
7.290704623e-01  8.6354403e-07
7.292162764e-01  8.6348196e-07
7.293621197e-01  8.6342039e-07
7.295079921e-01  8.6335912e-07
7.296538937e-01  8.6329823e-07
7.297998245e-01  8.6323799e-07
7.299457844e-01  8.6317881e-07
7.300917736e-01  8.6312105e-07
7.302377919e-01  8.6306492e-07
7.303838395e-01  8.6301046e-07
7.305299163e-01  8.6295754e-07
7.306760222e-01  8.6290597e-07
7.308221574e-01  8.6285554e-07
7.309683219e-01  8.6280612e-07
7.311145155e-01  8.6275765e-07
7.312607384e-01  8.6271013e-07
7.314069906e-01  8.6266358e-07
7.315532720e-01  8.6261801e-07
7.316995826e-01  8.6257342e-07
7.318459226e-01  8.6252983e-07
7.319922917e-01  8.6248727e-07
7.321386902e-01  8.6244581e-07
7.322851179e-01  8.6240559e-07
7.324315750e-01  8.6236676e-07
7.325780613e-01  8.6232950e-07
7.327245769e-01  8.6229395e-07
7.328711218e-01  8.6226015e-07
7.330176960e-01  8.6222811e-07
7.331642996e-01  8.6219772e-07
7.333109324e-01  8.6216885e-07
7.334575946e-01  8.6214136e-07
7.336042861e-01  8.6211511e-07
7.337510070e-01  8.6209001e-07
7.338977572e-01  8.6206604e-07
7.340445367e-01  8.6204319e-07
7.341913457e-01  8.6202147e-07
7.343381839e-01  8.6200086e-07
7.344850516e-01  8.6198133e-07
7.346319486e-01  8.6196277e-07
7.347788750e-01  8.6194508e-07
7.349258307e-01  8.6192811e-07
7.350728159e-01  8.6191175e-07
7.352198305e-01  8.6189590e-07
7.353668744e-01  8.6188051e-07
7.355139478e-01  8.6186553e-07
7.356610506e-01  8.6185090e-07
7.358081828e-01  8.6183656e-07
7.359553444e-01  8.6182241e-07
7.361025355e-01  8.6180833e-07
7.362497560e-01  8.6179416e-07
7.363970060e-01  8.6177979e-07
7.365442854e-01  8.6176510e-07
7.366915942e-01  8.6175003e-07
7.368389325e-01  8.6173457e-07
7.369863003e-01  8.6171876e-07
7.371336976e-01  8.6170271e-07
7.372811243e-01  8.6168656e-07
7.374285806e-01  8.6167050e-07
7.375760663e-01  8.6165470e-07
7.377235815e-01  8.6163935e-07
7.378711262e-01  8.6162460e-07
7.380187004e-01  8.6161055e-07
7.381663042e-01  8.6159725e-07
7.383139374e-01  8.6158473e-07
7.384616002e-01  8.6157295e-07
7.386092925e-01  8.6156192e-07
7.387570144e-01  8.6155160e-07
7.389047658e-01  8.6154200e-07
7.390525468e-01  8.6153317e-07
7.392003573e-01  8.6152512e-07
7.393481973e-01  8.6151791e-07
7.394960670e-01  8.6151157e-07
7.396439662e-01  8.6150613e-07
7.397918950e-01  8.6150160e-07
7.399398534e-01  8.6149801e-07
7.400878413e-01  8.6149538e-07
7.402358589e-01  8.6149372e-07
7.403839061e-01  8.6149309e-07
7.405319828e-01  8.6149351e-07
7.406800892e-01  8.6149503e-07
7.408282253e-01  8.6149769e-07
7.409763909e-01  8.6150149e-07
7.411245862e-01  8.6150648e-07
7.412728111e-01  8.6151264e-07
7.414210657e-01  8.6152002e-07
7.415693499e-01  8.6152863e-07
7.417176637e-01  8.6153849e-07
7.418660073e-01  8.6154963e-07
7.420143805e-01  8.6156206e-07
7.421627834e-01  8.6157580e-07
7.423112159e-01  8.6159084e-07
7.424596782e-01  8.6160713e-07
7.426081701e-01  8.6162465e-07
7.427566917e-01  8.6164335e-07
7.429052431e-01  8.6166319e-07
7.430538241e-01  8.6168411e-07
7.432024349e-01  8.6170607e-07
7.433510754e-01  8.6172901e-07
7.434997456e-01  8.6175284e-07
7.436484455e-01  8.6177749e-07
7.437971752e-01  8.6180283e-07
7.439459347e-01  8.6182874e-07
7.440947238e-01  8.6185507e-07
7.442435428e-01  8.6188169e-07
7.443923915e-01  8.6190845e-07
7.445412700e-01  8.6193523e-07
7.446901782e-01  8.6196193e-07
7.448391163e-01  8.6198847e-07
7.449880841e-01  8.6201473e-07
7.451370817e-01  8.6204061e-07
7.452861091e-01  8.6206596e-07
7.454351663e-01  8.6209058e-07
7.455842534e-01  8.6211424e-07
7.457333702e-01  8.6213666e-07
7.458825169e-01  8.6215756e-07
7.460316934e-01  8.6217663e-07
7.461808997e-01  8.6219361e-07
7.463301359e-01  8.6220824e-07
7.464794020e-01  8.6222033e-07
7.466286978e-01  8.6222970e-07
7.467780236e-01  8.6223624e-07
7.469273792e-01  8.6223982e-07
7.470767647e-01  8.6224037e-07
7.472261800e-01  8.6223780e-07
7.473756252e-01  8.6223203e-07
7.475251004e-01  8.6222295e-07
7.476746054e-01  8.6221046e-07
7.478241403e-01  8.6219441e-07
7.479737051e-01  8.6217467e-07
7.481232999e-01  8.6215106e-07
7.482729245e-01  8.6212345e-07
7.484225791e-01  8.6209170e-07
7.485722636e-01  8.6205569e-07
7.487219781e-01  8.6201536e-07
7.488717225e-01  8.6197068e-07
7.490214968e-01  8.6192163e-07
7.491713011e-01  8.6186823e-07
7.493211354e-01  8.6181052e-07
7.494709996e-01  8.6174856e-07
7.496208938e-01  8.6168243e-07
7.497708180e-01  8.6161222e-07
7.499207722e-01  8.6153806e-07
7.500707563e-01  8.6146009e-07
7.502207705e-01  8.6137851e-07
7.503708146e-01  8.6129350e-07
7.505208888e-01  8.6120528e-07
7.506709930e-01  8.6111408e-07
7.508211272e-01  8.6102015e-07
7.509712914e-01  8.6092373e-07
7.511214856e-01  8.6082511e-07
7.512717099e-01  8.6072458e-07
7.514219643e-01  8.6062246e-07
7.515722487e-01  8.6051908e-07
7.517225631e-01  8.6041479e-07
7.518729076e-01  8.6030993e-07
7.520232822e-01  8.6020481e-07
7.521736869e-01  8.6009975e-07
7.523241216e-01  8.5999500e-07
7.524745864e-01  8.5989079e-07
7.526250814e-01  8.5978730e-07
7.527756064e-01  8.5968468e-07
7.529261615e-01  8.5958309e-07
7.530767467e-01  8.5948265e-07
7.532273621e-01  8.5938349e-07
7.533780075e-01  8.5928575e-07
7.535286831e-01  8.5918955e-07
7.536793889e-01  8.5909502e-07
7.538301248e-01  8.5900227e-07
7.539808908e-01  8.5891139e-07
7.541316870e-01  8.5882244e-07
7.542825133e-01  8.5873545e-07
7.544333698e-01  8.5865042e-07
7.545842565e-01  8.5856731e-07
7.547351733e-01  8.5848606e-07
7.548861204e-01  8.5840661e-07
7.550370976e-01  8.5832890e-07
7.551881050e-01  8.5825288e-07
7.553391426e-01  8.5817852e-07
7.554902105e-01  8.5810582e-07
7.556413085e-01  8.5803480e-07
7.557924368e-01  8.5796551e-07
7.559435952e-01  8.5789799e-07
7.560947840e-01  8.5783227e-07
7.562460029e-01  8.5776840e-07
7.563972521e-01  8.5770635e-07
7.565485316e-01  8.5764616e-07
7.566998413e-01  8.5758787e-07
7.568511812e-01  8.5753164e-07
7.570025515e-01  8.5747793e-07
7.571539520e-01  8.5742787e-07
7.573053828e-01  8.5738405e-07
7.574568439e-01  8.5735199e-07
7.576083352e-01  8.5734261e-07
7.577598569e-01  8.5737622e-07
7.579114089e-01  8.5748824e-07
7.580629912e-01  8.5773612e-07
7.582146037e-01  8.5820654e-07
7.583662467e-01  8.5902012e-07
7.585179199e-01  8.6033014e-07
7.586696235e-01  8.6231163e-07
7.588213574e-01  8.6513823e-07
7.589731217e-01  8.6894783e-07
7.591249163e-01  8.7380244e-07
7.592767413e-01  8.7965222e-07
7.594285967e-01  8.8631499e-07
7.595804824e-01  8.9348083e-07
7.597323985e-01  9.0074416e-07
7.598843449e-01  9.0765759e-07
7.600363218e-01  9.1379454e-07
7.601883291e-01  9.1880461e-07
7.603403667e-01  9.2244997e-07
7.604924348e-01  9.2461728e-07
7.606445333e-01  9.2530886e-07
7.607966622e-01  9.2462207e-07
7.609488215e-01  9.2272648e-07
7.611010113e-01  9.1984584e-07
7.612532315e-01  9.1624586e-07
7.614054822e-01  9.1222424e-07
7.615577633e-01  9.0809753e-07
7.617100748e-01  9.0418017e-07
7.618624168e-01  9.0075519e-07
7.620147893e-01  8.9804086e-07
7.621671923e-01  8.9616123e-07
7.623196257e-01  8.9512936e-07
7.624720896e-01  8.9484953e-07
7.626245840e-01  8.9513914e-07
7.627771090e-01  8.9576557e-07
7.629296644e-01  8.9648896e-07
7.630822503e-01  8.9710108e-07
7.632348668e-01  8.9745207e-07
7.633875137e-01  8.9746124e-07
7.635401912e-01  8.9711266e-07
7.636928993e-01  8.9643938e-07
7.638456379e-01  8.9550231e-07
7.639984070e-01  8.9436981e-07
7.641512067e-01  8.9310247e-07
7.643040369e-01  8.9174517e-07
7.644568977e-01  8.9032588e-07
7.646097891e-01  8.8885947e-07
7.647627111e-01  8.8735344e-07
7.649156636e-01  8.8581309e-07
7.650686467e-01  8.8424509e-07
7.652216605e-01  8.8265891e-07
7.653747048e-01  8.8106695e-07
7.655277797e-01  8.7948389e-07
7.656808853e-01  8.7792587e-07
7.658340215e-01  8.7640944e-07
7.659871883e-01  8.7494990e-07
7.661403857e-01  8.7355940e-07
7.662936138e-01  8.7224497e-07
7.664468725e-01  8.7100747e-07
7.666001619e-01  8.6984199e-07
7.667534819e-01  8.6874002e-07
7.669068326e-01  8.6769255e-07
7.670602140e-01  8.6669322e-07
7.672136260e-01  8.6574029e-07
7.673670687e-01  8.6483662e-07
7.675205422e-01  8.6398820e-07
7.676740463e-01  8.6320172e-07
7.678275811e-01  8.6248209e-07
7.679811466e-01  8.6183095e-07
7.681347428e-01  8.6124624e-07
7.682883698e-01  8.6072271e-07
7.684420274e-01  8.6025309e-07
7.685957159e-01  8.5982944e-07
7.687494350e-01  8.5944409e-07
7.689031849e-01  8.5909035e-07
7.690569655e-01  8.5876290e-07
7.692107769e-01  8.5845769e-07
7.693646191e-01  8.5817178e-07
7.695184920e-01  8.5790319e-07
7.696723957e-01  8.5765069e-07
7.698263302e-01  8.5741371e-07
7.699802954e-01  8.5719231e-07
7.701342915e-01  8.5698726e-07
7.702883184e-01  8.5679983e-07
7.704423760e-01  8.5663151e-07
7.705964645e-01  8.5648372e-07
7.707505838e-01  8.5635744e-07
7.709047339e-01  8.5625288e-07
7.710589148e-01  8.5616939e-07
7.712131266e-01  8.5610560e-07
7.713673693e-01  8.5605954e-07
7.715216427e-01  8.5602890e-07
7.716759471e-01  8.5601123e-07
7.718302822e-01  8.5600414e-07
7.719846483e-01  8.5600538e-07
7.721390452e-01  8.5601294e-07
7.722934730e-01  8.5602514e-07
7.724479317e-01  8.5604070e-07
7.726024213e-01  8.5605877e-07
7.727569418e-01  8.5607887e-07
7.729114932e-01  8.5610088e-07
7.730660755e-01  8.5612491e-07
7.732206887e-01  8.5615118e-07
7.733753328e-01  8.5617991e-07
7.735300079e-01  8.5621126e-07
7.736847139e-01  8.5624526e-07
7.738394509e-01  8.5628187e-07
7.739942188e-01  8.5632095e-07
7.741490176e-01  8.5636231e-07
7.743038474e-01  8.5640574e-07
7.744587082e-01  8.5645102e-07
7.746135999e-01  8.5649793e-07
7.747685226e-01  8.5654628e-07
7.749234763e-01  8.5659586e-07
7.750784610e-01  8.5664648e-07
7.752334767e-01  8.5669797e-07
7.753885234e-01  8.5675014e-07
7.755436011e-01  8.5680284e-07
7.756987098e-01  8.5685591e-07
7.758538496e-01  8.5690916e-07
7.760090204e-01  8.5696242e-07
7.761642222e-01  8.5701548e-07
7.763194550e-01  8.5706809e-07
7.764747189e-01  8.5712000e-07
7.766300138e-01  8.5717094e-07
7.767853398e-01  8.5722062e-07
7.769406969e-01  8.5726878e-07
7.770960850e-01  8.5731514e-07
7.772515043e-01  8.5735945e-07
7.774069546e-01  8.5740146e-07
7.775624360e-01  8.5744091e-07
7.777179484e-01  8.5747759e-07
7.778734920e-01  8.5751126e-07
7.780290667e-01  8.5754171e-07
7.781846725e-01  8.5756876e-07
7.783403095e-01  8.5759222e-07
7.784959775e-01  8.5761193e-07
7.786516767e-01  8.5762774e-07
7.788074071e-01  8.5763952e-07
7.789631686e-01  8.5764717e-07
7.791189612e-01  8.5765060e-07
7.792747850e-01  8.5764978e-07
7.794306399e-01  8.5764471e-07
7.795865261e-01  8.5763544e-07
7.797424434e-01  8.5762206e-07
7.798983919e-01  8.5760463e-07
7.800543715e-01  8.5758321e-07
7.802103824e-01  8.5755784e-07
7.803664245e-01  8.5752849e-07
7.805224978e-01  8.5749513e-07
7.806786023e-01  8.5745772e-07
7.808347380e-01  8.5741624e-07
7.809909049e-01  8.5737075e-07
7.811471031e-01  8.5732132e-07
7.813033325e-01  8.5726810e-07
7.814595932e-01  8.5721127e-07
7.816158851e-01  8.5715104e-07
7.817722083e-01  8.5708763e-07
7.819285627e-01  8.5702126e-07
7.820849485e-01  8.5695213e-07
7.822413654e-01  8.5688050e-07
7.823978137e-01  8.5680661e-07
7.825542933e-01  8.5673073e-07
7.827108041e-01  8.5665314e-07
7.828673463e-01  8.5657415e-07
7.830239198e-01  8.5649401e-07
7.831805246e-01  8.5641300e-07
7.833371607e-01  8.5633132e-07
7.834938281e-01  8.5624916e-07
7.836505269e-01  8.5616666e-07
7.838072570e-01  8.5608394e-07
7.839640184e-01  8.5600110e-07
7.841208112e-01  8.5591824e-07
7.842776354e-01  8.5583548e-07
7.844344909e-01  8.5575294e-07
7.845913778e-01  8.5567077e-07
7.847482961e-01  8.5558916e-07
7.849052457e-01  8.5550830e-07
7.850622268e-01  8.5542842e-07
7.852192392e-01  8.5534971e-07
7.853762831e-01  8.5527240e-07
7.855333583e-01  8.5519665e-07
7.856904650e-01  8.5512259e-07
7.858476031e-01  8.5505029e-07
7.860047726e-01  8.5497976e-07
7.861619736e-01  8.5491099e-07
7.863192060e-01  8.5484392e-07
7.864764698e-01  8.5477846e-07
7.866337651e-01  8.5471454e-07
7.867910919e-01  8.5465208e-07
7.869484501e-01  8.5459101e-07
7.871058398e-01  8.5453128e-07
7.872632609e-01  8.5447286e-07
7.874207136e-01  8.5441572e-07
7.875781977e-01  8.5435983e-07
7.877357134e-01  8.5430516e-07
7.878932605e-01  8.5425169e-07
7.880508392e-01  8.5419936e-07
7.882084493e-01  8.5414815e-07
7.883660910e-01  8.5409802e-07
7.885237642e-01  8.5404890e-07
7.886814690e-01  8.5400075e-07
7.888392053e-01  8.5395351e-07
7.889969731e-01  8.5390707e-07
7.891547725e-01  8.5386136e-07
7.893126035e-01  8.5381625e-07
7.894704660e-01  8.5377164e-07
7.896283601e-01  8.5372743e-07
7.897862858e-01  8.5368354e-07
7.899442430e-01  8.5363993e-07
7.901022319e-01  8.5359659e-07
7.902602523e-01  8.5355351e-07
7.904183044e-01  8.5351070e-07
7.905763880e-01  8.5346813e-07
7.907345033e-01  8.5342575e-07
7.908926502e-01  8.5338350e-07
7.910508287e-01  8.5334129e-07
7.912090389e-01  8.5329904e-07
7.913672807e-01  8.5325672e-07
7.915255542e-01  8.5321432e-07
7.916838593e-01  8.5317187e-07
7.918421961e-01  8.5312942e-07
7.920005645e-01  8.5308703e-07
7.921589646e-01  8.5304477e-07
7.923173964e-01  8.5300266e-07
7.924758599e-01  8.5296074e-07
7.926343550e-01  8.5291903e-07
7.927928819e-01  8.5287753e-07
7.929514405e-01  8.5283624e-07
7.931100308e-01  8.5279519e-07
7.932686528e-01  8.5275442e-07
7.934273065e-01  8.5271400e-07
7.935859920e-01  8.5267404e-07
7.937447092e-01  8.5263470e-07
7.939034581e-01  8.5259615e-07
7.940622388e-01  8.5255855e-07
7.942210513e-01  8.5252204e-07
7.943798955e-01  8.5248671e-07
7.945387714e-01  8.5245261e-07
7.946976792e-01  8.5241972e-07
7.948566187e-01  8.5238800e-07
7.950155901e-01  8.5235740e-07
7.951745932e-01  8.5232785e-07
7.953336281e-01  8.5229930e-07
7.954926948e-01  8.5227171e-07
7.956517934e-01  8.5224501e-07
7.958109237e-01  8.5221913e-07
7.959700859e-01  8.5219398e-07
7.961292799e-01  8.5216946e-07
7.962885058e-01  8.5214547e-07
7.964477635e-01  8.5212193e-07
7.966070530e-01  8.5209878e-07
7.967663744e-01  8.5207603e-07
7.969257277e-01  8.5205371e-07
7.970851129e-01  8.5203186e-07
7.972445299e-01  8.5201054e-07
7.974039788e-01  8.5198981e-07
7.975634596e-01  8.5196969e-07
7.977229723e-01  8.5195019e-07
7.978825169e-01  8.5193131e-07
7.980420934e-01  8.5191303e-07
7.982017018e-01  8.5189532e-07
7.983613421e-01  8.5187817e-07
7.985210144e-01  8.5186153e-07
7.986807186e-01  8.5184540e-07
7.988404548e-01  8.5182974e-07
7.990002228e-01  8.5181452e-07
7.991600229e-01  8.5179967e-07
7.993198549e-01  8.5178515e-07
7.994797189e-01  8.5177090e-07
7.996396148e-01  8.5175686e-07
7.997995427e-01  8.5174299e-07
7.999595026e-01  8.5172928e-07
8.001194945e-01  8.5171573e-07
8.002795184e-01  8.5170234e-07
8.004395743e-01  8.5168914e-07
8.005996623e-01  8.5167613e-07
8.007597822e-01  8.5166330e-07
8.009199341e-01  8.5165066e-07
8.010801181e-01  8.5163820e-07
8.012403342e-01  8.5162594e-07
8.014005822e-01  8.5161390e-07
8.015608623e-01  8.5160216e-07
8.017211745e-01  8.5159080e-07
8.018815187e-01  8.5157995e-07
8.020418951e-01  8.5156975e-07
8.022023034e-01  8.5156032e-07
8.023627439e-01  8.5155179e-07
8.025232164e-01  8.5154421e-07
8.026837211e-01  8.5153761e-07
8.028442578e-01  8.5153197e-07
8.030048267e-01  8.5152723e-07
8.031654276e-01  8.5152333e-07
8.033260607e-01  8.5152021e-07
8.034867259e-01  8.5151784e-07
8.036474233e-01  8.5151620e-07
8.038081528e-01  8.5151531e-07
8.039689144e-01  8.5151518e-07
8.041297082e-01  8.5151584e-07
8.042905341e-01  8.5151732e-07
8.044513922e-01  8.5151965e-07
8.046122825e-01  8.5152288e-07
8.047732050e-01  8.5152708e-07
8.049341596e-01  8.5153235e-07
8.050951464e-01  8.5153884e-07
8.052561655e-01  8.5154668e-07
8.054172167e-01  8.5155606e-07
8.055783001e-01  8.5156712e-07
8.057394158e-01  8.5158000e-07
8.059005637e-01  8.5159478e-07
8.060617438e-01  8.5161154e-07
8.062229562e-01  8.5163031e-07
8.063842007e-01  8.5165109e-07
8.065454776e-01  8.5167390e-07
8.067067867e-01  8.5169871e-07
8.068681280e-01  8.5172550e-07
8.070295017e-01  8.5175421e-07
8.071909076e-01  8.5178478e-07
8.073523457e-01  8.5181710e-07
8.075138162e-01  8.5185107e-07
8.076753190e-01  8.5188653e-07
8.078368540e-01  8.5192333e-07
8.079984214e-01  8.5196132e-07
8.081600211e-01  8.5200031e-07
8.083216531e-01  8.5204016e-07
8.084833174e-01  8.5208072e-07
8.086450141e-01  8.5212188e-07
8.088067431e-01  8.5216353e-07
8.089685044e-01  8.5220560e-07
8.091302981e-01  8.5224803e-07
8.092921242e-01  8.5229073e-07
8.094539826e-01  8.5233367e-07
8.096158734e-01  8.5237678e-07
8.097777966e-01  8.5242004e-07
8.099397522e-01  8.5246346e-07
8.101017401e-01  8.5250707e-07
8.102637605e-01  8.5255093e-07
8.104258132e-01  8.5259513e-07
8.105878984e-01  8.5263972e-07
8.107500160e-01  8.5268473e-07
8.109121660e-01  8.5273015e-07
8.110743484e-01  8.5277593e-07
8.112365633e-01  8.5282201e-07
8.113988106e-01  8.5286833e-07
8.115610903e-01  8.5291484e-07
8.117234026e-01  8.5296153e-07
8.118857472e-01  8.5300841e-07
8.120481244e-01  8.5305548e-07
8.122105340e-01  8.5310276e-07
8.123729761e-01  8.5315021e-07
8.125354507e-01  8.5319776e-07
8.126979578e-01  8.5324530e-07
8.128604974e-01  8.5329264e-07
8.130230695e-01  8.5333956e-07
8.131856741e-01  8.5338582e-07
8.133483112e-01  8.5343119e-07
8.135109809e-01  8.5347550e-07
8.136736831e-01  8.5351866e-07
8.138364178e-01  8.5356069e-07
8.139991851e-01  8.5360170e-07
8.141619850e-01  8.5364185e-07
8.143248174e-01  8.5368135e-07
8.144876823e-01  8.5372033e-07
8.146505799e-01  8.5375889e-07
8.148135100e-01  8.5379701e-07
8.149764727e-01  8.5383463e-07
8.151394680e-01  8.5387159e-07
8.153024959e-01  8.5390769e-07
8.154655564e-01  8.5394264e-07
8.156286495e-01  8.5397603e-07
8.157917752e-01  8.5400728e-07
8.159549336e-01  8.5403565e-07
8.161181245e-01  8.5406024e-07
8.162813482e-01  8.5408011e-07
8.164446044e-01  8.5409446e-07
8.166078934e-01  8.5410281e-07
8.167712149e-01  8.5410510e-07
8.169345692e-01  8.5410174e-07
8.170979561e-01  8.5409349e-07
8.172613757e-01  8.5408121e-07
8.174248280e-01  8.5406566e-07
8.175883129e-01  8.5404731e-07
8.177518306e-01  8.5402626e-07
8.179153810e-01  8.5400235e-07
8.180789640e-01  8.5397532e-07
8.182425798e-01  8.5394493e-07
8.184062283e-01  8.5391117e-07
8.185699096e-01  8.5387417e-07
8.187336236e-01  8.5383416e-07
8.188973703e-01  8.5379134e-07
8.190611498e-01  8.5374574e-07
8.192249620e-01  8.5369718e-07
8.193888070e-01  8.5364527e-07
8.195526847e-01  8.5358951e-07
8.197165953e-01  8.5352935e-07
8.198805386e-01  8.5346438e-07
8.200445147e-01  8.5339446e-07
8.202085236e-01  8.5331984e-07
8.203725653e-01  8.5324120e-07
8.205366398e-01  8.5315962e-07
8.207007472e-01  8.5307645e-07
8.208648873e-01  8.5299310e-07
8.210290603e-01  8.5291090e-07
8.211932661e-01  8.5283096e-07
8.213575048e-01  8.5275415e-07
8.215217763e-01  8.5268116e-07
8.216860806e-01  8.5261250e-07
8.218504178e-01  8.5254849e-07
8.220147879e-01  8.5248915e-07
8.221791909e-01  8.5243393e-07
8.223436267e-01  8.5238159e-07
8.225080954e-01  8.5233006e-07
8.226725970e-01  8.5227664e-07
8.228371316e-01  8.5221832e-07
8.230016990e-01  8.5215242e-07
8.231662993e-01  8.5207708e-07
8.233309326e-01  8.5199178e-07
8.234955988e-01  8.5189744e-07
8.236602979e-01  8.5179617e-07
8.238250300e-01  8.5169084e-07
8.239897950e-01  8.5158445e-07
8.241545929e-01  8.5147965e-07
8.243194238e-01  8.5137841e-07
8.244842877e-01  8.5128191e-07
8.246491846e-01  8.5119072e-07
8.248141144e-01  8.5110491e-07
8.249790772e-01  8.5102423e-07
8.251440731e-01  8.5094820e-07
8.253091019e-01  8.5087614e-07
8.254741637e-01  8.5080720e-07
8.256392585e-01  8.5074045e-07
8.258043864e-01  8.5067505e-07
8.259695473e-01  8.5061039e-07
8.261347412e-01  8.5054628e-07
8.262999681e-01  8.5048300e-07
8.264652281e-01  8.5042123e-07
8.266305212e-01  8.5036184e-07
8.267958473e-01  8.5030566e-07
8.269612064e-01  8.5025322e-07
8.271265987e-01  8.5020458e-07
8.272920240e-01  8.5015928e-07
8.274574824e-01  8.5011645e-07
8.276229739e-01  8.5007504e-07
8.277884985e-01  8.5003398e-07
8.279540562e-01  8.4999242e-07
8.281196470e-01  8.4994982e-07
8.282852709e-01  8.4990594e-07
8.284509280e-01  8.4986077e-07
8.286166182e-01  8.4981449e-07
8.287823415e-01  8.4976734e-07
8.289480980e-01  8.4971961e-07
8.291138876e-01  8.4967167e-07
8.292797104e-01  8.4962395e-07
8.294455663e-01  8.4957696e-07
8.296114554e-01  8.4953122e-07
8.297773777e-01  8.4948719e-07
8.299433332e-01  8.4944518e-07
8.301093218e-01  8.4940530e-07
8.302753437e-01  8.4936740e-07
8.304413988e-01  8.4933120e-07
8.306074871e-01  8.4929631e-07
8.307736086e-01  8.4926243e-07
8.309397633e-01  8.4922943e-07
8.311059512e-01  8.4919732e-07
8.312721724e-01  8.4916629e-07
8.314384269e-01  8.4913653e-07
8.316047145e-01  8.4910810e-07
8.317710355e-01  8.4908091e-07
8.319373897e-01  8.4905468e-07
8.321037772e-01  8.4902901e-07
8.322701979e-01  8.4900355e-07
8.324366520e-01  8.4897810e-07
8.326031393e-01  8.4895270e-07
8.327696599e-01  8.4892759e-07
8.329362139e-01  8.4890319e-07
8.331028011e-01  8.4887987e-07
8.332694217e-01  8.4885790e-07
8.334360755e-01  8.4883735e-07
8.336027628e-01  8.4881807e-07
8.337694833e-01  8.4879977e-07
8.339362372e-01  8.4878209e-07
8.341030245e-01  8.4876473e-07
8.342698451e-01  8.4874751e-07
8.344366990e-01  8.4873037e-07
8.346035864e-01  8.4871342e-07
8.347705071e-01  8.4869684e-07
8.349374612e-01  8.4868086e-07
8.351044487e-01  8.4866574e-07
8.352714696e-01  8.4865163e-07
8.354385239e-01  8.4863867e-07
8.356056116e-01  8.4862688e-07
8.357727327e-01  8.4861626e-07
8.359398872e-01  8.4860672e-07
8.361070752e-01  8.4859816e-07
8.362742966e-01  8.4859047e-07
8.364415515e-01  8.4858354e-07
8.366088398e-01  8.4857725e-07
8.367761616e-01  8.4857150e-07
8.369435168e-01  8.4856619e-07
8.371109055e-01  8.4856124e-07
8.372783277e-01  8.4855657e-07
8.374457833e-01  8.4855212e-07
8.376132725e-01  8.4854786e-07
8.377807952e-01  8.4854377e-07
8.379483513e-01  8.4853984e-07
8.381159410e-01  8.4853610e-07
8.382835642e-01  8.4853258e-07
8.384512209e-01  8.4852933e-07
8.386189111e-01  8.4852637e-07
8.387866349e-01  8.4852376e-07
8.389543922e-01  8.4852150e-07
8.391221831e-01  8.4851961e-07
8.392900076e-01  8.4851808e-07
8.394578656e-01  8.4851689e-07
8.396257571e-01  8.4851605e-07
8.397936823e-01  8.4851556e-07
8.399616410e-01  8.4851549e-07
8.401296333e-01  8.4851592e-07
8.402976593e-01  8.4851696e-07
8.404657188e-01  8.4851874e-07
8.406338119e-01  8.4852136e-07
8.408019387e-01  8.4852486e-07
8.409700991e-01  8.4852922e-07
8.411382931e-01  8.4853434e-07
8.413065208e-01  8.4854011e-07
8.414747821e-01  8.4854634e-07
8.416430770e-01  8.4855291e-07
8.418114057e-01  8.4855970e-07
8.419797679e-01  8.4856669e-07
8.421481639e-01  8.4857389e-07
8.423165935e-01  8.4858140e-07
8.424850568e-01  8.4858934e-07
8.426535538e-01  8.4859786e-07
8.428220846e-01  8.4860706e-07
8.429906490e-01  8.4861704e-07
8.431592471e-01  8.4862784e-07
8.433278790e-01  8.4863941e-07
8.434965445e-01  8.4865169e-07
8.436652438e-01  8.4866457e-07
8.438339769e-01  8.4867790e-07
8.440027437e-01  8.4869155e-07
8.441715442e-01  8.4870542e-07
8.443403785e-01  8.4871943e-07
8.445092466e-01  8.4873357e-07
8.446781485e-01  8.4874790e-07
8.448470841e-01  8.4876253e-07
8.450160535e-01  8.4877762e-07
8.451850567e-01  8.4879335e-07
8.453540937e-01  8.4880989e-07
8.455231646e-01  8.4882739e-07
8.456922692e-01  8.4884594e-07
8.458614076e-01  8.4886558e-07
8.460305799e-01  8.4888632e-07
8.461997860e-01  8.4890816e-07
8.463690260e-01  8.4893113e-07
8.465382998e-01  8.4895535e-07
8.467076075e-01  8.4898095e-07
8.468769490e-01  8.4900815e-07
8.470463244e-01  8.4903718e-07
8.472157336e-01  8.4906820e-07
8.473851768e-01  8.4910135e-07
8.475546538e-01  8.4913663e-07
8.477241648e-01  8.4917400e-07
8.478937096e-01  8.4921334e-07
8.480632883e-01  8.4925452e-07
8.482329010e-01  8.4929745e-07
8.484025476e-01  8.4934204e-07
8.485722281e-01  8.4938826e-07
8.487419425e-01  8.4943613e-07
8.489116909e-01  8.4948567e-07
8.490814732e-01  8.4953688e-07
8.492512895e-01  8.4958980e-07
8.494211398e-01  8.4964441e-07
8.495910240e-01  8.4970070e-07
8.497609422e-01  8.4975866e-07
8.499308944e-01  8.4981820e-07
8.501008806e-01  8.4987923e-07
8.502709008e-01  8.4994155e-07
8.504409550e-01  8.5000494e-07
8.506110431e-01  8.5006906e-07
8.507811654e-01  8.5013357e-07
8.509513216e-01  8.5019805e-07
8.511215119e-01  8.5026211e-07
8.512917362e-01  8.5032535e-07
8.514619945e-01  8.5038736e-07
8.516322869e-01  8.5044775e-07
8.518026134e-01  8.5050611e-07
8.519729739e-01  8.5056198e-07
8.521433685e-01  8.5061484e-07
8.523137971e-01  8.5066414e-07
8.524842599e-01  8.5070929e-07
8.526547568e-01  8.5074968e-07
8.528252877e-01  8.5078477e-07
8.529958528e-01  8.5081407e-07
8.531664519e-01  8.5083723e-07
8.533370852e-01  8.5085406e-07
8.535077526e-01  8.5086458e-07
8.536784542e-01  8.5086897e-07
8.538491899e-01  8.5086763e-07
8.540199597e-01  8.5086104e-07
8.541907637e-01  8.5084979e-07
8.543616019e-01  8.5083447e-07
8.545324742e-01  8.5081564e-07
8.547033807e-01  8.5079382e-07
8.548743214e-01  8.5076944e-07
8.550452962e-01  8.5074285e-07
8.552163053e-01  8.5071433e-07
8.553873485e-01  8.5068409e-07
8.555584260e-01  8.5065231e-07
8.557295377e-01  8.5061910e-07
8.559006836e-01  8.5058460e-07
8.560718637e-01  8.5054894e-07
8.562430781e-01  8.5051230e-07
8.564143267e-01  8.5047489e-07
8.565856096e-01  8.5043693e-07
8.567569267e-01  8.5039867e-07
8.569282781e-01  8.5036031e-07
8.570996638e-01  8.5032197e-07
8.572710837e-01  8.5028370e-07
8.574425379e-01  8.5024544e-07
8.576140264e-01  8.5020705e-07
8.577855492e-01  8.5016832e-07
8.579571063e-01  8.5012906e-07
8.581286978e-01  8.5008905e-07
8.583003235e-01  8.5004815e-07
8.584719836e-01  8.5000625e-07
8.586436780e-01  8.4996328e-07
8.588154067e-01  8.4991922e-07
8.589871698e-01  8.4987406e-07
8.591589672e-01  8.4982783e-07
8.593307990e-01  8.4978053e-07
8.595026652e-01  8.4973220e-07
8.596745657e-01  8.4968286e-07
8.598465006e-01  8.4963259e-07
8.600184699e-01  8.4958148e-07
8.601904736e-01  8.4952966e-07
8.603625117e-01  8.4947729e-07
8.605345842e-01  8.4942453e-07
8.607066911e-01  8.4937155e-07
8.608788325e-01  8.4931848e-07
8.610510082e-01  8.4926541e-07
8.612232184e-01  8.4921238e-07
8.613954631e-01  8.4915938e-07
8.615677422e-01  8.4910636e-07
8.617400557e-01  8.4905322e-07
8.619124037e-01  8.4899987e-07
8.620847862e-01  8.4894622e-07
8.622572032e-01  8.4889225e-07
8.624296546e-01  8.4883797e-07
8.626021405e-01  8.4878347e-07
8.627746610e-01  8.4872894e-07
8.629472159e-01  8.4867459e-07
8.631198053e-01  8.4862071e-07
8.632924293e-01  8.4856759e-07
8.634650878e-01  8.4851552e-07
8.636377808e-01  8.4846475e-07
8.638105084e-01  8.4841546e-07
8.639832705e-01  8.4836778e-07
8.641560671e-01  8.4832175e-07
8.643288983e-01  8.4827737e-07
8.645017641e-01  8.4823458e-07
8.646746645e-01  8.4819332e-07
8.648475994e-01  8.4815348e-07
8.650205689e-01  8.4811498e-07
8.651935730e-01  8.4807772e-07
8.653666117e-01  8.4804159e-07
8.655396851e-01  8.4800644e-07
8.657127930e-01  8.4797214e-07
8.658859356e-01  8.4793851e-07
8.660591127e-01  8.4790537e-07
8.662323246e-01  8.4787259e-07
8.664055710e-01  8.4784002e-07
8.665788521e-01  8.4780760e-07
8.667521679e-01  8.4777531e-07
8.669255183e-01  8.4774315e-07
8.670989034e-01  8.4771123e-07
8.672723232e-01  8.4767965e-07
8.674457777e-01  8.4764861e-07
8.676192668e-01  8.4761832e-07
8.677927907e-01  8.4758905e-07
8.679663493e-01  8.4756104e-07
8.681399425e-01  8.4753450e-07
8.683135705e-01  8.4750950e-07
8.684872332e-01  8.4748597e-07
8.686609307e-01  8.4746365e-07
8.688346629e-01  8.4744214e-07
8.690084298e-01  8.4742094e-07
8.691822315e-01  8.4739959e-07
8.693560679e-01  8.4737774e-07
8.695299391e-01  8.4735521e-07
8.697038451e-01  8.4733206e-07
8.698777859e-01  8.4730852e-07
8.700517615e-01  8.4728494e-07
8.702257718e-01  8.4726168e-07
8.703998170e-01  8.4723902e-07
8.705738969e-01  8.4721718e-07
8.707480117e-01  8.4719622e-07
8.709221613e-01  8.4717617e-07
8.710963457e-01  8.4715695e-07
8.712705650e-01  8.4713853e-07
8.714448191e-01  8.4712086e-07
8.716191081e-01  8.4710392e-07
8.717934319e-01  8.4708771e-07
8.719677906e-01  8.4707225e-07
8.721421842e-01  8.4705752e-07
8.723166126e-01  8.4704349e-07
8.724910759e-01  8.4703013e-07
8.726655741e-01  8.4701736e-07
8.728401072e-01  8.4700509e-07
8.730146753e-01  8.4699326e-07
8.731892782e-01  8.4698180e-07
8.733639161e-01  8.4697066e-07
8.735385888e-01  8.4695984e-07
8.737132966e-01  8.4694935e-07
8.738880392e-01  8.4693922e-07
8.740628168e-01  8.4692950e-07
8.742376294e-01  8.4692022e-07
8.744124769e-01  8.4691144e-07
8.745873594e-01  8.4690319e-07
8.747622769e-01  8.4689549e-07
8.749372293e-01  8.4688836e-07
8.751122168e-01  8.4688182e-07
8.752872392e-01  8.4687587e-07
8.754622967e-01  8.4687052e-07
8.756373891e-01  8.4686574e-07
8.758125166e-01  8.4686151e-07
8.759876791e-01  8.4685777e-07
8.761628766e-01  8.4685448e-07
8.763381092e-01  8.4685159e-07
8.765133768e-01  8.4684905e-07
8.766886795e-01  8.4684685e-07
8.768640173e-01  8.4684499e-07
8.770393901e-01  8.4684347e-07
8.772147979e-01  8.4684231e-07
8.773902409e-01  8.4684152e-07
8.775657189e-01  8.4684112e-07
8.777412321e-01  8.4684108e-07
8.779167803e-01  8.4684138e-07
8.780923637e-01  8.4684200e-07
8.782679822e-01  8.4684290e-07
8.784436358e-01  8.4684406e-07
8.786193245e-01  8.4684548e-07
8.787950484e-01  8.4684719e-07
8.789708074e-01  8.4684924e-07
8.791466015e-01  8.4685169e-07
8.793224308e-01  8.4685461e-07
8.794982953e-01  8.4685806e-07
8.796741950e-01  8.4686209e-07
8.798501298e-01  8.4686670e-07
8.800260999e-01  8.4687187e-07
8.802021051e-01  8.4687759e-07
8.803781455e-01  8.4688379e-07
8.805542211e-01  8.4689044e-07
8.807303320e-01  8.4689752e-07
8.809064780e-01  8.4690500e-07
8.810826593e-01  8.4691288e-07
8.812588759e-01  8.4692114e-07
8.814351276e-01  8.4692976e-07
8.816114147e-01  8.4693869e-07
8.817877369e-01  8.4694790e-07
8.819640945e-01  8.4695732e-07
8.821404873e-01  8.4696690e-07
8.823169154e-01  8.4697661e-07
8.824933788e-01  8.4698644e-07
8.826698775e-01  8.4699634e-07
8.828464114e-01  8.4700630e-07
8.830229807e-01  8.4701622e-07
8.831995853e-01  8.4702600e-07
8.833762252e-01  8.4703548e-07
8.835529005e-01  8.4704449e-07
8.837296111e-01  8.4705290e-07
8.839063570e-01  8.4706066e-07
8.840831383e-01  8.4706779e-07
8.842599549e-01  8.4707443e-07
8.844368069e-01  8.4708081e-07
8.846136942e-01  8.4708721e-07
8.847906170e-01  8.4709389e-07
8.849675751e-01  8.4710112e-07
8.851445686e-01  8.4710905e-07
8.853215975e-01  8.4711780e-07
8.854986619e-01  8.4712739e-07
8.856757616e-01  8.4713778e-07
8.858528967e-01  8.4714887e-07
8.860300673e-01  8.4716054e-07
8.862072733e-01  8.4717262e-07
8.863845148e-01  8.4718490e-07
8.865617917e-01  8.4719710e-07
8.867391040e-01  8.4720892e-07
8.869164519e-01  8.4722005e-07
8.870938352e-01  8.4723019e-07
8.872712539e-01  8.4723910e-07
8.874487082e-01  8.4724665e-07
8.876261979e-01  8.4725282e-07
8.878037232e-01  8.4725768e-07
8.879812839e-01  8.4726137e-07
8.881588802e-01  8.4726407e-07
8.883365119e-01  8.4726597e-07
8.885141792e-01  8.4726721e-07
8.886918821e-01  8.4726788e-07
8.888696204e-01  8.4726800e-07
8.890473944e-01  8.4726753e-07
8.892252038e-01  8.4726634e-07
8.894030489e-01  8.4726427e-07
8.895809295e-01  8.4726113e-07
8.897588457e-01  8.4725671e-07
8.899367975e-01  8.4725085e-07
8.901147848e-01  8.4724343e-07
8.902928078e-01  8.4723442e-07
8.904708663e-01  8.4722389e-07
8.906489605e-01  8.4721203e-07
8.908270903e-01  8.4719915e-07
8.910052557e-01  8.4718568e-07
8.911834568e-01  8.4717216e-07
8.913616935e-01  8.4715916e-07
8.915399658e-01  8.4714728e-07
8.917182738e-01  8.4713709e-07
8.918966174e-01  8.4712907e-07
8.920749968e-01  8.4712358e-07
8.922534118e-01  8.4712084e-07
8.924318625e-01  8.4712095e-07
8.926103488e-01  8.4712384e-07
8.927888709e-01  8.4712938e-07
8.929674287e-01  8.4713736e-07
8.931460222e-01  8.4714752e-07
8.933246514e-01  8.4715966e-07
8.935033163e-01  8.4717362e-07
8.936820170e-01  8.4718931e-07
8.938607534e-01  8.4720673e-07
8.940395255e-01  8.4722595e-07
8.942183334e-01  8.4724704e-07
8.943971771e-01  8.4727006e-07
8.945760565e-01  8.4729500e-07
8.947549717e-01  8.4732174e-07
8.949339227e-01  8.4735008e-07
8.951129095e-01  8.4737974e-07
8.952919321e-01  8.4741036e-07
8.954709905e-01  8.4744162e-07
8.956500847e-01  8.4747318e-07
8.958292147e-01  8.4750470e-07
8.960083805e-01  8.4753584e-07
8.961875822e-01  8.4756617e-07
8.963668197e-01  8.4759520e-07
8.965460931e-01  8.4762243e-07
8.967254023e-01  8.4764740e-07
8.969047474e-01  8.4766983e-07
8.970841283e-01  8.4768978e-07
8.972635452e-01  8.4770773e-07
8.974429979e-01  8.4772455e-07
8.976224865e-01  8.4774144e-07
8.978020110e-01  8.4775969e-07
8.979815714e-01  8.4778034e-07
8.981611677e-01  8.4780382e-07
8.983407999e-01  8.4782966e-07
8.985204681e-01  8.4785637e-07
8.987001722e-01  8.4788154e-07
8.988799122e-01  8.4790233e-07
8.990596882e-01  8.4791604e-07
8.992395001e-01  8.4792084e-07
8.994193480e-01  8.4791615e-07
8.995992319e-01  8.4790279e-07
8.997791517e-01  8.4788266e-07
8.999591076e-01  8.4785816e-07
9.001390994e-01  8.4783158e-07
9.003191272e-01  8.4780469e-07
9.004991910e-01  8.4777855e-07
9.006792909e-01  8.4775366e-07
9.008594267e-01  8.4773019e-07
9.010395986e-01  8.4770818e-07
9.012198065e-01  8.4768755e-07
9.014000505e-01  8.4766803e-07
9.015803305e-01  8.4764899e-07
9.017606466e-01  8.4762933e-07
9.019409987e-01  8.4760759e-07
9.021213869e-01  8.4758212e-07
9.023018112e-01  8.4755139e-07
9.024822715e-01  8.4751430e-07
9.026627680e-01  8.4747043e-07
9.028433006e-01  8.4742014e-07
9.030238692e-01  8.4736460e-07
9.032044740e-01  8.4730559e-07
9.033851149e-01  8.4724529e-07
9.035657919e-01  8.4718596e-07
9.037465051e-01  8.4712954e-07
9.039272544e-01  8.4707750e-07
9.041080398e-01  8.4703062e-07
9.042888614e-01  8.4698908e-07
9.044697192e-01  8.4695256e-07
9.046506131e-01  8.4692048e-07
9.048315433e-01  8.4689221e-07
9.050125096e-01  8.4686718e-07
9.051935121e-01  8.4684505e-07
9.053745508e-01  8.4682568e-07
9.055556257e-01  8.4680913e-07
9.057367368e-01  8.4679566e-07
9.059178842e-01  8.4678556e-07
9.060990677e-01  8.4677911e-07
9.062802875e-01  8.4677636e-07
9.064615436e-01  8.4677695e-07
9.066428359e-01  8.4678006e-07
9.068241645e-01  8.4678433e-07
9.070055293e-01  8.4678806e-07
9.071869304e-01  8.4678946e-07
9.073683678e-01  8.4678700e-07
9.075498415e-01  8.4677970e-07
9.077313514e-01  8.4676727e-07
9.079128977e-01  8.4675007e-07
9.080944803e-01  8.4672893e-07
9.082760992e-01  8.4670487e-07
9.084577544e-01  8.4667888e-07
9.086394460e-01  8.4665180e-07
9.088211739e-01  8.4662428e-07
9.090029381e-01  8.4659686e-07
9.091847387e-01  8.4657003e-07
9.093665756e-01  8.4654424e-07
9.095484489e-01  8.4651981e-07
9.097303586e-01  8.4649690e-07
9.099123047e-01  8.4647535e-07
9.100942872e-01  8.4645477e-07
9.102763060e-01  8.4643458e-07
9.104583613e-01  8.4641425e-07
9.106404530e-01  8.4639352e-07
9.108225810e-01  8.4637250e-07
9.110047456e-01  8.4635172e-07
9.111869465e-01  8.4633194e-07
9.113691839e-01  8.4631395e-07
9.115514577e-01  8.4629828e-07
9.117337680e-01  8.4628513e-07
9.119161148e-01  8.4627439e-07
9.120984980e-01  8.4626582e-07
9.122809177e-01  8.4625925e-07
9.124633739e-01  8.4625464e-07
9.126458666e-01  8.4625203e-07
9.128283957e-01  8.4625130e-07
9.130109614e-01  8.4625186e-07
9.131935636e-01  8.4625253e-07
9.133762023e-01  8.4625165e-07
9.135588776e-01  8.4624743e-07
9.137415893e-01  8.4623849e-07
9.139243377e-01  8.4622439e-07
9.141071225e-01  8.4620587e-07
9.142899439e-01  8.4618487e-07
9.144728019e-01  8.4616397e-07
9.146556965e-01  8.4614578e-07
9.148386276e-01  8.4613216e-07
9.150215954e-01  8.4612366e-07
9.152045997e-01  8.4611942e-07
9.153876406e-01  8.4611737e-07
9.155707181e-01  8.4611497e-07
9.157538323e-01  8.4610993e-07
9.159369830e-01  8.4610095e-07
9.161201704e-01  8.4608806e-07
9.163033945e-01  8.4607255e-07
9.164866551e-01  8.4605652e-07
9.166699525e-01  8.4604215e-07
9.168532865e-01  8.4603108e-07
9.170366571e-01  8.4602390e-07
9.172200645e-01  8.4602005e-07
9.174035085e-01  8.4601805e-07
9.175869892e-01  8.4601595e-07
9.177705066e-01  8.4601189e-07
9.179540607e-01  8.4600454e-07
9.181376515e-01  8.4599339e-07
9.183212790e-01  8.4597871e-07
9.185049433e-01  8.4596141e-07
9.186886443e-01  8.4594268e-07
9.188723820e-01  8.4592372e-07
9.190561565e-01  8.4590547e-07
9.192399677e-01  8.4588852e-07
9.194238157e-01  8.4587310e-07
9.196077004e-01  8.4585917e-07
9.197916220e-01  8.4584660e-07
9.199755803e-01  8.4583529e-07
9.201595754e-01  8.4582527e-07
9.203436073e-01  8.4581668e-07
9.205276761e-01  8.4580971e-07
9.207117816e-01  8.4580450e-07
9.208959240e-01  8.4580101e-07
9.210801031e-01  8.4579900e-07
9.212643192e-01  8.4579801e-07
9.214485720e-01  8.4579747e-07
9.216328617e-01  8.4579685e-07
9.218171883e-01  8.4579571e-07
9.220015517e-01  8.4579384e-07
9.221859521e-01  8.4579127e-07
9.223703893e-01  8.4578823e-07
9.225548633e-01  8.4578506e-07
9.227393743e-01  8.4578214e-07
9.229239222e-01  8.4577979e-07
9.231085070e-01  8.4577823e-07
9.232931287e-01  8.4577756e-07
9.234777873e-01  8.4577778e-07
9.236624828e-01  8.4577880e-07
9.238472153e-01  8.4578048e-07
9.240319848e-01  8.4578264e-07
9.242167912e-01  8.4578504e-07
9.244016345e-01  8.4578743e-07
9.245865149e-01  8.4578949e-07
9.247714322e-01  8.4579092e-07
9.249563865e-01  8.4579145e-07
9.251413777e-01  8.4579093e-07
9.253264060e-01  8.4578930e-07
9.255114713e-01  8.4578668e-07
9.256965736e-01  8.4578334e-07
9.258817129e-01  8.4577964e-07
9.260668892e-01  8.4577602e-07
9.262521026e-01  8.4577299e-07
9.264373530e-01  8.4577112e-07
9.266226405e-01  8.4577099e-07
9.268079650e-01  8.4577319e-07
9.269933266e-01  8.4577820e-07
9.271787253e-01  8.4578620e-07
9.273641610e-01  8.4579706e-07
9.275496339e-01  8.4581018e-07
9.277351438e-01  8.4582461e-07
9.279206908e-01  8.4583918e-07
9.281062750e-01  8.4585281e-07
9.282918962e-01  8.4586479e-07
9.284775546e-01  8.4587498e-07
9.286632501e-01  8.4588391e-07
9.288489828e-01  8.4589275e-07
9.290347526e-01  8.4590307e-07
9.292205595e-01  8.4591668e-07
9.294064036e-01  8.4593535e-07
9.295922849e-01  8.4596073e-07
9.297782034e-01  8.4599433e-07
9.299641590e-01  8.4603752e-07
9.301501518e-01  8.4609153e-07
9.303361819e-01  8.4615738e-07
9.305222491e-01  8.4623563e-07
9.307083535e-01  8.4632614e-07
9.308944952e-01  8.4642768e-07
9.310806741e-01  8.4653785e-07
9.312668903e-01  8.4665308e-07
9.314531436e-01  8.4676899e-07
9.316394343e-01  8.4688095e-07
9.318257621e-01  8.4698480e-07
9.320121273e-01  8.4707756e-07
9.321985297e-01  8.4715805e-07
9.323849694e-01  8.4722720e-07
9.325714464e-01  8.4728819e-07
9.327579607e-01  8.4734618e-07
9.329445123e-01  8.4740762e-07
9.331311012e-01  8.4747915e-07
9.333177274e-01  8.4756616e-07
9.335043910e-01  8.4767110e-07
9.336910919e-01  8.4779220e-07
9.338778301e-01  8.4792289e-07
9.340646056e-01  8.4805257e-07
9.342514186e-01  8.4816870e-07
9.344382688e-01  8.4825974e-07
9.346251565e-01  8.4831818e-07
9.348120815e-01  8.4834238e-07
9.349990439e-01  8.4833652e-07
9.351860438e-01  8.4830882e-07
9.353730810e-01  8.4826863e-07
9.355601556e-01  8.4822382e-07
9.357472676e-01  8.4817947e-07
9.359344171e-01  8.4813818e-07
9.361216039e-01  8.4810141e-07
9.363088283e-01  8.4807088e-07
9.364960900e-01  8.4804907e-07
9.366833892e-01  8.4803851e-07
9.368707259e-01  8.4804040e-07
9.370581001e-01  8.4805321e-07
9.372455117e-01  8.4807222e-07
9.374329608e-01  8.4809005e-07
9.376204474e-01  8.4809803e-07
9.378079715e-01  8.4808780e-07
9.379955331e-01  8.4805274e-07
9.381831322e-01  8.4798893e-07
9.383707688e-01  8.4789561e-07
9.385584430e-01  8.4777530e-07
9.387461546e-01  8.4763366e-07
9.389339039e-01  8.4747893e-07
9.391216907e-01  8.4732105e-07
9.393095150e-01  8.4717047e-07
9.394973769e-01  8.4703672e-07
9.396852764e-01  8.4692721e-07
9.398732134e-01  8.4684650e-07
9.400611881e-01  8.4679605e-07
9.402492003e-01  8.4677472e-07
9.404372502e-01  8.4677947e-07
9.406253376e-01  8.4680639e-07
9.408134627e-01  8.4685151e-07
9.410016254e-01  8.4691155e-07
9.411898257e-01  8.4698444e-07
9.413780637e-01  8.4706955e-07
9.415663393e-01  8.4716756e-07
9.417546525e-01  8.4727980e-07
9.419430035e-01  8.4740716e-07
9.421313921e-01  8.4754875e-07
9.423198183e-01  8.4770082e-07
9.425082823e-01  8.4785658e-07
9.426967840e-01  8.4800718e-07
9.428853233e-01  8.4814360e-07
9.430739004e-01  8.4825883e-07
9.432625152e-01  8.4834933e-07
9.434511677e-01  8.4841507e-07
9.436398579e-01  8.4845812e-07
9.438285859e-01  8.4848059e-07
9.440173516e-01  8.4848310e-07
9.442061551e-01  8.4846461e-07
9.443949963e-01  8.4842394e-07
9.445838753e-01  8.4836198e-07
9.447727921e-01  8.4828342e-07
9.449617466e-01  8.4819684e-07
9.451507390e-01  8.4811278e-07
9.453397691e-01  8.4804045e-07
9.455288371e-01  8.4798465e-07
9.457179428e-01  8.4794407e-07
9.459070864e-01  8.4791179e-07
9.460962678e-01  8.4787798e-07
9.462854871e-01  8.4783345e-07
9.464747442e-01  8.4777298e-07
9.466640391e-01  8.4769701e-07
9.468533720e-01  8.4761138e-07
9.470427426e-01  8.4752526e-07
9.472321512e-01  8.4744809e-07
9.474215976e-01  8.4738668e-07
9.476110819e-01  8.4734342e-07
9.478006041e-01  8.4731596e-07
9.479901643e-01  8.4729866e-07
9.481797623e-01  8.4728498e-07
9.483693982e-01  8.4727013e-07
9.485590721e-01  8.4725289e-07
9.487487839e-01  8.4723592e-07
9.489385337e-01  8.4722429e-07
9.491283214e-01  8.4722281e-07
9.493181471e-01  8.4723312e-07
9.495080107e-01  8.4725181e-07
9.496979123e-01  8.4727032e-07
9.498878519e-01  8.4727700e-07
9.500778295e-01  8.4726059e-07
9.502678450e-01  8.4721399e-07
9.504578986e-01  8.4713700e-07
9.506479902e-01  8.4703708e-07
9.508381198e-01  8.4692778e-07
9.510282874e-01  8.4682530e-07
9.512184930e-01  8.4674429e-07
9.514087367e-01  8.4669409e-07
9.515990185e-01  8.4667646e-07
9.517893383e-01  8.4668547e-07
9.519796962e-01  8.4670937e-07
9.521700921e-01  8.4673379e-07
9.523605261e-01  8.4674547e-07
9.525509982e-01  8.4673537e-07
9.527415084e-01  8.4670044e-07
9.529320567e-01  8.4664383e-07
9.531226431e-01  8.4657349e-07
9.533132677e-01  8.4649984e-07
9.535039303e-01  8.4643303e-07
9.536946311e-01  8.4638063e-07
9.538853700e-01  8.4634628e-07
9.540761471e-01  8.4632936e-07
9.542669623e-01  8.4632580e-07
9.544578157e-01  8.4632970e-07
9.546487073e-01  8.4633497e-07
9.548396370e-01  8.4633691e-07
9.550306050e-01  8.4633299e-07
9.552216111e-01  8.4632289e-07
9.554126554e-01  8.4630797e-07
9.556037379e-01  8.4629031e-07
9.557948587e-01  8.4627182e-07
9.559860177e-01  8.4625354e-07
9.561772149e-01  8.4623540e-07
9.563684503e-01  8.4621635e-07
9.565597240e-01  8.4619481e-07
9.567510359e-01  8.4616929e-07
9.569423861e-01  8.4613905e-07
9.571337746e-01  8.4610454e-07
9.573252014e-01  8.4606749e-07
9.575166664e-01  8.4603056e-07
9.577081698e-01  8.4599675e-07
9.578997114e-01  8.4596855e-07
9.580912913e-01  8.4594742e-07
9.582829096e-01  8.4593345e-07
9.584745662e-01  8.4592542e-07
9.586662611e-01  8.4592122e-07
9.588579943e-01  8.4591830e-07
9.590497659e-01  8.4591416e-07
9.592415759e-01  8.4590678e-07
9.594334242e-01  8.4589490e-07
9.596253109e-01  8.4587817e-07
9.598172359e-01  8.4585707e-07
9.600091994e-01  8.4583270e-07
9.602012012e-01  8.4580641e-07
9.603932415e-01  8.4577953e-07
9.605853201e-01  8.4575319e-07
9.607774372e-01  8.4572837e-07
9.609695927e-01  8.4570606e-07
9.611617866e-01  8.4568725e-07
9.613540190e-01  8.4567289e-07
9.615462898e-01  8.4566355e-07
9.617385990e-01  8.4565904e-07
9.619309467e-01  8.4565821e-07
9.621233329e-01  8.4565901e-07
9.623157576e-01  8.4565902e-07
9.625082207e-01  8.4565615e-07
9.627007224e-01  8.4564930e-07
9.628932625e-01  8.4563875e-07
9.630858412e-01  8.4562600e-07
9.632784583e-01  8.4561325e-07
9.634711140e-01  8.4560256e-07
9.636638083e-01  8.4559515e-07
9.638565410e-01  8.4559098e-07
9.640493123e-01  8.4558880e-07
9.642421222e-01  8.4558666e-07
9.644349706e-01  8.4558253e-07
9.646278576e-01  8.4557500e-07
9.648207832e-01  8.4556373e-07
9.650137473e-01  8.4554954e-07
9.652067501e-01  8.4553416e-07
9.653997914e-01  8.4551968e-07
9.655928714e-01  8.4550790e-07
9.657859900e-01  8.4549978e-07
9.659791472e-01  8.4549510e-07
9.661723430e-01  8.4549247e-07
9.663655775e-01  8.4548971e-07
9.665588506e-01  8.4548448e-07
9.667521624e-01  8.4547489e-07
9.669455128e-01  8.4545998e-07
9.671389019e-01  8.4543990e-07
9.673323297e-01  8.4541573e-07
9.675257961e-01  8.4538909e-07
9.677193013e-01  8.4536164e-07
9.679128452e-01  8.4533467e-07
9.681064277e-01  8.4530897e-07
9.683000490e-01  8.4528482e-07
9.684937090e-01  8.4526228e-07
9.686874078e-01  8.4524143e-07
9.688811452e-01  8.4522252e-07
9.690749215e-01  8.4520604e-07
9.692687365e-01  8.4519254e-07
9.694625902e-01  8.4518244e-07
9.696564827e-01  8.4517579e-07
9.698504140e-01  8.4517226e-07
9.700443841e-01  8.4517109e-07
9.702383930e-01  8.4517136e-07
9.704324407e-01  8.4517216e-07
9.706265271e-01  8.4517281e-07
9.708206525e-01  8.4517296e-07
9.710148166e-01  8.4517254e-07
9.712090195e-01  8.4517167e-07
9.714032614e-01  8.4517052e-07
9.715975420e-01  8.4516922e-07
9.717918615e-01  8.4516783e-07
9.719862199e-01  8.4516641e-07
9.721806171e-01  8.4516511e-07
9.723750533e-01  8.4516426e-07
9.725695283e-01  8.4516434e-07
9.727640422e-01  8.4516595e-07
9.729585950e-01  8.4516961e-07
9.731531867e-01  8.4517564e-07
9.733478173e-01  8.4518400e-07
9.735424869e-01  8.4519421e-07
9.737371954e-01  8.4520540e-07
9.739319428e-01  8.4521646e-07
9.741267292e-01  8.4522626e-07
9.743215546e-01  8.4523388e-07
9.745164189e-01  8.4523876e-07
9.747113222e-01  8.4524080e-07
9.749062644e-01  8.4524028e-07
9.751012457e-01  8.4523768e-07
9.752962659e-01  8.4523348e-07
9.754913252e-01  8.4522794e-07
9.756864234e-01  8.4522102e-07
9.758815607e-01  8.4521239e-07
9.760767370e-01  8.4520165e-07
9.762719524e-01  8.4518854e-07
9.764672068e-01  8.4517321e-07
9.766625002e-01  8.4515630e-07
9.768578327e-01  8.4513891e-07
9.770532043e-01  8.4512240e-07
9.772486149e-01  8.4510805e-07
9.774440647e-01  8.4509682e-07
9.776395535e-01  8.4508910e-07
9.778350814e-01  8.4508469e-07
9.780306484e-01  8.4508293e-07
9.782262545e-01  8.4508291e-07
9.784218998e-01  8.4508374e-07
9.786175842e-01  8.4508467e-07
9.788133077e-01  8.4508525e-07
9.790090703e-01  8.4508521e-07
9.792048721e-01  8.4508443e-07
9.794007131e-01  8.4508276e-07
9.795965933e-01  8.4508001e-07
9.797925126e-01  8.4507595e-07
9.799884711e-01  8.4507039e-07
9.801844688e-01  8.4506327e-07
9.803805057e-01  8.4505472e-07
9.805765818e-01  8.4504511e-07
9.807726971e-01  8.4503501e-07
9.809688516e-01  8.4502507e-07
9.811650454e-01  8.4501595e-07
9.813612784e-01  8.4500820e-07
9.815575507e-01  8.4500212e-07
9.817538622e-01  8.4499783e-07
9.819502129e-01  8.4499517e-07
9.821466030e-01  8.4499384e-07
9.823430323e-01  8.4499341e-07
9.825395009e-01  8.4499348e-07
9.827360088e-01  8.4499366e-07
9.829325560e-01  8.4499371e-07
9.831291425e-01  8.4499355e-07
9.833257684e-01  8.4499324e-07
9.835224335e-01  8.4499297e-07
9.837191380e-01  8.4499302e-07
9.839158818e-01  8.4499362e-07
9.841126650e-01  8.4499496e-07
9.843094875e-01  8.4499709e-07
9.845063494e-01  8.4499995e-07
9.847032507e-01  8.4500340e-07
9.849001914e-01  8.4500727e-07
9.850971714e-01  8.4501141e-07
9.852941908e-01  8.4501579e-07
9.854912497e-01  8.4502047e-07
9.856883479e-01  8.4502561e-07
9.858854856e-01  8.4503141e-07
9.860826627e-01  8.4503811e-07
9.862798792e-01  8.4504588e-07
9.864771352e-01  8.4505481e-07
9.866744306e-01  8.4506493e-07
9.868717655e-01  8.4507614e-07
9.870691399e-01  8.4508832e-07
9.872665537e-01  8.4510128e-07
9.874640070e-01  8.4511483e-07
9.876614998e-01  8.4512881e-07
9.878590321e-01  8.4514309e-07
9.880566039e-01  8.4515761e-07
9.882542152e-01  8.4517240e-07
9.884518661e-01  8.4518763e-07
9.886495564e-01  8.4520360e-07
9.888472863e-01  8.4522080e-07
9.890450558e-01  8.4523995e-07
9.892428648e-01  8.4526197e-07
9.894407134e-01  8.4528795e-07
9.896386015e-01  8.4531909e-07
9.898365293e-01  8.4535648e-07
9.900344966e-01  8.4540091e-07
9.902325035e-01  8.4545254e-07
9.904305500e-01  8.4551059e-07
9.906286361e-01  8.4557313e-07
9.908267618e-01  8.4563701e-07
9.910249271e-01  8.4569811e-07
9.912231321e-01  8.4575185e-07
9.914213768e-01  8.4579389e-07
9.916196610e-01  8.4582099e-07
9.918179850e-01  8.4583163e-07
9.920163486e-01  8.4582636e-07
9.922147518e-01  8.4580764e-07
9.924131948e-01  8.4577933e-07
9.926116774e-01  8.4574588e-07
9.928101998e-01  8.4571146e-07
9.930087618e-01  8.4567932e-07
9.932073636e-01  8.4565145e-07
9.934060050e-01  8.4562855e-07
9.936046862e-01  8.4561027e-07
9.938034072e-01  8.4559552e-07
9.940021678e-01  8.4558290e-07
9.942009683e-01  8.4557090e-07
9.943998085e-01  8.4555818e-07
9.945986884e-01  8.4554366e-07
9.947976082e-01  8.4552662e-07
9.949965677e-01  8.4550670e-07
9.951955670e-01  8.4548390e-07
9.953946061e-01  8.4545856e-07
9.955936850e-01  8.4543124e-07
9.957928038e-01  8.4540263e-07
9.959919623e-01  8.4537346e-07
9.961911607e-01  8.4534444e-07
9.963903990e-01  8.4531623e-07
9.965896770e-01  8.4528939e-07
9.967889950e-01  8.4526438e-07
9.969883528e-01  8.4524146e-07
9.971877504e-01  8.4522064e-07
9.973871880e-01  8.4520171e-07
9.975866654e-01  8.4518424e-07
9.977861828e-01  8.4516776e-07
9.979857400e-01  8.4515187e-07
9.981853372e-01  8.4513637e-07
9.983849742e-01  8.4512128e-07
9.985846512e-01  8.4510677e-07
9.987843681e-01  8.4509302e-07
9.989841250e-01  8.4508014e-07
9.991839218e-01  8.4506806e-07
9.993837586e-01  8.4505662e-07
9.995836354e-01  8.4504559e-07
9.997835521e-01  8.4503483e-07
9.999835088e-01  8.4502435e-07
1.000183506e+00  8.4501431e-07
1.000383542e+00  8.4500497e-07
1.000583619e+00  8.4499657e-07
1.000783736e+00  8.4498921e-07
1.000983892e+00  8.4498282e-07
1.001184089e+00  8.4497712e-07
1.001384326e+00  8.4497174e-07
1.001584603e+00  8.4496631e-07
1.001784920e+00  8.4496056e-07
1.001985277e+00  8.4495441e-07
1.002185674e+00  8.4494798e-07
1.002386111e+00  8.4494155e-07
1.002586588e+00  8.4493543e-07
1.002787105e+00  8.4492989e-07
1.002987663e+00  8.4492503e-07
1.003188260e+00  8.4492080e-07
1.003388898e+00  8.4491698e-07
1.003589576e+00  8.4491328e-07
1.003790294e+00  8.4490940e-07
1.003991052e+00  8.4490517e-07
1.004191850e+00  8.4490056e-07
1.004392688e+00  8.4489567e-07
1.004593567e+00  8.4489077e-07
1.004794486e+00  8.4488611e-07
1.004995445e+00  8.4488196e-07
1.005196444e+00  8.4487847e-07
1.005397483e+00  8.4487565e-07
1.005598562e+00  8.4487339e-07
1.005799682e+00  8.4487145e-07
1.006000842e+00  8.4486959e-07
1.006202042e+00  8.4486756e-07
1.006403283e+00  8.4486519e-07
1.006604563e+00  8.4486242e-07
1.006805884e+00  8.4485931e-07
1.007007245e+00  8.4485599e-07
1.007208647e+00  8.4485263e-07
1.007410089e+00  8.4484944e-07
1.007611571e+00  8.4484658e-07
1.007813093e+00  8.4484419e-07
1.008014656e+00  8.4484232e-07
1.008216258e+00  8.4484099e-07
1.008417902e+00  8.4484011e-07
1.008619585e+00  8.4483955e-07
1.008821309e+00  8.4483911e-07
1.009023074e+00  8.4483858e-07
1.009224878e+00  8.4483778e-07
1.009426723e+00  8.4483656e-07
1.009628608e+00  8.4483485e-07
1.009830534e+00  8.4483268e-07
1.010032500e+00  8.4483012e-07
1.010234507e+00  8.4482732e-07
1.010436554e+00  8.4482446e-07
1.010638641e+00  8.4482173e-07
1.010840769e+00  8.4481928e-07
1.011042937e+00  8.4481723e-07
1.011245145e+00  8.4481562e-07
1.011447394e+00  8.4481442e-07
1.011649684e+00  8.4481353e-07
1.011852014e+00  8.4481280e-07
1.012054384e+00  8.4481207e-07
1.012256795e+00  8.4481118e-07
1.012459247e+00  8.4481002e-07
1.012661738e+00  8.4480852e-07
1.012864271e+00  8.4480670e-07
1.013066844e+00  8.4480461e-07
1.013269457e+00  8.4480233e-07
1.013472111e+00  8.4479997e-07
1.013674805e+00  8.4479761e-07
1.013877540e+00  8.4479535e-07
1.014080316e+00  8.4479324e-07
1.014283132e+00  8.4479135e-07
1.014485988e+00  8.4478970e-07
1.014688886e+00  8.4478831e-07
1.014891823e+00  8.4478715e-07
1.015094802e+00  8.4478617e-07
1.015297821e+00  8.4478529e-07
1.015500880e+00  8.4478445e-07
1.015703980e+00  8.4478354e-07
1.015907121e+00  8.4478252e-07
1.016110303e+00  8.4478136e-07
1.016313525e+00  8.4478005e-07
1.016516787e+00  8.4477862e-07
1.016720091e+00  8.4477711e-07
1.016923435e+00  8.4477556e-07
1.017126820e+00  8.4477400e-07
1.017330245e+00  8.4477247e-07
1.017533711e+00  8.4477098e-07
1.017737218e+00  8.4476954e-07
1.017940765e+00  8.4476818e-07
1.018144353e+00  8.4476691e-07
1.018347982e+00  8.4476574e-07
1.018551652e+00  8.4476469e-07
1.018755362e+00  8.4476373e-07
1.018959113e+00  8.4476283e-07
1.019162905e+00  8.4476193e-07
1.019366738e+00  8.4476100e-07
1.019570611e+00  8.4475997e-07
1.019774525e+00  8.4475884e-07
1.019978480e+00  8.4475760e-07
1.020182476e+00  8.4475629e-07
1.020386512e+00  8.4475496e-07
1.020590589e+00  8.4475367e-07
1.020794708e+00  8.4475246e-07
1.020998866e+00  8.4475135e-07
1.021203066e+00  8.4475034e-07
1.021407307e+00  8.4474941e-07
1.021611588e+00  8.4474853e-07
1.021815911e+00  8.4474768e-07
1.022020274e+00  8.4474686e-07
1.022224678e+00  8.4474607e-07
1.022429123e+00  8.4474532e-07
1.022633609e+00  8.4474461e-07
1.022838135e+00  8.4474395e-07
1.023042703e+00  8.4474331e-07
1.023247312e+00  8.4474267e-07
1.023451961e+00  8.4474196e-07
1.023656651e+00  8.4474116e-07
1.023861383e+00  8.4474024e-07
1.024066155e+00  8.4473918e-07
1.024270968e+00  8.4473800e-07
1.024475822e+00  8.4473675e-07
1.024680718e+00  8.4473545e-07
1.024885654e+00  8.4473417e-07
1.025090631e+00  8.4473294e-07
1.025295649e+00  8.4473177e-07
1.025500708e+00  8.4473070e-07
1.025705808e+00  8.4472970e-07
1.025910949e+00  8.4472880e-07
1.026116132e+00  8.4472798e-07
1.026321355e+00  8.4472726e-07
1.026526619e+00  8.4472662e-07
1.026731924e+00  8.4472605e-07
1.026937271e+00  8.4472554e-07
1.027142658e+00  8.4472505e-07
1.027348087e+00  8.4472455e-07
1.027553556e+00  8.4472399e-07
1.027759067e+00  8.4472336e-07
1.027964619e+00  8.4472265e-07
1.028170212e+00  8.4472188e-07
1.028375846e+00  8.4472107e-07
1.028581521e+00  8.4472025e-07
1.028787237e+00  8.4471944e-07
1.028992995e+00  8.4471867e-07
1.029198793e+00  8.4471794e-07
1.029404633e+00  8.4471724e-07
1.029610514e+00  8.4471658e-07
1.029816436e+00  8.4471594e-07
1.030022399e+00  8.4471532e-07
1.030228404e+00  8.4471470e-07
1.030434450e+00  8.4471411e-07
1.030640537e+00  8.4471353e-07
1.030846665e+00  8.4471299e-07
1.031052834e+00  8.4471248e-07
1.031259045e+00  8.4471200e-07
1.031465296e+00  8.4471155e-07
1.031671589e+00  8.4471111e-07
1.031877924e+00  8.4471069e-07
1.032084299e+00  8.4471027e-07
1.032290716e+00  8.4470983e-07
1.032497174e+00  8.4470938e-07
1.032703674e+00  8.4470891e-07
1.032910214e+00  8.4470843e-07
1.033116797e+00  8.4470795e-07
1.033323420e+00  8.4470746e-07
1.033530085e+00  8.4470700e-07
1.033736791e+00  8.4470658e-07
1.033943538e+00  8.4470623e-07
1.034150327e+00  8.4470601e-07
1.034357157e+00  8.4470599e-07
1.034564028e+00  8.4470628e-07
1.034770941e+00  8.4470702e-07
1.034977895e+00  8.4470839e-07
1.035184891e+00  8.4471061e-07
1.035391928e+00  8.4471388e-07
1.035599006e+00  8.4471833e-07
1.035806126e+00  8.4472401e-07
1.036013287e+00  8.4473076e-07
1.036220490e+00  8.4473823e-07
1.036427734e+00  8.4474588e-07
1.036635019e+00  8.4475307e-07
1.036842346e+00  8.4475911e-07
1.037049715e+00  8.4476347e-07
1.037257125e+00  8.4476583e-07
1.037464576e+00  8.4476618e-07
1.037672069e+00  8.4476482e-07
1.037879604e+00  8.4476225e-07
1.038087180e+00  8.4475911e-07
1.038294797e+00  8.4475599e-07
1.038502456e+00  8.4475335e-07
1.038710156e+00  8.4475144e-07
1.038917898e+00  8.4475033e-07
1.039125682e+00  8.4474988e-07
1.039333507e+00  8.4474989e-07
1.039541374e+00  8.4475011e-07
1.039749282e+00  8.4475034e-07
1.039957232e+00  8.4475045e-07
1.040165223e+00  8.4475040e-07
1.040373256e+00  8.4475024e-07
1.040581331e+00  8.4475010e-07
1.040789447e+00  8.4475016e-07
1.040997605e+00  8.4475069e-07
1.041205805e+00  8.4475193e-07
1.041414046e+00  8.4475413e-07
1.041622329e+00  8.4475748e-07
1.041830653e+00  8.4476203e-07
1.042039019e+00  8.4476772e-07
1.042247427e+00  8.4477436e-07
1.042455877e+00  8.4478167e-07
1.042664368e+00  8.4478929e-07
1.042872901e+00  8.4479692e-07
1.043081475e+00  8.4480434e-07
1.043290092e+00  8.4481142e-07
1.043498750e+00  8.4481820e-07
1.043707449e+00  8.4482483e-07
1.043916191e+00  8.4483156e-07
1.044124974e+00  8.4483869e-07
1.044333799e+00  8.4484653e-07
1.044542666e+00  8.4485536e-07
1.044751574e+00  8.4486537e-07
1.044960525e+00  8.4487662e-07
1.045169517e+00  8.4488898e-07
1.045378551e+00  8.4490208e-07
1.045587626e+00  8.4491537e-07
1.045796744e+00  8.4492810e-07
1.046005903e+00  8.4493946e-07
1.046215104e+00  8.4494872e-07
1.046424347e+00  8.4495534e-07
1.046633632e+00  8.4495918e-07
1.046842959e+00  8.4496050e-07
1.047052328e+00  8.4496005e-07
1.047261738e+00  8.4495897e-07
1.047471190e+00  8.4495865e-07
1.047680685e+00  8.4496058e-07
1.047890221e+00  8.4496615e-07
1.048099799e+00  8.4497642e-07
1.048309419e+00  8.4499199e-07
1.048519081e+00  8.4501285e-07
1.048728785e+00  8.4503831e-07
1.048938530e+00  8.4506711e-07
1.049148318e+00  8.4509753e-07
1.049358148e+00  8.4512771e-07
1.049568019e+00  8.4515589e-07
1.049777933e+00  8.4518072e-07
1.049987888e+00  8.4520138e-07
