# ------------------------------------------------------------------------
# Radiance spectrum
# NASA-GSFC Planetary Spectrum Generator (PSG) (Villanueva et al. 2018, 2022)
# Synthesized on Wed May 20 17:59:52 2026
# Doppler velocities [km/s] (vobs,vrot+vorb,vwidth,vrfl,vstr): 29.78000,-0.00000,0.00000,-0.00000,-0.00000
# Spectral unit: Wavelength [um]
# Radiance unit: Contrast [radiance ratio w.r.t. parent star]
# Wave/freq Total Stellar Object Reflected Thermal Transit
5.000000000e-01  6.6790251e-04  1.00000e+00  7.43372e-05 -0.00000e+00 -3.31604e-46  7.43372e-05
5.001000000e-01  5.0868289e-04  1.00000e+00  7.43498e-05 -0.00000e+00 -3.35220e-46  7.43498e-05
5.002000200e-01  3.8150498e-04  1.00000e+00  7.43596e-05 -0.00000e+00 -3.39453e-46  7.43596e-05
5.003000600e-01  2.8384060e-04  1.00000e+00  7.43669e-05 -0.00000e+00 -3.44271e-46  7.43669e-05
5.004001200e-01  2.1189122e-04  1.00000e+00  7.43718e-05 -0.00000e+00 -3.49620e-46  7.43718e-05
5.005002000e-01  1.6113648e-04  1.00000e+00  7.43749e-05 -0.00000e+00 -3.55433e-46  7.43749e-05
5.006003001e-01  1.2690706e-04  1.00000e+00  7.43765e-05 -0.00000e+00 -3.61638e-46  7.43765e-05
5.007004201e-01  1.0486655e-04  1.00000e+00  7.43769e-05 -0.00000e+00 -3.68168e-46  7.43769e-05
5.008005602e-01  9.1331063e-05  1.00000e+00  7.43766e-05 -0.00000e+00 -3.74967e-46  7.43766e-05
5.009007203e-01  8.3409758e-05  1.00000e+00  7.43756e-05 -0.00000e+00 -3.81990e-46  7.43756e-05
5.010009005e-01  7.8994478e-05  1.00000e+00  7.43742e-05 -0.00000e+00 -3.89204e-46  7.43742e-05
5.011011007e-01  7.6650835e-05  1.00000e+00  7.43726e-05 -0.00000e+00 -3.96590e-46  7.43726e-05
5.012013209e-01  7.5465791e-05  1.00000e+00  7.43707e-05 -0.00000e+00 -4.04135e-46  7.43707e-05
5.013015611e-01  7.4894620e-05  1.00000e+00  7.43687e-05 -0.00000e+00 -4.11832e-46  7.43687e-05
5.014018215e-01  7.4632303e-05  1.00000e+00  7.43667e-05 -0.00000e+00 -4.19679e-46  7.43667e-05
5.015021018e-01  7.4518298e-05  1.00000e+00  7.43645e-05 -0.00000e+00 -4.27676e-46  7.43645e-05
5.016024022e-01  7.4472896e-05  1.00000e+00  7.43624e-05 -0.00000e+00 -4.35826e-46  7.43624e-05
5.017027227e-01  7.4458384e-05  1.00000e+00  7.43604e-05 -0.00000e+00 -4.44129e-46  7.43604e-05
5.018030633e-01  7.4457225e-05  1.00000e+00  7.43584e-05 -0.00000e+00 -4.52591e-46  7.43584e-05
5.019034239e-01  7.4460832e-05  1.00000e+00  7.43565e-05 -0.00000e+00 -4.61212e-46  7.43565e-05
5.020038046e-01  7.4464438e-05  1.00000e+00  7.43548e-05 -0.00000e+00 -4.69997e-46  7.43548e-05
5.021042053e-01  7.4465028e-05  1.00000e+00  7.43531e-05 -0.00000e+00 -4.78947e-46  7.43531e-05
5.022046262e-01  7.4460621e-05  1.00000e+00  7.43514e-05 -0.00000e+00 -4.88066e-46  7.43514e-05
5.023050671e-01  7.4450566e-05  1.00000e+00  7.43496e-05 -0.00000e+00 -4.97356e-46  7.43496e-05
5.024055281e-01  7.4435037e-05  1.00000e+00  7.43478e-05 -0.00000e+00 -5.06820e-46  7.43478e-05
5.025060092e-01  7.4414679e-05  1.00000e+00  7.43458e-05 -0.00000e+00 -5.16461e-46  7.43458e-05
5.026065104e-01  7.4390078e-05  1.00000e+00  7.43436e-05 -0.00000e+00 -5.26282e-46  7.43436e-05
5.027070317e-01  7.4361345e-05  1.00000e+00  7.43411e-05 -0.00000e+00 -5.36286e-46  7.43411e-05
5.028075731e-01  7.4328112e-05  1.00000e+00  7.43383e-05 -0.00000e+00 -5.46475e-46  7.43383e-05
5.029081346e-01  7.4290073e-05  1.00000e+00  7.43352e-05 -0.00000e+00 -5.56853e-46  7.43352e-05
5.030087163e-01  7.4247990e-05  1.00000e+00  7.43316e-05 -0.00000e+00 -5.67423e-46  7.43316e-05
5.031093180e-01  7.4204731e-05  1.00000e+00  7.43276e-05 -0.00000e+00 -5.78187e-46  7.43276e-05
5.032099399e-01  7.4165801e-05  1.00000e+00  7.43233e-05 -0.00000e+00 -5.89151e-46  7.43233e-05
5.033105819e-01  7.4138907e-05  1.00000e+00  7.43185e-05 -0.00000e+00 -6.00318e-46  7.43185e-05
5.034112440e-01  7.4132495e-05  1.00000e+00  7.43137e-05 -0.00000e+00 -6.11694e-46  7.43137e-05
5.035119262e-01  7.4153636e-05  1.00000e+00  7.43090e-05 -0.00000e+00 -6.23286e-46  7.43090e-05
5.036126286e-01  7.4206082e-05  1.00000e+00  7.43048e-05 -0.00000e+00 -6.35100e-46  7.43048e-05
5.037133511e-01  7.4289182e-05  1.00000e+00  7.43015e-05 -0.00000e+00 -6.47144e-46  7.43015e-05
5.038140938e-01  7.4398121e-05  1.00000e+00  7.42993e-05 -0.00000e+00 -6.59425e-46  7.42993e-05
5.039148566e-01  7.4525152e-05  1.00000e+00  7.42985e-05 -0.00000e+00 -6.71950e-46  7.42985e-05
5.040156396e-01  7.4661301e-05  1.00000e+00  7.42993e-05 -0.00000e+00 -6.84724e-46  7.42993e-05
5.041164427e-01  7.4797633e-05  1.00000e+00  7.43016e-05 -0.00000e+00 -6.97754e-46  7.43016e-05
5.042172660e-01  7.4925919e-05  1.00000e+00  7.43054e-05 -0.00000e+00 -7.11043e-46  7.43054e-05
5.043181095e-01  7.5038700e-05  1.00000e+00  7.43106e-05 -0.00000e+00 -7.24594e-46  7.43106e-05
5.044189731e-01  7.5129344e-05  1.00000e+00  7.43169e-05 -0.00000e+00 -7.38411e-46  7.43169e-05
5.045198569e-01  7.5192484e-05  1.00000e+00  7.43241e-05 -0.00000e+00 -7.52496e-46  7.43241e-05
5.046207609e-01  7.5224892e-05  1.00000e+00  7.43317e-05 -0.00000e+00 -7.66851e-46  7.43317e-05
5.047216850e-01  7.5226366e-05  1.00000e+00  7.43395e-05 -0.00000e+00 -7.81477e-46  7.43395e-05
5.048226293e-01  7.5200180e-05  1.00000e+00  7.43470e-05 -0.00000e+00 -7.96375e-46  7.43470e-05
5.049235939e-01  7.5152708e-05  1.00000e+00  7.43540e-05 -0.00000e+00 -8.11547e-46  7.43540e-05
5.050245786e-01  7.5092376e-05  1.00000e+00  7.43604e-05 -0.00000e+00 -8.26998e-46  7.43604e-05
5.051255835e-01  7.5028412e-05  1.00000e+00  7.43659e-05 -0.00000e+00 -8.42731e-46  7.43659e-05
5.052266086e-01  7.4969758e-05  1.00000e+00  7.43708e-05 -0.00000e+00 -8.58751e-46  7.43708e-05
5.053276539e-01  7.4924334e-05  1.00000e+00  7.43750e-05 -0.00000e+00 -8.75066e-46  7.43750e-05
5.054287195e-01  7.4898493e-05  1.00000e+00  7.43787e-05 -0.00000e+00 -8.91683e-46  7.43787e-05
5.055298052e-01  7.4896409e-05  1.00000e+00  7.43822e-05 -0.00000e+00 -9.08611e-46  7.43822e-05
5.056309112e-01  7.4919218e-05  1.00000e+00  7.43859e-05 -0.00000e+00 -9.25860e-46  7.43859e-05
5.057320374e-01  7.4964234e-05  1.00000e+00  7.43899e-05 -0.00000e+00 -9.43438e-46  7.43899e-05
5.058331838e-01  7.5024773e-05  1.00000e+00  7.43945e-05 -0.00000e+00 -9.61354e-46  7.43945e-05
5.059343504e-01  7.5090975e-05  1.00000e+00  7.43998e-05 -0.00000e+00 -9.79616e-46  7.43998e-05
5.060355373e-01  7.5151865e-05  1.00000e+00  7.44057e-05 -0.00000e+00 -9.98229e-46  7.44057e-05
5.061367444e-01  7.5198211e-05  1.00000e+00  7.44122e-05 -0.00000e+00 -1.01720e-45  7.44122e-05
5.062379717e-01  7.5225046e-05  1.00000e+00  7.44191e-05 -0.00000e+00 -1.03653e-45  7.44191e-05
5.063392193e-01  7.5233094e-05  1.00000e+00  7.44261e-05 -0.00000e+00 -1.05623e-45  7.44261e-05
5.064404872e-01  7.5228250e-05  1.00000e+00  7.44331e-05 -0.00000e+00 -1.07629e-45  7.44331e-05
5.065417753e-01  7.5219384e-05  1.00000e+00  7.44399e-05 -0.00000e+00 -1.09673e-45  7.44399e-05
5.066430836e-01  7.5215199e-05  1.00000e+00  7.44466e-05 -0.00000e+00 -1.11755e-45  7.44466e-05
5.067444122e-01  7.5221470e-05  1.00000e+00  7.44532e-05 -0.00000e+00 -1.13876e-45  7.44532e-05
5.068457611e-01  7.5239698e-05  1.00000e+00  7.44599e-05 -0.00000e+00 -1.16037e-45  7.44599e-05
5.069471303e-01  7.5267501e-05  1.00000e+00  7.44668e-05 -0.00000e+00 -1.18240e-45  7.44668e-05
5.070485197e-01  7.5300409e-05  1.00000e+00  7.44739e-05 -0.00000e+00 -1.20483e-45  7.44739e-05
5.071499294e-01  7.5334092e-05  1.00000e+00  7.44814e-05 -0.00000e+00 -1.22770e-45  7.44814e-05
5.072513594e-01  7.5366063e-05  1.00000e+00  7.44892e-05 -0.00000e+00 -1.25100e-45  7.44892e-05
5.073528097e-01  7.5396230e-05  1.00000e+00  7.44973e-05 -0.00000e+00 -1.27474e-45  7.44973e-05
5.074542802e-01  7.5426300e-05  1.00000e+00  7.45056e-05 -0.00000e+00 -1.29894e-45  7.45056e-05
5.075557711e-01  7.5458439e-05  1.00000e+00  7.45142e-05 -0.00000e+00 -1.32359e-45  7.45142e-05
5.076572822e-01  7.5493870e-05  1.00000e+00  7.45231e-05 -0.00000e+00 -1.34871e-45  7.45231e-05
5.077588137e-01  7.5531982e-05  1.00000e+00  7.45323e-05 -0.00000e+00 -1.37430e-45  7.45323e-05
5.078603654e-01  7.5570267e-05  1.00000e+00  7.45419e-05 -0.00000e+00 -1.40039e-45  7.45419e-05
5.079619375e-01  7.5605087e-05  1.00000e+00  7.45517e-05 -0.00000e+00 -1.42697e-45  7.45517e-05
5.080635299e-01  7.5632891e-05  1.00000e+00  7.45619e-05 -0.00000e+00 -1.45405e-45  7.45619e-05
5.081651426e-01  7.5651460e-05  1.00000e+00  7.45722e-05 -0.00000e+00 -1.48165e-45  7.45722e-05
5.082667756e-01  7.5660526e-05  1.00000e+00  7.45825e-05 -0.00000e+00 -1.50976e-45  7.45825e-05
5.083684290e-01  7.5661698e-05  1.00000e+00  7.45928e-05 -0.00000e+00 -1.53840e-45  7.45928e-05
5.084701027e-01  7.5657589e-05  1.00000e+00  7.46030e-05 -0.00000e+00 -1.56757e-45  7.46030e-05
5.085717967e-01  7.5650716e-05  1.00000e+00  7.46130e-05 -0.00000e+00 -1.59729e-45  7.46130e-05
5.086735111e-01  7.5642670e-05  1.00000e+00  7.46229e-05 -0.00000e+00 -1.62756e-45  7.46229e-05
5.087752458e-01  7.5633959e-05  1.00000e+00  7.46325e-05 -0.00000e+00 -1.65839e-45  7.46325e-05
5.088770008e-01  7.5624504e-05  1.00000e+00  7.46420e-05 -0.00000e+00 -1.68980e-45  7.46420e-05
5.089787762e-01  7.5614452e-05  1.00000e+00  7.46512e-05 -0.00000e+00 -1.72179e-45  7.46512e-05
5.090805720e-01  7.5604714e-05  1.00000e+00  7.46603e-05 -0.00000e+00 -1.75437e-45  7.46603e-05
5.091823881e-01  7.5596908e-05  1.00000e+00  7.46691e-05 -0.00000e+00 -1.78756e-45  7.46691e-05
5.092842246e-01  7.5592723e-05  1.00000e+00  7.46778e-05 -0.00000e+00 -1.82137e-45  7.46778e-05
5.093860814e-01  7.5593023e-05  1.00000e+00  7.46864e-05 -0.00000e+00 -1.85581e-45  7.46864e-05
5.094879586e-01  7.5597262e-05  1.00000e+00  7.46950e-05 -0.00000e+00 -1.89089e-45  7.46950e-05
5.095898562e-01  7.5603531e-05  1.00000e+00  7.47035e-05 -0.00000e+00 -1.92663e-45  7.47035e-05
5.096917742e-01  7.5609248e-05  1.00000e+00  7.47120e-05 -0.00000e+00 -1.96303e-45  7.47120e-05
5.097937125e-01  7.5612108e-05  1.00000e+00  7.47205e-05 -0.00000e+00 -2.00012e-45  7.47205e-05
5.098956713e-01  7.5610881e-05  1.00000e+00  7.47289e-05 -0.00000e+00 -2.03789e-45  7.47289e-05
5.099976504e-01  7.5605660e-05  1.00000e+00  7.47372e-05 -0.00000e+00 -2.07637e-45  7.47372e-05
5.100996499e-01  7.5597491e-05  1.00000e+00  7.47453e-05 -0.00000e+00 -2.11556e-45  7.47453e-05
5.102016699e-01  7.5587690e-05  1.00000e+00  7.47533e-05 -0.00000e+00 -2.15547e-45  7.47533e-05
5.103037102e-01  7.5577218e-05  1.00000e+00  7.47610e-05 -0.00000e+00 -2.19613e-45  7.47610e-05
5.104057710e-01  7.5566361e-05  1.00000e+00  7.47686e-05 -0.00000e+00 -2.23754e-45  7.47686e-05
5.105078521e-01  7.5554907e-05  1.00000e+00  7.47760e-05 -0.00000e+00 -2.27971e-45  7.47760e-05
5.106099537e-01  7.5542554e-05  1.00000e+00  7.47832e-05 -0.00000e+00 -2.32267e-45  7.47832e-05
5.107120757e-01  7.5529319e-05  1.00000e+00  7.47902e-05 -0.00000e+00 -2.36642e-45  7.47902e-05
5.108142181e-01  7.5515680e-05  1.00000e+00  7.47970e-05 -0.00000e+00 -2.41097e-45  7.47970e-05
5.109163809e-01  7.5502382e-05  1.00000e+00  7.48035e-05 -0.00000e+00 -2.45635e-45  7.48035e-05
5.110185642e-01  7.5490071e-05  1.00000e+00  7.48099e-05 -0.00000e+00 -2.50257e-45  7.48099e-05
5.111207679e-01  7.5478930e-05  1.00000e+00  7.48160e-05 -0.00000e+00 -2.54965e-45  7.48160e-05
5.112229921e-01  7.5468582e-05  1.00000e+00  7.48221e-05 -0.00000e+00 -2.59759e-45  7.48221e-05
5.113252367e-01  7.5458262e-05  1.00000e+00  7.48279e-05 -0.00000e+00 -2.64642e-45  7.48279e-05
5.114275017e-01  7.5447180e-05  1.00000e+00  7.48336e-05 -0.00000e+00 -2.69615e-45  7.48336e-05
5.115297872e-01  7.5434873e-05  1.00000e+00  7.48391e-05 -0.00000e+00 -2.74679e-45  7.48391e-05
5.116320932e-01  7.5421390e-05  1.00000e+00  7.48444e-05 -0.00000e+00 -2.79838e-45  7.48444e-05
5.117344196e-01  7.5407233e-05  1.00000e+00  7.48495e-05 -0.00000e+00 -2.85091e-45  7.48495e-05
5.118367665e-01  7.5393144e-05  1.00000e+00  7.48544e-05 -0.00000e+00 -2.90441e-45  7.48544e-05
5.119391338e-01  7.5379819e-05  1.00000e+00  7.48591e-05 -0.00000e+00 -2.95889e-45  7.48591e-05
5.120415217e-01  7.5367703e-05  1.00000e+00  7.48636e-05 -0.00000e+00 -3.01438e-45  7.48636e-05
5.121439300e-01  7.5356912e-05  1.00000e+00  7.48680e-05 -0.00000e+00 -3.07089e-45  7.48680e-05
5.122463587e-01  7.5347276e-05  1.00000e+00  7.48723e-05 -0.00000e+00 -3.12845e-45  7.48723e-05
5.123488080e-01  7.5338461e-05  1.00000e+00  7.48764e-05 -0.00000e+00 -3.18706e-45  7.48764e-05
5.124512778e-01  7.5330108e-05  1.00000e+00  7.48804e-05 -0.00000e+00 -3.24676e-45  7.48804e-05
5.125537680e-01  7.5321937e-05  1.00000e+00  7.48842e-05 -0.00000e+00 -3.30756e-45  7.48842e-05
5.126562788e-01  7.5313812e-05  1.00000e+00  7.48880e-05 -0.00000e+00 -3.36947e-45  7.48880e-05
5.127588100e-01  7.5305743e-05  1.00000e+00  7.48916e-05 -0.00000e+00 -3.43253e-45  7.48916e-05
5.128613618e-01  7.5297849e-05  1.00000e+00  7.48951e-05 -0.00000e+00 -3.49675e-45  7.48951e-05
5.129639341e-01  7.5290301e-05  1.00000e+00  7.48985e-05 -0.00000e+00 -3.56216e-45  7.48985e-05
5.130665269e-01  7.5283265e-05  1.00000e+00  7.49019e-05 -0.00000e+00 -3.62877e-45  7.49019e-05
5.131691402e-01  7.5276850e-05  1.00000e+00  7.49051e-05 -0.00000e+00 -3.69660e-45  7.49051e-05
5.132717740e-01  7.5271103e-05  1.00000e+00  7.49082e-05 -0.00000e+00 -3.76569e-45  7.49082e-05
5.133744284e-01  7.5266020e-05  1.00000e+00  7.49113e-05 -0.00000e+00 -3.83605e-45  7.49113e-05
5.134771032e-01  7.5261581e-05  1.00000e+00  7.49142e-05 -0.00000e+00 -3.90771e-45  7.49142e-05
5.135797987e-01  7.5257777e-05  1.00000e+00  7.49172e-05 -0.00000e+00 -3.98069e-45  7.49172e-05
5.136825146e-01  7.5254626e-05  1.00000e+00  7.49200e-05 -0.00000e+00 -4.05501e-45  7.49200e-05
5.137852511e-01  7.5252164e-05  1.00000e+00  7.49229e-05 -0.00000e+00 -4.13070e-45  7.49229e-05
5.138880082e-01  7.5250416e-05  1.00000e+00  7.49257e-05 -0.00000e+00 -4.20779e-45  7.49257e-05
5.139907858e-01  7.5249375e-05  1.00000e+00  7.49284e-05 -0.00000e+00 -4.28630e-45  7.49284e-05
5.140935839e-01  7.5248992e-05  1.00000e+00  7.49312e-05 -0.00000e+00 -4.36625e-45  7.49312e-05
5.141964027e-01  7.5249188e-05  1.00000e+00  7.49339e-05 -0.00000e+00 -4.44768e-45  7.49339e-05
5.142992419e-01  7.5249878e-05  1.00000e+00  7.49366e-05 -0.00000e+00 -4.53062e-45  7.49366e-05
5.144021018e-01  7.5251002e-05  1.00000e+00  7.49393e-05 -0.00000e+00 -4.61508e-45  7.49393e-05
5.145049822e-01  7.5252538e-05  1.00000e+00  7.49420e-05 -0.00000e+00 -4.70110e-45  7.49420e-05
5.146078832e-01  7.5254502e-05  1.00000e+00  7.49447e-05 -0.00000e+00 -4.78870e-45  7.49447e-05
5.147108048e-01  7.5256924e-05  1.00000e+00  7.49475e-05 -0.00000e+00 -4.87792e-45  7.49475e-05
5.148137469e-01  7.5259825e-05  1.00000e+00  7.49502e-05 -0.00000e+00 -4.96879e-45  7.49502e-05
5.149167097e-01  7.5263190e-05  1.00000e+00  7.49530e-05 -0.00000e+00 -5.06133e-45  7.49530e-05
5.150196930e-01  7.5266960e-05  1.00000e+00  7.49558e-05 -0.00000e+00 -5.15558e-45  7.49558e-05
5.151226970e-01  7.5271037e-05  1.00000e+00  7.49586e-05 -0.00000e+00 -5.25156e-45  7.49586e-05
5.152257215e-01  7.5275303e-05  1.00000e+00  7.49614e-05 -0.00000e+00 -5.34932e-45  7.49614e-05
5.153287666e-01  7.5279646e-05  1.00000e+00  7.49643e-05 -0.00000e+00 -5.44887e-45  7.49643e-05
5.154318324e-01  7.5283977e-05  1.00000e+00  7.49672e-05 -0.00000e+00 -5.55026e-45  7.49672e-05
5.155349188e-01  7.5288242e-05  1.00000e+00  7.49702e-05 -0.00000e+00 -5.65352e-45  7.49702e-05
5.156380258e-01  7.5292424e-05  1.00000e+00  7.49731e-05 -0.00000e+00 -5.75869e-45  7.49731e-05
5.157411534e-01  7.5296532e-05  1.00000e+00  7.49761e-05 -0.00000e+00 -5.86578e-45  7.49761e-05
5.158443016e-01  7.5300587e-05  1.00000e+00  7.49792e-05 -0.00000e+00 -5.97485e-45  7.49792e-05
5.159474704e-01  7.5304606e-05  1.00000e+00  7.49822e-05 -0.00000e+00 -6.08593e-45  7.49822e-05
5.160506599e-01  7.5308597e-05  1.00000e+00  7.49853e-05 -0.00000e+00 -6.19905e-45  7.49853e-05
5.161538701e-01  7.5312552e-05  1.00000e+00  7.49884e-05 -0.00000e+00 -6.31426e-45  7.49884e-05
5.162571008e-01  7.5316453e-05  1.00000e+00  7.49916e-05 -0.00000e+00 -6.43158e-45  7.49916e-05
5.163603523e-01  7.5320278e-05  1.00000e+00  7.49947e-05 -0.00000e+00 -6.55106e-45  7.49947e-05
5.164636243e-01  7.5324008e-05  1.00000e+00  7.49979e-05 -0.00000e+00 -6.67274e-45  7.49979e-05
5.165669171e-01  7.5327626e-05  1.00000e+00  7.50011e-05 -0.00000e+00 -6.79666e-45  7.50011e-05
5.166702304e-01  7.5331120e-05  1.00000e+00  7.50044e-05 -0.00000e+00 -6.92285e-45  7.50044e-05
5.167735645e-01  7.5334476e-05  1.00000e+00  7.50076e-05 -0.00000e+00 -7.05136e-45  7.50076e-05
5.168769192e-01  7.5337676e-05  1.00000e+00  7.50109e-05 -0.00000e+00 -7.18223e-45  7.50109e-05
5.169802946e-01  7.5340692e-05  1.00000e+00  7.50141e-05 -0.00000e+00 -7.31551e-45  7.50141e-05
5.170836906e-01  7.5343490e-05  1.00000e+00  7.50174e-05 -0.00000e+00 -7.45123e-45  7.50174e-05
5.171871074e-01  7.5346033e-05  1.00000e+00  7.50207e-05 -0.00000e+00 -7.58944e-45  7.50207e-05
5.172905448e-01  7.5348284e-05  1.00000e+00  7.50240e-05 -0.00000e+00 -7.73019e-45  7.50240e-05
5.173940029e-01  7.5350211e-05  1.00000e+00  7.50273e-05 -0.00000e+00 -7.87352e-45  7.50273e-05
5.174974817e-01  7.5351787e-05  1.00000e+00  7.50306e-05 -0.00000e+00 -8.01948e-45  7.50306e-05
5.176009812e-01  7.5352986e-05  1.00000e+00  7.50339e-05 -0.00000e+00 -8.16812e-45  7.50339e-05
5.177045014e-01  7.5353791e-05  1.00000e+00  7.50372e-05 -0.00000e+00 -8.31947e-45  7.50372e-05
5.178080423e-01  7.5354198e-05  1.00000e+00  7.50405e-05 -0.00000e+00 -8.47360e-45  7.50405e-05
5.179116039e-01  7.5354218e-05  1.00000e+00  7.50438e-05 -0.00000e+00 -8.63055e-45  7.50438e-05
5.180151862e-01  7.5353882e-05  1.00000e+00  7.50470e-05 -0.00000e+00 -8.79038e-45  7.50470e-05
5.181187893e-01  7.5353234e-05  1.00000e+00  7.50502e-05 -0.00000e+00 -8.95312e-45  7.50502e-05
5.182224130e-01  7.5352316e-05  1.00000e+00  7.50534e-05 -0.00000e+00 -9.11885e-45  7.50534e-05
5.183260575e-01  7.5351152e-05  1.00000e+00  7.50566e-05 -0.00000e+00 -9.28760e-45  7.50566e-05
5.184297227e-01  7.5349742e-05  1.00000e+00  7.50597e-05 -0.00000e+00 -9.45944e-45  7.50597e-05
5.185334087e-01  7.5348055e-05  1.00000e+00  7.50628e-05 -0.00000e+00 -9.63441e-45  7.50628e-05
5.186371154e-01  7.5346043e-05  1.00000e+00  7.50659e-05 -0.00000e+00 -9.81258e-45  7.50659e-05
5.187408428e-01  7.5343652e-05  1.00000e+00  7.50689e-05 -0.00000e+00 -9.99401e-45  7.50689e-05
5.188445909e-01  7.5340835e-05  1.00000e+00  7.50719e-05 -0.00000e+00 -1.01787e-44  7.50719e-05
5.189483599e-01  7.5337549e-05  1.00000e+00  7.50748e-05 -0.00000e+00 -1.03669e-44  7.50748e-05
5.190521495e-01  7.5333760e-05  1.00000e+00  7.50777e-05 -0.00000e+00 -1.05584e-44  7.50777e-05
5.191559600e-01  7.5329437e-05  1.00000e+00  7.50805e-05 -0.00000e+00 -1.07534e-44  7.50805e-05
5.192597912e-01  7.5324553e-05  1.00000e+00  7.50832e-05 -0.00000e+00 -1.09520e-44  7.50832e-05
5.193636431e-01  7.5319100e-05  1.00000e+00  7.50859e-05 -0.00000e+00 -1.11542e-44  7.50859e-05
5.194675158e-01  7.5313095e-05  1.00000e+00  7.50885e-05 -0.00000e+00 -1.13601e-44  7.50885e-05
5.195714093e-01  7.5306591e-05  1.00000e+00  7.50911e-05 -0.00000e+00 -1.15697e-44  7.50911e-05
5.196753236e-01  7.5299670e-05  1.00000e+00  7.50935e-05 -0.00000e+00 -1.17831e-44  7.50935e-05
5.197792587e-01  7.5292422e-05  1.00000e+00  7.50959e-05 -0.00000e+00 -1.20004e-44  7.50959e-05
5.198832145e-01  7.5284922e-05  1.00000e+00  7.50982e-05 -0.00000e+00 -1.22217e-44  7.50982e-05
5.199871912e-01  7.5277209e-05  1.00000e+00  7.51004e-05 -0.00000e+00 -1.24470e-44  7.51004e-05
5.200911886e-01  7.5269267e-05  1.00000e+00  7.51025e-05 -0.00000e+00 -1.26763e-44  7.51025e-05
5.201952069e-01  7.5261037e-05  1.00000e+00  7.51045e-05 -0.00000e+00 -1.29099e-44  7.51045e-05
5.202992459e-01  7.5252430e-05  1.00000e+00  7.51064e-05 -0.00000e+00 -1.31476e-44  7.51064e-05
5.204033058e-01  7.5243352e-05  1.00000e+00  7.51082e-05 -0.00000e+00 -1.33897e-44  7.51082e-05
5.205073864e-01  7.5233733e-05  1.00000e+00  7.51099e-05 -0.00000e+00 -1.36362e-44  7.51099e-05
5.206114879e-01  7.5223538e-05  1.00000e+00  7.51115e-05 -0.00000e+00 -1.38871e-44  7.51115e-05
5.207156102e-01  7.5212782e-05  1.00000e+00  7.51130e-05 -0.00000e+00 -1.41426e-44  7.51130e-05
5.208197533e-01  7.5201521e-05  1.00000e+00  7.51144e-05 -0.00000e+00 -1.44027e-44  7.51144e-05
5.209239173e-01  7.5189844e-05  1.00000e+00  7.51156e-05 -0.00000e+00 -1.46676e-44  7.51156e-05
5.210281020e-01  7.5177857e-05  1.00000e+00  7.51168e-05 -0.00000e+00 -1.49372e-44  7.51168e-05
5.211323077e-01  7.5165665e-05  1.00000e+00  7.51178e-05 -0.00000e+00 -1.52116e-44  7.51178e-05
5.212365341e-01  7.5153356e-05  1.00000e+00  7.51187e-05 -0.00000e+00 -1.54911e-44  7.51187e-05
5.213407814e-01  7.5140986e-05  1.00000e+00  7.51194e-05 -0.00000e+00 -1.57756e-44  7.51194e-05
5.214450496e-01  7.5128571e-05  1.00000e+00  7.51201e-05 -0.00000e+00 -1.60652e-44  7.51201e-05
5.215493386e-01  7.5116088e-05  1.00000e+00  7.51206e-05 -0.00000e+00 -1.63601e-44  7.51206e-05
5.216536485e-01  7.5103493e-05  1.00000e+00  7.51210e-05 -0.00000e+00 -1.66603e-44  7.51210e-05
5.217579792e-01  7.5090726e-05  1.00000e+00  7.51213e-05 -0.00000e+00 -1.69659e-44  7.51213e-05
5.218623308e-01  7.5077740e-05  1.00000e+00  7.51214e-05 -0.00000e+00 -1.72770e-44  7.51214e-05
5.219667033e-01  7.5064500e-05  1.00000e+00  7.51215e-05 -0.00000e+00 -1.75937e-44  7.51215e-05
5.220710966e-01  7.5050994e-05  1.00000e+00  7.51214e-05 -0.00000e+00 -1.79162e-44  7.51214e-05
5.221755108e-01  7.5037221e-05  1.00000e+00  7.51212e-05 -0.00000e+00 -1.82445e-44  7.51212e-05
5.222799459e-01  7.5023182e-05  1.00000e+00  7.51208e-05 -0.00000e+00 -1.85786e-44  7.51208e-05
5.223844019e-01  7.5008871e-05  1.00000e+00  7.51204e-05 -0.00000e+00 -1.89188e-44  7.51204e-05
5.224888788e-01  7.4994268e-05  1.00000e+00  7.51198e-05 -0.00000e+00 -1.92652e-44  7.51198e-05
5.225933766e-01  7.4979345e-05  1.00000e+00  7.51190e-05 -0.00000e+00 -1.96177e-44  7.51190e-05
5.226978952e-01  7.4964073e-05  1.00000e+00  7.51182e-05 -0.00000e+00 -1.99766e-44  7.51182e-05
5.228024348e-01  7.4948444e-05  1.00000e+00  7.51171e-05 -0.00000e+00 -2.03420e-44  7.51171e-05
5.229069953e-01  7.4932471e-05  1.00000e+00  7.51160e-05 -0.00000e+00 -2.07139e-44  7.51160e-05
5.230115767e-01  7.4916193e-05  1.00000e+00  7.51147e-05 -0.00000e+00 -2.10925e-44  7.51147e-05
5.231161790e-01  7.4899665e-05  1.00000e+00  7.51133e-05 -0.00000e+00 -2.14779e-44  7.51133e-05
5.232208023e-01  7.4882951e-05  1.00000e+00  7.51117e-05 -0.00000e+00 -2.18702e-44  7.51117e-05
5.233254464e-01  7.4866123e-05  1.00000e+00  7.51100e-05 -0.00000e+00 -2.22696e-44  7.51100e-05
5.234301115e-01  7.4849286e-05  1.00000e+00  7.51082e-05 -0.00000e+00 -2.26761e-44  7.51082e-05
5.235347975e-01  7.4832618e-05  1.00000e+00  7.51062e-05 -0.00000e+00 -2.30900e-44  7.51062e-05
5.236395045e-01  7.4816405e-05  1.00000e+00  7.51041e-05 -0.00000e+00 -2.35112e-44  7.51041e-05
5.237442324e-01  7.4801048e-05  1.00000e+00  7.51018e-05 -0.00000e+00 -2.39401e-44  7.51018e-05
5.238489812e-01  7.4787008e-05  1.00000e+00  7.50995e-05 -0.00000e+00 -2.43766e-44  7.50995e-05
5.239537510e-01  7.4774704e-05  1.00000e+00  7.50970e-05 -0.00000e+00 -2.48209e-44  7.50970e-05
5.240585418e-01  7.4764385e-05  1.00000e+00  7.50945e-05 -0.00000e+00 -2.52733e-44  7.50945e-05
5.241633535e-01  7.4756032e-05  1.00000e+00  7.50919e-05 -0.00000e+00 -2.57338e-44  7.50919e-05
5.242681862e-01  7.4749322e-05  1.00000e+00  7.50893e-05 -0.00000e+00 -2.62025e-44  7.50893e-05
5.243730398e-01  7.4743700e-05  1.00000e+00  7.50866e-05 -0.00000e+00 -2.66797e-44  7.50866e-05
5.244779144e-01  7.4738519e-05  1.00000e+00  7.50840e-05 -0.00000e+00 -2.71655e-44  7.50840e-05
5.245828100e-01  7.4733210e-05  1.00000e+00  7.50813e-05 -0.00000e+00 -2.76601e-44  7.50813e-05
5.246877266e-01  7.4727421e-05  1.00000e+00  7.50787e-05 -0.00000e+00 -2.81635e-44  7.50787e-05
5.247926641e-01  7.4721073e-05  1.00000e+00  7.50760e-05 -0.00000e+00 -2.86760e-44  7.50760e-05
5.248976226e-01  7.4714310e-05  1.00000e+00  7.50733e-05 -0.00000e+00 -2.91977e-44  7.50733e-05
5.250026022e-01  7.4707364e-05  1.00000e+00  7.50705e-05 -0.00000e+00 -2.97287e-44  7.50705e-05
5.251076027e-01  7.4700390e-05  1.00000e+00  7.50678e-05 -0.00000e+00 -3.02693e-44  7.50678e-05
5.252126242e-01  7.4693332e-05  1.00000e+00  7.50650e-05 -0.00000e+00 -3.08196e-44  7.50650e-05
5.253176667e-01  7.4685873e-05  1.00000e+00  7.50622e-05 -0.00000e+00 -3.13798e-44  7.50622e-05
5.254227303e-01  7.4677502e-05  1.00000e+00  7.50593e-05 -0.00000e+00 -3.19501e-44  7.50593e-05
5.255278148e-01  7.4667667e-05  1.00000e+00  7.50564e-05 -0.00000e+00 -3.25305e-44  7.50564e-05
5.256329204e-01  7.4655949e-05  1.00000e+00  7.50535e-05 -0.00000e+00 -3.31214e-44  7.50535e-05
5.257380470e-01  7.4642212e-05  1.00000e+00  7.50504e-05 -0.00000e+00 -3.37228e-44  7.50504e-05
5.258431946e-01  7.4626659e-05  1.00000e+00  7.50473e-05 -0.00000e+00 -3.43350e-44  7.50473e-05
5.259483632e-01  7.4609815e-05  1.00000e+00  7.50440e-05 -0.00000e+00 -3.49581e-44  7.50440e-05
5.260535529e-01  7.4592436e-05  1.00000e+00  7.50407e-05 -0.00000e+00 -3.55923e-44  7.50407e-05
5.261587636e-01  7.4575398e-05  1.00000e+00  7.50371e-05 -0.00000e+00 -3.62379e-44  7.50371e-05
5.262639953e-01  7.4559586e-05  1.00000e+00  7.50335e-05 -0.00000e+00 -3.68949e-44  7.50335e-05
5.263692481e-01  7.4545796e-05  1.00000e+00  7.50298e-05 -0.00000e+00 -3.75637e-44  7.50298e-05
5.264745220e-01  7.4534650e-05  1.00000e+00  7.50260e-05 -0.00000e+00 -3.82445e-44  7.50260e-05
5.265798169e-01  7.4526509e-05  1.00000e+00  7.50221e-05 -0.00000e+00 -3.89374e-44  7.50221e-05
5.266851329e-01  7.4521405e-05  1.00000e+00  7.50183e-05 -0.00000e+00 -3.96427e-44  7.50183e-05
5.267904699e-01  7.4519011e-05  1.00000e+00  7.50145e-05 -0.00000e+00 -4.03607e-44  7.50145e-05
5.268958280e-01  7.4518674e-05  1.00000e+00  7.50107e-05 -0.00000e+00 -4.10916e-44  7.50107e-05
5.270012071e-01  7.4519511e-05  1.00000e+00  7.50069e-05 -0.00000e+00 -4.18355e-44  7.50069e-05
5.271066074e-01  7.4520563e-05  1.00000e+00  7.50033e-05 -0.00000e+00 -4.25929e-44  7.50033e-05
5.272120287e-01  7.4520972e-05  1.00000e+00  7.49997e-05 -0.00000e+00 -4.33638e-44  7.49997e-05
5.273174711e-01  7.4520132e-05  1.00000e+00  7.49961e-05 -0.00000e+00 -4.41486e-44  7.49961e-05
5.274229346e-01  7.4517766e-05  1.00000e+00  7.49926e-05 -0.00000e+00 -4.49474e-44  7.49926e-05
5.275284192e-01  7.4513930e-05  1.00000e+00  7.49892e-05 -0.00000e+00 -4.57605e-44  7.49892e-05
5.276339249e-01  7.4508928e-05  1.00000e+00  7.49857e-05 -0.00000e+00 -4.65881e-44  7.49857e-05
5.277394517e-01  7.4503200e-05  1.00000e+00  7.49822e-05 -0.00000e+00 -4.74306e-44  7.49822e-05
5.278449995e-01  7.4497204e-05  1.00000e+00  7.49787e-05 -0.00000e+00 -4.82881e-44  7.49787e-05
5.279505685e-01  7.4491355e-05  1.00000e+00  7.49752e-05 -0.00000e+00 -4.91609e-44  7.49752e-05
5.280561587e-01  7.4485998e-05  1.00000e+00  7.49717e-05 -0.00000e+00 -5.00494e-44  7.49717e-05
5.281617699e-01  7.4481424e-05  1.00000e+00  7.49683e-05 -0.00000e+00 -5.09537e-44  7.49683e-05
5.282674022e-01  7.4477878e-05  1.00000e+00  7.49648e-05 -0.00000e+00 -5.18741e-44  7.49648e-05
5.283730557e-01  7.4475554e-05  1.00000e+00  7.49613e-05 -0.00000e+00 -5.28110e-44  7.49613e-05
5.284787303e-01  7.4474570e-05  1.00000e+00  7.49579e-05 -0.00000e+00 -5.37647e-44  7.49579e-05
5.285844261e-01  7.4474936e-05  1.00000e+00  7.49545e-05 -0.00000e+00 -5.47355e-44  7.49545e-05
5.286901430e-01  7.4476548e-05  1.00000e+00  7.49512e-05 -0.00000e+00 -5.57236e-44  7.49512e-05
5.287958810e-01  7.4479197e-05  1.00000e+00  7.49480e-05 -0.00000e+00 -5.67294e-44  7.49480e-05
5.289016402e-01  7.4482620e-05  1.00000e+00  7.49449e-05 -0.00000e+00 -5.77532e-44  7.49449e-05
5.290074205e-01  7.4486548e-05  1.00000e+00  7.49418e-05 -0.00000e+00 -5.87954e-44  7.49418e-05
5.291132220e-01  7.4490762e-05  1.00000e+00  7.49388e-05 -0.00000e+00 -5.98562e-44  7.49388e-05
5.292190446e-01  7.4495127e-05  1.00000e+00  7.49360e-05 -0.00000e+00 -6.09360e-44  7.49360e-05
5.293248884e-01  7.4499609e-05  1.00000e+00  7.49332e-05 -0.00000e+00 -6.20352e-44  7.49332e-05
5.294307534e-01  7.4504264e-05  1.00000e+00  7.49305e-05 -0.00000e+00 -6.31540e-44  7.49305e-05
5.295366396e-01  7.4509206e-05  1.00000e+00  7.49279e-05 -0.00000e+00 -6.42929e-44  7.49279e-05
5.296425469e-01  7.4514567e-05  1.00000e+00  7.49254e-05 -0.00000e+00 -6.54522e-44  7.49254e-05
5.297484754e-01  7.4520458e-05  1.00000e+00  7.49230e-05 -0.00000e+00 -6.66322e-44  7.49230e-05
5.298544251e-01  7.4526951e-05  1.00000e+00  7.49207e-05 -0.00000e+00 -6.78333e-44  7.49207e-05
5.299603960e-01  7.4534094e-05  1.00000e+00  7.49186e-05 -0.00000e+00 -6.90559e-44  7.49186e-05
5.300663881e-01  7.4541940e-05  1.00000e+00  7.49165e-05 -0.00000e+00 -7.03005e-44  7.49165e-05
5.301724013e-01  7.4550575e-05  1.00000e+00  7.49146e-05 -0.00000e+00 -7.15673e-44  7.49146e-05
5.302784358e-01  7.4560121e-05  1.00000e+00  7.49128e-05 -0.00000e+00 -7.28569e-44  7.49128e-05
5.303844915e-01  7.4570698e-05  1.00000e+00  7.49111e-05 -0.00000e+00 -7.41695e-44  7.49111e-05
5.304905684e-01  7.4582373e-05  1.00000e+00  7.49096e-05 -0.00000e+00 -7.55057e-44  7.49096e-05
5.305966665e-01  7.4595099e-05  1.00000e+00  7.49082e-05 -0.00000e+00 -7.68658e-44  7.49082e-05
5.307027859e-01  7.4608699e-05  1.00000e+00  7.49070e-05 -0.00000e+00 -7.82503e-44  7.49070e-05
5.308089264e-01  7.4622901e-05  1.00000e+00  7.49060e-05 -0.00000e+00 -7.96597e-44  7.49060e-05
5.309150882e-01  7.4637400e-05  1.00000e+00  7.49051e-05 -0.00000e+00 -8.10944e-44  7.49051e-05
5.310212712e-01  7.4651945e-05  1.00000e+00  7.49045e-05 -0.00000e+00 -8.25547e-44  7.49045e-05
5.311274755e-01  7.4666401e-05  1.00000e+00  7.49040e-05 -0.00000e+00 -8.40413e-44  7.49040e-05
5.312337010e-01  7.4680769e-05  1.00000e+00  7.49036e-05 -0.00000e+00 -8.55545e-44  7.49036e-05
5.313399477e-01  7.4695170e-05  1.00000e+00  7.49035e-05 -0.00000e+00 -8.70949e-44  7.49035e-05
5.314462157e-01  7.4709799e-05  1.00000e+00  7.49035e-05 -0.00000e+00 -8.86629e-44  7.49035e-05
5.315525049e-01  7.4724866e-05  1.00000e+00  7.49036e-05 -0.00000e+00 -9.02590e-44  7.49036e-05
5.316588154e-01  7.4740549e-05  1.00000e+00  7.49040e-05 -0.00000e+00 -9.18837e-44  7.49040e-05
5.317651472e-01  7.4756965e-05  1.00000e+00  7.49045e-05 -0.00000e+00 -9.35375e-44  7.49045e-05
5.318715002e-01  7.4774170e-05  1.00000e+00  7.49052e-05 -0.00000e+00 -9.52210e-44  7.49052e-05
5.319778745e-01  7.4792174e-05  1.00000e+00  7.49061e-05 -0.00000e+00 -9.69347e-44  7.49061e-05
5.320842701e-01  7.4810973e-05  1.00000e+00  7.49072e-05 -0.00000e+00 -9.86791e-44  7.49072e-05
5.321906870e-01  7.4830570e-05  1.00000e+00  7.49084e-05 -0.00000e+00 -1.00455e-43  7.49084e-05
5.322971251e-01  7.4850991e-05  1.00000e+00  7.49099e-05 -0.00000e+00 -1.02262e-43  7.49099e-05
5.324035845e-01  7.4872278e-05  1.00000e+00  7.49116e-05 -0.00000e+00 -1.04103e-43  7.49116e-05
5.325100652e-01  7.4894475e-05  1.00000e+00  7.49136e-05 -0.00000e+00 -1.05976e-43  7.49136e-05
5.326165673e-01  7.4917606e-05  1.00000e+00  7.49157e-05 -0.00000e+00 -1.07882e-43  7.49157e-05
5.327230906e-01  7.4941662e-05  1.00000e+00  7.49181e-05 -0.00000e+00 -1.09823e-43  7.49181e-05
5.328296352e-01  7.4966610e-05  1.00000e+00  7.49207e-05 -0.00000e+00 -1.11799e-43  7.49207e-05
5.329362011e-01  7.4992397e-05  1.00000e+00  7.49236e-05 -0.00000e+00 -1.13811e-43  7.49236e-05
5.330427884e-01  7.5018976e-05  1.00000e+00  7.49267e-05 -0.00000e+00 -1.15858e-43  7.49267e-05
5.331493969e-01  7.5046308e-05  1.00000e+00  7.49301e-05 -0.00000e+00 -1.17943e-43  7.49301e-05
5.332560268e-01  7.5074371e-05  1.00000e+00  7.49337e-05 -0.00000e+00 -1.20065e-43  7.49337e-05
5.333626780e-01  7.5103143e-05  1.00000e+00  7.49376e-05 -0.00000e+00 -1.22225e-43  7.49376e-05
5.334693505e-01  7.5132573e-05  1.00000e+00  7.49418e-05 -0.00000e+00 -1.24424e-43  7.49418e-05
5.335760444e-01  7.5162556e-05  1.00000e+00  7.49462e-05 -0.00000e+00 -1.26662e-43  7.49462e-05
5.336827596e-01  7.5192899e-05  1.00000e+00  7.49510e-05 -0.00000e+00 -1.28941e-43  7.49510e-05
5.337894962e-01  7.5223315e-05  1.00000e+00  7.49560e-05 -0.00000e+00 -1.31261e-43  7.49560e-05
5.338962541e-01  7.5253428e-05  1.00000e+00  7.49612e-05 -0.00000e+00 -1.33623e-43  7.49612e-05
5.340030333e-01  7.5282799e-05  1.00000e+00  7.49668e-05 -0.00000e+00 -1.36027e-43  7.49668e-05
5.341098339e-01  7.5310978e-05  1.00000e+00  7.49725e-05 -0.00000e+00 -1.38474e-43  7.49725e-05
5.342166559e-01  7.5337543e-05  1.00000e+00  7.49786e-05 -0.00000e+00 -1.40965e-43  7.49786e-05
5.343234992e-01  7.5362148e-05  1.00000e+00  7.49848e-05 -0.00000e+00 -1.43501e-43  7.49848e-05
5.344303639e-01  7.5384546e-05  1.00000e+00  7.49912e-05 -0.00000e+00 -1.46082e-43  7.49912e-05
5.345372500e-01  7.5404600e-05  1.00000e+00  7.49978e-05 -0.00000e+00 -1.48710e-43  7.49978e-05
5.346441574e-01  7.5422277e-05  1.00000e+00  7.50045e-05 -0.00000e+00 -1.51385e-43  7.50045e-05
5.347510863e-01  7.5437626e-05  1.00000e+00  7.50113e-05 -0.00000e+00 -1.54107e-43  7.50113e-05
5.348580365e-01  7.5450756e-05  1.00000e+00  7.50183e-05 -0.00000e+00 -1.56878e-43  7.50183e-05
5.349650081e-01  7.5461811e-05  1.00000e+00  7.50252e-05 -0.00000e+00 -1.59698e-43  7.50252e-05
5.350720011e-01  7.5470940e-05  1.00000e+00  7.50323e-05 -0.00000e+00 -1.62569e-43  7.50323e-05
5.351790155e-01  7.5478283e-05  1.00000e+00  7.50393e-05 -0.00000e+00 -1.65490e-43  7.50393e-05
5.352860513e-01  7.5483963e-05  1.00000e+00  7.50464e-05 -0.00000e+00 -1.68464e-43  7.50464e-05
5.353931085e-01  7.5488083e-05  1.00000e+00  7.50535e-05 -0.00000e+00 -1.71490e-43  7.50535e-05
5.355001871e-01  7.5490732e-05  1.00000e+00  7.50605e-05 -0.00000e+00 -1.74570e-43  7.50605e-05
5.356072872e-01  7.5492006e-05  1.00000e+00  7.50675e-05 -0.00000e+00 -1.77704e-43  7.50675e-05
5.357144086e-01  7.5492010e-05  1.00000e+00  7.50745e-05 -0.00000e+00 -1.80894e-43  7.50745e-05
5.358215515e-01  7.5490871e-05  1.00000e+00  7.50813e-05 -0.00000e+00 -1.84141e-43  7.50813e-05
5.359287158e-01  7.5488728e-05  1.00000e+00  7.50882e-05 -0.00000e+00 -1.87445e-43  7.50882e-05
5.360359016e-01  7.5485720e-05  1.00000e+00  7.50949e-05 -0.00000e+00 -1.90807e-43  7.50949e-05
5.361431087e-01  7.5481965e-05  1.00000e+00  7.51016e-05 -0.00000e+00 -1.94229e-43  7.51016e-05
5.362503374e-01  7.5477541e-05  1.00000e+00  7.51081e-05 -0.00000e+00 -1.97711e-43  7.51081e-05
5.363575874e-01  7.5472480e-05  1.00000e+00  7.51146e-05 -0.00000e+00 -2.01254e-43  7.51146e-05
5.364648589e-01  7.5466767e-05  1.00000e+00  7.51209e-05 -0.00000e+00 -2.04860e-43  7.51209e-05
5.365721519e-01  7.5460352e-05  1.00000e+00  7.51272e-05 -0.00000e+00 -2.08530e-43  7.51272e-05
5.366794663e-01  7.5453162e-05  1.00000e+00  7.51333e-05 -0.00000e+00 -2.12264e-43  7.51333e-05
5.367868022e-01  7.5445116e-05  1.00000e+00  7.51393e-05 -0.00000e+00 -2.16064e-43  7.51393e-05
5.368941596e-01  7.5436131e-05  1.00000e+00  7.51452e-05 -0.00000e+00 -2.19931e-43  7.51452e-05
5.370015384e-01  7.5426138e-05  1.00000e+00  7.51509e-05 -0.00000e+00 -2.23865e-43  7.51509e-05
5.371089387e-01  7.5415106e-05  1.00000e+00  7.51565e-05 -0.00000e+00 -2.27869e-43  7.51565e-05
5.372163605e-01  7.5403064e-05  1.00000e+00  7.51619e-05 -0.00000e+00 -2.31944e-43  7.51619e-05
5.373238038e-01  7.5390114e-05  1.00000e+00  7.51672e-05 -0.00000e+00 -2.36089e-43  7.51672e-05
5.374312686e-01  7.5376416e-05  1.00000e+00  7.51723e-05 -0.00000e+00 -2.40308e-43  7.51723e-05
5.375387548e-01  7.5362145e-05  1.00000e+00  7.51772e-05 -0.00000e+00 -2.44600e-43  7.51772e-05
5.376462626e-01  7.5347437e-05  1.00000e+00  7.51820e-05 -0.00000e+00 -2.48968e-43  7.51820e-05
5.377537918e-01  7.5332346e-05  1.00000e+00  7.51865e-05 -0.00000e+00 -2.53412e-43  7.51865e-05
5.378613426e-01  7.5316847e-05  1.00000e+00  7.51909e-05 -0.00000e+00 -2.57933e-43  7.51909e-05
5.379689148e-01  7.5300865e-05  1.00000e+00  7.51951e-05 -0.00000e+00 -2.62534e-43  7.51951e-05
5.380765086e-01  7.5284346e-05  1.00000e+00  7.51991e-05 -0.00000e+00 -2.67216e-43  7.51991e-05
5.381841239e-01  7.5267305e-05  1.00000e+00  7.52029e-05 -0.00000e+00 -2.71979e-43  7.52029e-05
5.382917608e-01  7.5249854e-05  1.00000e+00  7.52066e-05 -0.00000e+00 -2.76825e-43  7.52066e-05
5.383994191e-01  7.5232168e-05  1.00000e+00  7.52100e-05 -0.00000e+00 -2.81756e-43  7.52100e-05
5.385070990e-01  7.5214425e-05  1.00000e+00  7.52132e-05 -0.00000e+00 -2.86773e-43  7.52132e-05
5.386148004e-01  7.5196728e-05  1.00000e+00  7.52163e-05 -0.00000e+00 -2.91878e-43  7.52163e-05
5.387225234e-01  7.5179038e-05  1.00000e+00  7.52191e-05 -0.00000e+00 -2.97072e-43  7.52191e-05
5.388302679e-01  7.5161149e-05  1.00000e+00  7.52218e-05 -0.00000e+00 -3.02356e-43  7.52218e-05
5.389380339e-01  7.5142719e-05  1.00000e+00  7.52242e-05 -0.00000e+00 -3.07733e-43  7.52242e-05
5.390458215e-01  7.5123363e-05  1.00000e+00  7.52265e-05 -0.00000e+00 -3.13203e-43  7.52265e-05
5.391536307e-01  7.5102766e-05  1.00000e+00  7.52286e-05 -0.00000e+00 -3.18768e-43  7.52286e-05
5.392614614e-01  7.5080812e-05  1.00000e+00  7.52304e-05 -0.00000e+00 -3.24430e-43  7.52304e-05
5.393693137e-01  7.5057654e-05  1.00000e+00  7.52321e-05 -0.00000e+00 -3.30191e-43  7.52321e-05
5.394771876e-01  7.5033681e-05  1.00000e+00  7.52335e-05 -0.00000e+00 -3.36051e-43  7.52335e-05
5.395850830e-01  7.5009369e-05  1.00000e+00  7.52346e-05 -0.00000e+00 -3.42014e-43  7.52346e-05
5.396930000e-01  7.4985065e-05  1.00000e+00  7.52355e-05 -0.00000e+00 -3.48080e-43  7.52355e-05
5.398009386e-01  7.4960776e-05  1.00000e+00  7.52362e-05 -0.00000e+00 -3.54251e-43  7.52362e-05
5.399088988e-01  7.4936078e-05  1.00000e+00  7.52367e-05 -0.00000e+00 -3.60529e-43  7.52367e-05
5.400168806e-01  7.4910235e-05  1.00000e+00  7.52369e-05 -0.00000e+00 -3.66916e-43  7.52369e-05
5.401248840e-01  7.4882527e-05  1.00000e+00  7.52369e-05 -0.00000e+00 -3.73413e-43  7.52369e-05
5.402329090e-01  7.4852721e-05  1.00000e+00  7.52366e-05 -0.00000e+00 -3.80023e-43  7.52366e-05
5.403409555e-01  7.4821525e-05  1.00000e+00  7.52360e-05 -0.00000e+00 -3.86747e-43  7.52360e-05
5.404490237e-01  7.4790795e-05  1.00000e+00  7.52351e-05 -0.00000e+00 -3.93587e-43  7.52351e-05
5.405571135e-01  7.4763375e-05  1.00000e+00  7.52340e-05 -0.00000e+00 -4.00545e-43  7.52340e-05
5.406652250e-01  7.4742513e-05  1.00000e+00  7.52326e-05 -0.00000e+00 -4.07624e-43  7.52326e-05
5.407733580e-01  7.4731028e-05  1.00000e+00  7.52312e-05 -0.00000e+00 -4.14826e-43  7.52312e-05
5.408815127e-01  7.4730469e-05  1.00000e+00  7.52296e-05 -0.00000e+00 -4.22154e-43  7.52296e-05
5.409896890e-01  7.4740611e-05  1.00000e+00  7.52282e-05 -0.00000e+00 -4.29610e-43  7.52282e-05
5.410978869e-01  7.4759439e-05  1.00000e+00  7.52270e-05 -0.00000e+00 -4.37197e-43  7.52270e-05
5.412061065e-01  7.4783663e-05  1.00000e+00  7.52260e-05 -0.00000e+00 -4.44919e-43  7.52260e-05
5.413143477e-01  7.4809563e-05  1.00000e+00  7.52252e-05 -0.00000e+00 -4.52777e-43  7.52252e-05
5.414226106e-01  7.4833906e-05  1.00000e+00  7.52248e-05 -0.00000e+00 -4.60774e-43  7.52248e-05
5.415308951e-01  7.4854668e-05  1.00000e+00  7.52246e-05 -0.00000e+00 -4.68912e-43  7.52246e-05
5.416392013e-01  7.4871332e-05  1.00000e+00  7.52245e-05 -0.00000e+00 -4.77193e-43  7.52245e-05
5.417475291e-01  7.4884719e-05  1.00000e+00  7.52247e-05 -0.00000e+00 -4.85620e-43  7.52247e-05
5.418558786e-01  7.4896381e-05  1.00000e+00  7.52250e-05 -0.00000e+00 -4.94194e-43  7.52250e-05
5.419642498e-01  7.4907753e-05  1.00000e+00  7.52254e-05 -0.00000e+00 -5.02919e-43  7.52254e-05
5.420726427e-01  7.4919340e-05  1.00000e+00  7.52259e-05 -0.00000e+00 -5.11798e-43  7.52259e-05
5.421810572e-01  7.4930243e-05  1.00000e+00  7.52266e-05 -0.00000e+00 -5.20832e-43  7.52266e-05
5.422894934e-01  7.4938234e-05  1.00000e+00  7.52274e-05 -0.00000e+00 -5.30024e-43  7.52274e-05
5.423979513e-01  7.4940366e-05  1.00000e+00  7.52282e-05 -0.00000e+00 -5.39377e-43  7.52282e-05
5.425064309e-01  7.4933936e-05  1.00000e+00  7.52290e-05 -0.00000e+00 -5.48892e-43  7.52290e-05
5.426149322e-01  7.4917447e-05  1.00000e+00  7.52297e-05 -0.00000e+00 -5.58573e-43  7.52297e-05
5.427234552e-01  7.4891278e-05  1.00000e+00  7.52302e-05 -0.00000e+00 -5.68420e-43  7.52302e-05
5.428319998e-01  7.4857846e-05  1.00000e+00  7.52305e-05 -0.00000e+00 -5.78437e-43  7.52305e-05
5.429405662e-01  7.4821327e-05  1.00000e+00  7.52304e-05 -0.00000e+00 -5.88626e-43  7.52304e-05
5.430491544e-01  7.4786990e-05  1.00000e+00  7.52299e-05 -0.00000e+00 -5.98989e-43  7.52299e-05
5.431577642e-01  7.4760315e-05  1.00000e+00  7.52292e-05 -0.00000e+00 -6.09531e-43  7.52292e-05
5.432663957e-01  7.4746011e-05  1.00000e+00  7.52283e-05 -0.00000e+00 -6.20255e-43  7.52283e-05
5.433750490e-01  7.4747032e-05  1.00000e+00  7.52274e-05 -0.00000e+00 -6.31166e-43  7.52274e-05
5.434837240e-01  7.4763791e-05  1.00000e+00  7.52266e-05 -0.00000e+00 -6.42267e-43  7.52266e-05
5.435924208e-01  7.4793815e-05  1.00000e+00  7.52260e-05 -0.00000e+00 -6.53564e-43  7.52260e-05
5.437011393e-01  7.4832093e-05  1.00000e+00  7.52258e-05 -0.00000e+00 -6.65061e-43  7.52258e-05
5.438098795e-01  7.4872079e-05  1.00000e+00  7.52260e-05 -0.00000e+00 -6.76761e-43  7.52260e-05
5.439186415e-01  7.4907198e-05  1.00000e+00  7.52266e-05 -0.00000e+00 -6.88668e-43  7.52266e-05
5.440274252e-01  7.4932368e-05  1.00000e+00  7.52274e-05 -0.00000e+00 -7.00785e-43  7.52274e-05
5.441362307e-01  7.4945068e-05  1.00000e+00  7.52285e-05 -0.00000e+00 -7.13114e-43  7.52285e-05
5.442450579e-01  7.4945648e-05  1.00000e+00  7.52297e-05 -0.00000e+00 -7.25657e-43  7.52297e-05
5.443539069e-01  7.4936883e-05  1.00000e+00  7.52308e-05 -0.00000e+00 -7.38418e-43  7.52308e-05
5.444627777e-01  7.4922928e-05  1.00000e+00  7.52318e-05 -0.00000e+00 -7.51400e-43  7.52318e-05
5.445716703e-01  7.4908104e-05  1.00000e+00  7.52327e-05 -0.00000e+00 -7.64605e-43  7.52327e-05
5.446805846e-01  7.4895751e-05  1.00000e+00  7.52334e-05 -0.00000e+00 -7.78039e-43  7.52334e-05
5.447895207e-01  7.4887521e-05  1.00000e+00  7.52341e-05 -0.00000e+00 -7.91706e-43  7.52341e-05
5.448984786e-01  7.4883165e-05  1.00000e+00  7.52347e-05 -0.00000e+00 -8.05609e-43  7.52347e-05
5.450074583e-01  7.4880973e-05  1.00000e+00  7.52352e-05 -0.00000e+00 -8.19753e-43  7.52352e-05
5.451164598e-01  7.4878685e-05  1.00000e+00  7.52358e-05 -0.00000e+00 -8.34142e-43  7.52358e-05
5.452254831e-01  7.4874587e-05  1.00000e+00  7.52363e-05 -0.00000e+00 -8.48781e-43  7.52363e-05
5.453345282e-01  7.4868392e-05  1.00000e+00  7.52369e-05 -0.00000e+00 -8.63673e-43  7.52369e-05
5.454435951e-01  7.4861556e-05  1.00000e+00  7.52373e-05 -0.00000e+00 -8.78823e-43  7.52373e-05
5.455526838e-01  7.4856866e-05  1.00000e+00  7.52377e-05 -0.00000e+00 -8.94235e-43  7.52377e-05
5.456617944e-01  7.4857527e-05  1.00000e+00  7.52381e-05 -0.00000e+00 -9.09915e-43  7.52381e-05
5.457709267e-01  7.4866116e-05  1.00000e+00  7.52386e-05 -0.00000e+00 -9.25866e-43  7.52386e-05
5.458800809e-01  7.4883809e-05  1.00000e+00  7.52392e-05 -0.00000e+00 -9.42097e-43  7.52392e-05
5.459892569e-01  7.4910124e-05  1.00000e+00  7.52400e-05 -0.00000e+00 -9.58611e-43  7.52400e-05
5.460984548e-01  7.4943136e-05  1.00000e+00  7.52411e-05 -0.00000e+00 -9.75416e-43  7.52411e-05
5.462076745e-01  7.4980000e-05  1.00000e+00  7.52426e-05 -0.00000e+00 -9.92517e-43  7.52426e-05
5.463169160e-01  7.5017536e-05  1.00000e+00  7.52444e-05 -0.00000e+00 -1.00992e-42  7.52444e-05
5.464261794e-01  7.5052735e-05  1.00000e+00  7.52466e-05 -0.00000e+00 -1.02763e-42  7.52466e-05
5.465354646e-01  7.5083122e-05  1.00000e+00  7.52490e-05 -0.00000e+00 -1.04565e-42  7.52490e-05
5.466447717e-01  7.5106986e-05  1.00000e+00  7.52518e-05 -0.00000e+00 -1.06398e-42  7.52518e-05
5.467541007e-01  7.5123472e-05  1.00000e+00  7.52547e-05 -0.00000e+00 -1.08264e-42  7.52547e-05
5.468634515e-01  7.5132525e-05  1.00000e+00  7.52578e-05 -0.00000e+00 -1.10161e-42  7.52578e-05
5.469728242e-01  7.5134746e-05  1.00000e+00  7.52608e-05 -0.00000e+00 -1.12092e-42  7.52608e-05
5.470822187e-01  7.5131195e-05  1.00000e+00  7.52639e-05 -0.00000e+00 -1.14056e-42  7.52639e-05
5.471916352e-01  7.5123243e-05  1.00000e+00  7.52669e-05 -0.00000e+00 -1.16055e-42  7.52669e-05
5.473010735e-01  7.5112481e-05  1.00000e+00  7.52698e-05 -0.00000e+00 -1.18087e-42  7.52698e-05
5.474105337e-01  7.5100669e-05  1.00000e+00  7.52725e-05 -0.00000e+00 -1.20155e-42  7.52725e-05
5.475200158e-01  7.5089612e-05  1.00000e+00  7.52752e-05 -0.00000e+00 -1.22258e-42  7.52752e-05
5.476295198e-01  7.5080923e-05  1.00000e+00  7.52777e-05 -0.00000e+00 -1.24397e-42  7.52777e-05
5.477390457e-01  7.5075688e-05  1.00000e+00  7.52801e-05 -0.00000e+00 -1.26573e-42  7.52801e-05
5.478485936e-01  7.5074164e-05  1.00000e+00  7.52826e-05 -0.00000e+00 -1.28787e-42  7.52826e-05
5.479581633e-01  7.5075687e-05  1.00000e+00  7.52850e-05 -0.00000e+00 -1.31039e-42  7.52850e-05
5.480677549e-01  7.5078860e-05  1.00000e+00  7.52874e-05 -0.00000e+00 -1.33330e-42  7.52874e-05
5.481773685e-01  7.5082007e-05  1.00000e+00  7.52898e-05 -0.00000e+00 -1.35660e-42  7.52898e-05
5.482870039e-01  7.5083681e-05  1.00000e+00  7.52923e-05 -0.00000e+00 -1.38031e-42  7.52923e-05
5.483966613e-01  7.5083064e-05  1.00000e+00  7.52948e-05 -0.00000e+00 -1.40443e-42  7.52948e-05
5.485063407e-01  7.5080089e-05  1.00000e+00  7.52972e-05 -0.00000e+00 -1.42897e-42  7.52972e-05
5.486160419e-01  7.5075273e-05  1.00000e+00  7.52996e-05 -0.00000e+00 -1.45392e-42  7.52996e-05
5.487257651e-01  7.5069424e-05  1.00000e+00  7.53019e-05 -0.00000e+00 -1.47931e-42  7.53019e-05
5.488355103e-01  7.5063341e-05  1.00000e+00  7.53042e-05 -0.00000e+00 -1.50513e-42  7.53042e-05
5.489452774e-01  7.5057649e-05  1.00000e+00  7.53064e-05 -0.00000e+00 -1.53140e-42  7.53064e-05
5.490550665e-01  7.5052807e-05  1.00000e+00  7.53085e-05 -0.00000e+00 -1.55812e-42  7.53085e-05
5.491648775e-01  7.5049187e-05  1.00000e+00  7.53106e-05 -0.00000e+00 -1.58529e-42  7.53106e-05
5.492747104e-01  7.5047139e-05  1.00000e+00  7.53127e-05 -0.00000e+00 -1.61294e-42  7.53127e-05
5.493845654e-01  7.5046955e-05  1.00000e+00  7.53147e-05 -0.00000e+00 -1.64106e-42  7.53147e-05
5.494944423e-01  7.5048745e-05  1.00000e+00  7.53168e-05 -0.00000e+00 -1.66967e-42  7.53168e-05
5.496043412e-01  7.5052303e-05  1.00000e+00  7.53189e-05 -0.00000e+00 -1.69877e-42  7.53189e-05
5.497142621e-01  7.5057015e-05  1.00000e+00  7.53210e-05 -0.00000e+00 -1.72838e-42  7.53210e-05
5.498242049e-01  7.5061926e-05  1.00000e+00  7.53231e-05 -0.00000e+00 -1.75849e-42  7.53231e-05
5.499341697e-01  7.5065919e-05  1.00000e+00  7.53253e-05 -0.00000e+00 -1.78912e-42  7.53253e-05
5.500441566e-01  7.5067967e-05  1.00000e+00  7.53275e-05 -0.00000e+00 -1.82028e-42  7.53275e-05
5.501541654e-01  7.5067381e-05  1.00000e+00  7.53297e-05 -0.00000e+00 -1.85198e-42  7.53297e-05
5.502641962e-01  7.5063967e-05  1.00000e+00  7.53319e-05 -0.00000e+00 -1.88422e-42  7.53319e-05
5.503742491e-01  7.5058063e-05  1.00000e+00  7.53341e-05 -0.00000e+00 -1.91702e-42  7.53341e-05
5.504843239e-01  7.5050454e-05  1.00000e+00  7.53362e-05 -0.00000e+00 -1.95037e-42  7.53362e-05
5.505944208e-01  7.5042194e-05  1.00000e+00  7.53382e-05 -0.00000e+00 -1.98430e-42  7.53382e-05
5.507045397e-01  7.5034376e-05  1.00000e+00  7.53401e-05 -0.00000e+00 -2.01881e-42  7.53401e-05
5.508146806e-01  7.5027907e-05  1.00000e+00  7.53419e-05 -0.00000e+00 -2.05391e-42  7.53419e-05
5.509248435e-01  7.5023324e-05  1.00000e+00  7.53437e-05 -0.00000e+00 -2.08962e-42  7.53437e-05
5.510350285e-01  7.5020717e-05  1.00000e+00  7.53454e-05 -0.00000e+00 -2.12593e-42  7.53454e-05
5.511452355e-01  7.5019738e-05  1.00000e+00  7.53472e-05 -0.00000e+00 -2.16287e-42  7.53472e-05
5.512554645e-01  7.5019728e-05  1.00000e+00  7.53489e-05 -0.00000e+00 -2.20044e-42  7.53489e-05
5.513657156e-01  7.5019864e-05  1.00000e+00  7.53506e-05 -0.00000e+00 -2.23866e-42  7.53506e-05
5.514759888e-01  7.5019339e-05  1.00000e+00  7.53523e-05 -0.00000e+00 -2.27753e-42  7.53523e-05
5.515862840e-01  7.5017496e-05  1.00000e+00  7.53541e-05 -0.00000e+00 -2.31707e-42  7.53541e-05
5.516966012e-01  7.5013915e-05  1.00000e+00  7.53557e-05 -0.00000e+00 -2.35729e-42  7.53557e-05
5.518069406e-01  7.5008456e-05  1.00000e+00  7.53574e-05 -0.00000e+00 -2.39819e-42  7.53574e-05
5.519173019e-01  7.5001263e-05  1.00000e+00  7.53590e-05 -0.00000e+00 -2.43980e-42  7.53590e-05
5.520276854e-01  7.4992731e-05  1.00000e+00  7.53605e-05 -0.00000e+00 -2.48211e-42  7.53605e-05
5.521380909e-01  7.4983432e-05  1.00000e+00  7.53619e-05 -0.00000e+00 -2.52515e-42  7.53619e-05
5.522485186e-01  7.4973996e-05  1.00000e+00  7.53632e-05 -0.00000e+00 -2.56892e-42  7.53632e-05
5.523589683e-01  7.4964981e-05  1.00000e+00  7.53645e-05 -0.00000e+00 -2.61344e-42  7.53645e-05
5.524694401e-01  7.4956755e-05  1.00000e+00  7.53657e-05 -0.00000e+00 -2.65872e-42  7.53657e-05
5.525799339e-01  7.4949419e-05  1.00000e+00  7.53668e-05 -0.00000e+00 -2.70477e-42  7.53668e-05
5.526904499e-01  7.4942826e-05  1.00000e+00  7.53678e-05 -0.00000e+00 -2.75161e-42  7.53678e-05
5.528009880e-01  7.4936654e-05  1.00000e+00  7.53688e-05 -0.00000e+00 -2.79925e-42  7.53688e-05
5.529115482e-01  7.4930534e-05  1.00000e+00  7.53697e-05 -0.00000e+00 -2.84770e-42  7.53697e-05
5.530221305e-01  7.4924162e-05  1.00000e+00  7.53706e-05 -0.00000e+00 -2.89697e-42  7.53706e-05
5.531327350e-01  7.4917358e-05  1.00000e+00  7.53715e-05 -0.00000e+00 -2.94709e-42  7.53715e-05
5.532433615e-01  7.4910077e-05  1.00000e+00  7.53722e-05 -0.00000e+00 -2.99806e-42  7.53722e-05
5.533540102e-01  7.4902357e-05  1.00000e+00  7.53729e-05 -0.00000e+00 -3.04990e-42  7.53729e-05
5.534646810e-01  7.4894266e-05  1.00000e+00  7.53736e-05 -0.00000e+00 -3.10262e-42  7.53736e-05
5.535753739e-01  7.4885855e-05  1.00000e+00  7.53742e-05 -0.00000e+00 -3.15624e-42  7.53742e-05
5.536860890e-01  7.4877145e-05  1.00000e+00  7.53747e-05 -0.00000e+00 -3.21078e-42  7.53747e-05
5.537968262e-01  7.4868143e-05  1.00000e+00  7.53751e-05 -0.00000e+00 -3.26624e-42  7.53751e-05
5.539075856e-01  7.4858861e-05  1.00000e+00  7.53755e-05 -0.00000e+00 -3.32264e-42  7.53755e-05
5.540183671e-01  7.4849326e-05  1.00000e+00  7.53757e-05 -0.00000e+00 -3.38001e-42  7.53757e-05
5.541291708e-01  7.4839584e-05  1.00000e+00  7.53760e-05 -0.00000e+00 -3.43834e-42  7.53760e-05
5.542399966e-01  7.4829671e-05  1.00000e+00  7.53761e-05 -0.00000e+00 -3.49767e-42  7.53761e-05
5.543508446e-01  7.4819597e-05  1.00000e+00  7.53761e-05 -0.00000e+00 -3.55801e-42  7.53761e-05
5.544617148e-01  7.4809326e-05  1.00000e+00  7.53761e-05 -0.00000e+00 -3.61937e-42  7.53761e-05
5.545726071e-01  7.4798777e-05  1.00000e+00  7.53760e-05 -0.00000e+00 -3.68177e-42  7.53760e-05
5.546835216e-01  7.4787843e-05  1.00000e+00  7.53758e-05 -0.00000e+00 -3.74524e-42  7.53758e-05
5.547944583e-01  7.4776416e-05  1.00000e+00  7.53755e-05 -0.00000e+00 -3.80977e-42  7.53755e-05
5.549054172e-01  7.4764421e-05  1.00000e+00  7.53751e-05 -0.00000e+00 -3.87541e-42  7.53751e-05
5.550163983e-01  7.4751840e-05  1.00000e+00  7.53746e-05 -0.00000e+00 -3.94215e-42  7.53746e-05
5.551274016e-01  7.4738714e-05  1.00000e+00  7.53741e-05 -0.00000e+00 -4.01003e-42  7.53741e-05
5.552384271e-01  7.4725136e-05  1.00000e+00  7.53734e-05 -0.00000e+00 -4.07905e-42  7.53734e-05
5.553494748e-01  7.4711219e-05  1.00000e+00  7.53726e-05 -0.00000e+00 -4.14924e-42  7.53726e-05
5.554605447e-01  7.4697056e-05  1.00000e+00  7.53717e-05 -0.00000e+00 -4.22062e-42  7.53717e-05
5.555716368e-01  7.4682693e-05  1.00000e+00  7.53707e-05 -0.00000e+00 -4.29321e-42  7.53707e-05
5.556827511e-01  7.4668103e-05  1.00000e+00  7.53696e-05 -0.00000e+00 -4.36702e-42  7.53696e-05
5.557938876e-01  7.4653205e-05  1.00000e+00  7.53684e-05 -0.00000e+00 -4.44208e-42  7.53684e-05
5.559050464e-01  7.4637878e-05  1.00000e+00  7.53670e-05 -0.00000e+00 -4.51841e-42  7.53670e-05
5.560162274e-01  7.4622008e-05  1.00000e+00  7.53656e-05 -0.00000e+00 -4.59603e-42  7.53656e-05
5.561274307e-01  7.4605518e-05  1.00000e+00  7.53640e-05 -0.00000e+00 -4.67495e-42  7.53640e-05
5.562386562e-01  7.4588392e-05  1.00000e+00  7.53623e-05 -0.00000e+00 -4.75521e-42  7.53623e-05
5.563499039e-01  7.4570687e-05  1.00000e+00  7.53605e-05 -0.00000e+00 -4.83682e-42  7.53605e-05
5.564611739e-01  7.4552516e-05  1.00000e+00  7.53585e-05 -0.00000e+00 -4.91981e-42  7.53585e-05
5.565724661e-01  7.4534036e-05  1.00000e+00  7.53564e-05 -0.00000e+00 -5.00419e-42  7.53564e-05
5.566837806e-01  7.4515414e-05  1.00000e+00  7.53541e-05 -0.00000e+00 -5.08999e-42  7.53541e-05
5.567951174e-01  7.4496809e-05  1.00000e+00  7.53518e-05 -0.00000e+00 -5.17724e-42  7.53518e-05
5.569064764e-01  7.4478349e-05  1.00000e+00  7.53492e-05 -0.00000e+00 -5.26596e-42  7.53492e-05
5.570178577e-01  7.4460119e-05  1.00000e+00  7.53466e-05 -0.00000e+00 -5.35617e-42  7.53466e-05
5.571292612e-01  7.4442155e-05  1.00000e+00  7.53438e-05 -0.00000e+00 -5.44789e-42  7.53438e-05
5.572406871e-01  7.4424445e-05  1.00000e+00  7.53409e-05 -0.00000e+00 -5.54116e-42  7.53409e-05
5.573521352e-01  7.4406932e-05  1.00000e+00  7.53379e-05 -0.00000e+00 -5.63600e-42  7.53379e-05
5.574636057e-01  7.4389532e-05  1.00000e+00  7.53348e-05 -0.00000e+00 -5.73243e-42  7.53348e-05
5.575750984e-01  7.4372146e-05  1.00000e+00  7.53315e-05 -0.00000e+00 -5.83048e-42  7.53315e-05
5.576866134e-01  7.4354683e-05  1.00000e+00  7.53281e-05 -0.00000e+00 -5.93019e-42  7.53281e-05
5.577981507e-01  7.4337082e-05  1.00000e+00  7.53246e-05 -0.00000e+00 -6.03156e-42  7.53246e-05
5.579097104e-01  7.4319326e-05  1.00000e+00  7.53210e-05 -0.00000e+00 -6.13464e-42  7.53210e-05
5.580212923e-01  7.4301457e-05  1.00000e+00  7.53173e-05 -0.00000e+00 -6.23945e-42  7.53173e-05
5.581328966e-01  7.4283569e-05  1.00000e+00  7.53135e-05 -0.00000e+00 -6.34602e-42  7.53135e-05
5.582445231e-01  7.4265800e-05  1.00000e+00  7.53096e-05 -0.00000e+00 -6.45438e-42  7.53096e-05
5.583561720e-01  7.4248305e-05  1.00000e+00  7.53055e-05 -0.00000e+00 -6.56455e-42  7.53055e-05
5.584678433e-01  7.4231219e-05  1.00000e+00  7.53013e-05 -0.00000e+00 -6.67658e-42  7.53013e-05
5.585795368e-01  7.4214627e-05  1.00000e+00  7.52971e-05 -0.00000e+00 -6.79048e-42  7.52971e-05
5.586912527e-01  7.4198544e-05  1.00000e+00  7.52927e-05 -0.00000e+00 -6.90630e-42  7.52927e-05
5.588029910e-01  7.4182923e-05  1.00000e+00  7.52883e-05 -0.00000e+00 -7.02406e-42  7.52883e-05
5.589147516e-01  7.4167681e-05  1.00000e+00  7.52837e-05 -0.00000e+00 -7.14379e-42  7.52837e-05
5.590265345e-01  7.4152744e-05  1.00000e+00  7.52791e-05 -0.00000e+00 -7.26553e-42  7.52791e-05
5.591383399e-01  7.4138091e-05  1.00000e+00  7.52744e-05 -0.00000e+00 -7.38932e-42  7.52744e-05
5.592501675e-01  7.4123769e-05  1.00000e+00  7.52697e-05 -0.00000e+00 -7.51518e-42  7.52697e-05
5.593620176e-01  7.4109884e-05  1.00000e+00  7.52648e-05 -0.00000e+00 -7.64315e-42  7.52648e-05
5.594738900e-01  7.4096553e-05  1.00000e+00  7.52599e-05 -0.00000e+00 -7.77327e-42  7.52599e-05
5.595857847e-01  7.4083850e-05  1.00000e+00  7.52550e-05 -0.00000e+00 -7.90557e-42  7.52550e-05
5.596977019e-01  7.4071751e-05  1.00000e+00  7.52499e-05 -0.00000e+00 -8.04009e-42  7.52499e-05
5.598096414e-01  7.4060131e-05  1.00000e+00  7.52449e-05 -0.00000e+00 -8.17686e-42  7.52449e-05
5.599216034e-01  7.4048790e-05  1.00000e+00  7.52398e-05 -0.00000e+00 -8.31593e-42  7.52398e-05
5.600335877e-01  7.4037530e-05  1.00000e+00  7.52346e-05 -0.00000e+00 -8.45733e-42  7.52346e-05
5.601455944e-01  7.4026235e-05  1.00000e+00  7.52295e-05 -0.00000e+00 -8.60111e-42  7.52295e-05
5.602576235e-01  7.4014939e-05  1.00000e+00  7.52242e-05 -0.00000e+00 -8.74729e-42  7.52242e-05
5.603696750e-01  7.4003845e-05  1.00000e+00  7.52190e-05 -0.00000e+00 -8.89592e-42  7.52190e-05
5.604817490e-01  7.3993283e-05  1.00000e+00  7.52137e-05 -0.00000e+00 -9.04704e-42  7.52137e-05
5.605938453e-01  7.3983629e-05  1.00000e+00  7.52084e-05 -0.00000e+00 -9.20070e-42  7.52084e-05
5.607059641e-01  7.3975184e-05  1.00000e+00  7.52030e-05 -0.00000e+00 -9.35693e-42  7.52030e-05
5.608181053e-01  7.3968085e-05  1.00000e+00  7.51977e-05 -0.00000e+00 -9.51578e-42  7.51977e-05
5.609302689e-01  7.3962244e-05  1.00000e+00  7.51924e-05 -0.00000e+00 -9.67730e-42  7.51924e-05
5.610424550e-01  7.3957367e-05  1.00000e+00  7.51870e-05 -0.00000e+00 -9.84152e-42  7.51870e-05
5.611546635e-01  7.3953034e-05  1.00000e+00  7.51817e-05 -0.00000e+00 -1.00085e-41  7.51817e-05
5.612668944e-01  7.3948825e-05  1.00000e+00  7.51765e-05 -0.00000e+00 -1.01783e-41  7.51765e-05
5.613791478e-01  7.3944442e-05  1.00000e+00  7.51712e-05 -0.00000e+00 -1.03509e-41  7.51712e-05
5.614914236e-01  7.3939796e-05  1.00000e+00  7.51660e-05 -0.00000e+00 -1.05265e-41  7.51660e-05
5.616037219e-01  7.3935014e-05  1.00000e+00  7.51608e-05 -0.00000e+00 -1.07049e-41  7.51608e-05
5.617160426e-01  7.3930375e-05  1.00000e+00  7.51556e-05 -0.00000e+00 -1.08864e-41  7.51556e-05
5.618283858e-01  7.3926208e-05  1.00000e+00  7.51505e-05 -0.00000e+00 -1.10709e-41  7.51505e-05
5.619407515e-01  7.3922783e-05  1.00000e+00  7.51453e-05 -0.00000e+00 -1.12585e-41  7.51453e-05
5.620531397e-01  7.3920242e-05  1.00000e+00  7.51403e-05 -0.00000e+00 -1.14493e-41  7.51403e-05
5.621655503e-01  7.3918595e-05  1.00000e+00  7.51352e-05 -0.00000e+00 -1.16432e-41  7.51352e-05
5.622779834e-01  7.3917748e-05  1.00000e+00  7.51302e-05 -0.00000e+00 -1.18404e-41  7.51302e-05
5.623904390e-01  7.3917563e-05  1.00000e+00  7.51253e-05 -0.00000e+00 -1.20409e-41  7.51253e-05
5.625029171e-01  7.3917889e-05  1.00000e+00  7.51204e-05 -0.00000e+00 -1.22448e-41  7.51204e-05
5.626154177e-01  7.3918575e-05  1.00000e+00  7.51156e-05 -0.00000e+00 -1.24521e-41  7.51156e-05
5.627279408e-01  7.3919445e-05  1.00000e+00  7.51109e-05 -0.00000e+00 -1.26629e-41  7.51109e-05
5.628404863e-01  7.3920285e-05  1.00000e+00  7.51062e-05 -0.00000e+00 -1.28772e-41  7.51062e-05
5.629530544e-01  7.3920839e-05  1.00000e+00  7.51016e-05 -0.00000e+00 -1.30951e-41  7.51016e-05
5.630656450e-01  7.3920842e-05  1.00000e+00  7.50971e-05 -0.00000e+00 -1.33166e-41  7.50971e-05
5.631782582e-01  7.3920078e-05  1.00000e+00  7.50926e-05 -0.00000e+00 -1.35419e-41  7.50926e-05
5.632908938e-01  7.3918450e-05  1.00000e+00  7.50881e-05 -0.00000e+00 -1.37709e-41  7.50881e-05
5.634035520e-01  7.3916018e-05  1.00000e+00  7.50837e-05 -0.00000e+00 -1.40038e-41  7.50837e-05
5.635162327e-01  7.3913008e-05  1.00000e+00  7.50794e-05 -0.00000e+00 -1.42406e-41  7.50794e-05
5.636289360e-01  7.3909760e-05  1.00000e+00  7.50750e-05 -0.00000e+00 -1.44813e-41  7.50750e-05
5.637416618e-01  7.3906642e-05  1.00000e+00  7.50707e-05 -0.00000e+00 -1.47261e-41  7.50707e-05
5.638544101e-01  7.3903944e-05  1.00000e+00  7.50664e-05 -0.00000e+00 -1.49749e-41  7.50664e-05
5.639671810e-01  7.3901791e-05  1.00000e+00  7.50622e-05 -0.00000e+00 -1.52279e-41  7.50622e-05
5.640799744e-01  7.3900101e-05  1.00000e+00  7.50580e-05 -0.00000e+00 -1.54852e-41  7.50580e-05
5.641927904e-01  7.3898611e-05  1.00000e+00  7.50538e-05 -0.00000e+00 -1.57467e-41  7.50538e-05
5.643056290e-01  7.3896953e-05  1.00000e+00  7.50497e-05 -0.00000e+00 -1.60126e-41  7.50497e-05
5.644184901e-01  7.3894766e-05  1.00000e+00  7.50456e-05 -0.00000e+00 -1.62830e-41  7.50456e-05
5.645313738e-01  7.3891800e-05  1.00000e+00  7.50415e-05 -0.00000e+00 -1.65579e-41  7.50415e-05
5.646442801e-01  7.3887975e-05  1.00000e+00  7.50375e-05 -0.00000e+00 -1.68373e-41  7.50375e-05
5.647572089e-01  7.3883372e-05  1.00000e+00  7.50334e-05 -0.00000e+00 -1.71214e-41  7.50334e-05
5.648701604e-01  7.3878169e-05  1.00000e+00  7.50294e-05 -0.00000e+00 -1.74103e-41  7.50294e-05
5.649831344e-01  7.3872539e-05  1.00000e+00  7.50254e-05 -0.00000e+00 -1.77040e-41  7.50254e-05
5.650961310e-01  7.3866563e-05  1.00000e+00  7.50214e-05 -0.00000e+00 -1.80025e-41  7.50214e-05
5.652091502e-01  7.3860173e-05  1.00000e+00  7.50174e-05 -0.00000e+00 -1.83061e-41  7.50174e-05
5.653221921e-01  7.3853158e-05  1.00000e+00  7.50134e-05 -0.00000e+00 -1.86146e-41  7.50134e-05
5.654352565e-01  7.3845236e-05  1.00000e+00  7.50093e-05 -0.00000e+00 -1.89284e-41  7.50093e-05
5.655483436e-01  7.3836123e-05  1.00000e+00  7.50053e-05 -0.00000e+00 -1.92473e-41  7.50053e-05
5.656614532e-01  7.3825645e-05  1.00000e+00  7.50012e-05 -0.00000e+00 -1.95715e-41  7.50012e-05
5.657745855e-01  7.3813794e-05  1.00000e+00  7.49970e-05 -0.00000e+00 -1.99012e-41  7.49970e-05
5.658877404e-01  7.3800744e-05  1.00000e+00  7.49928e-05 -0.00000e+00 -2.02362e-41  7.49928e-05
5.660009180e-01  7.3786816e-05  1.00000e+00  7.49885e-05 -0.00000e+00 -2.05769e-41  7.49885e-05
5.661141182e-01  7.3772371e-05  1.00000e+00  7.49842e-05 -0.00000e+00 -2.09232e-41  7.49842e-05
5.662273410e-01  7.3757686e-05  1.00000e+00  7.49798e-05 -0.00000e+00 -2.12752e-41  7.49798e-05
5.663405865e-01  7.3742831e-05  1.00000e+00  7.49752e-05 -0.00000e+00 -2.16330e-41  7.49752e-05
5.664538546e-01  7.3727565e-05  1.00000e+00  7.49707e-05 -0.00000e+00 -2.19968e-41  7.49707e-05
5.665671453e-01  7.3711364e-05  1.00000e+00  7.49660e-05 -0.00000e+00 -2.23666e-41  7.49660e-05
5.666804588e-01  7.3693478e-05  1.00000e+00  7.49612e-05 -0.00000e+00 -2.27424e-41  7.49612e-05
5.667937949e-01  7.3673121e-05  1.00000e+00  7.49564e-05 -0.00000e+00 -2.31245e-41  7.49564e-05
5.669071536e-01  7.3649582e-05  1.00000e+00  7.49514e-05 -0.00000e+00 -2.35129e-41  7.49514e-05
5.670205351e-01  7.3622312e-05  1.00000e+00  7.49462e-05 -0.00000e+00 -2.39077e-41  7.49462e-05
5.671339392e-01  7.3590815e-05  1.00000e+00  7.49408e-05 -0.00000e+00 -2.43089e-41  7.49408e-05
5.672473659e-01  7.3554561e-05  1.00000e+00  7.49352e-05 -0.00000e+00 -2.47168e-41  7.49352e-05
5.673608154e-01  7.3512828e-05  1.00000e+00  7.49293e-05 -0.00000e+00 -2.51312e-41  7.49293e-05
5.674742876e-01  7.3464766e-05  1.00000e+00  7.49230e-05 -0.00000e+00 -2.55524e-41  7.49230e-05
5.675877824e-01  7.3409720e-05  1.00000e+00  7.49164e-05 -0.00000e+00 -2.59805e-41  7.49164e-05
5.677013000e-01  7.3347707e-05  1.00000e+00  7.49093e-05 -0.00000e+00 -2.64155e-41  7.49093e-05
5.678148403e-01  7.3279945e-05  1.00000e+00  7.49017e-05 -0.00000e+00 -2.68574e-41  7.49017e-05
5.679284032e-01  7.3209094e-05  1.00000e+00  7.48935e-05 -0.00000e+00 -2.73065e-41  7.48935e-05
5.680419889e-01  7.3139152e-05  1.00000e+00  7.48849e-05 -0.00000e+00 -2.77628e-41  7.48849e-05
5.681555973e-01  7.3074972e-05  1.00000e+00  7.48757e-05 -0.00000e+00 -2.82264e-41  7.48757e-05
5.682692284e-01  7.3021657e-05  1.00000e+00  7.48660e-05 -0.00000e+00 -2.86975e-41  7.48660e-05
5.683828823e-01  7.2983963e-05  1.00000e+00  7.48561e-05 -0.00000e+00 -2.91763e-41  7.48561e-05
5.684965588e-01  7.2965790e-05  1.00000e+00  7.48460e-05 -0.00000e+00 -2.96629e-41  7.48460e-05
5.686102582e-01  7.2969640e-05  1.00000e+00  7.48359e-05 -0.00000e+00 -3.01576e-41  7.48359e-05
5.687239802e-01  7.2995941e-05  1.00000e+00  7.48261e-05 -0.00000e+00 -3.06606e-41  7.48261e-05
5.688377250e-01  7.3042288e-05  1.00000e+00  7.48167e-05 -0.00000e+00 -3.11720e-41  7.48167e-05
5.689514926e-01  7.3103031e-05  1.00000e+00  7.48079e-05 -0.00000e+00 -3.16922e-41  7.48079e-05
5.690652829e-01  7.3169753e-05  1.00000e+00  7.47998e-05 -0.00000e+00 -3.22212e-41  7.47998e-05
5.691790959e-01  7.3232929e-05  1.00000e+00  7.47924e-05 -0.00000e+00 -3.27592e-41  7.47924e-05
5.692929317e-01  7.3284518e-05  1.00000e+00  7.47856e-05 -0.00000e+00 -3.33063e-41  7.47856e-05
5.694067903e-01  7.3320596e-05  1.00000e+00  7.47792e-05 -0.00000e+00 -3.38627e-41  7.47792e-05
5.695206717e-01  7.3342783e-05  1.00000e+00  7.47732e-05 -0.00000e+00 -3.44284e-41  7.47732e-05
5.696345758e-01  7.3357588e-05  1.00000e+00  7.47674e-05 -0.00000e+00 -3.50035e-41  7.47674e-05
5.697485027e-01  7.3373685e-05  1.00000e+00  7.47619e-05 -0.00000e+00 -3.55882e-41  7.47619e-05
5.698624524e-01  7.3398004e-05  1.00000e+00  7.47565e-05 -0.00000e+00 -3.61827e-41  7.47565e-05
5.699764249e-01  7.3432419e-05  1.00000e+00  7.47515e-05 -0.00000e+00 -3.67871e-41  7.47515e-05
5.700904202e-01  7.3472355e-05  1.00000e+00  7.47469e-05 -0.00000e+00 -3.74017e-41  7.47469e-05
5.702044383e-01  7.3508060e-05  1.00000e+00  7.47427e-05 -0.00000e+00 -3.80267e-41  7.47427e-05
5.703184792e-01  7.3527917e-05  1.00000e+00  7.47388e-05 -0.00000e+00 -3.86621e-41  7.47388e-05
5.704325429e-01  7.3522399e-05  1.00000e+00  7.47351e-05 -0.00000e+00 -3.93081e-41  7.47351e-05
5.705466294e-01  7.3487054e-05  1.00000e+00  7.47312e-05 -0.00000e+00 -3.99646e-41  7.47312e-05
5.706607387e-01  7.3423536e-05  1.00000e+00  7.47269e-05 -0.00000e+00 -4.06316e-41  7.47269e-05
5.707748708e-01  7.3338490e-05  1.00000e+00  7.47220e-05 -0.00000e+00 -4.13093e-41  7.47220e-05
5.708890258e-01  7.3241195e-05  1.00000e+00  7.47163e-05 -0.00000e+00 -4.19977e-41  7.47163e-05
5.710032036e-01  7.3140989e-05  1.00000e+00  7.47098e-05 -0.00000e+00 -4.26970e-41  7.47098e-05
5.711174043e-01  7.3045457e-05  1.00000e+00  7.47025e-05 -0.00000e+00 -4.34073e-41  7.47025e-05
5.712316277e-01  7.2959913e-05  1.00000e+00  7.46945e-05 -0.00000e+00 -4.41288e-41  7.46945e-05
5.713458741e-01  7.2887876e-05  1.00000e+00  7.46858e-05 -0.00000e+00 -4.48619e-41  7.46858e-05
5.714601432e-01  7.2832058e-05  1.00000e+00  7.46767e-05 -0.00000e+00 -4.56067e-41  7.46767e-05
5.715744353e-01  7.2795056e-05  1.00000e+00  7.46672e-05 -0.00000e+00 -4.63635e-41  7.46672e-05
5.716887502e-01  7.2779353e-05  1.00000e+00  7.46576e-05 -0.00000e+00 -4.71327e-41  7.46576e-05
5.718030879e-01  7.2786494e-05  1.00000e+00  7.46481e-05 -0.00000e+00 -4.79146e-41  7.46481e-05
5.719174485e-01  7.2815925e-05  1.00000e+00  7.46388e-05 -0.00000e+00 -4.87095e-41  7.46388e-05
5.720318320e-01  7.2864074e-05  1.00000e+00  7.46300e-05 -0.00000e+00 -4.95178e-41  7.46300e-05
5.721462384e-01  7.2924446e-05  1.00000e+00  7.46218e-05 -0.00000e+00 -5.03397e-41  7.46218e-05
5.722606676e-01  7.2988811e-05  1.00000e+00  7.46142e-05 -0.00000e+00 -5.11755e-41  7.46142e-05
5.723751198e-01  7.3049179e-05  1.00000e+00  7.46073e-05 -0.00000e+00 -5.20255e-41  7.46073e-05
5.724895948e-01  7.3099796e-05  1.00000e+00  7.46009e-05 -0.00000e+00 -5.28898e-41  7.46009e-05
5.726040927e-01  7.3138242e-05  1.00000e+00  7.45951e-05 -0.00000e+00 -5.37686e-41  7.45951e-05
5.727186135e-01  7.3165270e-05  1.00000e+00  7.45896e-05 -0.00000e+00 -5.46621e-41  7.45896e-05
5.728331573e-01  7.3183524e-05  1.00000e+00  7.45843e-05 -0.00000e+00 -5.55704e-41  7.45843e-05
5.729477239e-01  7.3195911e-05  1.00000e+00  7.45793e-05 -0.00000e+00 -5.64938e-41  7.45793e-05
5.730623134e-01  7.3204399e-05  1.00000e+00  7.45744e-05 -0.00000e+00 -5.74324e-41  7.45744e-05
5.731769259e-01  7.3209791e-05  1.00000e+00  7.45696e-05 -0.00000e+00 -5.83865e-41  7.45696e-05
5.732915613e-01  7.3212370e-05  1.00000e+00  7.45649e-05 -0.00000e+00 -5.93563e-41  7.45649e-05
5.734062196e-01  7.3212852e-05  1.00000e+00  7.45603e-05 -0.00000e+00 -6.03421e-41  7.45603e-05
5.735209008e-01  7.3212959e-05  1.00000e+00  7.45557e-05 -0.00000e+00 -6.13441e-41  7.45557e-05
5.736356050e-01  7.3215307e-05  1.00000e+00  7.45512e-05 -0.00000e+00 -6.23626e-41  7.45512e-05
5.737503321e-01  7.3222736e-05  1.00000e+00  7.45468e-05 -0.00000e+00 -6.33979e-41  7.45468e-05
5.738650822e-01  7.3237575e-05  1.00000e+00  7.45426e-05 -0.00000e+00 -6.44504e-41  7.45426e-05
5.739798552e-01  7.3261254e-05  1.00000e+00  7.45386e-05 -0.00000e+00 -6.55202e-41  7.45386e-05
5.740946512e-01  7.3294410e-05  1.00000e+00  7.45349e-05 -0.00000e+00 -6.66080e-41  7.45349e-05
5.742094701e-01  7.3337108e-05  1.00000e+00  7.45316e-05 -0.00000e+00 -6.77139e-41  7.45316e-05
5.743243120e-01  7.3388885e-05  1.00000e+00  7.45287e-05 -0.00000e+00 -6.88384e-41  7.45287e-05
5.744391769e-01  7.3448376e-05  1.00000e+00  7.45264e-05 -0.00000e+00 -6.99819e-41  7.45264e-05
5.745540647e-01  7.3512796e-05  1.00000e+00  7.45246e-05 -0.00000e+00 -7.11447e-41  7.45246e-05
5.746689755e-01  7.3577888e-05  1.00000e+00  7.45235e-05 -0.00000e+00 -7.23272e-41  7.45235e-05
5.747839093e-01  7.3638562e-05  1.00000e+00  7.45230e-05 -0.00000e+00 -7.35296e-41  7.45230e-05
5.748988661e-01  7.3690351e-05  1.00000e+00  7.45229e-05 -0.00000e+00 -7.47523e-41  7.45229e-05
5.750138459e-01  7.3730908e-05  1.00000e+00  7.45233e-05 -0.00000e+00 -7.59955e-41  7.45233e-05
5.751288486e-01  7.3760916e-05  1.00000e+00  7.45241e-05 -0.00000e+00 -7.72594e-41  7.45241e-05
5.752438744e-01  7.3783835e-05  1.00000e+00  7.45251e-05 -0.00000e+00 -7.85443e-41  7.45251e-05
5.753589232e-01  7.3804582e-05  1.00000e+00  7.45262e-05 -0.00000e+00 -7.98505e-41  7.45262e-05
5.754739950e-01  7.3827733e-05  1.00000e+00  7.45276e-05 -0.00000e+00 -8.11784e-41  7.45276e-05
5.755890898e-01  7.3856129e-05  1.00000e+00  7.45292e-05 -0.00000e+00 -8.25283e-41  7.45292e-05
5.757042076e-01  7.3890307e-05  1.00000e+00  7.45310e-05 -0.00000e+00 -8.39008e-41  7.45310e-05
5.758193484e-01  7.3928852e-05  1.00000e+00  7.45332e-05 -0.00000e+00 -8.52962e-41  7.45332e-05
5.759345123e-01  7.3969332e-05  1.00000e+00  7.45358e-05 -0.00000e+00 -8.67149e-41  7.45358e-05
5.760496992e-01  7.4009221e-05  1.00000e+00  7.45387e-05 -0.00000e+00 -8.81573e-41  7.45387e-05
5.761649091e-01  7.4046538e-05  1.00000e+00  7.45419e-05 -0.00000e+00 -8.96238e-41  7.45419e-05
5.762801421e-01  7.4080147e-05  1.00000e+00  7.45454e-05 -0.00000e+00 -9.11148e-41  7.45454e-05
5.763953982e-01  7.4109849e-05  1.00000e+00  7.45492e-05 -0.00000e+00 -9.26305e-41  7.45492e-05
5.765106772e-01  7.4136463e-05  1.00000e+00  7.45532e-05 -0.00000e+00 -9.41715e-41  7.45532e-05
5.766259794e-01  7.4161865e-05  1.00000e+00  7.45574e-05 -0.00000e+00 -9.57380e-41  7.45574e-05
5.767413046e-01  7.4188935e-05  1.00000e+00  7.45618e-05 -0.00000e+00 -9.73306e-41  7.45618e-05
5.768566528e-01  7.4221223e-05  1.00000e+00  7.45665e-05 -0.00000e+00 -9.89496e-41  7.45665e-05
5.769720242e-01  7.4262116e-05  1.00000e+00  7.45714e-05 -0.00000e+00 -1.00596e-40  7.45714e-05
5.770874186e-01  7.4313885e-05  1.00000e+00  7.45768e-05 -0.00000e+00 -1.02269e-40  7.45768e-05
5.772028360e-01  7.4376758e-05  1.00000e+00  7.45826e-05 -0.00000e+00 -1.03971e-40  7.45826e-05
5.773182766e-01  7.4448356e-05  1.00000e+00  7.45889e-05 -0.00000e+00 -1.05702e-40  7.45889e-05
5.774337403e-01  7.4523752e-05  1.00000e+00  7.45959e-05 -0.00000e+00 -1.07462e-40  7.45959e-05
5.775492270e-01  7.4596131e-05  1.00000e+00  7.46035e-05 -0.00000e+00 -1.09252e-40  7.46035e-05
5.776647369e-01  7.4657848e-05  1.00000e+00  7.46116e-05 -0.00000e+00 -1.11072e-40  7.46116e-05
5.777802698e-01  7.4701718e-05  1.00000e+00  7.46201e-05 -0.00000e+00 -1.12922e-40  7.46201e-05
5.778958259e-01  7.4722411e-05  1.00000e+00  7.46289e-05 -0.00000e+00 -1.14803e-40  7.46289e-05
5.780114050e-01  7.4718040e-05  1.00000e+00  7.46376e-05 -0.00000e+00 -1.16716e-40  7.46376e-05
5.781270073e-01  7.4691840e-05  1.00000e+00  7.46462e-05 -0.00000e+00 -1.18659e-40  7.46462e-05
5.782426327e-01  7.4653737e-05  1.00000e+00  7.46544e-05 -0.00000e+00 -1.20633e-40  7.46544e-05
5.783582812e-01  7.4620926e-05  1.00000e+00  7.46622e-05 -0.00000e+00 -1.22639e-40  7.46622e-05
5.784739529e-01  7.4616579e-05  1.00000e+00  7.46698e-05 -0.00000e+00 -1.24678e-40  7.46698e-05
5.785896477e-01  7.4665916e-05  1.00000e+00  7.46775e-05 -0.00000e+00 -1.26751e-40  7.46775e-05
5.787053656e-01  7.4789893e-05  1.00000e+00  7.46859e-05 -0.00000e+00 -1.28860e-40  7.46859e-05
5.788211067e-01  7.4998183e-05  1.00000e+00  7.46957e-05 -0.00000e+00 -1.31006e-40  7.46957e-05
5.789368709e-01  7.5283896e-05  1.00000e+00  7.47076e-05 -0.00000e+00 -1.33191e-40  7.47076e-05
5.790526583e-01  7.5622580e-05  1.00000e+00  7.47222e-05 -0.00000e+00 -1.35418e-40  7.47222e-05
5.791684688e-01  7.5976649e-05  1.00000e+00  7.47397e-05 -0.00000e+00 -1.37686e-40  7.47397e-05
5.792843025e-01  7.6304284e-05  1.00000e+00  7.47601e-05 -0.00000e+00 -1.39998e-40  7.47601e-05
5.794001594e-01  7.6569866e-05  1.00000e+00  7.47829e-05 -0.00000e+00 -1.42352e-40  7.47829e-05
5.795160394e-01  7.6752397e-05  1.00000e+00  7.48075e-05 -0.00000e+00 -1.44748e-40  7.48075e-05
5.796319426e-01  7.6849124e-05  1.00000e+00  7.48332e-05 -0.00000e+00 -1.47186e-40  7.48332e-05
5.797478690e-01  7.6873562e-05  1.00000e+00  7.48592e-05 -0.00000e+00 -1.49664e-40  7.48592e-05
5.798638186e-01  7.6849308e-05  1.00000e+00  7.48849e-05 -0.00000e+00 -1.52183e-40  7.48849e-05
5.799797913e-01  7.6802279e-05  1.00000e+00  7.49101e-05 -0.00000e+00 -1.54743e-40  7.49101e-05
5.800957873e-01  7.6754046e-05  1.00000e+00  7.49346e-05 -0.00000e+00 -1.57343e-40  7.49346e-05
5.802118064e-01  7.6718035e-05  1.00000e+00  7.49586e-05 -0.00000e+00 -1.59986e-40  7.49586e-05
5.803278488e-01  7.6698907e-05  1.00000e+00  7.49821e-05 -0.00000e+00 -1.62672e-40  7.49821e-05
5.804439144e-01  7.6694373e-05  1.00000e+00  7.50053e-05 -0.00000e+00 -1.65401e-40  7.50053e-05
5.805600032e-01  7.6698193e-05  1.00000e+00  7.50283e-05 -0.00000e+00 -1.68176e-40  7.50283e-05
5.806761152e-01  7.6703169e-05  1.00000e+00  7.50512e-05 -0.00000e+00 -1.70996e-40  7.50512e-05
5.807922504e-01  7.6703354e-05  1.00000e+00  7.50739e-05 -0.00000e+00 -1.73862e-40  7.50739e-05
5.809084088e-01  7.6695199e-05  1.00000e+00  7.50964e-05 -0.00000e+00 -1.76776e-40  7.50964e-05
5.810245905e-01  7.6677700e-05  1.00000e+00  7.51186e-05 -0.00000e+00 -1.79737e-40  7.51186e-05
5.811407954e-01  7.6651845e-05  1.00000e+00  7.51405e-05 -0.00000e+00 -1.82745e-40  7.51405e-05
5.812570236e-01  7.6619730e-05  1.00000e+00  7.51619e-05 -0.00000e+00 -1.85803e-40  7.51619e-05
5.813732750e-01  7.6583655e-05  1.00000e+00  7.51828e-05 -0.00000e+00 -1.88910e-40  7.51828e-05
5.814895497e-01  7.6545467e-05  1.00000e+00  7.52032e-05 -0.00000e+00 -1.92066e-40  7.52032e-05
5.816058476e-01  7.6506280e-05  1.00000e+00  7.52231e-05 -0.00000e+00 -1.95274e-40  7.52231e-05
5.817221687e-01  7.6466441e-05  1.00000e+00  7.52425e-05 -0.00000e+00 -1.98533e-40  7.52425e-05
5.818385132e-01  7.6425859e-05  1.00000e+00  7.52615e-05 -0.00000e+00 -2.01844e-40  7.52615e-05
5.819548809e-01  7.6384318e-05  1.00000e+00  7.52798e-05 -0.00000e+00 -2.05209e-40  7.52798e-05
5.820712718e-01  7.6341750e-05  1.00000e+00  7.52977e-05 -0.00000e+00 -2.08628e-40  7.52977e-05
5.821876861e-01  7.6298374e-05  1.00000e+00  7.53151e-05 -0.00000e+00 -2.12101e-40  7.53151e-05
5.823041236e-01  7.6254673e-05  1.00000e+00  7.53319e-05 -0.00000e+00 -2.15630e-40  7.53319e-05
5.824205845e-01  7.6211288e-05  1.00000e+00  7.53483e-05 -0.00000e+00 -2.19216e-40  7.53483e-05
5.825370686e-01  7.6168886e-05  1.00000e+00  7.53641e-05 -0.00000e+00 -2.22859e-40  7.53641e-05
5.826535760e-01  7.6128041e-05  1.00000e+00  7.53794e-05 -0.00000e+00 -2.26560e-40  7.53794e-05
5.827701067e-01  7.6089182e-05  1.00000e+00  7.53943e-05 -0.00000e+00 -2.30320e-40  7.53943e-05
5.828866607e-01  7.6052545e-05  1.00000e+00  7.54087e-05 -0.00000e+00 -2.34141e-40  7.54087e-05
5.830032381e-01  7.6018219e-05  1.00000e+00  7.54227e-05 -0.00000e+00 -2.38023e-40  7.54227e-05
5.831198387e-01  7.5986100e-05  1.00000e+00  7.54363e-05 -0.00000e+00 -2.41968e-40  7.54363e-05
5.832364627e-01  7.5955949e-05  1.00000e+00  7.54496e-05 -0.00000e+00 -2.45976e-40  7.54496e-05
5.833531100e-01  7.5927416e-05  1.00000e+00  7.54624e-05 -0.00000e+00 -2.50048e-40  7.54624e-05
5.834697806e-01  7.5900087e-05  1.00000e+00  7.54750e-05 -0.00000e+00 -2.54185e-40  7.54750e-05
5.835864745e-01  7.5873574e-05  1.00000e+00  7.54872e-05 -0.00000e+00 -2.58390e-40  7.54872e-05
5.837031918e-01  7.5847585e-05  1.00000e+00  7.54990e-05 -0.00000e+00 -2.62661e-40  7.54990e-05
5.838199325e-01  7.5821953e-05  1.00000e+00  7.55106e-05 -0.00000e+00 -2.67002e-40  7.55106e-05
5.839366965e-01  7.5796675e-05  1.00000e+00  7.55219e-05 -0.00000e+00 -2.71412e-40  7.55219e-05
5.840534838e-01  7.5771833e-05  1.00000e+00  7.55328e-05 -0.00000e+00 -2.75893e-40  7.55328e-05
5.841702945e-01  7.5747521e-05  1.00000e+00  7.55435e-05 -0.00000e+00 -2.80445e-40  7.55435e-05
5.842871286e-01  7.5723796e-05  1.00000e+00  7.55539e-05 -0.00000e+00 -2.85072e-40  7.55539e-05
5.844039860e-01  7.5700649e-05  1.00000e+00  7.55640e-05 -0.00000e+00 -2.89772e-40  7.55640e-05
5.845208668e-01  7.5678046e-05  1.00000e+00  7.55738e-05 -0.00000e+00 -2.94548e-40  7.55738e-05
5.846377710e-01  7.5655931e-05  1.00000e+00  7.55833e-05 -0.00000e+00 -2.99400e-40  7.55833e-05
5.847546985e-01  7.5634183e-05  1.00000e+00  7.55926e-05 -0.00000e+00 -3.04331e-40  7.55926e-05
5.848716495e-01  7.5612482e-05  1.00000e+00  7.56017e-05 -0.00000e+00 -3.09340e-40  7.56017e-05
5.849886238e-01  7.5590170e-05  1.00000e+00  7.56105e-05 -0.00000e+00 -3.14430e-40  7.56105e-05
5.851056215e-01  7.5566204e-05  1.00000e+00  7.56190e-05 -0.00000e+00 -3.19601e-40  7.56190e-05
5.852226426e-01  7.5539316e-05  1.00000e+00  7.56272e-05 -0.00000e+00 -3.24856e-40  7.56272e-05
5.853396872e-01  7.5508412e-05  1.00000e+00  7.56352e-05 -0.00000e+00 -3.30194e-40  7.56352e-05
5.854567551e-01  7.5473087e-05  1.00000e+00  7.56428e-05 -0.00000e+00 -3.35617e-40  7.56428e-05
5.855738464e-01  7.5433993e-05  1.00000e+00  7.56500e-05 -0.00000e+00 -3.41127e-40  7.56500e-05
5.856909612e-01  7.5392812e-05  1.00000e+00  7.56569e-05 -0.00000e+00 -3.46724e-40  7.56569e-05
5.858080994e-01  7.5351789e-05  1.00000e+00  7.56633e-05 -0.00000e+00 -3.52409e-40  7.56633e-05
5.859252610e-01  7.5312987e-05  1.00000e+00  7.56693e-05 -0.00000e+00 -3.58186e-40  7.56693e-05
5.860424461e-01  7.5277429e-05  1.00000e+00  7.56750e-05 -0.00000e+00 -3.64053e-40  7.56750e-05
5.861596546e-01  7.5244605e-05  1.00000e+00  7.56804e-05 -0.00000e+00 -3.70015e-40  7.56804e-05
5.862768865e-01  7.5212475e-05  1.00000e+00  7.56854e-05 -0.00000e+00 -3.76071e-40  7.56854e-05
5.863941419e-01  7.5177784e-05  1.00000e+00  7.56901e-05 -0.00000e+00 -3.82223e-40  7.56901e-05
5.865114207e-01  7.5136878e-05  1.00000e+00  7.56945e-05 -0.00000e+00 -3.88473e-40  7.56945e-05
5.866287230e-01  7.5086179e-05  1.00000e+00  7.56985e-05 -0.00000e+00 -3.94821e-40  7.56985e-05
5.867460487e-01  7.5022533e-05  1.00000e+00  7.57020e-05 -0.00000e+00 -4.01270e-40  7.57020e-05
5.868633979e-01  7.4943196e-05  1.00000e+00  7.57048e-05 -0.00000e+00 -4.07818e-40  7.57048e-05
5.869807706e-01  7.4845608e-05  1.00000e+00  7.57068e-05 -0.00000e+00 -4.14468e-40  7.57068e-05
5.870981668e-01  7.4727161e-05  1.00000e+00  7.57080e-05 -0.00000e+00 -4.21219e-40  7.57080e-05
5.872155864e-01  7.4585157e-05  1.00000e+00  7.57080e-05 -0.00000e+00 -4.28072e-40  7.57080e-05
5.873330295e-01  7.4417113e-05  1.00000e+00  7.57067e-05 -0.00000e+00 -4.35027e-40  7.57067e-05
5.874504961e-01  7.4221640e-05  1.00000e+00  7.57039e-05 -0.00000e+00 -4.42085e-40  7.57039e-05
5.875679862e-01  7.3999787e-05  1.00000e+00  7.56993e-05 -0.00000e+00 -4.49245e-40  7.56993e-05
5.876854998e-01  7.3756552e-05  1.00000e+00  7.56928e-05 -0.00000e+00 -4.56507e-40  7.56928e-05
5.878030369e-01  7.3501945e-05  1.00000e+00  7.56842e-05 -0.00000e+00 -4.63872e-40  7.56842e-05
5.879205975e-01  7.3251410e-05  1.00000e+00  7.56735e-05 -0.00000e+00 -4.71342e-40  7.56735e-05
5.880381817e-01  7.3024846e-05  1.00000e+00  7.56609e-05 -0.00000e+00 -4.78919e-40  7.56609e-05
5.881557893e-01  7.2844254e-05  1.00000e+00  7.56467e-05 -0.00000e+00 -4.86606e-40  7.56467e-05
5.882734205e-01  7.2730520e-05  1.00000e+00  7.56312e-05 -0.00000e+00 -4.94409e-40  7.56312e-05
5.883910751e-01  7.2699658e-05  1.00000e+00  7.56154e-05 -0.00000e+00 -5.02333e-40  7.56154e-05
5.885087534e-01  7.2759331e-05  1.00000e+00  7.55997e-05 -0.00000e+00 -5.10386e-40  7.55997e-05
5.886264551e-01  7.2906249e-05  1.00000e+00  7.55852e-05 -0.00000e+00 -5.18575e-40  7.55852e-05
5.887441804e-01  7.3125163e-05  1.00000e+00  7.55723e-05 -0.00000e+00 -5.26907e-40  7.55723e-05
5.888619292e-01  7.3389988e-05  1.00000e+00  7.55616e-05 -0.00000e+00 -5.35387e-40  7.55616e-05
5.889797016e-01  7.3667813e-05  1.00000e+00  7.55534e-05 -0.00000e+00 -5.44020e-40  7.55534e-05
5.890974976e-01  7.3925425e-05  1.00000e+00  7.55476e-05 -0.00000e+00 -5.52807e-40  7.55476e-05
5.892153171e-01  7.4137872e-05  1.00000e+00  7.55439e-05 -0.00000e+00 -5.61749e-40  7.55439e-05
5.893331601e-01  7.4296277e-05  1.00000e+00  7.55418e-05 -0.00000e+00 -5.70845e-40  7.55418e-05
5.894510268e-01  7.4412280e-05  1.00000e+00  7.55410e-05 -0.00000e+00 -5.80095e-40  7.55410e-05
5.895689170e-01  7.4515840e-05  1.00000e+00  7.55410e-05 -0.00000e+00 -5.89500e-40  7.55410e-05
5.896868307e-01  7.4645659e-05  1.00000e+00  7.55420e-05 -0.00000e+00 -5.99064e-40  7.55420e-05
5.898047681e-01  7.4834457e-05  1.00000e+00  7.55444e-05 -0.00000e+00 -6.08793e-40  7.55444e-05
5.899227291e-01  7.5093688e-05  1.00000e+00  7.55487e-05 -0.00000e+00 -6.18695e-40  7.55487e-05
5.900407136e-01  7.5404292e-05  1.00000e+00  7.55554e-05 -0.00000e+00 -6.28777e-40  7.55554e-05
5.901587217e-01  7.5718467e-05  1.00000e+00  7.55648e-05 -0.00000e+00 -6.39044e-40  7.55648e-05
5.902767535e-01  7.5972606e-05  1.00000e+00  7.55765e-05 -0.00000e+00 -6.49496e-40  7.55765e-05
5.903948088e-01  7.6107074e-05  1.00000e+00  7.55899e-05 -0.00000e+00 -6.60127e-40  7.55899e-05
5.905128878e-01  7.6084933e-05  1.00000e+00  7.56037e-05 -0.00000e+00 -6.70931e-40  7.56037e-05
5.906309904e-01  7.5902403e-05  1.00000e+00  7.56165e-05 -0.00000e+00 -6.81897e-40  7.56165e-05
5.907491166e-01  7.5587144e-05  1.00000e+00  7.56271e-05 -0.00000e+00 -6.93016e-40  7.56271e-05
5.908672664e-01  7.5185970e-05  1.00000e+00  7.56345e-05 -0.00000e+00 -7.04283e-40  7.56345e-05
5.909854399e-01  7.4748720e-05  1.00000e+00  7.56383e-05 -0.00000e+00 -7.15696e-40  7.56383e-05
5.911036369e-01  7.4315693e-05  1.00000e+00  7.56383e-05 -0.00000e+00 -7.27256e-40  7.56383e-05
5.912218577e-01  7.3913390e-05  1.00000e+00  7.56348e-05 -0.00000e+00 -7.38967e-40  7.56348e-05
5.913401020e-01  7.3559267e-05  1.00000e+00  7.56280e-05 -0.00000e+00 -7.50833e-40  7.56280e-05
5.914583701e-01  7.3270628e-05  1.00000e+00  7.56187e-05 -0.00000e+00 -7.62863e-40  7.56187e-05
5.915766617e-01  7.3071654e-05  1.00000e+00  7.56073e-05 -0.00000e+00 -7.75064e-40  7.56073e-05
5.916949771e-01  7.2993594e-05  1.00000e+00  7.55948e-05 -0.00000e+00 -7.87450e-40  7.55948e-05
5.918133161e-01  7.3066801e-05  1.00000e+00  7.55824e-05 -0.00000e+00 -8.00036e-40  7.55824e-05
5.919316787e-01  7.3308061e-05  1.00000e+00  7.55714e-05 -0.00000e+00 -8.12840e-40  7.55714e-05
5.920500651e-01  7.3708887e-05  1.00000e+00  7.55633e-05 -0.00000e+00 -8.25882e-40  7.55633e-05
5.921684751e-01  7.4230059e-05  1.00000e+00  7.55592e-05 -0.00000e+00 -8.39179e-40  7.55592e-05
5.922869088e-01  7.4805579e-05  1.00000e+00  7.55598e-05 -0.00000e+00 -8.52741e-40  7.55598e-05
5.924053662e-01  7.5355298e-05  1.00000e+00  7.55653e-05 -0.00000e+00 -8.66574e-40  7.55653e-05
5.925238472e-01  7.5802060e-05  1.00000e+00  7.55751e-05 -0.00000e+00 -8.80674e-40  7.55751e-05
5.926423520e-01  7.6087783e-05  1.00000e+00  7.55879e-05 -0.00000e+00 -8.95033e-40  7.55879e-05
5.927608805e-01  7.6183649e-05  1.00000e+00  7.56022e-05 -0.00000e+00 -9.09635e-40  7.56022e-05
5.928794326e-01  7.6091336e-05  1.00000e+00  7.56165e-05 -0.00000e+00 -9.24466e-40  7.56165e-05
5.929980085e-01  7.5835458e-05  1.00000e+00  7.56291e-05 -0.00000e+00 -9.39511e-40  7.56291e-05
5.931166081e-01  7.5451310e-05  1.00000e+00  7.56390e-05 -0.00000e+00 -9.54759e-40  7.56390e-05
5.932352315e-01  7.4973053e-05  1.00000e+00  7.56451e-05 -0.00000e+00 -9.70201e-40  7.56451e-05
5.933538785e-01  7.4427867e-05  1.00000e+00  7.56468e-05 -0.00000e+00 -9.85830e-40  7.56468e-05
5.934725493e-01  7.3838152e-05  1.00000e+00  7.56437e-05 -0.00000e+00 -1.00164e-39  7.56437e-05
5.935912438e-01  7.3230068e-05  1.00000e+00  7.56356e-05 -0.00000e+00 -1.01764e-39  7.56356e-05
5.937099620e-01  7.2642915e-05  1.00000e+00  7.56225e-05 -0.00000e+00 -1.03382e-39  7.56225e-05
5.938287040e-01  7.2132557e-05  1.00000e+00  7.56048e-05 -0.00000e+00 -1.05019e-39  7.56048e-05
5.939474698e-01  7.1765417e-05  1.00000e+00  7.55835e-05 -0.00000e+00 -1.06677e-39  7.55835e-05
5.940662593e-01  7.1603900e-05  1.00000e+00  7.55601e-05 -0.00000e+00 -1.08359e-39  7.55601e-05
5.941850725e-01  7.1688294e-05  1.00000e+00  7.55366e-05 -0.00000e+00 -1.10068e-39  7.55366e-05
5.943039095e-01  7.2022870e-05  1.00000e+00  7.55151e-05 -0.00000e+00 -1.11807e-39  7.55151e-05
5.944227703e-01  7.2571219e-05  1.00000e+00  7.54975e-05 -0.00000e+00 -1.13580e-39  7.54975e-05
5.945416549e-01  7.3262537e-05  1.00000e+00  7.54854e-05 -0.00000e+00 -1.15390e-39  7.54854e-05
5.946605632e-01  7.4005780e-05  1.00000e+00  7.54795e-05 -0.00000e+00 -1.17238e-39  7.54795e-05
5.947794953e-01  7.4706631e-05  1.00000e+00  7.54798e-05 -0.00000e+00 -1.19124e-39  7.54798e-05
5.948984512e-01  7.5283246e-05  1.00000e+00  7.54856e-05 -0.00000e+00 -1.21049e-39  7.54856e-05
5.950174309e-01  7.5678554e-05  1.00000e+00  7.54954e-05 -0.00000e+00 -1.23010e-39  7.54954e-05
5.951364344e-01  7.5867559e-05  1.00000e+00  7.55077e-05 -0.00000e+00 -1.25006e-39  7.55077e-05
5.952554617e-01  7.5859501e-05  1.00000e+00  7.55207e-05 -0.00000e+00 -1.27034e-39  7.55207e-05
5.953745128e-01  7.5693926e-05  1.00000e+00  7.55327e-05 -0.00000e+00 -1.29093e-39  7.55327e-05
5.954935877e-01  7.5430106e-05  1.00000e+00  7.55429e-05 -0.00000e+00 -1.31181e-39  7.55429e-05
5.956126864e-01  7.5131462e-05  1.00000e+00  7.55506e-05 -0.00000e+00 -1.33298e-39  7.55506e-05
5.957318089e-01  7.4848760e-05  1.00000e+00  7.55557e-05 -0.00000e+00 -1.35443e-39  7.55557e-05
5.958509553e-01  7.4608442e-05  1.00000e+00  7.55586e-05 -0.00000e+00 -1.37620e-39  7.55586e-05
5.959701255e-01  7.4410627e-05  1.00000e+00  7.55597e-05 -0.00000e+00 -1.39827e-39  7.55597e-05
5.960893195e-01  7.4237625e-05  1.00000e+00  7.55592e-05 -0.00000e+00 -1.42067e-39  7.55592e-05
5.962085374e-01  7.4069305e-05  1.00000e+00  7.55573e-05 -0.00000e+00 -1.44339e-39  7.55573e-05
5.963277791e-01  7.3897870e-05  1.00000e+00  7.55540e-05 -0.00000e+00 -1.46645e-39  7.55540e-05
5.964470446e-01  7.3734841e-05  1.00000e+00  7.55494e-05 -0.00000e+00 -1.48984e-39  7.55494e-05
5.965663340e-01  7.3607176e-05  1.00000e+00  7.55435e-05 -0.00000e+00 -1.51358e-39  7.55435e-05
5.966856473e-01  7.3544614e-05  1.00000e+00  7.55369e-05 -0.00000e+00 -1.53768e-39  7.55369e-05
5.968049844e-01  7.3565127e-05  1.00000e+00  7.55302e-05 -0.00000e+00 -1.56216e-39  7.55302e-05
5.969243454e-01  7.3665655e-05  1.00000e+00  7.55241e-05 -0.00000e+00 -1.58704e-39  7.55241e-05
5.970437303e-01  7.3822391e-05  1.00000e+00  7.55191e-05 -0.00000e+00 -1.61234e-39  7.55191e-05
5.971631390e-01  7.4000136e-05  1.00000e+00  7.55156e-05 -0.00000e+00 -1.63808e-39  7.55156e-05
5.972825717e-01  7.4165625e-05  1.00000e+00  7.55136e-05 -0.00000e+00 -1.66425e-39  7.55136e-05
5.974020282e-01  7.4297945e-05  1.00000e+00  7.55130e-05 -0.00000e+00 -1.69085e-39  7.55130e-05
5.975215086e-01  7.4391765e-05  1.00000e+00  7.55132e-05 -0.00000e+00 -1.71790e-39  7.55132e-05
5.976410129e-01  7.4453104e-05  1.00000e+00  7.55142e-05 -0.00000e+00 -1.74539e-39  7.55142e-05
5.977605411e-01  7.4491150e-05  1.00000e+00  7.55155e-05 -0.00000e+00 -1.77332e-39  7.55155e-05
5.978800932e-01  7.4510872e-05  1.00000e+00  7.55171e-05 -0.00000e+00 -1.80170e-39  7.55171e-05
5.979996692e-01  7.4510516e-05  1.00000e+00  7.55188e-05 -0.00000e+00 -1.83053e-39  7.55188e-05
5.981192692e-01  7.4484439e-05  1.00000e+00  7.55204e-05 -0.00000e+00 -1.85981e-39  7.55204e-05
5.982388930e-01  7.4428977e-05  1.00000e+00  7.55216e-05 -0.00000e+00 -1.88954e-39  7.55216e-05
5.983585408e-01  7.4347692e-05  1.00000e+00  7.55223e-05 -0.00000e+00 -1.91972e-39  7.55223e-05
5.984782125e-01  7.4253207e-05  1.00000e+00  7.55222e-05 -0.00000e+00 -1.95036e-39  7.55222e-05
5.985979081e-01  7.4164666e-05  1.00000e+00  7.55214e-05 -0.00000e+00 -1.98147e-39  7.55214e-05
5.987176277e-01  7.4101838e-05  1.00000e+00  7.55199e-05 -0.00000e+00 -2.01304e-39  7.55199e-05
5.988373712e-01  7.4078986e-05  1.00000e+00  7.55181e-05 -0.00000e+00 -2.04511e-39  7.55181e-05
5.989571387e-01  7.4100418e-05  1.00000e+00  7.55163e-05 -0.00000e+00 -2.07769e-39  7.55163e-05
5.990769301e-01  7.4159586e-05  1.00000e+00  7.55149e-05 -0.00000e+00 -2.11079e-39  7.55149e-05
5.991967455e-01  7.4241689e-05  1.00000e+00  7.55141e-05 -0.00000e+00 -2.14443e-39  7.55141e-05
5.993165849e-01  7.4328664e-05  1.00000e+00  7.55141e-05 -0.00000e+00 -2.17862e-39  7.55141e-05
5.994364482e-01  7.4404695e-05  1.00000e+00  7.55148e-05 -0.00000e+00 -2.21337e-39  7.55148e-05
5.995563355e-01  7.4460212e-05  1.00000e+00  7.55160e-05 -0.00000e+00 -2.24868e-39  7.55160e-05
5.996762468e-01  7.4493410e-05  1.00000e+00  7.55176e-05 -0.00000e+00 -2.28456e-39  7.55176e-05
5.997961820e-01  7.4508954e-05  1.00000e+00  7.55194e-05 -0.00000e+00 -2.32101e-39  7.55194e-05
5.999161412e-01  7.4514903e-05  1.00000e+00  7.55213e-05 -0.00000e+00 -2.35803e-39  7.55213e-05
6.000361245e-01  7.4519005e-05  1.00000e+00  7.55232e-05 -0.00000e+00 -2.39564e-39  7.55232e-05
6.001561317e-01  7.4526000e-05  1.00000e+00  7.55251e-05 -0.00000e+00 -2.43384e-39  7.55251e-05
6.002761629e-01  7.4536641e-05  1.00000e+00  7.55272e-05 -0.00000e+00 -2.47264e-39  7.55272e-05
6.003962182e-01  7.4548296e-05  1.00000e+00  7.55293e-05 -0.00000e+00 -2.51206e-39  7.55293e-05
6.005162974e-01  7.4556897e-05  1.00000e+00  7.55315e-05 -0.00000e+00 -2.55210e-39  7.55315e-05
6.006364007e-01  7.4558896e-05  1.00000e+00  7.55338e-05 -0.00000e+00 -2.59277e-39  7.55338e-05
6.007565279e-01  7.4552839e-05  1.00000e+00  7.55360e-05 -0.00000e+00 -2.63409e-39  7.55360e-05
6.008766792e-01  7.4539974e-05  1.00000e+00  7.55381e-05 -0.00000e+00 -2.67604e-39  7.55381e-05
6.009968546e-01  7.4523891e-05  1.00000e+00  7.55401e-05 -0.00000e+00 -2.71865e-39  7.55401e-05
6.011170539e-01  7.4509531e-05  1.00000e+00  7.55420e-05 -0.00000e+00 -2.76193e-39  7.55420e-05
6.012372774e-01  7.4501866e-05  1.00000e+00  7.55438e-05 -0.00000e+00 -2.80589e-39  7.55438e-05
6.013575248e-01  7.4504660e-05  1.00000e+00  7.55456e-05 -0.00000e+00 -2.85053e-39  7.55456e-05
6.014777963e-01  7.4519509e-05  1.00000e+00  7.55474e-05 -0.00000e+00 -2.89588e-39  7.55474e-05
6.015980919e-01  7.4545515e-05  1.00000e+00  7.55494e-05 -0.00000e+00 -2.94195e-39  7.55494e-05
6.017184115e-01  7.4579611e-05  1.00000e+00  7.55517e-05 -0.00000e+00 -2.98875e-39  7.55517e-05
6.018387552e-01  7.4617437e-05  1.00000e+00  7.55542e-05 -0.00000e+00 -3.03630e-39  7.55542e-05
6.019591229e-01  7.4654579e-05  1.00000e+00  7.55571e-05 -0.00000e+00 -3.08461e-39  7.55571e-05
6.020795148e-01  7.4687734e-05  1.00000e+00  7.55602e-05 -0.00000e+00 -3.13369e-39  7.55602e-05
6.021999307e-01  7.4715475e-05  1.00000e+00  7.55636e-05 -0.00000e+00 -3.18355e-39  7.55636e-05
6.023203706e-01  7.4738335e-05  1.00000e+00  7.55672e-05 -0.00000e+00 -3.23421e-39  7.55672e-05
6.024408347e-01  7.4758296e-05  1.00000e+00  7.55709e-05 -0.00000e+00 -3.28566e-39  7.55709e-05
6.025613229e-01  7.4777934e-05  1.00000e+00  7.55748e-05 -0.00000e+00 -3.33793e-39  7.55748e-05
6.026818352e-01  7.4799473e-05  1.00000e+00  7.55788e-05 -0.00000e+00 -3.39102e-39  7.55788e-05
6.028023715e-01  7.4824190e-05  1.00000e+00  7.55830e-05 -0.00000e+00 -3.44496e-39  7.55830e-05
6.029229320e-01  7.4852147e-05  1.00000e+00  7.55874e-05 -0.00000e+00 -3.49975e-39  7.55874e-05
6.030435166e-01  7.4882407e-05  1.00000e+00  7.55920e-05 -0.00000e+00 -3.55542e-39  7.55920e-05
6.031641253e-01  7.4913454e-05  1.00000e+00  7.55969e-05 -0.00000e+00 -3.61197e-39  7.55969e-05
6.032847581e-01  7.4943735e-05  1.00000e+00  7.56020e-05 -0.00000e+00 -3.66941e-39  7.56020e-05
6.034054151e-01  7.4972087e-05  1.00000e+00  7.56072e-05 -0.00000e+00 -3.72777e-39  7.56072e-05
6.035260961e-01  7.4998002e-05  1.00000e+00  7.56127e-05 -0.00000e+00 -3.78706e-39  7.56127e-05
6.036468014e-01  7.5021652e-05  1.00000e+00  7.56184e-05 -0.00000e+00 -3.84729e-39  7.56184e-05
6.037675307e-01  7.5043757e-05  1.00000e+00  7.56242e-05 -0.00000e+00 -3.90846e-39  7.56242e-05
6.038882842e-01  7.5065316e-05  1.00000e+00  7.56301e-05 -0.00000e+00 -3.97061e-39  7.56301e-05
6.040090619e-01  7.5087352e-05  1.00000e+00  7.56362e-05 -0.00000e+00 -4.03374e-39  7.56362e-05
6.041298637e-01  7.5110672e-05  1.00000e+00  7.56425e-05 -0.00000e+00 -4.09787e-39  7.56425e-05
6.042506897e-01  7.5135730e-05  1.00000e+00  7.56489e-05 -0.00000e+00 -4.16301e-39  7.56489e-05
6.043715398e-01  7.5162607e-05  1.00000e+00  7.56555e-05 -0.00000e+00 -4.22919e-39  7.56555e-05
6.044924141e-01  7.5191023e-05  1.00000e+00  7.56623e-05 -0.00000e+00 -4.29641e-39  7.56623e-05
6.046133126e-01  7.5220467e-05  1.00000e+00  7.56692e-05 -0.00000e+00 -4.36471e-39  7.56692e-05
6.047342353e-01  7.5250317e-05  1.00000e+00  7.56764e-05 -0.00000e+00 -4.43408e-39  7.56764e-05
6.048551821e-01  7.5279958e-05  1.00000e+00  7.56838e-05 -0.00000e+00 -4.50456e-39  7.56838e-05
6.049761531e-01  7.5308890e-05  1.00000e+00  7.56913e-05 -0.00000e+00 -4.57615e-39  7.56913e-05
6.050971484e-01  7.5336777e-05  1.00000e+00  7.56991e-05 -0.00000e+00 -4.64888e-39  7.56991e-05
6.052181678e-01  7.5363462e-05  1.00000e+00  7.57070e-05 -0.00000e+00 -4.72275e-39  7.57070e-05
6.053392114e-01  7.5388940e-05  1.00000e+00  7.57151e-05 -0.00000e+00 -4.79780e-39  7.57151e-05
6.054602793e-01  7.5413309e-05  1.00000e+00  7.57233e-05 -0.00000e+00 -4.87404e-39  7.57233e-05
6.055813713e-01  7.5436726e-05  1.00000e+00  7.57317e-05 -0.00000e+00 -4.95147e-39  7.57317e-05
6.057024876e-01  7.5459365e-05  1.00000e+00  7.57402e-05 -0.00000e+00 -5.03014e-39  7.57402e-05
6.058236281e-01  7.5481408e-05  1.00000e+00  7.57488e-05 -0.00000e+00 -5.11004e-39  7.57488e-05
6.059447928e-01  7.5503045e-05  1.00000e+00  7.57576e-05 -0.00000e+00 -5.19121e-39  7.57576e-05
6.060659818e-01  7.5524477e-05  1.00000e+00  7.57664e-05 -0.00000e+00 -5.27365e-39  7.57664e-05
6.061871950e-01  7.5545917e-05  1.00000e+00  7.57754e-05 -0.00000e+00 -5.35740e-39  7.57754e-05
6.063084324e-01  7.5567565e-05  1.00000e+00  7.57845e-05 -0.00000e+00 -5.44247e-39  7.57845e-05
6.064296941e-01  7.5589580e-05  1.00000e+00  7.57938e-05 -0.00000e+00 -5.52888e-39  7.57938e-05
6.065509801e-01  7.5612042e-05  1.00000e+00  7.58031e-05 -0.00000e+00 -5.61665e-39  7.58031e-05
6.066722902e-01  7.5634930e-05  1.00000e+00  7.58126e-05 -0.00000e+00 -5.70581e-39  7.58126e-05
6.067936247e-01  7.5658119e-05  1.00000e+00  7.58222e-05 -0.00000e+00 -5.79637e-39  7.58222e-05
6.069149834e-01  7.5681389e-05  1.00000e+00  7.58319e-05 -0.00000e+00 -5.88836e-39  7.58319e-05
6.070363664e-01  7.5704458e-05  1.00000e+00  7.58417e-05 -0.00000e+00 -5.98181e-39  7.58417e-05
6.071577737e-01  7.5727021e-05  1.00000e+00  7.58517e-05 -0.00000e+00 -6.07672e-39  7.58517e-05
6.072792053e-01  7.5748780e-05  1.00000e+00  7.58617e-05 -0.00000e+00 -6.17313e-39  7.58617e-05
6.074006611e-01  7.5769483e-05  1.00000e+00  7.58719e-05 -0.00000e+00 -6.27106e-39  7.58719e-05
6.075221412e-01  7.5788954e-05  1.00000e+00  7.58822e-05 -0.00000e+00 -6.37054e-39  7.58822e-05
6.076436457e-01  7.5807112e-05  1.00000e+00  7.58925e-05 -0.00000e+00 -6.47157e-39  7.58925e-05
6.077651744e-01  7.5823981e-05  1.00000e+00  7.59030e-05 -0.00000e+00 -6.57420e-39  7.59030e-05
6.078867274e-01  7.5839683e-05  1.00000e+00  7.59135e-05 -0.00000e+00 -6.67843e-39  7.59135e-05
6.080083048e-01  7.5854417e-05  1.00000e+00  7.59240e-05 -0.00000e+00 -6.78430e-39  7.59240e-05
6.081299064e-01  7.5868420e-05  1.00000e+00  7.59346e-05 -0.00000e+00 -6.89183e-39  7.59346e-05
6.082515324e-01  7.5881934e-05  1.00000e+00  7.59452e-05 -0.00000e+00 -7.00105e-39  7.59452e-05
6.083731827e-01  7.5895170e-05  1.00000e+00  7.59558e-05 -0.00000e+00 -7.11198e-39  7.59558e-05
6.084948574e-01  7.5908297e-05  1.00000e+00  7.59665e-05 -0.00000e+00 -7.22464e-39  7.59665e-05
6.086165563e-01  7.5921435e-05  1.00000e+00  7.59772e-05 -0.00000e+00 -7.33908e-39  7.59772e-05
6.087382796e-01  7.5934672e-05  1.00000e+00  7.59880e-05 -0.00000e+00 -7.45530e-39  7.59880e-05
6.088600273e-01  7.5948063e-05  1.00000e+00  7.59988e-05 -0.00000e+00 -7.57334e-39  7.59988e-05
6.089817993e-01  7.5961639e-05  1.00000e+00  7.60096e-05 -0.00000e+00 -7.69324e-39  7.60096e-05
6.091035957e-01  7.5975385e-05  1.00000e+00  7.60205e-05 -0.00000e+00 -7.81501e-39  7.60205e-05
6.092254164e-01  7.5989231e-05  1.00000e+00  7.60314e-05 -0.00000e+00 -7.93868e-39  7.60314e-05
6.093472615e-01  7.6003041e-05  1.00000e+00  7.60423e-05 -0.00000e+00 -8.06429e-39  7.60423e-05
6.094691309e-01  7.6016621e-05  1.00000e+00  7.60532e-05 -0.00000e+00 -8.19187e-39  7.60532e-05
6.095910247e-01  7.6029746e-05  1.00000e+00  7.60642e-05 -0.00000e+00 -8.32144e-39  7.60642e-05
6.097129429e-01  7.6042201e-05  1.00000e+00  7.60753e-05 -0.00000e+00 -8.45304e-39  7.60753e-05
6.098348855e-01  7.6053815e-05  1.00000e+00  7.60863e-05 -0.00000e+00 -8.58669e-39  7.60863e-05
6.099568525e-01  7.6064493e-05  1.00000e+00  7.60974e-05 -0.00000e+00 -8.72244e-39  7.60974e-05
6.100788439e-01  7.6074214e-05  1.00000e+00  7.61084e-05 -0.00000e+00 -8.86030e-39  7.61084e-05
6.102008596e-01  7.6083018e-05  1.00000e+00  7.61195e-05 -0.00000e+00 -9.00031e-39  7.61195e-05
6.103228998e-01  7.6090971e-05  1.00000e+00  7.61306e-05 -0.00000e+00 -9.14250e-39  7.61306e-05
6.104449644e-01  7.6098137e-05  1.00000e+00  7.61416e-05 -0.00000e+00 -9.28691e-39  7.61416e-05
6.105670534e-01  7.6104563e-05  1.00000e+00  7.61526e-05 -0.00000e+00 -9.43356e-39  7.61526e-05
6.106891668e-01  7.6110280e-05  1.00000e+00  7.61636e-05 -0.00000e+00 -9.58250e-39  7.61636e-05
6.108113046e-01  7.6115327e-05  1.00000e+00  7.61746e-05 -0.00000e+00 -9.73376e-39  7.61746e-05
6.109334669e-01  7.6119782e-05  1.00000e+00  7.61855e-05 -0.00000e+00 -9.88737e-39  7.61855e-05
6.110556536e-01  7.6123773e-05  1.00000e+00  7.61964e-05 -0.00000e+00 -1.00434e-38  7.61964e-05
6.111778647e-01  7.6127478e-05  1.00000e+00  7.62072e-05 -0.00000e+00 -1.02018e-38  7.62072e-05
6.113001003e-01  7.6131089e-05  1.00000e+00  7.62180e-05 -0.00000e+00 -1.03627e-38  7.62180e-05
6.114223603e-01  7.6134767e-05  1.00000e+00  7.62287e-05 -0.00000e+00 -1.05260e-38  7.62287e-05
6.115446448e-01  7.6138594e-05  1.00000e+00  7.62394e-05 -0.00000e+00 -1.06919e-38  7.62394e-05
6.116669537e-01  7.6142548e-05  1.00000e+00  7.62501e-05 -0.00000e+00 -1.08604e-38  7.62501e-05
6.117892871e-01  7.6146515e-05  1.00000e+00  7.62607e-05 -0.00000e+00 -1.10315e-38  7.62607e-05
6.119116450e-01  7.6150328e-05  1.00000e+00  7.62713e-05 -0.00000e+00 -1.12053e-38  7.62713e-05
6.120340273e-01  7.6153836e-05  1.00000e+00  7.62818e-05 -0.00000e+00 -1.13817e-38  7.62818e-05
6.121564341e-01  7.6156957e-05  1.00000e+00  7.62923e-05 -0.00000e+00 -1.15609e-38  7.62923e-05
6.122788654e-01  7.6159717e-05  1.00000e+00  7.63027e-05 -0.00000e+00 -1.17429e-38  7.63027e-05
6.124013212e-01  7.6162234e-05  1.00000e+00  7.63131e-05 -0.00000e+00 -1.19277e-38  7.63131e-05
6.125238014e-01  7.6164667e-05  1.00000e+00  7.63235e-05 -0.00000e+00 -1.21153e-38  7.63235e-05
6.126463062e-01  7.6167153e-05  1.00000e+00  7.63337e-05 -0.00000e+00 -1.23058e-38  7.63337e-05
6.127688354e-01  7.6169741e-05  1.00000e+00  7.63440e-05 -0.00000e+00 -1.24993e-38  7.63440e-05
6.128913892e-01  7.6172374e-05  1.00000e+00  7.63542e-05 -0.00000e+00 -1.26958e-38  7.63542e-05
6.130139675e-01  7.6174904e-05  1.00000e+00  7.63643e-05 -0.00000e+00 -1.28954e-38  7.63643e-05
6.131365703e-01  7.6177143e-05  1.00000e+00  7.63744e-05 -0.00000e+00 -1.30980e-38  7.63744e-05
6.132591976e-01  7.6178918e-05  1.00000e+00  7.63844e-05 -0.00000e+00 -1.33037e-38  7.63844e-05
6.133818494e-01  7.6180107e-05  1.00000e+00  7.63944e-05 -0.00000e+00 -1.35127e-38  7.63944e-05
6.135045258e-01  7.6180653e-05  1.00000e+00  7.64043e-05 -0.00000e+00 -1.37248e-38  7.64043e-05
6.136272267e-01  7.6180551e-05  1.00000e+00  7.64142e-05 -0.00000e+00 -1.39403e-38  7.64142e-05
6.137499522e-01  7.6179818e-05  1.00000e+00  7.64240e-05 -0.00000e+00 -1.41590e-38  7.64240e-05
6.138727021e-01  7.6178483e-05  1.00000e+00  7.64337e-05 -0.00000e+00 -1.43812e-38  7.64337e-05
6.139954767e-01  7.6176584e-05  1.00000e+00  7.64433e-05 -0.00000e+00 -1.46067e-38  7.64433e-05
6.141182758e-01  7.6174180e-05  1.00000e+00  7.64528e-05 -0.00000e+00 -1.48357e-38  7.64528e-05
6.142410994e-01  7.6171358e-05  1.00000e+00  7.64623e-05 -0.00000e+00 -1.50683e-38  7.64623e-05
6.143639477e-01  7.6168249e-05  1.00000e+00  7.64717e-05 -0.00000e+00 -1.53044e-38  7.64717e-05
6.144868204e-01  7.6165015e-05  1.00000e+00  7.64810e-05 -0.00000e+00 -1.55442e-38  7.64810e-05
6.146097178e-01  7.6161835e-05  1.00000e+00  7.64902e-05 -0.00000e+00 -1.57877e-38  7.64902e-05
6.147326398e-01  7.6158878e-05  1.00000e+00  7.64993e-05 -0.00000e+00 -1.60349e-38  7.64993e-05
6.148555863e-01  7.6156281e-05  1.00000e+00  7.65083e-05 -0.00000e+00 -1.62859e-38  7.65083e-05
6.149785574e-01  7.6154117e-05  1.00000e+00  7.65173e-05 -0.00000e+00 -1.65408e-38  7.65173e-05
6.151015531e-01  7.6152384e-05  1.00000e+00  7.65262e-05 -0.00000e+00 -1.67996e-38  7.65262e-05
6.152245734e-01  7.6151004e-05  1.00000e+00  7.65350e-05 -0.00000e+00 -1.70623e-38  7.65350e-05
6.153476183e-01  7.6149834e-05  1.00000e+00  7.65437e-05 -0.00000e+00 -1.73292e-38  7.65437e-05
6.154706879e-01  7.6148688e-05  1.00000e+00  7.65524e-05 -0.00000e+00 -1.76001e-38  7.65524e-05
6.155937820e-01  7.6147375e-05  1.00000e+00  7.65610e-05 -0.00000e+00 -1.78752e-38  7.65610e-05
6.157169008e-01  7.6145724e-05  1.00000e+00  7.65695e-05 -0.00000e+00 -1.81545e-38  7.65695e-05
6.158400441e-01  7.6143604e-05  1.00000e+00  7.65780e-05 -0.00000e+00 -1.84381e-38  7.65780e-05
6.159632121e-01  7.6140932e-05  1.00000e+00  7.65864e-05 -0.00000e+00 -1.87260e-38  7.65864e-05
6.160864048e-01  7.6137666e-05  1.00000e+00  7.65947e-05 -0.00000e+00 -1.90184e-38  7.65947e-05
6.162096221e-01  7.6133785e-05  1.00000e+00  7.66029e-05 -0.00000e+00 -1.93152e-38  7.66029e-05
6.163328640e-01  7.6129280e-05  1.00000e+00  7.66111e-05 -0.00000e+00 -1.96167e-38  7.66111e-05
6.164561306e-01  7.6124144e-05  1.00000e+00  7.66191e-05 -0.00000e+00 -1.99227e-38  7.66191e-05
6.165794218e-01  7.6118383e-05  1.00000e+00  7.66271e-05 -0.00000e+00 -2.02334e-38  7.66271e-05
6.167027377e-01  7.6112025e-05  1.00000e+00  7.66350e-05 -0.00000e+00 -2.05489e-38  7.66350e-05
6.168260782e-01  7.6105144e-05  1.00000e+00  7.66427e-05 -0.00000e+00 -2.08691e-38  7.66427e-05
6.169494434e-01  7.6097857e-05  1.00000e+00  7.66504e-05 -0.00000e+00 -2.11943e-38  7.66504e-05
6.170728333e-01  7.6090328e-05  1.00000e+00  7.66579e-05 -0.00000e+00 -2.15245e-38  7.66579e-05
6.171962479e-01  7.6082735e-05  1.00000e+00  7.66653e-05 -0.00000e+00 -2.18597e-38  7.66653e-05
6.173196871e-01  7.6075246e-05  1.00000e+00  7.66727e-05 -0.00000e+00 -2.22000e-38  7.66727e-05
6.174431511e-01  7.6067985e-05  1.00000e+00  7.66799e-05 -0.00000e+00 -2.25455e-38  7.66799e-05
6.175666397e-01  7.6061010e-05  1.00000e+00  7.66870e-05 -0.00000e+00 -2.28963e-38  7.66870e-05
6.176901530e-01  7.6054304e-05  1.00000e+00  7.66941e-05 -0.00000e+00 -2.32525e-38  7.66941e-05
6.178136911e-01  7.6047784e-05  1.00000e+00  7.67010e-05 -0.00000e+00 -2.36141e-38  7.67010e-05
6.179372538e-01  7.6041317e-05  1.00000e+00  7.67078e-05 -0.00000e+00 -2.39812e-38  7.67078e-05
6.180608413e-01  7.6034744e-05  1.00000e+00  7.67146e-05 -0.00000e+00 -2.43539e-38  7.67146e-05
6.181844534e-01  7.6027910e-05  1.00000e+00  7.67212e-05 -0.00000e+00 -2.47323e-38  7.67212e-05
6.183080903e-01  7.6020677e-05  1.00000e+00  7.67278e-05 -0.00000e+00 -2.51165e-38  7.67278e-05
6.184317519e-01  7.6012946e-05  1.00000e+00  7.67342e-05 -0.00000e+00 -2.55065e-38  7.67342e-05
6.185554383e-01  7.6004659e-05  1.00000e+00  7.67406e-05 -0.00000e+00 -2.59025e-38  7.67406e-05
6.186791494e-01  7.5995801e-05  1.00000e+00  7.67468e-05 -0.00000e+00 -2.63045e-38  7.67468e-05
6.188028852e-01  7.5986390e-05  1.00000e+00  7.67529e-05 -0.00000e+00 -2.67126e-38  7.67529e-05
6.189266458e-01  7.5976480e-05  1.00000e+00  7.67590e-05 -0.00000e+00 -2.71269e-38  7.67590e-05
6.190504311e-01  7.5966150e-05  1.00000e+00  7.67649e-05 -0.00000e+00 -2.75475e-38  7.67649e-05
6.191742412e-01  7.5955501e-05  1.00000e+00  7.67707e-05 -0.00000e+00 -2.79745e-38  7.67707e-05
6.192980760e-01  7.5944651e-05  1.00000e+00  7.67763e-05 -0.00000e+00 -2.84080e-38  7.67763e-05
6.194219357e-01  7.5933725e-05  1.00000e+00  7.67819e-05 -0.00000e+00 -2.88481e-38  7.67819e-05
6.195458200e-01  7.5922837e-05  1.00000e+00  7.67873e-05 -0.00000e+00 -2.92949e-38  7.67873e-05
6.196697292e-01  7.5912075e-05  1.00000e+00  7.67926e-05 -0.00000e+00 -2.97485e-38  7.67926e-05
6.197936632e-01  7.5901494e-05  1.00000e+00  7.67978e-05 -0.00000e+00 -3.02089e-38  7.67978e-05
6.199176219e-01  7.5891107e-05  1.00000e+00  7.68029e-05 -0.00000e+00 -3.06763e-38  7.68029e-05
6.200416054e-01  7.5880892e-05  1.00000e+00  7.68079e-05 -0.00000e+00 -3.11508e-38  7.68079e-05
6.201656137e-01  7.5870805e-05  1.00000e+00  7.68128e-05 -0.00000e+00 -3.16326e-38  7.68128e-05
6.202896469e-01  7.5860788e-05  1.00000e+00  7.68176e-05 -0.00000e+00 -3.21216e-38  7.68176e-05
6.204137048e-01  7.5850778e-05  1.00000e+00  7.68222e-05 -0.00000e+00 -3.26180e-38  7.68222e-05
6.205377875e-01  7.5840715e-05  1.00000e+00  7.68268e-05 -0.00000e+00 -3.31220e-38  7.68268e-05
6.206618951e-01  7.5830546e-05  1.00000e+00  7.68313e-05 -0.00000e+00 -3.36336e-38  7.68313e-05
6.207860275e-01  7.5820234e-05  1.00000e+00  7.68356e-05 -0.00000e+00 -3.41530e-38  7.68356e-05
6.209101847e-01  7.5809767e-05  1.00000e+00  7.68399e-05 -0.00000e+00 -3.46802e-38  7.68399e-05
6.210343667e-01  7.5799167e-05  1.00000e+00  7.68440e-05 -0.00000e+00 -3.52154e-38  7.68440e-05
6.211585736e-01  7.5788491e-05  1.00000e+00  7.68481e-05 -0.00000e+00 -3.57587e-38  7.68481e-05
6.212828053e-01  7.5777822e-05  1.00000e+00  7.68520e-05 -0.00000e+00 -3.63102e-38  7.68520e-05
6.214070619e-01  7.5767253e-05  1.00000e+00  7.68559e-05 -0.00000e+00 -3.68701e-38  7.68559e-05
6.215313433e-01  7.5756867e-05  1.00000e+00  7.68596e-05 -0.00000e+00 -3.74384e-38  7.68596e-05
6.216556495e-01  7.5746718e-05  1.00000e+00  7.68632e-05 -0.00000e+00 -3.80154e-38  7.68632e-05
6.217799807e-01  7.5736822e-05  1.00000e+00  7.68668e-05 -0.00000e+00 -3.86011e-38  7.68668e-05
6.219043367e-01  7.5727148e-05  1.00000e+00  7.68702e-05 -0.00000e+00 -3.91956e-38  7.68702e-05
6.220287175e-01  7.5717623e-05  1.00000e+00  7.68736e-05 -0.00000e+00 -3.97991e-38  7.68736e-05
6.221531233e-01  7.5708129e-05  1.00000e+00  7.68769e-05 -0.00000e+00 -4.04117e-38  7.68769e-05
6.222775539e-01  7.5698514e-05  1.00000e+00  7.68801e-05 -0.00000e+00 -4.10336e-38  7.68801e-05
6.224020094e-01  7.5688607e-05  1.00000e+00  7.68832e-05 -0.00000e+00 -4.16649e-38  7.68832e-05
6.225264898e-01  7.5678247e-05  1.00000e+00  7.68862e-05 -0.00000e+00 -4.23057e-38  7.68862e-05
6.226509951e-01  7.5667318e-05  1.00000e+00  7.68891e-05 -0.00000e+00 -4.29562e-38  7.68891e-05
6.227755253e-01  7.5655798e-05  1.00000e+00  7.68919e-05 -0.00000e+00 -4.36165e-38  7.68919e-05
6.229000804e-01  7.5643786e-05  1.00000e+00  7.68946e-05 -0.00000e+00 -4.42868e-38  7.68946e-05
6.230246604e-01  7.5631516e-05  1.00000e+00  7.68972e-05 -0.00000e+00 -4.49671e-38  7.68972e-05
6.231492654e-01  7.5619329e-05  1.00000e+00  7.68997e-05 -0.00000e+00 -4.56577e-38  7.68997e-05
6.232738952e-01  7.5607624e-05  1.00000e+00  7.69021e-05 -0.00000e+00 -4.63588e-38  7.69021e-05
6.233985500e-01  7.5596788e-05  1.00000e+00  7.69044e-05 -0.00000e+00 -4.70703e-38  7.69044e-05
6.235232297e-01  7.5587128e-05  1.00000e+00  7.69067e-05 -0.00000e+00 -4.77926e-38  7.69067e-05
6.236479343e-01  7.5578820e-05  1.00000e+00  7.69088e-05 -0.00000e+00 -4.85258e-38  7.69088e-05
6.237726639e-01  7.5571895e-05  1.00000e+00  7.69109e-05 -0.00000e+00 -4.92701e-38  7.69109e-05
6.238974185e-01  7.5566267e-05  1.00000e+00  7.69129e-05 -0.00000e+00 -5.00256e-38  7.69129e-05
6.240221980e-01  7.5561793e-05  1.00000e+00  7.69149e-05 -0.00000e+00 -5.07924e-38  7.69149e-05
6.241470024e-01  7.5558336e-05  1.00000e+00  7.69169e-05 -0.00000e+00 -5.15709e-38  7.69169e-05
6.242718318e-01  7.5555831e-05  1.00000e+00  7.69188e-05 -0.00000e+00 -5.23611e-38  7.69188e-05
6.243966862e-01  7.5554265e-05  1.00000e+00  7.69207e-05 -0.00000e+00 -5.31633e-38  7.69207e-05
6.245215655e-01  7.5553631e-05  1.00000e+00  7.69226e-05 -0.00000e+00 -5.39776e-38  7.69226e-05
6.246464698e-01  7.5553785e-05  1.00000e+00  7.69245e-05 -0.00000e+00 -5.48041e-38  7.69245e-05
6.247713991e-01  7.5554348e-05  1.00000e+00  7.69264e-05 -0.00000e+00 -5.56432e-38  7.69264e-05
6.248963534e-01  7.5554630e-05  1.00000e+00  7.69283e-05 -0.00000e+00 -5.64949e-38  7.69283e-05
6.250213327e-01  7.5553735e-05  1.00000e+00  7.69302e-05 -0.00000e+00 -5.73595e-38  7.69302e-05
6.251463369e-01  7.5550706e-05  1.00000e+00  7.69321e-05 -0.00000e+00 -5.82372e-38  7.69321e-05
6.252713662e-01  7.5544569e-05  1.00000e+00  7.69340e-05 -0.00000e+00 -5.91280e-38  7.69340e-05
6.253964205e-01  7.5534013e-05  1.00000e+00  7.69358e-05 -0.00000e+00 -6.00323e-38  7.69358e-05
6.255214997e-01  7.5517870e-05  1.00000e+00  7.69374e-05 -0.00000e+00 -6.09500e-38  7.69374e-05
6.256466040e-01  7.5493471e-05  1.00000e+00  7.69390e-05 -0.00000e+00 -6.18815e-38  7.69390e-05
6.257717334e-01  7.5453444e-05  1.00000e+00  7.69402e-05 -0.00000e+00 -6.28268e-38  7.69402e-05
6.258968877e-01  7.5380958e-05  1.00000e+00  7.69411e-05 -0.00000e+00 -6.37860e-38  7.69411e-05
6.260220671e-01  7.5243139e-05  1.00000e+00  7.69412e-05 -0.00000e+00 -6.47588e-38  7.69412e-05
6.261472715e-01  7.4980210e-05  1.00000e+00  7.69397e-05 -0.00000e+00 -6.57447e-38  7.69397e-05
6.262725010e-01  7.4494660e-05  1.00000e+00  7.69355e-05 -0.00000e+00 -6.67425e-38  7.69355e-05
6.263977555e-01  7.3642861e-05  1.00000e+00  7.69261e-05 -0.00000e+00 -6.77501e-38  7.69261e-05
6.265230350e-01  7.2237959e-05  1.00000e+00  7.69082e-05 -0.00000e+00 -6.87638e-38  7.69082e-05
6.266483396e-01  7.0072089e-05  1.00000e+00  7.68765e-05 -0.00000e+00 -6.97786e-38  7.68765e-05
6.267736693e-01  6.6969902e-05  1.00000e+00  7.68246e-05 -0.00000e+00 -7.07876e-38  7.68246e-05
6.268990240e-01  6.2868633e-05  1.00000e+00  7.67448e-05 -0.00000e+00 -7.17829e-38  7.67448e-05
6.270244038e-01  5.7917050e-05  1.00000e+00  7.66301e-05 -0.00000e+00 -7.27571e-38  7.66301e-05
6.271498087e-01  5.2552406e-05  1.00000e+00  7.64754e-05 -0.00000e+00 -7.37050e-38  7.64754e-05
6.272752387e-01  4.7518200e-05  1.00000e+00  7.62805e-05 -0.00000e+00 -7.46264e-38  7.62805e-05
6.274006937e-01  4.3779011e-05  1.00000e+00  7.60521e-05 -0.00000e+00 -7.55282e-38  7.60521e-05
6.275261739e-01  4.2323507e-05  1.00000e+00  7.58044e-05 -0.00000e+00 -7.64257e-38  7.58044e-05
6.276516791e-01  4.3896028e-05  1.00000e+00  7.55586e-05 -0.00000e+00 -7.73416e-38  7.55586e-05
6.277772094e-01  4.8732190e-05  1.00000e+00  7.53397e-05 -0.00000e+00 -7.83026e-38  7.53397e-05
6.279027649e-01  5.6404115e-05  1.00000e+00  7.51720e-05 -0.00000e+00 -7.93347e-38  7.51720e-05
6.280283454e-01  6.5849363e-05  1.00000e+00  7.50734e-05 -0.00000e+00 -8.04575e-38  7.50734e-05
6.281539511e-01  7.5593320e-05  1.00000e+00  7.50518e-05 -0.00000e+00 -8.16796e-38  7.50518e-05
6.282795819e-01  8.4106994e-05  1.00000e+00  7.51029e-05 -0.00000e+00 -8.29968e-38  7.51029e-05
6.284052378e-01  9.0183075e-05  1.00000e+00  7.52114e-05 -0.00000e+00 -8.43931e-38  7.52114e-05
6.285309188e-01  9.3206113e-05  1.00000e+00  7.53550e-05 -0.00000e+00 -8.58448e-38  7.53550e-05
6.286566250e-01  9.3241184e-05  1.00000e+00  7.55094e-05 -0.00000e+00 -8.73261e-38  7.55094e-05
6.287823563e-01  9.0930530e-05  1.00000e+00  7.56532e-05 -0.00000e+00 -8.88143e-38  7.56532e-05
6.289081128e-01  8.7252990e-05  1.00000e+00  7.57719e-05 -0.00000e+00 -9.02943e-38  7.57719e-05
6.290338944e-01  8.3240736e-05  1.00000e+00  7.58590e-05 -0.00000e+00 -9.17598e-38  7.58590e-05
6.291597012e-01  7.9740685e-05  1.00000e+00  7.59155e-05 -0.00000e+00 -9.32129e-38  7.59155e-05
6.292855332e-01  7.7276913e-05  1.00000e+00  7.59481e-05 -0.00000e+00 -9.46617e-38  7.59481e-05
6.294113903e-01  7.6026161e-05  1.00000e+00  7.59658e-05 -0.00000e+00 -9.61172e-38  7.59658e-05
6.295372725e-01  7.5882174e-05  1.00000e+00  7.59780e-05 -0.00000e+00 -9.75907e-38  7.59780e-05
6.296631800e-01  7.6565552e-05  1.00000e+00  7.59924e-05 -0.00000e+00 -9.90916e-38  7.59924e-05
6.297891126e-01  7.7736727e-05  1.00000e+00  7.60142e-05 -0.00000e+00 -1.00626e-37  7.60142e-05
6.299150705e-01  7.9083237e-05  1.00000e+00  7.60458e-05 -0.00000e+00 -1.02198e-37  7.60458e-05
6.300410535e-01  8.0370129e-05  1.00000e+00  7.60875e-05 -0.00000e+00 -1.03807e-37  7.60875e-05
6.301670617e-01  8.1456001e-05  1.00000e+00  7.61383e-05 -0.00000e+00 -1.05453e-37  7.61383e-05
6.302930951e-01  8.2283704e-05  1.00000e+00  7.61961e-05 -0.00000e+00 -1.07134e-37  7.61961e-05
6.304191537e-01  8.2857586e-05  1.00000e+00  7.62590e-05 -0.00000e+00 -1.08848e-37  7.62590e-05
6.305452375e-01  8.3216223e-05  1.00000e+00  7.63250e-05 -0.00000e+00 -1.10593e-37  7.63250e-05
6.306713466e-01  8.3408415e-05  1.00000e+00  7.63927e-05 -0.00000e+00 -1.12367e-37  7.63927e-05
6.307974809e-01  8.3474719e-05  1.00000e+00  7.64608e-05 -0.00000e+00 -1.14170e-37  7.64608e-05
6.309236404e-01  8.3439141e-05  1.00000e+00  7.65285e-05 -0.00000e+00 -1.16000e-37  7.65285e-05
6.310498251e-01  8.3310408e-05  1.00000e+00  7.65950e-05 -0.00000e+00 -1.17857e-37  7.65950e-05
6.311760351e-01  8.3089592e-05  1.00000e+00  7.66597e-05 -0.00000e+00 -1.19740e-37  7.66597e-05
6.313022703e-01  8.2778672e-05  1.00000e+00  7.67218e-05 -0.00000e+00 -1.21648e-37  7.67218e-05
6.314285307e-01  8.2388772e-05  1.00000e+00  7.67808e-05 -0.00000e+00 -1.23581e-37  7.67808e-05
6.315548164e-01  8.1942869e-05  1.00000e+00  7.68360e-05 -0.00000e+00 -1.25538e-37  7.68360e-05
6.316811274e-01  8.1473621e-05  1.00000e+00  7.68872e-05 -0.00000e+00 -1.27519e-37  7.68872e-05
6.318074636e-01  8.1016274e-05  1.00000e+00  7.69343e-05 -0.00000e+00 -1.29524e-37  7.69343e-05
6.319338251e-01  8.0601778e-05  1.00000e+00  7.69778e-05 -0.00000e+00 -1.31553e-37  7.69778e-05
6.320602119e-01  8.0248655e-05  1.00000e+00  7.70178e-05 -0.00000e+00 -1.33609e-37  7.70178e-05
6.321866239e-01  7.9961839e-05  1.00000e+00  7.70552e-05 -0.00000e+00 -1.35691e-37  7.70552e-05
6.323130612e-01  7.9731703e-05  1.00000e+00  7.70902e-05 -0.00000e+00 -1.37802e-37  7.70902e-05
6.324395238e-01  7.9540617e-05  1.00000e+00  7.71233e-05 -0.00000e+00 -1.39942e-37  7.71233e-05
6.325660117e-01  7.9368706e-05  1.00000e+00  7.71548e-05 -0.00000e+00 -1.42111e-37  7.71548e-05
6.326925250e-01  7.9199707e-05  1.00000e+00  7.71848e-05 -0.00000e+00 -1.44311e-37  7.71848e-05
6.328190635e-01  7.9026185e-05  1.00000e+00  7.72132e-05 -0.00000e+00 -1.46542e-37  7.72132e-05
6.329456273e-01  7.8848050e-05  1.00000e+00  7.72400e-05 -0.00000e+00 -1.48803e-37  7.72400e-05
6.330722164e-01  7.8671298e-05  1.00000e+00  7.72652e-05 -0.00000e+00 -1.51096e-37  7.72652e-05
6.331988308e-01  7.8504390e-05  1.00000e+00  7.72890e-05 -0.00000e+00 -1.53421e-37  7.72890e-05
6.333254706e-01  7.8353308e-05  1.00000e+00  7.73113e-05 -0.00000e+00 -1.55778e-37  7.73113e-05
6.334521357e-01  7.8220926e-05  1.00000e+00  7.73323e-05 -0.00000e+00 -1.58168e-37  7.73323e-05
6.335788261e-01  7.8107538e-05  1.00000e+00  7.73523e-05 -0.00000e+00 -1.60593e-37  7.73523e-05
6.337055419e-01  7.8011400e-05  1.00000e+00  7.73713e-05 -0.00000e+00 -1.63052e-37  7.73713e-05
6.338322830e-01  7.7931533e-05  1.00000e+00  7.73895e-05 -0.00000e+00 -1.65547e-37  7.73895e-05
6.339590495e-01  7.7868830e-05  1.00000e+00  7.74070e-05 -0.00000e+00 -1.68078e-37  7.74070e-05
6.340858413e-01  7.7825000e-05  1.00000e+00  7.74239e-05 -0.00000e+00 -1.70646e-37  7.74239e-05
6.342126584e-01  7.7801989e-05  1.00000e+00  7.74405e-05 -0.00000e+00 -1.73252e-37  7.74405e-05
6.343395010e-01  7.7800295e-05  1.00000e+00  7.74569e-05 -0.00000e+00 -1.75897e-37  7.74569e-05
6.344663689e-01  7.7817762e-05  1.00000e+00  7.74732e-05 -0.00000e+00 -1.78581e-37  7.74732e-05
6.345932621e-01  7.7849320e-05  1.00000e+00  7.74896e-05 -0.00000e+00 -1.81307e-37  7.74896e-05
6.347201808e-01  7.7887812e-05  1.00000e+00  7.75061e-05 -0.00000e+00 -1.84074e-37  7.75061e-05
6.348471248e-01  7.7925316e-05  1.00000e+00  7.75229e-05 -0.00000e+00 -1.86882e-37  7.75229e-05
6.349740943e-01  7.7954638e-05  1.00000e+00  7.75398e-05 -0.00000e+00 -1.89734e-37  7.75398e-05
6.351010891e-01  7.7970599e-05  1.00000e+00  7.75567e-05 -0.00000e+00 -1.92628e-37  7.75567e-05
6.352281093e-01  7.7971053e-05  1.00000e+00  7.75736e-05 -0.00000e+00 -1.95566e-37  7.75736e-05
6.353551549e-01  7.7957237e-05  1.00000e+00  7.75903e-05 -0.00000e+00 -1.98548e-37  7.75903e-05
6.354822259e-01  7.7933122e-05  1.00000e+00  7.76068e-05 -0.00000e+00 -2.01573e-37  7.76068e-05
6.356093224e-01  7.7904505e-05  1.00000e+00  7.76229e-05 -0.00000e+00 -2.04644e-37  7.76229e-05
6.357364443e-01  7.7877295e-05  1.00000e+00  7.76387e-05 -0.00000e+00 -2.07759e-37  7.76387e-05
6.358635915e-01  7.7855864e-05  1.00000e+00  7.76542e-05 -0.00000e+00 -2.10921e-37  7.76542e-05
6.359907643e-01  7.7841769e-05  1.00000e+00  7.76695e-05 -0.00000e+00 -2.14129e-37  7.76695e-05
6.361179624e-01  7.7833590e-05  1.00000e+00  7.76846e-05 -0.00000e+00 -2.17385e-37  7.76846e-05
6.362451860e-01  7.7827873e-05  1.00000e+00  7.76995e-05 -0.00000e+00 -2.20689e-37  7.76995e-05
6.363724350e-01  7.7820934e-05  1.00000e+00  7.77142e-05 -0.00000e+00 -2.24043e-37  7.77142e-05
6.364997095e-01  7.7810736e-05  1.00000e+00  7.77288e-05 -0.00000e+00 -2.27446e-37  7.77288e-05
6.366270095e-01  7.7798017e-05  1.00000e+00  7.77433e-05 -0.00000e+00 -2.30900e-37  7.77433e-05
6.367543349e-01  7.7786117e-05  1.00000e+00  7.77575e-05 -0.00000e+00 -2.34405e-37  7.77575e-05
6.368816857e-01  7.7779541e-05  1.00000e+00  7.77715e-05 -0.00000e+00 -2.37961e-37  7.77715e-05
6.370090621e-01  7.7781909e-05  1.00000e+00  7.77854e-05 -0.00000e+00 -2.41571e-37  7.77854e-05
6.371364639e-01  7.7794182e-05  1.00000e+00  7.77993e-05 -0.00000e+00 -2.45235e-37  7.77993e-05
6.372638912e-01  7.7814017e-05  1.00000e+00  7.78133e-05 -0.00000e+00 -2.48954e-37  7.78133e-05
6.373913440e-01  7.7836429e-05  1.00000e+00  7.78273e-05 -0.00000e+00 -2.52728e-37  7.78273e-05
6.375188222e-01  7.7855560e-05  1.00000e+00  7.78413e-05 -0.00000e+00 -2.56560e-37  7.78413e-05
6.376463260e-01  7.7866679e-05  1.00000e+00  7.78554e-05 -0.00000e+00 -2.60448e-37  7.78554e-05
6.377738553e-01  7.7867615e-05  1.00000e+00  7.78694e-05 -0.00000e+00 -2.64395e-37  7.78694e-05
6.379014100e-01  7.7859166e-05  1.00000e+00  7.78834e-05 -0.00000e+00 -2.68399e-37  7.78834e-05
6.380289903e-01  7.7844414e-05  1.00000e+00  7.78971e-05 -0.00000e+00 -2.72464e-37  7.78971e-05
6.381565961e-01  7.7827355e-05  1.00000e+00  7.79106e-05 -0.00000e+00 -2.76588e-37  7.79106e-05
6.382842274e-01  7.7811550e-05  1.00000e+00  7.79239e-05 -0.00000e+00 -2.80772e-37  7.79239e-05
6.384118843e-01  7.7799267e-05  1.00000e+00  7.79370e-05 -0.00000e+00 -2.85019e-37  7.79370e-05
6.385395667e-01  7.7791313e-05  1.00000e+00  7.79499e-05 -0.00000e+00 -2.89328e-37  7.79499e-05
6.386672746e-01  7.7787401e-05  1.00000e+00  7.79627e-05 -0.00000e+00 -2.93702e-37  7.79627e-05
6.387950080e-01  7.7786725e-05  1.00000e+00  7.79754e-05 -0.00000e+00 -2.98140e-37  7.79754e-05
6.389227670e-01  7.7788393e-05  1.00000e+00  7.79880e-05 -0.00000e+00 -3.02644e-37  7.79880e-05
6.390505516e-01  7.7791606e-05  1.00000e+00  7.80006e-05 -0.00000e+00 -3.07214e-37  7.80006e-05
6.391783617e-01  7.7795628e-05  1.00000e+00  7.80130e-05 -0.00000e+00 -3.11853e-37  7.80130e-05
6.393061974e-01  7.7799709e-05  1.00000e+00  7.80255e-05 -0.00000e+00 -3.16560e-37  7.80255e-05
6.394340586e-01  7.7803110e-05  1.00000e+00  7.80379e-05 -0.00000e+00 -3.21338e-37  7.80379e-05
6.395619454e-01  7.7805188e-05  1.00000e+00  7.80502e-05 -0.00000e+00 -3.26186e-37  7.80502e-05
6.396898578e-01  7.7805527e-05  1.00000e+00  7.80625e-05 -0.00000e+00 -3.31106e-37  7.80625e-05
6.398177958e-01  7.7803993e-05  1.00000e+00  7.80746e-05 -0.00000e+00 -3.36099e-37  7.80746e-05
6.399457593e-01  7.7800686e-05  1.00000e+00  7.80867e-05 -0.00000e+00 -3.41166e-37  7.80867e-05
6.400737485e-01  7.7795894e-05  1.00000e+00  7.80987e-05 -0.00000e+00 -3.46307e-37  7.80987e-05
6.402017632e-01  7.7790055e-05  1.00000e+00  7.81105e-05 -0.00000e+00 -3.51525e-37  7.81105e-05
6.403298036e-01  7.7783762e-05  1.00000e+00  7.81222e-05 -0.00000e+00 -3.56819e-37  7.81222e-05
6.404578695e-01  7.7777735e-05  1.00000e+00  7.81338e-05 -0.00000e+00 -3.62192e-37  7.81338e-05
6.405859611e-01  7.7772700e-05  1.00000e+00  7.81453e-05 -0.00000e+00 -3.67643e-37  7.81453e-05
6.407140783e-01  7.7769157e-05  1.00000e+00  7.81567e-05 -0.00000e+00 -3.73176e-37  7.81567e-05
6.408422211e-01  7.7767114e-05  1.00000e+00  7.81679e-05 -0.00000e+00 -3.78789e-37  7.81679e-05
6.409703896e-01  7.7765997e-05  1.00000e+00  7.81791e-05 -0.00000e+00 -3.84486e-37  7.81791e-05
6.410985836e-01  7.7764744e-05  1.00000e+00  7.81902e-05 -0.00000e+00 -3.90267e-37  7.81902e-05
6.412268034e-01  7.7762162e-05  1.00000e+00  7.82012e-05 -0.00000e+00 -3.96133e-37  7.82012e-05
6.413550487e-01  7.7757288e-05  1.00000e+00  7.82122e-05 -0.00000e+00 -4.02086e-37  7.82122e-05
6.414833197e-01  7.7749637e-05  1.00000e+00  7.82230e-05 -0.00000e+00 -4.08126e-37  7.82230e-05
6.416116164e-01  7.7739189e-05  1.00000e+00  7.82336e-05 -0.00000e+00 -4.14255e-37  7.82336e-05
6.417399387e-01  7.7726188e-05  1.00000e+00  7.82441e-05 -0.00000e+00 -4.20473e-37  7.82441e-05
6.418682867e-01  7.7710908e-05  1.00000e+00  7.82545e-05 -0.00000e+00 -4.26783e-37  7.82545e-05
6.419966604e-01  7.7693544e-05  1.00000e+00  7.82646e-05 -0.00000e+00 -4.33186e-37  7.82646e-05
6.421250597e-01  7.7674297e-05  1.00000e+00  7.82745e-05 -0.00000e+00 -4.39681e-37  7.82745e-05
6.422534847e-01  7.7653561e-05  1.00000e+00  7.82843e-05 -0.00000e+00 -4.46272e-37  7.82843e-05
6.423819354e-01  7.7632094e-05  1.00000e+00  7.82938e-05 -0.00000e+00 -4.52959e-37  7.82938e-05
6.425104118e-01  7.7611079e-05  1.00000e+00  7.83030e-05 -0.00000e+00 -4.59743e-37  7.83030e-05
6.426389139e-01  7.7591994e-05  1.00000e+00  7.83121e-05 -0.00000e+00 -4.66626e-37  7.83121e-05
6.427674417e-01  7.7576366e-05  1.00000e+00  7.83210e-05 -0.00000e+00 -4.73610e-37  7.83210e-05
6.428959951e-01  7.7565395e-05  1.00000e+00  7.83297e-05 -0.00000e+00 -4.80696e-37  7.83297e-05
6.430245743e-01  7.7559541e-05  1.00000e+00  7.83383e-05 -0.00000e+00 -4.87886e-37  7.83383e-05
6.431531793e-01  7.7558205e-05  1.00000e+00  7.83468e-05 -0.00000e+00 -4.95182e-37  7.83468e-05
6.432818099e-01  7.7559552e-05  1.00000e+00  7.83553e-05 -0.00000e+00 -5.02585e-37  7.83553e-05
6.434104663e-01  7.7560783e-05  1.00000e+00  7.83637e-05 -0.00000e+00 -5.10097e-37  7.83637e-05
6.435391484e-01  7.7558740e-05  1.00000e+00  7.83721e-05 -0.00000e+00 -5.17719e-37  7.83721e-05
6.436678562e-01  7.7550895e-05  1.00000e+00  7.83804e-05 -0.00000e+00 -5.25452e-37  7.83804e-05
6.437965898e-01  7.7536085e-05  1.00000e+00  7.83885e-05 -0.00000e+00 -5.33299e-37  7.83885e-05
6.439253491e-01  7.7514923e-05  1.00000e+00  7.83965e-05 -0.00000e+00 -5.41260e-37  7.83965e-05
6.440541341e-01  7.7489443e-05  1.00000e+00  7.84043e-05 -0.00000e+00 -5.49337e-37  7.84043e-05
6.441829450e-01  7.7462113e-05  1.00000e+00  7.84118e-05 -0.00000e+00 -5.57530e-37  7.84118e-05
6.443117816e-01  7.7434550e-05  1.00000e+00  7.84190e-05 -0.00000e+00 -5.65843e-37  7.84190e-05
6.444406439e-01  7.7406451e-05  1.00000e+00  7.84260e-05 -0.00000e+00 -5.74275e-37  7.84260e-05
6.445695320e-01  7.7375151e-05  1.00000e+00  7.84327e-05 -0.00000e+00 -5.82830e-37  7.84327e-05
6.446984459e-01  7.7336230e-05  1.00000e+00  7.84392e-05 -0.00000e+00 -5.91508e-37  7.84392e-05
6.448273856e-01  7.7284655e-05  1.00000e+00  7.84452e-05 -0.00000e+00 -6.00310e-37  7.84452e-05
6.449563511e-01  7.7216611e-05  1.00000e+00  7.84508e-05 -0.00000e+00 -6.09237e-37  7.84508e-05
6.450853424e-01  7.7130915e-05  1.00000e+00  7.84558e-05 -0.00000e+00 -6.18291e-37  7.84558e-05
6.452143595e-01  7.7029898e-05  1.00000e+00  7.84600e-05 -0.00000e+00 -6.27471e-37  7.84600e-05
6.453434023e-01  7.6919165e-05  1.00000e+00  7.84634e-05 -0.00000e+00 -6.36778e-37  7.84634e-05
6.454724710e-01  7.6806177e-05  1.00000e+00  7.84659e-05 -0.00000e+00 -6.46215e-37  7.84659e-05
6.456015655e-01  7.6698289e-05  1.00000e+00  7.84676e-05 -0.00000e+00 -6.55782e-37  7.84676e-05
6.457306858e-01  7.6600657e-05  1.00000e+00  7.84685e-05 -0.00000e+00 -6.65483e-37  7.84685e-05
6.458598320e-01  7.6514266e-05  1.00000e+00  7.84687e-05 -0.00000e+00 -6.75319e-37  7.84687e-05
6.459890039e-01  7.6435191e-05  1.00000e+00  7.84683e-05 -0.00000e+00 -6.85294e-37  7.84683e-05
6.461182017e-01  7.6354840e-05  1.00000e+00  7.84674e-05 -0.00000e+00 -6.95409e-37  7.84674e-05
6.462474254e-01  7.6261371e-05  1.00000e+00  7.84658e-05 -0.00000e+00 -7.05665e-37  7.84658e-05
6.463766748e-01  7.6142464e-05  1.00000e+00  7.84634e-05 -0.00000e+00 -7.16062e-37  7.84634e-05
6.465059502e-01  7.5988943e-05  1.00000e+00  7.84600e-05 -0.00000e+00 -7.26601e-37  7.84600e-05
6.466352514e-01  7.5798903e-05  1.00000e+00  7.84554e-05 -0.00000e+00 -7.37281e-37  7.84554e-05
6.467645784e-01  7.5581791e-05  1.00000e+00  7.84493e-05 -0.00000e+00 -7.48100e-37  7.84493e-05
6.468939313e-01  7.5360417e-05  1.00000e+00  7.84416e-05 -0.00000e+00 -7.59060e-37  7.84416e-05
6.470233101e-01  7.5170380e-05  1.00000e+00  7.84323e-05 -0.00000e+00 -7.70165e-37  7.84323e-05
6.471527148e-01  7.5054537e-05  1.00000e+00  7.84220e-05 -0.00000e+00 -7.81420e-37  7.84220e-05
6.472821453e-01  7.5053894e-05  1.00000e+00  7.84112e-05 -0.00000e+00 -7.92836e-37  7.84112e-05
6.474116018e-01  7.5196044e-05  1.00000e+00  7.84011e-05 -0.00000e+00 -8.04426e-37  7.84011e-05
6.475410841e-01  7.5485621e-05  1.00000e+00  7.83927e-05 -0.00000e+00 -8.16204e-37  7.83927e-05
6.476705923e-01  7.5900447e-05  1.00000e+00  7.83871e-05 -0.00000e+00 -8.28183e-37  7.83871e-05
6.478001264e-01  7.6395434e-05  1.00000e+00  7.83849e-05 -0.00000e+00 -8.40375e-37  7.83849e-05
6.479296864e-01  7.6913131e-05  1.00000e+00  7.83867e-05 -0.00000e+00 -8.52786e-37  7.83867e-05
6.480592724e-01  7.7397163e-05  1.00000e+00  7.83923e-05 -0.00000e+00 -8.65419e-37  7.83923e-05
6.481888842e-01  7.7803751e-05  1.00000e+00  7.84012e-05 -0.00000e+00 -8.78272e-37  7.84012e-05
6.483185220e-01  7.8108179e-05  1.00000e+00  7.84128e-05 -0.00000e+00 -8.91341e-37  7.84128e-05
6.484481857e-01  7.8305874e-05  1.00000e+00  7.84261e-05 -0.00000e+00 -9.04621e-37  7.84261e-05
6.485778753e-01  7.8409849e-05  1.00000e+00  7.84406e-05 -0.00000e+00 -9.18105e-37  7.84406e-05
6.487075909e-01  7.8446637e-05  1.00000e+00  7.84554e-05 -0.00000e+00 -9.31792e-37  7.84554e-05
6.488373324e-01  7.8451841e-05  1.00000e+00  7.84703e-05 -0.00000e+00 -9.45679e-37  7.84703e-05
6.489670999e-01  7.8464804e-05  1.00000e+00  7.84851e-05 -0.00000e+00 -9.59770e-37  7.84851e-05
6.490968933e-01  7.8521122e-05  1.00000e+00  7.85001e-05 -0.00000e+00 -9.74071e-37  7.85001e-05
6.492267127e-01  7.8643995e-05  1.00000e+00  7.85156e-05 -0.00000e+00 -9.88591e-37  7.85156e-05
6.493565580e-01  7.8836149e-05  1.00000e+00  7.85322e-05 -0.00000e+00 -1.00334e-36  7.85322e-05
6.494864294e-01  7.9075320e-05  1.00000e+00  7.85503e-05 -0.00000e+00 -1.01833e-36  7.85503e-05
6.496163266e-01  7.9317115e-05  1.00000e+00  7.85702e-05 -0.00000e+00 -1.03356e-36  7.85702e-05
6.497462499e-01  7.9504334e-05  1.00000e+00  7.85916e-05 -0.00000e+00 -1.04903e-36  7.85916e-05
6.498761992e-01  7.9580881e-05  1.00000e+00  7.86138e-05 -0.00000e+00 -1.06474e-36  7.86138e-05
6.500061744e-01  7.9505168e-05  1.00000e+00  7.86360e-05 -0.00000e+00 -1.08068e-36  7.86360e-05
6.501361756e-01  7.9258426e-05  1.00000e+00  7.86567e-05 -0.00000e+00 -1.09683e-36  7.86567e-05
6.502662029e-01  7.8845862e-05  1.00000e+00  7.86749e-05 -0.00000e+00 -1.11317e-36  7.86749e-05
6.503962561e-01  7.8291734e-05  1.00000e+00  7.86893e-05 -0.00000e+00 -1.12970e-36  7.86893e-05
6.505263354e-01  7.7632498e-05  1.00000e+00  7.86990e-05 -0.00000e+00 -1.14639e-36  7.86990e-05
6.506564406e-01  7.6912271e-05  1.00000e+00  7.87035e-05 -0.00000e+00 -1.16326e-36  7.87035e-05
6.507865719e-01  7.6182935e-05  1.00000e+00  7.87024e-05 -0.00000e+00 -1.18028e-36  7.87024e-05
6.509167292e-01  7.5507743e-05  1.00000e+00  7.86961e-05 -0.00000e+00 -1.19747e-36  7.86961e-05
6.510469126e-01  7.4962988e-05  1.00000e+00  7.86852e-05 -0.00000e+00 -1.21485e-36  7.86852e-05
6.511771220e-01  7.4632452e-05  1.00000e+00  7.86710e-05 -0.00000e+00 -1.23242e-36  7.86710e-05
6.513073574e-01  7.4592347e-05  1.00000e+00  7.86555e-05 -0.00000e+00 -1.25024e-36  7.86555e-05
6.514376189e-01  7.4888798e-05  1.00000e+00  7.86411e-05 -0.00000e+00 -1.26834e-36  7.86411e-05
6.515679064e-01  7.5516261e-05  1.00000e+00  7.86303e-05 -0.00000e+00 -1.28676e-36  7.86303e-05
6.516982200e-01  7.6407013e-05  1.00000e+00  7.86253e-05 -0.00000e+00 -1.30555e-36  7.86253e-05
6.518285596e-01  7.7438202e-05  1.00000e+00  7.86276e-05 -0.00000e+00 -1.32475e-36  7.86276e-05
6.519589253e-01  7.8456842e-05  1.00000e+00  7.86377e-05 -0.00000e+00 -1.34435e-36  7.86377e-05
6.520893171e-01  7.9315193e-05  1.00000e+00  7.86548e-05 -0.00000e+00 -1.36435e-36  7.86548e-05
6.522197350e-01  7.9903776e-05  1.00000e+00  7.86774e-05 -0.00000e+00 -1.38473e-36  7.86774e-05
6.523501789e-01  8.0172745e-05  1.00000e+00  7.87030e-05 -0.00000e+00 -1.40546e-36  7.87030e-05
6.524806489e-01  8.0135184e-05  1.00000e+00  7.87292e-05 -0.00000e+00 -1.42649e-36  7.87292e-05
6.526111451e-01  7.9855316e-05  1.00000e+00  7.87541e-05 -0.00000e+00 -1.44780e-36  7.87541e-05
6.527416673e-01  7.9426650e-05  1.00000e+00  7.87761e-05 -0.00000e+00 -1.46936e-36  7.87761e-05
6.528722156e-01  7.8948425e-05  1.00000e+00  7.87945e-05 -0.00000e+00 -1.49117e-36  7.87945e-05
6.530027901e-01  7.8505175e-05  1.00000e+00  7.88093e-05 -0.00000e+00 -1.51324e-36  7.88093e-05
6.531333906e-01  7.8152065e-05  1.00000e+00  7.88209e-05 -0.00000e+00 -1.53556e-36  7.88209e-05
6.532640173e-01  7.7908191e-05  1.00000e+00  7.88303e-05 -0.00000e+00 -1.55817e-36  7.88303e-05
6.533946701e-01  7.7758416e-05  1.00000e+00  7.88381e-05 -0.00000e+00 -1.58109e-36  7.88381e-05
6.535253491e-01  7.7663440e-05  1.00000e+00  7.88451e-05 -0.00000e+00 -1.60432e-36  7.88451e-05
6.536560541e-01  7.7576050e-05  1.00000e+00  7.88513e-05 -0.00000e+00 -1.62787e-36  7.88513e-05
6.537867853e-01  7.7459014e-05  1.00000e+00  7.88567e-05 -0.00000e+00 -1.65174e-36  7.88567e-05
6.539175427e-01  7.7298307e-05  1.00000e+00  7.88611e-05 -0.00000e+00 -1.67594e-36  7.88611e-05
6.540483262e-01  7.7107279e-05  1.00000e+00  7.88641e-05 -0.00000e+00 -1.70045e-36  7.88641e-05
6.541791359e-01  7.6920173e-05  1.00000e+00  7.88657e-05 -0.00000e+00 -1.72529e-36  7.88657e-05
6.543099717e-01  7.6778525e-05  1.00000e+00  7.88661e-05 -0.00000e+00 -1.75046e-36  7.88661e-05
6.544408337e-01  7.6716098e-05  1.00000e+00  7.88656e-05 -0.00000e+00 -1.77597e-36  7.88656e-05
6.545717219e-01  7.6748878e-05  1.00000e+00  7.88651e-05 -0.00000e+00 -1.80186e-36  7.88651e-05
6.547026362e-01  7.6872655e-05  1.00000e+00  7.88652e-05 -0.00000e+00 -1.82814e-36  7.88652e-05
6.548335767e-01  7.7067683e-05  1.00000e+00  7.88665e-05 -0.00000e+00 -1.85482e-36  7.88665e-05
6.549645434e-01  7.7307021e-05  1.00000e+00  7.88694e-05 -0.00000e+00 -1.88193e-36  7.88694e-05
6.550955364e-01  7.7563559e-05  1.00000e+00  7.88741e-05 -0.00000e+00 -1.90948e-36  7.88741e-05
6.552265555e-01  7.7814251e-05  1.00000e+00  7.88808e-05 -0.00000e+00 -1.93747e-36  7.88808e-05
6.553576008e-01  7.8040688e-05  1.00000e+00  7.88892e-05 -0.00000e+00 -1.96590e-36  7.88892e-05
6.554886723e-01  7.8228709e-05  1.00000e+00  7.88991e-05 -0.00000e+00 -1.99479e-36  7.88991e-05
6.556197700e-01  7.8368271e-05  1.00000e+00  7.89102e-05 -0.00000e+00 -2.02412e-36  7.89102e-05
6.557508940e-01  7.8454623e-05  1.00000e+00  7.89220e-05 -0.00000e+00 -2.05389e-36  7.89220e-05
6.558820442e-01  7.8489311e-05  1.00000e+00  7.89342e-05 -0.00000e+00 -2.08410e-36  7.89342e-05
6.560132206e-01  7.8479919e-05  1.00000e+00  7.89465e-05 -0.00000e+00 -2.11475e-36  7.89465e-05
6.561444232e-01  7.8437632e-05  1.00000e+00  7.89584e-05 -0.00000e+00 -2.14583e-36  7.89584e-05
6.562756521e-01  7.8373814e-05  1.00000e+00  7.89699e-05 -0.00000e+00 -2.17735e-36  7.89699e-05
6.564069072e-01  7.8297095e-05  1.00000e+00  7.89808e-05 -0.00000e+00 -2.20931e-36  7.89808e-05
6.565381886e-01  7.8213136e-05  1.00000e+00  7.89910e-05 -0.00000e+00 -2.24171e-36  7.89910e-05
6.566694962e-01  7.8126909e-05  1.00000e+00  7.90005e-05 -0.00000e+00 -2.27456e-36  7.90005e-05
6.568008301e-01  7.8045901e-05  1.00000e+00  7.90094e-05 -0.00000e+00 -2.30787e-36  7.90094e-05
6.569321903e-01  7.7981787e-05  1.00000e+00  7.90176e-05 -0.00000e+00 -2.34163e-36  7.90176e-05
6.570635767e-01  7.7948782e-05  1.00000e+00  7.90254e-05 -0.00000e+00 -2.37588e-36  7.90254e-05
6.571949895e-01  7.7958737e-05  1.00000e+00  7.90331e-05 -0.00000e+00 -2.41062e-36  7.90331e-05
6.573264285e-01  7.8015380e-05  1.00000e+00  7.90410e-05 -0.00000e+00 -2.44587e-36  7.90410e-05
6.574578937e-01  7.8110660e-05  1.00000e+00  7.90494e-05 -0.00000e+00 -2.48164e-36  7.90494e-05
6.575893853e-01  7.8225400e-05  1.00000e+00  7.90585e-05 -0.00000e+00 -2.51796e-36  7.90585e-05
6.577209032e-01  7.8334827e-05  1.00000e+00  7.90684e-05 -0.00000e+00 -2.55482e-36  7.90684e-05
6.578524474e-01  7.8416683e-05  1.00000e+00  7.90790e-05 -0.00000e+00 -2.59224e-36  7.90790e-05
6.579840179e-01  7.8458514e-05  1.00000e+00  7.90900e-05 -0.00000e+00 -2.63020e-36  7.90900e-05
6.581156147e-01  7.8461077e-05  1.00000e+00  7.91011e-05 -0.00000e+00 -2.66872e-36  7.91011e-05
6.582472378e-01  7.8436726e-05  1.00000e+00  7.91121e-05 -0.00000e+00 -2.70779e-36  7.91121e-05
6.583788872e-01  7.8403420e-05  1.00000e+00  7.91227e-05 -0.00000e+00 -2.74740e-36  7.91227e-05
6.585105630e-01  7.8376919e-05  1.00000e+00  7.91330e-05 -0.00000e+00 -2.78758e-36  7.91330e-05
6.586422651e-01  7.8365002e-05  1.00000e+00  7.91432e-05 -0.00000e+00 -2.82834e-36  7.91432e-05
6.587739936e-01  7.8365464e-05  1.00000e+00  7.91532e-05 -0.00000e+00 -2.86968e-36  7.91532e-05
6.589057484e-01  7.8368455e-05  1.00000e+00  7.91632e-05 -0.00000e+00 -2.91161e-36  7.91632e-05
6.590375295e-01  7.8361776e-05  1.00000e+00  7.91731e-05 -0.00000e+00 -2.95414e-36  7.91731e-05
6.591693370e-01  7.8336660e-05  1.00000e+00  7.91829e-05 -0.00000e+00 -2.99728e-36  7.91829e-05
6.593011709e-01  7.8291440e-05  1.00000e+00  7.91923e-05 -0.00000e+00 -3.04102e-36  7.91923e-05
6.594330311e-01  7.8232271e-05  1.00000e+00  7.92013e-05 -0.00000e+00 -3.08538e-36  7.92013e-05
6.595649178e-01  7.8170537e-05  1.00000e+00  7.92098e-05 -0.00000e+00 -3.13035e-36  7.92098e-05
6.596968307e-01  7.8118859e-05  1.00000e+00  7.92178e-05 -0.00000e+00 -3.17596e-36  7.92178e-05
6.598287701e-01  7.8086887e-05  1.00000e+00  7.92254e-05 -0.00000e+00 -3.22220e-36  7.92254e-05
6.599607359e-01  7.8078559e-05  1.00000e+00  7.92329e-05 -0.00000e+00 -3.26910e-36  7.92329e-05
6.600927280e-01  7.8091311e-05  1.00000e+00  7.92403e-05 -0.00000e+00 -3.31668e-36  7.92403e-05
6.602247465e-01  7.8117517e-05  1.00000e+00  7.92478e-05 -0.00000e+00 -3.36494e-36  7.92478e-05
6.603567915e-01  7.8147047e-05  1.00000e+00  7.92555e-05 -0.00000e+00 -3.41391e-36  7.92555e-05
6.604888629e-01  7.8170470e-05  1.00000e+00  7.92634e-05 -0.00000e+00 -3.46358e-36  7.92634e-05
6.606209606e-01  7.8181621e-05  1.00000e+00  7.92713e-05 -0.00000e+00 -3.51397e-36  7.92713e-05
6.607530848e-01  7.8178697e-05  1.00000e+00  7.92792e-05 -0.00000e+00 -3.56508e-36  7.92792e-05
6.608852354e-01  7.8164097e-05  1.00000e+00  7.92871e-05 -0.00000e+00 -3.61691e-36  7.92871e-05
6.610174125e-01  7.8142819e-05  1.00000e+00  7.92947e-05 -0.00000e+00 -3.66948e-36  7.92947e-05
6.611496160e-01  7.8120349e-05  1.00000e+00  7.93021e-05 -0.00000e+00 -3.72279e-36  7.93021e-05
6.612818459e-01  7.8100729e-05  1.00000e+00  7.93094e-05 -0.00000e+00 -3.77686e-36  7.93094e-05
6.614141023e-01  7.8085604e-05  1.00000e+00  7.93164e-05 -0.00000e+00 -3.83170e-36  7.93164e-05
6.615463851e-01  7.8074238e-05  1.00000e+00  7.93233e-05 -0.00000e+00 -3.88731e-36  7.93233e-05
6.616786944e-01  7.8064519e-05  1.00000e+00  7.93301e-05 -0.00000e+00 -3.94371e-36  7.93301e-05
6.618110301e-01  7.8054168e-05  1.00000e+00  7.93368e-05 -0.00000e+00 -4.00092e-36  7.93368e-05
6.619433923e-01  7.8041869e-05  1.00000e+00  7.93434e-05 -0.00000e+00 -4.05893e-36  7.93434e-05
6.620757810e-01  7.8027788e-05  1.00000e+00  7.93499e-05 -0.00000e+00 -4.11777e-36  7.93499e-05
6.622081961e-01  7.8013482e-05  1.00000e+00  7.93562e-05 -0.00000e+00 -4.17744e-36  7.93562e-05
6.623406378e-01  7.8001346e-05  1.00000e+00  7.93624e-05 -0.00000e+00 -4.23796e-36  7.93624e-05
6.624731059e-01  7.7993857e-05  1.00000e+00  7.93684e-05 -0.00000e+00 -4.29934e-36  7.93684e-05
6.626056005e-01  7.7992842e-05  1.00000e+00  7.93744e-05 -0.00000e+00 -4.36159e-36  7.93744e-05
6.627381216e-01  7.7998979e-05  1.00000e+00  7.93804e-05 -0.00000e+00 -4.42473e-36  7.93804e-05
6.628706693e-01  7.8011558e-05  1.00000e+00  7.93865e-05 -0.00000e+00 -4.48877e-36  7.93865e-05
6.630032434e-01  7.8028621e-05  1.00000e+00  7.93926e-05 -0.00000e+00 -4.55373e-36  7.93926e-05
6.631358441e-01  7.8047322e-05  1.00000e+00  7.93988e-05 -0.00000e+00 -4.61963e-36  7.93988e-05
6.632684712e-01  7.8064642e-05  1.00000e+00  7.94051e-05 -0.00000e+00 -4.68647e-36  7.94051e-05
6.634011249e-01  7.8078115e-05  1.00000e+00  7.94115e-05 -0.00000e+00 -4.75426e-36  7.94115e-05
6.635338051e-01  7.8086512e-05  1.00000e+00  7.94179e-05 -0.00000e+00 -4.82303e-36  7.94179e-05
6.636665119e-01  7.8090219e-05  1.00000e+00  7.94244e-05 -0.00000e+00 -4.89278e-36  7.94244e-05
6.637992452e-01  7.8091141e-05  1.00000e+00  7.94308e-05 -0.00000e+00 -4.96352e-36  7.94308e-05
6.639320051e-01  7.8092161e-05  1.00000e+00  7.94372e-05 -0.00000e+00 -5.03527e-36  7.94372e-05
6.640647915e-01  7.8096245e-05  1.00000e+00  7.94436e-05 -0.00000e+00 -5.10804e-36  7.94436e-05
6.641976044e-01  7.8105497e-05  1.00000e+00  7.94500e-05 -0.00000e+00 -5.18184e-36  7.94500e-05
6.643304439e-01  7.8120511e-05  1.00000e+00  7.94565e-05 -0.00000e+00 -5.25671e-36  7.94565e-05
6.644633100e-01  7.8140202e-05  1.00000e+00  7.94630e-05 -0.00000e+00 -5.33264e-36  7.94630e-05
6.645962027e-01  7.8162252e-05  1.00000e+00  7.94697e-05 -0.00000e+00 -5.40967e-36  7.94697e-05
6.647291219e-01  7.8183881e-05  1.00000e+00  7.94765e-05 -0.00000e+00 -5.48780e-36  7.94765e-05
6.648620677e-01  7.8202682e-05  1.00000e+00  7.94834e-05 -0.00000e+00 -5.56705e-36  7.94834e-05
6.649950402e-01  7.8217172e-05  1.00000e+00  7.94904e-05 -0.00000e+00 -5.64744e-36  7.94904e-05
6.651280392e-01  7.8226944e-05  1.00000e+00  7.94974e-05 -0.00000e+00 -5.72897e-36  7.94974e-05
6.652610648e-01  7.8232471e-05  1.00000e+00  7.95045e-05 -0.00000e+00 -5.81167e-36  7.95045e-05
6.653941170e-01  7.8234745e-05  1.00000e+00  7.95115e-05 -0.00000e+00 -5.89554e-36  7.95115e-05
6.655271958e-01  7.8234958e-05  1.00000e+00  7.95186e-05 -0.00000e+00 -5.98059e-36  7.95186e-05
6.656603013e-01  7.8234316e-05  1.00000e+00  7.95255e-05 -0.00000e+00 -6.06686e-36  7.95255e-05
6.657934333e-01  7.8233949e-05  1.00000e+00  7.95325e-05 -0.00000e+00 -6.15435e-36  7.95325e-05
6.659265920e-01  7.8234832e-05  1.00000e+00  7.95394e-05 -0.00000e+00 -6.24308e-36  7.95394e-05
6.660597773e-01  7.8237662e-05  1.00000e+00  7.95463e-05 -0.00000e+00 -6.33307e-36  7.95463e-05
6.661929893e-01  7.8242715e-05  1.00000e+00  7.95531e-05 -0.00000e+00 -6.42434e-36  7.95531e-05
6.663262279e-01  7.8249761e-05  1.00000e+00  7.95600e-05 -0.00000e+00 -6.51691e-36  7.95600e-05
6.664594931e-01  7.8258106e-05  1.00000e+00  7.95669e-05 -0.00000e+00 -6.61079e-36  7.95669e-05
6.665927850e-01  7.8266797e-05  1.00000e+00  7.95738e-05 -0.00000e+00 -6.70601e-36  7.95738e-05
6.667261036e-01  7.8274893e-05  1.00000e+00  7.95808e-05 -0.00000e+00 -6.80258e-36  7.95808e-05
6.668594488e-01  7.8281726e-05  1.00000e+00  7.95877e-05 -0.00000e+00 -6.90053e-36  7.95877e-05
6.669928207e-01  7.8287005e-05  1.00000e+00  7.95947e-05 -0.00000e+00 -6.99986e-36  7.95947e-05
6.671262192e-01  7.8290783e-05  1.00000e+00  7.96016e-05 -0.00000e+00 -7.10061e-36  7.96016e-05
6.672596445e-01  7.8293297e-05  1.00000e+00  7.96086e-05 -0.00000e+00 -7.20278e-36  7.96086e-05
6.673930964e-01  7.8294820e-05  1.00000e+00  7.96155e-05 -0.00000e+00 -7.30640e-36  7.96155e-05
6.675265750e-01  7.8295559e-05  1.00000e+00  7.96224e-05 -0.00000e+00 -7.41148e-36  7.96224e-05
6.676600804e-01  7.8295689e-05  1.00000e+00  7.96293e-05 -0.00000e+00 -7.51806e-36  7.96293e-05
6.677936124e-01  7.8295437e-05  1.00000e+00  7.96361e-05 -0.00000e+00 -7.62614e-36  7.96361e-05
6.679271711e-01  7.8295161e-05  1.00000e+00  7.96429e-05 -0.00000e+00 -7.73574e-36  7.96429e-05
6.680607565e-01  7.8295350e-05  1.00000e+00  7.96496e-05 -0.00000e+00 -7.84690e-36  7.96496e-05
6.681943687e-01  7.8296515e-05  1.00000e+00  7.96564e-05 -0.00000e+00 -7.95963e-36  7.96564e-05
6.683280076e-01  7.8299031e-05  1.00000e+00  7.96630e-05 -0.00000e+00 -8.07395e-36  7.96630e-05
6.684616732e-01  7.8302982e-05  1.00000e+00  7.96697e-05 -0.00000e+00 -8.18989e-36  7.96697e-05
6.685953655e-01  7.8308108e-05  1.00000e+00  7.96764e-05 -0.00000e+00 -8.30747e-36  7.96764e-05
6.687290846e-01  7.8313866e-05  1.00000e+00  7.96831e-05 -0.00000e+00 -8.42672e-36  7.96831e-05
6.688628304e-01  7.8319598e-05  1.00000e+00  7.96898e-05 -0.00000e+00 -8.54765e-36  7.96898e-05
6.689966029e-01  7.8324715e-05  1.00000e+00  7.96965e-05 -0.00000e+00 -8.67030e-36  7.96965e-05
6.691304023e-01  7.8328851e-05  1.00000e+00  7.97032e-05 -0.00000e+00 -8.79467e-36  7.97032e-05
6.692642283e-01  7.8331919e-05  1.00000e+00  7.97099e-05 -0.00000e+00 -8.92081e-36  7.97099e-05
6.693980812e-01  7.8334075e-05  1.00000e+00  7.97165e-05 -0.00000e+00 -9.04873e-36  7.97165e-05
6.695319608e-01  7.8335625e-05  1.00000e+00  7.97232e-05 -0.00000e+00 -9.17845e-36  7.97232e-05
6.696658672e-01  7.8336902e-05  1.00000e+00  7.97298e-05 -0.00000e+00 -9.31001e-36  7.97298e-05
6.697998004e-01  7.8338162e-05  1.00000e+00  7.97364e-05 -0.00000e+00 -9.44342e-36  7.97364e-05
6.699337603e-01  7.8339519e-05  1.00000e+00  7.97429e-05 -0.00000e+00 -9.57871e-36  7.97429e-05
6.700677471e-01  7.8340934e-05  1.00000e+00  7.97495e-05 -0.00000e+00 -9.71590e-36  7.97495e-05
6.702017606e-01  7.8342246e-05  1.00000e+00  7.97560e-05 -0.00000e+00 -9.85504e-36  7.97560e-05
6.703358010e-01  7.8343239e-05  1.00000e+00  7.97625e-05 -0.00000e+00 -9.99613e-36  7.97625e-05
6.704698681e-01  7.8343728e-05  1.00000e+00  7.97690e-05 -0.00000e+00 -1.01392e-35  7.97690e-05
6.706039621e-01  7.8343632e-05  1.00000e+00  7.97754e-05 -0.00000e+00 -1.02843e-35  7.97754e-05
6.707380829e-01  7.8343022e-05  1.00000e+00  7.97818e-05 -0.00000e+00 -1.04314e-35  7.97818e-05
6.708722305e-01  7.8342109e-05  1.00000e+00  7.97881e-05 -0.00000e+00 -1.05806e-35  7.97881e-05
6.710064050e-01  7.8341202e-05  1.00000e+00  7.97945e-05 -0.00000e+00 -1.07319e-35  7.97945e-05
6.711406063e-01  7.8340630e-05  1.00000e+00  7.98007e-05 -0.00000e+00 -1.08854e-35  7.98007e-05
6.712748344e-01  7.8340654e-05  1.00000e+00  7.98070e-05 -0.00000e+00 -1.10410e-35  7.98070e-05
6.714090893e-01  7.8341419e-05  1.00000e+00  7.98132e-05 -0.00000e+00 -1.11987e-35  7.98132e-05
6.715433712e-01  7.8342930e-05  1.00000e+00  7.98194e-05 -0.00000e+00 -1.13587e-35  7.98194e-05
6.716776798e-01  7.8345069e-05  1.00000e+00  7.98256e-05 -0.00000e+00 -1.15210e-35  7.98256e-05
6.718120154e-01  7.8347651e-05  1.00000e+00  7.98317e-05 -0.00000e+00 -1.16855e-35  7.98317e-05
6.719463778e-01  7.8350471e-05  1.00000e+00  7.98379e-05 -0.00000e+00 -1.18524e-35  7.98379e-05
6.720807671e-01  7.8353345e-05  1.00000e+00  7.98440e-05 -0.00000e+00 -1.20216e-35  7.98440e-05
6.722151832e-01  7.8356132e-05  1.00000e+00  7.98501e-05 -0.00000e+00 -1.21931e-35  7.98501e-05
6.723496262e-01  7.8358731e-05  1.00000e+00  7.98562e-05 -0.00000e+00 -1.23671e-35  7.98562e-05
6.724840962e-01  7.8361069e-05  1.00000e+00  7.98623e-05 -0.00000e+00 -1.25435e-35  7.98623e-05
6.726185930e-01  7.8363096e-05  1.00000e+00  7.98684e-05 -0.00000e+00 -1.27224e-35  7.98684e-05
6.727531167e-01  7.8364781e-05  1.00000e+00  7.98745e-05 -0.00000e+00 -1.29038e-35  7.98745e-05
6.728876673e-01  7.8366117e-05  1.00000e+00  7.98805e-05 -0.00000e+00 -1.30878e-35  7.98805e-05
6.730222449e-01  7.8367132e-05  1.00000e+00  7.98865e-05 -0.00000e+00 -1.32744e-35  7.98865e-05
6.731568493e-01  7.8367887e-05  1.00000e+00  7.98925e-05 -0.00000e+00 -1.34635e-35  7.98925e-05
6.732914807e-01  7.8368471e-05  1.00000e+00  7.98985e-05 -0.00000e+00 -1.36553e-35  7.98985e-05
6.734261390e-01  7.8368987e-05  1.00000e+00  7.99045e-05 -0.00000e+00 -1.38498e-35  7.99045e-05
6.735608242e-01  7.8369541e-05  1.00000e+00  7.99104e-05 -0.00000e+00 -1.40471e-35  7.99104e-05
6.736955364e-01  7.8370224e-05  1.00000e+00  7.99163e-05 -0.00000e+00 -1.42470e-35  7.99163e-05
6.738302755e-01  7.8371101e-05  1.00000e+00  7.99222e-05 -0.00000e+00 -1.44498e-35  7.99222e-05
6.739650415e-01  7.8372208e-05  1.00000e+00  7.99280e-05 -0.00000e+00 -1.46555e-35  7.99280e-05
6.740998345e-01  7.8373541e-05  1.00000e+00  7.99338e-05 -0.00000e+00 -1.48640e-35  7.99338e-05
6.742346545e-01  7.8375060e-05  1.00000e+00  7.99396e-05 -0.00000e+00 -1.50754e-35  7.99396e-05
6.743695014e-01  7.8376691e-05  1.00000e+00  7.99454e-05 -0.00000e+00 -1.52898e-35  7.99454e-05
6.745043753e-01  7.8378344e-05  1.00000e+00  7.99512e-05 -0.00000e+00 -1.55072e-35  7.99512e-05
6.746392762e-01  7.8379932e-05  1.00000e+00  7.99570e-05 -0.00000e+00 -1.57277e-35  7.99570e-05
6.747742041e-01  7.8381397e-05  1.00000e+00  7.99627e-05 -0.00000e+00 -1.59512e-35  7.99627e-05
6.749091589e-01  7.8382727e-05  1.00000e+00  7.99684e-05 -0.00000e+00 -1.61778e-35  7.99684e-05
6.750441407e-01  7.8383965e-05  1.00000e+00  7.99741e-05 -0.00000e+00 -1.64077e-35  7.99741e-05
6.751791496e-01  7.8385202e-05  1.00000e+00  7.99798e-05 -0.00000e+00 -1.66407e-35  7.99798e-05
6.753141854e-01  7.8386560e-05  1.00000e+00  7.99855e-05 -0.00000e+00 -1.68770e-35  7.99855e-05
6.754492482e-01  7.8388160e-05  1.00000e+00  7.99911e-05 -0.00000e+00 -1.71166e-35  7.99911e-05
6.755843381e-01  7.8390094e-05  1.00000e+00  7.99968e-05 -0.00000e+00 -1.73595e-35  7.99968e-05
6.757194550e-01  7.8392397e-05  1.00000e+00  8.00024e-05 -0.00000e+00 -1.76059e-35  8.00024e-05
6.758545988e-01  7.8395033e-05  1.00000e+00  8.00080e-05 -0.00000e+00 -1.78557e-35  8.00080e-05
6.759897698e-01  7.8397895e-05  1.00000e+00  8.00136e-05 -0.00000e+00 -1.81090e-35  8.00136e-05
6.761249677e-01  7.8400831e-05  1.00000e+00  8.00192e-05 -0.00000e+00 -1.83658e-35  8.00192e-05
6.762601927e-01  7.8403671e-05  1.00000e+00  8.00248e-05 -0.00000e+00 -1.86262e-35  8.00248e-05
6.763954447e-01  7.8406274e-05  1.00000e+00  8.00304e-05 -0.00000e+00 -1.88902e-35  8.00304e-05
6.765307238e-01  7.8408549e-05  1.00000e+00  8.00359e-05 -0.00000e+00 -1.91580e-35  8.00359e-05
6.766660300e-01  7.8410464e-05  1.00000e+00  8.00415e-05 -0.00000e+00 -1.94294e-35  8.00415e-05
6.768013632e-01  7.8412023e-05  1.00000e+00  8.00471e-05 -0.00000e+00 -1.97047e-35  8.00471e-05
6.769367235e-01  7.8413243e-05  1.00000e+00  8.00526e-05 -0.00000e+00 -1.99838e-35  8.00526e-05
6.770721108e-01  7.8414117e-05  1.00000e+00  8.00581e-05 -0.00000e+00 -2.02668e-35  8.00581e-05
6.772075252e-01  7.8414603e-05  1.00000e+00  8.00636e-05 -0.00000e+00 -2.05537e-35  8.00636e-05
6.773429667e-01  7.8414641e-05  1.00000e+00  8.00690e-05 -0.00000e+00 -2.08446e-35  8.00690e-05
6.774784353e-01  7.8414181e-05  1.00000e+00  8.00745e-05 -0.00000e+00 -2.11396e-35  8.00745e-05
6.776139310e-01  7.8413236e-05  1.00000e+00  8.00799e-05 -0.00000e+00 -2.14387e-35  8.00799e-05
6.777494538e-01  7.8411908e-05  1.00000e+00  8.00853e-05 -0.00000e+00 -2.17419e-35  8.00853e-05
6.778850037e-01  7.8410386e-05  1.00000e+00  8.00906e-05 -0.00000e+00 -2.20494e-35  8.00906e-05
6.780205807e-01  7.8408908e-05  1.00000e+00  8.00959e-05 -0.00000e+00 -2.23611e-35  8.00959e-05
6.781561848e-01  7.8407668e-05  1.00000e+00  8.01012e-05 -0.00000e+00 -2.26772e-35  8.01012e-05
6.782918160e-01  7.8406732e-05  1.00000e+00  8.01064e-05 -0.00000e+00 -2.29977e-35  8.01064e-05
6.784274744e-01  7.8405967e-05  1.00000e+00  8.01116e-05 -0.00000e+00 -2.33226e-35  8.01116e-05
6.785631599e-01  7.8405040e-05  1.00000e+00  8.01168e-05 -0.00000e+00 -2.36520e-35  8.01168e-05
6.786988725e-01  7.8403487e-05  1.00000e+00  8.01219e-05 -0.00000e+00 -2.39860e-35  8.01219e-05
6.788346123e-01  7.8400838e-05  1.00000e+00  8.01270e-05 -0.00000e+00 -2.43247e-35  8.01270e-05
6.789703792e-01  7.8396764e-05  1.00000e+00  8.01321e-05 -0.00000e+00 -2.46680e-35  8.01321e-05
6.791061733e-01  7.8391177e-05  1.00000e+00  8.01371e-05 -0.00000e+00 -2.50161e-35  8.01371e-05
6.792419945e-01  7.8384276e-05  1.00000e+00  8.01420e-05 -0.00000e+00 -2.53690e-35  8.01420e-05
6.793778429e-01  7.8376501e-05  1.00000e+00  8.01468e-05 -0.00000e+00 -2.57268e-35  8.01468e-05
6.795137185e-01  7.8368428e-05  1.00000e+00  8.01516e-05 -0.00000e+00 -2.60895e-35  8.01516e-05
6.796496213e-01  7.8360640e-05  1.00000e+00  8.01563e-05 -0.00000e+00 -2.64573e-35  8.01563e-05
6.797855512e-01  7.8353613e-05  1.00000e+00  8.01609e-05 -0.00000e+00 -2.68302e-35  8.01609e-05
6.799215083e-01  7.8347640e-05  1.00000e+00  8.01655e-05 -0.00000e+00 -2.72082e-35  8.01655e-05
6.800574926e-01  7.8342792e-05  1.00000e+00  8.01700e-05 -0.00000e+00 -2.75914e-35  8.01700e-05
6.801935041e-01  7.8338917e-05  1.00000e+00  8.01744e-05 -0.00000e+00 -2.79799e-35  8.01744e-05
6.803295428e-01  7.8335653e-05  1.00000e+00  8.01788e-05 -0.00000e+00 -2.83738e-35  8.01788e-05
6.804656087e-01  7.8332493e-05  1.00000e+00  8.01832e-05 -0.00000e+00 -2.87732e-35  8.01832e-05
6.806017018e-01  7.8328868e-05  1.00000e+00  8.01875e-05 -0.00000e+00 -2.91781e-35  8.01875e-05
6.807378222e-01  7.8324285e-05  1.00000e+00  8.01918e-05 -0.00000e+00 -2.95885e-35  8.01918e-05
6.808739697e-01  7.8318475e-05  1.00000e+00  8.01960e-05 -0.00000e+00 -3.00047e-35  8.01960e-05
6.810101445e-01  7.8311483e-05  1.00000e+00  8.02001e-05 -0.00000e+00 -3.04266e-35  8.02001e-05
6.811463465e-01  7.8303675e-05  1.00000e+00  8.02042e-05 -0.00000e+00 -3.08543e-35  8.02042e-05
6.812825758e-01  7.8295625e-05  1.00000e+00  8.02082e-05 -0.00000e+00 -3.12879e-35  8.02082e-05
6.814188323e-01  7.8287957e-05  1.00000e+00  8.02122e-05 -0.00000e+00 -3.17275e-35  8.02122e-05
6.815551161e-01  7.8281197e-05  1.00000e+00  8.02160e-05 -0.00000e+00 -3.21731e-35  8.02160e-05
6.816914271e-01  7.8275720e-05  1.00000e+00  8.02198e-05 -0.00000e+00 -3.26249e-35  8.02198e-05
6.818277654e-01  7.8271816e-05  1.00000e+00  8.02236e-05 -0.00000e+00 -3.30829e-35  8.02236e-05
6.819641310e-01  7.8269767e-05  1.00000e+00  8.02273e-05 -0.00000e+00 -3.35473e-35  8.02273e-05
6.821005238e-01  7.8269897e-05  1.00000e+00  8.02310e-05 -0.00000e+00 -3.40180e-35  8.02310e-05
6.822369439e-01  7.8272469e-05  1.00000e+00  8.02347e-05 -0.00000e+00 -3.44953e-35  8.02347e-05
6.823733913e-01  7.8277480e-05  1.00000e+00  8.02385e-05 -0.00000e+00 -3.49792e-35  8.02385e-05
6.825098660e-01  7.8284431e-05  1.00000e+00  8.02422e-05 -0.00000e+00 -3.54697e-35  8.02422e-05
6.826463679e-01  7.8292220e-05  1.00000e+00  8.02460e-05 -0.00000e+00 -3.59671e-35  8.02460e-05
6.827828972e-01  7.8299255e-05  1.00000e+00  8.02498e-05 -0.00000e+00 -3.64714e-35  8.02498e-05
6.829194538e-01  7.8303806e-05  1.00000e+00  8.02537e-05 -0.00000e+00 -3.69826e-35  8.02537e-05
6.830560377e-01  7.8304484e-05  1.00000e+00  8.02575e-05 -0.00000e+00 -3.75009e-35  8.02575e-05
6.831926489e-01  7.8300723e-05  1.00000e+00  8.02614e-05 -0.00000e+00 -3.80264e-35  8.02614e-05
6.833292874e-01  7.8293087e-05  1.00000e+00  8.02651e-05 -0.00000e+00 -3.85590e-35  8.02651e-05
6.834659533e-01  7.8283297e-05  1.00000e+00  8.02688e-05 -0.00000e+00 -3.90990e-35  8.02688e-05
6.836026465e-01  7.8273938e-05  1.00000e+00  8.02725e-05 -0.00000e+00 -3.96464e-35  8.02725e-05
6.837393670e-01  7.8267861e-05  1.00000e+00  8.02760e-05 -0.00000e+00 -4.02013e-35  8.02760e-05
6.838761149e-01  7.8267447e-05  1.00000e+00  8.02795e-05 -0.00000e+00 -4.07639e-35  8.02795e-05
6.840128901e-01  7.8273832e-05  1.00000e+00  8.02830e-05 -0.00000e+00 -4.13342e-35  8.02830e-05
6.841496927e-01  7.8283339e-05  1.00000e+00  8.02866e-05 -0.00000e+00 -4.19124e-35  8.02866e-05
6.842865226e-01  7.8286678e-05  1.00000e+00  8.02902e-05 -0.00000e+00 -4.24986e-35  8.02902e-05
6.844233799e-01  7.8271232e-05  1.00000e+00  8.02937e-05 -0.00000e+00 -4.30928e-35  8.02937e-05
6.845602646e-01  7.8202161e-05  1.00000e+00  8.02970e-05 -0.00000e+00 -4.36950e-35  8.02970e-05
6.846971766e-01  7.8012804e-05  1.00000e+00  8.02994e-05 -0.00000e+00 -4.43049e-35  8.02994e-05
6.848341161e-01  7.7574945e-05  1.00000e+00  8.02997e-05 -0.00000e+00 -4.49217e-35  8.02997e-05
6.849710829e-01  7.6649905e-05  1.00000e+00  8.02954e-05 -0.00000e+00 -4.55439e-35  8.02954e-05
6.851080771e-01  7.4829287e-05  1.00000e+00  8.02817e-05 -0.00000e+00 -4.61682e-35  8.02817e-05
6.852450987e-01  7.1463825e-05  1.00000e+00  8.02503e-05 -0.00000e+00 -4.67889e-35  8.02503e-05
6.853821477e-01  6.5617265e-05  1.00000e+00  8.01872e-05 -0.00000e+00 -4.73963e-35  8.01872e-05
6.855192242e-01  5.6092432e-05  1.00000e+00  8.00710e-05 -0.00000e+00 -4.79757e-35  8.00710e-05
6.856563280e-01  4.1572617e-05  1.00000e+00  7.98714e-05 -0.00000e+00 -4.85057e-35  7.98714e-05
6.857934593e-01  2.0938379e-05  1.00000e+00  7.95495e-05 -0.00000e+00 -4.89590e-35  7.95495e-05
6.859306180e-01 -6.2546621e-06  1.00000e+00  7.90606e-05 -0.00000e+00 -4.93041e-35  7.90606e-05
6.860678041e-01 -3.9238949e-05  1.00000e+00  7.83614e-05 -0.00000e+00 -4.95099e-35  7.83614e-05
6.862050177e-01 -7.5590214e-05  1.00000e+00  7.74197e-05 -0.00000e+00 -4.95529e-35  7.74197e-05
6.863422587e-01 -1.1114457e-04  1.00000e+00  7.62270e-05 -0.00000e+00 -4.94259e-35  7.62270e-05
6.864795271e-01 -1.4041397e-04  1.00000e+00  7.48094e-05 -0.00000e+00 -4.91455e-35  7.48094e-05
6.866168230e-01 -1.5756551e-04  1.00000e+00  7.32336e-05 -0.00000e+00 -4.87570e-35  7.32336e-05
6.867541464e-01 -1.5775918e-04  1.00000e+00  7.16043e-05 -0.00000e+00 -4.83327e-35  7.16043e-05
6.868914972e-01 -1.3847016e-04  1.00000e+00  7.00526e-05 -0.00000e+00 -4.79641e-35  7.00526e-05
6.870288755e-01 -1.0037393e-04  1.00000e+00  6.87153e-05 -0.00000e+00 -4.77479e-35  6.87153e-05
6.871662813e-01 -4.7456217e-05  1.00000e+00  6.77118e-05 -0.00000e+00 -4.77698e-35  6.77118e-05
6.873037145e-01  1.3692314e-05  1.00000e+00  6.71230e-05 -0.00000e+00 -4.80890e-35  6.71230e-05
6.874411753e-01  7.5188267e-05  1.00000e+00  6.69766e-05 -0.00000e+00 -4.87282e-35  6.69766e-05
6.875786635e-01  1.2940126e-04  1.00000e+00  6.72449e-05 -0.00000e+00 -4.96704e-35  6.72449e-05
6.877161793e-01  1.7030928e-04  1.00000e+00  6.78512e-05 -0.00000e+00 -5.08632e-35  6.78512e-05
6.878537225e-01  1.9439368e-04  1.00000e+00  6.86849e-05 -0.00000e+00 -5.22287e-35  6.86849e-05
6.879912932e-01  2.0097581e-04  1.00000e+00  6.96215e-05 -0.00000e+00 -5.36775e-35  6.96215e-05
6.881288915e-01  1.9201805e-04  1.00000e+00  7.05422e-05 -0.00000e+00 -5.51232e-35  7.05422e-05
6.882665173e-01  1.7151369e-04  1.00000e+00  7.13501e-05 -0.00000e+00 -5.64943e-35  7.13501e-05
6.884041706e-01  1.4461941e-04  1.00000e+00  7.19821e-05 -0.00000e+00 -5.77439e-35  7.19821e-05
6.885418514e-01  1.1667576e-04  1.00000e+00  7.24131e-05 -0.00000e+00 -5.88536e-35  7.24131e-05
6.886795598e-01  9.2285434e-05  1.00000e+00  7.26539e-05 -0.00000e+00 -5.98323e-35  7.26539e-05
6.888172957e-01  7.4621566e-05  1.00000e+00  7.27428e-05 -0.00000e+00 -6.07104e-35  7.27428e-05
6.889550592e-01  6.5084772e-05  1.00000e+00  7.27345e-05 -0.00000e+00 -6.15311e-35  7.27345e-05
6.890928502e-01  6.3358367e-05  1.00000e+00  7.26867e-05 -0.00000e+00 -6.23405e-35  7.26867e-05
6.892306687e-01  6.7815768e-05  1.00000e+00  7.26498e-05 -0.00000e+00 -6.31789e-35  7.26498e-05
6.893685149e-01  7.6135840e-05  1.00000e+00  7.26595e-05 -0.00000e+00 -6.40750e-35  7.26595e-05
6.895063886e-01  8.5943015e-05  1.00000e+00  7.27343e-05 -0.00000e+00 -6.50435e-35  7.27343e-05
6.896442899e-01  9.5310015e-05  1.00000e+00  7.28771e-05 -0.00000e+00 -6.60869e-35  7.28771e-05
6.897822187e-01  1.0302764e-04  1.00000e+00  7.30797e-05 -0.00000e+00 -6.71987e-35  7.30797e-05
6.899201752e-01  1.0863691e-04  1.00000e+00  7.33281e-05 -0.00000e+00 -6.83674e-35  7.33281e-05
6.900581592e-01  1.1226991e-04  1.00000e+00  7.36071e-05 -0.00000e+00 -6.95811e-35  7.36071e-05
6.901961708e-01  1.1439771e-04  1.00000e+00  7.39043e-05 -0.00000e+00 -7.08300e-35  7.39043e-05
6.903342101e-01  1.1559765e-04  1.00000e+00  7.42108e-05 -0.00000e+00 -7.21076e-35  7.42108e-05
6.904722769e-01  1.1637386e-04  1.00000e+00  7.45218e-05 -0.00000e+00 -7.34105e-35  7.45218e-05
6.906103714e-01  1.1705717e-04  1.00000e+00  7.48357e-05 -0.00000e+00 -7.47383e-35  7.48357e-05
6.907484934e-01  1.1778574e-04  1.00000e+00  7.51524e-05 -0.00000e+00 -7.60913e-35  7.51524e-05
6.908866431e-01  1.1852427e-04  1.00000e+00  7.54721e-05 -0.00000e+00 -7.74703e-35  7.54721e-05
6.910248205e-01  1.1911571e-04  1.00000e+00  7.57943e-05 -0.00000e+00 -7.88751e-35  7.57943e-05
6.911630254e-01  1.1934368e-04  1.00000e+00  7.61173e-05 -0.00000e+00 -8.03037e-35  7.61173e-05
6.913012580e-01  1.1899534e-04  1.00000e+00  7.64378e-05 -0.00000e+00 -8.17527e-35  7.64378e-05
6.914395183e-01  1.1792940e-04  1.00000e+00  7.67512e-05 -0.00000e+00 -8.32171e-35  7.67512e-05
6.915778062e-01  1.1612464e-04  1.00000e+00  7.70523e-05 -0.00000e+00 -8.46913e-35  7.70523e-05
6.917161217e-01  1.1369048e-04  1.00000e+00  7.73364e-05 -0.00000e+00 -8.61700e-35  7.73364e-05
6.918544650e-01  1.1085254e-04  1.00000e+00  7.75998e-05 -0.00000e+00 -8.76491e-35  7.75998e-05
6.919928359e-01  1.0788283e-04  1.00000e+00  7.78409e-05 -0.00000e+00 -8.91266e-35  7.78409e-05
6.921312344e-01  1.0503758e-04  1.00000e+00  7.80597e-05 -0.00000e+00 -9.06025e-35  7.80597e-05
6.922696607e-01  1.0249038e-04  1.00000e+00  7.82579e-05 -0.00000e+00 -9.20785e-35  7.82579e-05
6.924081146e-01  1.0030522e-04  1.00000e+00  7.84382e-05 -0.00000e+00 -9.35569e-35  7.84382e-05
6.925465962e-01  9.8448403e-05  1.00000e+00  7.86030e-05 -0.00000e+00 -9.50405e-35  7.86030e-05
6.926851055e-01  9.6821678e-05  1.00000e+00  7.87546e-05 -0.00000e+00 -9.65310e-35  7.87546e-05
6.928236426e-01  9.5313621e-05  1.00000e+00  7.88941e-05 -0.00000e+00 -9.80298e-35  7.88941e-05
6.929622073e-01  9.3829379e-05  1.00000e+00  7.90223e-05 -0.00000e+00 -9.95369e-35  7.90223e-05
6.931007997e-01  9.2305915e-05  1.00000e+00  7.91390e-05 -0.00000e+00 -1.01052e-34  7.91390e-05
6.932394199e-01  9.0724874e-05  1.00000e+00  7.92441e-05 -0.00000e+00 -1.02574e-34  7.92441e-05
6.933780678e-01  8.9105732e-05  1.00000e+00  7.93372e-05 -0.00000e+00 -1.04104e-34  7.93372e-05
6.935167434e-01  8.7506052e-05  1.00000e+00  7.94183e-05 -0.00000e+00 -1.05639e-34  7.94183e-05
6.936554467e-01  8.6021393e-05  1.00000e+00  7.94880e-05 -0.00000e+00 -1.07182e-34  7.94880e-05
6.937941778e-01  8.4765441e-05  1.00000e+00  7.95475e-05 -0.00000e+00 -1.08734e-34  7.95475e-05
6.939329367e-01  8.3843125e-05  1.00000e+00  7.95989e-05 -0.00000e+00 -1.10298e-34  7.95989e-05
6.940717233e-01  8.3320764e-05  1.00000e+00  7.96449e-05 -0.00000e+00 -1.11877e-34  7.96449e-05
6.942105376e-01  8.3194507e-05  1.00000e+00  7.96884e-05 -0.00000e+00 -1.13475e-34  7.96884e-05
6.943493797e-01  8.3378651e-05  1.00000e+00  7.97317e-05 -0.00000e+00 -1.15097e-34  7.97317e-05
6.944882496e-01  8.3722279e-05  1.00000e+00  7.97768e-05 -0.00000e+00 -1.16744e-34  7.97768e-05
6.946271472e-01  8.4042218e-05  1.00000e+00  7.98239e-05 -0.00000e+00 -1.18418e-34  7.98239e-05
6.947660727e-01  8.4167624e-05  1.00000e+00  7.98724e-05 -0.00000e+00 -1.20117e-34  7.98724e-05
6.949050259e-01  8.3988133e-05  1.00000e+00  7.99205e-05 -0.00000e+00 -1.21838e-34  7.99205e-05
6.950440069e-01  8.3486851e-05  1.00000e+00  7.99658e-05 -0.00000e+00 -1.23578e-34  7.99658e-05
6.951830157e-01  8.2750070e-05  1.00000e+00  8.00065e-05 -0.00000e+00 -1.25335e-34  8.00065e-05
6.953220523e-01  8.1950782e-05  1.00000e+00  8.00413e-05 -0.00000e+00 -1.27107e-34  8.00413e-05
6.954611167e-01  8.1306579e-05  1.00000e+00  8.00708e-05 -0.00000e+00 -1.28896e-34  8.00708e-05
6.956002089e-01  8.1020318e-05  1.00000e+00  8.00967e-05 -0.00000e+00 -1.30705e-34  8.00967e-05
6.957393290e-01  8.1214688e-05  1.00000e+00  8.01221e-05 -0.00000e+00 -1.32539e-34  8.01221e-05
6.958784768e-01  8.1892378e-05  1.00000e+00  8.01503e-05 -0.00000e+00 -1.34405e-34  8.01503e-05
6.960176525e-01  8.2926434e-05  1.00000e+00  8.01844e-05 -0.00000e+00 -1.36308e-34  8.01844e-05
6.961568561e-01  8.4093390e-05  1.00000e+00  8.02262e-05 -0.00000e+00 -1.38251e-34  8.02262e-05
6.962960874e-01  8.5130339e-05  1.00000e+00  8.02755e-05 -0.00000e+00 -1.40233e-34  8.02755e-05
6.964353466e-01  8.5807575e-05  1.00000e+00  8.03306e-05 -0.00000e+00 -1.42253e-34  8.03306e-05
6.965746337e-01  8.5982591e-05  1.00000e+00  8.03883e-05 -0.00000e+00 -1.44304e-34  8.03883e-05
6.967139486e-01  8.5625575e-05  1.00000e+00  8.04451e-05 -0.00000e+00 -1.46382e-34  8.04451e-05
6.968532914e-01  8.4808734e-05  1.00000e+00  8.04973e-05 -0.00000e+00 -1.48479e-34  8.04973e-05
6.969926621e-01  8.3670913e-05  1.00000e+00  8.05423e-05 -0.00000e+00 -1.50590e-34  8.05423e-05
6.971320606e-01  8.2369295e-05  1.00000e+00  8.05784e-05 -0.00000e+00 -1.52715e-34  8.05784e-05
6.972714870e-01  8.1038459e-05  1.00000e+00  8.06051e-05 -0.00000e+00 -1.54850e-34  8.06051e-05
6.974109413e-01  7.9765474e-05  1.00000e+00  8.06224e-05 -0.00000e+00 -1.56997e-34  8.06224e-05
6.975504235e-01  7.8585603e-05  1.00000e+00  8.06311e-05 -0.00000e+00 -1.59157e-34  8.06311e-05
6.976899336e-01  7.7496985e-05  1.00000e+00  8.06318e-05 -0.00000e+00 -1.61330e-34  8.06318e-05
6.978294716e-01  7.6483178e-05  1.00000e+00  8.06252e-05 -0.00000e+00 -1.63518e-34  8.06252e-05
6.979690375e-01  7.5539251e-05  1.00000e+00  8.06119e-05 -0.00000e+00 -1.65722e-34  8.06119e-05
6.981086313e-01  7.4688138e-05  1.00000e+00  8.05924e-05 -0.00000e+00 -1.67943e-34  8.05924e-05
6.982482530e-01  7.3986202e-05  1.00000e+00  8.05675e-05 -0.00000e+00 -1.70182e-34  8.05675e-05
6.983879027e-01  7.3513614e-05  1.00000e+00  8.05388e-05 -0.00000e+00 -1.72442e-34  8.05388e-05
6.985275802e-01  7.3351325e-05  1.00000e+00  8.05079e-05 -0.00000e+00 -1.74729e-34  8.05079e-05
6.986672858e-01  7.3553048e-05  1.00000e+00  8.04774e-05 -0.00000e+00 -1.77048e-34  8.04774e-05
6.988070192e-01  7.4119852e-05  1.00000e+00  8.04498e-05 -0.00000e+00 -1.79405e-34  8.04498e-05
6.989467806e-01  7.4990028e-05  1.00000e+00  8.04274e-05 -0.00000e+00 -1.81806e-34  8.04274e-05
6.990865700e-01  7.6045561e-05  1.00000e+00  8.04119e-05 -0.00000e+00 -1.84255e-34  8.04119e-05
6.992263873e-01  7.7138370e-05  1.00000e+00  8.04041e-05 -0.00000e+00 -1.86755e-34  8.04041e-05
6.993662326e-01  7.8123467e-05  1.00000e+00  8.04037e-05 -0.00000e+00 -1.89304e-34  8.04037e-05
6.995061058e-01  7.8891191e-05  1.00000e+00  8.04095e-05 -0.00000e+00 -1.91902e-34  8.04095e-05
6.996460070e-01  7.9388246e-05  1.00000e+00  8.04197e-05 -0.00000e+00 -1.94544e-34  8.04197e-05
6.997859362e-01  7.9621514e-05  1.00000e+00  8.04323e-05 -0.00000e+00 -1.97227e-34  8.04323e-05
6.999258934e-01  7.9646838e-05  1.00000e+00  8.04457e-05 -0.00000e+00 -1.99948e-34  8.04457e-05
7.000658786e-01  7.9546288e-05  1.00000e+00  8.04587e-05 -0.00000e+00 -2.02704e-34  8.04587e-05
7.002058918e-01  7.9402822e-05  1.00000e+00  8.04708e-05 -0.00000e+00 -2.05495e-34  8.04708e-05
7.003459330e-01  7.9277201e-05  1.00000e+00  8.04818e-05 -0.00000e+00 -2.08321e-34  8.04818e-05
7.004860021e-01  7.9194499e-05  1.00000e+00  8.04921e-05 -0.00000e+00 -2.11184e-34  8.04921e-05
7.006260993e-01  7.9143463e-05  1.00000e+00  8.05018e-05 -0.00000e+00 -2.14084e-34  8.05018e-05
7.007662246e-01  7.9088317e-05  1.00000e+00  8.05111e-05 -0.00000e+00 -2.17022e-34  8.05111e-05
7.009063778e-01  7.8988844e-05  1.00000e+00  8.05199e-05 -0.00000e+00 -2.19998e-34  8.05199e-05
7.010465591e-01  7.8820881e-05  1.00000e+00  8.05277e-05 -0.00000e+00 -2.23012e-34  8.05277e-05
7.011867684e-01  7.8588428e-05  1.00000e+00  8.05341e-05 -0.00000e+00 -2.26062e-34  8.05341e-05
7.013270058e-01  7.8322712e-05  1.00000e+00  8.05387e-05 -0.00000e+00 -2.29147e-34  8.05387e-05
7.014672712e-01  7.8069964e-05  1.00000e+00  8.05414e-05 -0.00000e+00 -2.32269e-34  8.05414e-05
7.016075646e-01  7.7874148e-05  1.00000e+00  8.05425e-05 -0.00000e+00 -2.35429e-34  8.05425e-05
7.017478861e-01  7.7766167e-05  1.00000e+00  8.05426e-05 -0.00000e+00 -2.38628e-34  8.05426e-05
7.018882357e-01  7.7763428e-05  1.00000e+00  8.05423e-05 -0.00000e+00 -2.41869e-34  8.05423e-05
7.020286133e-01  7.7877530e-05  1.00000e+00  8.05424e-05 -0.00000e+00 -2.45156e-34  8.05424e-05
7.021690191e-01  7.8122955e-05  1.00000e+00  8.05438e-05 -0.00000e+00 -2.48491e-34  8.05438e-05
7.023094529e-01  7.8514770e-05  1.00000e+00  8.05473e-05 -0.00000e+00 -2.51878e-34  8.05473e-05
7.024499148e-01  7.9054224e-05  1.00000e+00  8.05540e-05 -0.00000e+00 -2.55322e-34  8.05540e-05
7.025904047e-01  7.9708355e-05  1.00000e+00  8.05649e-05 -0.00000e+00 -2.58826e-34  8.05649e-05
7.027309228e-01  8.0396640e-05  1.00000e+00  8.05804e-05 -0.00000e+00 -2.62392e-34  8.05804e-05
7.028714690e-01  8.0998366e-05  1.00000e+00  8.06003e-05 -0.00000e+00 -2.66021e-34  8.06003e-05
7.030120433e-01  8.1384232e-05  1.00000e+00  8.06237e-05 -0.00000e+00 -2.69710e-34  8.06237e-05
7.031526457e-01  8.1461583e-05  1.00000e+00  8.06485e-05 -0.00000e+00 -2.73452e-34  8.06485e-05
7.032932762e-01  8.1212620e-05  1.00000e+00  8.06726e-05 -0.00000e+00 -2.77241e-34  8.06726e-05
7.034339349e-01  8.0708213e-05  1.00000e+00  8.06938e-05 -0.00000e+00 -2.81070e-34  8.06938e-05
7.035746217e-01  8.0086378e-05  1.00000e+00  8.07110e-05 -0.00000e+00 -2.84936e-34  8.07110e-05
7.037153366e-01  7.9504209e-05  1.00000e+00  8.07238e-05 -0.00000e+00 -2.88840e-34  8.07238e-05
7.038560797e-01  7.9082251e-05  1.00000e+00  8.07330e-05 -0.00000e+00 -2.92784e-34  8.07330e-05
7.039968509e-01  7.8865999e-05  1.00000e+00  8.07399e-05 -0.00000e+00 -2.96774e-34  8.07399e-05
7.041376503e-01  7.8820052e-05  1.00000e+00  8.07459e-05 -0.00000e+00 -3.00816e-34  8.07459e-05
7.042784778e-01  7.8854805e-05  1.00000e+00  8.07520e-05 -0.00000e+00 -3.04912e-34  8.07520e-05
7.044193335e-01  7.8872565e-05  1.00000e+00  8.07582e-05 -0.00000e+00 -3.09063e-34  8.07582e-05
7.045602174e-01  7.8810881e-05  1.00000e+00  8.07642e-05 -0.00000e+00 -3.13269e-34  8.07642e-05
7.047011294e-01  7.8665744e-05  1.00000e+00  8.07695e-05 -0.00000e+00 -3.17528e-34  8.07695e-05
7.048420696e-01  7.8486379e-05  1.00000e+00  8.07737e-05 -0.00000e+00 -3.21839e-34  8.07737e-05
7.049830380e-01  7.8347720e-05  1.00000e+00  8.07766e-05 -0.00000e+00 -3.26204e-34  8.07766e-05
7.051240346e-01  7.8314517e-05  1.00000e+00  8.07790e-05 -0.00000e+00 -3.30624e-34  8.07790e-05
7.052650595e-01  7.8414692e-05  1.00000e+00  8.07815e-05 -0.00000e+00 -3.35106e-34  8.07815e-05
7.054061125e-01  7.8630307e-05  1.00000e+00  8.07851e-05 -0.00000e+00 -3.39653e-34  8.07851e-05
7.055471937e-01  7.8908284e-05  1.00000e+00  8.07905e-05 -0.00000e+00 -3.44269e-34  8.07905e-05
7.056883031e-01  7.9183496e-05  1.00000e+00  8.07978e-05 -0.00000e+00 -3.48954e-34  8.07978e-05
7.058294408e-01  7.9402160e-05  1.00000e+00  8.08068e-05 -0.00000e+00 -3.53709e-34  8.08068e-05
7.059706067e-01  7.9537579e-05  1.00000e+00  8.08169e-05 -0.00000e+00 -3.58533e-34  8.08169e-05
7.061118008e-01  7.9591429e-05  1.00000e+00  8.08277e-05 -0.00000e+00 -3.63423e-34  8.08277e-05
7.062530232e-01  7.9584786e-05  1.00000e+00  8.08385e-05 -0.00000e+00 -3.68379e-34  8.08385e-05
7.063942738e-01  7.9543449e-05  1.00000e+00  8.08491e-05 -0.00000e+00 -3.73400e-34  8.08491e-05
7.065355526e-01  7.9485330e-05  1.00000e+00  8.08593e-05 -0.00000e+00 -3.78487e-34  8.08593e-05
7.066768597e-01  7.9415109e-05  1.00000e+00  8.08690e-05 -0.00000e+00 -3.83640e-34  8.08690e-05
7.068181951e-01  7.9327355e-05  1.00000e+00  8.08781e-05 -0.00000e+00 -3.88858e-34  8.08781e-05
7.069595587e-01  7.9215543e-05  1.00000e+00  8.08865e-05 -0.00000e+00 -3.94143e-34  8.08865e-05
7.071009506e-01  7.9081599e-05  1.00000e+00  8.08940e-05 -0.00000e+00 -3.99494e-34  8.08940e-05
7.072423708e-01  7.8941139e-05  1.00000e+00  8.09005e-05 -0.00000e+00 -4.04911e-34  8.09005e-05
7.073838193e-01  7.8820789e-05  1.00000e+00  8.09060e-05 -0.00000e+00 -4.10397e-34  8.09060e-05
7.075252961e-01  7.8749502e-05  1.00000e+00  8.09108e-05 -0.00000e+00 -4.15952e-34  8.09108e-05
7.076668011e-01  7.8746489e-05  1.00000e+00  8.09154e-05 -0.00000e+00 -4.21580e-34  8.09154e-05
7.078083345e-01  7.8812108e-05  1.00000e+00  8.09201e-05 -0.00000e+00 -4.27286e-34  8.09201e-05
7.079498962e-01  7.8925836e-05  1.00000e+00  8.09255e-05 -0.00000e+00 -4.33070e-34  8.09255e-05
7.080914861e-01  7.9052585e-05  1.00000e+00  8.09317e-05 -0.00000e+00 -4.38937e-34  8.09317e-05
7.082331044e-01  7.9154548e-05  1.00000e+00  8.09386e-05 -0.00000e+00 -4.44886e-34  8.09386e-05
7.083747511e-01  7.9203857e-05  1.00000e+00  8.09461e-05 -0.00000e+00 -4.50916e-34  8.09461e-05
7.085164260e-01  7.9190072e-05  1.00000e+00  8.09536e-05 -0.00000e+00 -4.57027e-34  8.09536e-05
7.086581293e-01  7.9120439e-05  1.00000e+00  8.09608e-05 -0.00000e+00 -4.63217e-34  8.09608e-05
7.087998609e-01  7.9013824e-05  1.00000e+00  8.09674e-05 -0.00000e+00 -4.69485e-34  8.09674e-05
7.089416209e-01  7.8891946e-05  1.00000e+00  8.09731e-05 -0.00000e+00 -4.75832e-34  8.09731e-05
7.090834092e-01  7.8772237e-05  1.00000e+00  8.09780e-05 -0.00000e+00 -4.82259e-34  8.09780e-05
7.092252259e-01  7.8665136e-05  1.00000e+00  8.09821e-05 -0.00000e+00 -4.88766e-34  8.09821e-05
7.093670709e-01  7.8575643e-05  1.00000e+00  8.09854e-05 -0.00000e+00 -4.95355e-34  8.09854e-05
7.095089444e-01  7.8506524e-05  1.00000e+00  8.09882e-05 -0.00000e+00 -5.02029e-34  8.09882e-05
7.096508461e-01  7.8460994e-05  1.00000e+00  8.09907e-05 -0.00000e+00 -5.08789e-34  8.09907e-05
7.097927763e-01  7.8443108e-05  1.00000e+00  8.09928e-05 -0.00000e+00 -5.15638e-34  8.09928e-05
7.099347349e-01  7.8456326e-05  1.00000e+00  8.09950e-05 -0.00000e+00 -5.22578e-34  8.09950e-05
7.100767218e-01  7.8501164e-05  1.00000e+00  8.09974e-05 -0.00000e+00 -5.29611e-34  8.09974e-05
7.102187372e-01  7.8573878e-05  1.00000e+00  8.10001e-05 -0.00000e+00 -5.36740e-34  8.10001e-05
7.103607809e-01  7.8666352e-05  1.00000e+00  8.10035e-05 -0.00000e+00 -5.43968e-34  8.10035e-05
7.105028531e-01  7.8767144e-05  1.00000e+00  8.10075e-05 -0.00000e+00 -5.51296e-34  8.10075e-05
7.106449536e-01  7.8863112e-05  1.00000e+00  8.10121e-05 -0.00000e+00 -5.58726e-34  8.10121e-05
7.107870826e-01  7.8941222e-05  1.00000e+00  8.10173e-05 -0.00000e+00 -5.66259e-34  8.10173e-05
7.109292400e-01  7.8990398e-05  1.00000e+00  8.10230e-05 -0.00000e+00 -5.73894e-34  8.10230e-05
7.110714259e-01  7.9003320e-05  1.00000e+00  8.10288e-05 -0.00000e+00 -5.81632e-34  8.10288e-05
7.112136402e-01  7.8978022e-05  1.00000e+00  8.10346e-05 -0.00000e+00 -5.89471e-34  8.10346e-05
7.113558829e-01  7.8918329e-05  1.00000e+00  8.10401e-05 -0.00000e+00 -5.97411e-34  8.10401e-05
7.114981541e-01  7.8833109e-05  1.00000e+00  8.10450e-05 -0.00000e+00 -6.05453e-34  8.10450e-05
7.116404537e-01  7.8733710e-05  1.00000e+00  8.10493e-05 -0.00000e+00 -6.13596e-34  8.10493e-05
7.117827818e-01  7.8630732e-05  1.00000e+00  8.10528e-05 -0.00000e+00 -6.21842e-34  8.10528e-05
7.119251384e-01  7.8531226e-05  1.00000e+00  8.10557e-05 -0.00000e+00 -6.30191e-34  8.10557e-05
7.120675234e-01  7.8437839e-05  1.00000e+00  8.10579e-05 -0.00000e+00 -6.38645e-34  8.10579e-05
7.122099369e-01  7.8350271e-05  1.00000e+00  8.10595e-05 -0.00000e+00 -6.47206e-34  8.10595e-05
7.123523789e-01  7.8267774e-05  1.00000e+00  8.10604e-05 -0.00000e+00 -6.55876e-34  8.10604e-05
7.124948494e-01  7.8191818e-05  1.00000e+00  8.10609e-05 -0.00000e+00 -6.64655e-34  8.10609e-05
7.126373483e-01  7.8126542e-05  1.00000e+00  8.10609e-05 -0.00000e+00 -6.73547e-34  8.10609e-05
7.127798758e-01  7.8076908e-05  1.00000e+00  8.10605e-05 -0.00000e+00 -6.82553e-34  8.10605e-05
7.129224318e-01  7.8045395e-05  1.00000e+00  8.10598e-05 -0.00000e+00 -6.91675e-34  8.10598e-05
7.130650163e-01  7.8029163e-05  1.00000e+00  8.10590e-05 -0.00000e+00 -7.00916e-34  8.10590e-05
7.132076293e-01  7.8019007e-05  1.00000e+00  8.10581e-05 -0.00000e+00 -7.10279e-34  8.10581e-05
7.133502708e-01  7.8001371e-05  1.00000e+00  8.10571e-05 -0.00000e+00 -7.19763e-34  8.10571e-05
7.134929408e-01  7.7961824e-05  1.00000e+00  8.10560e-05 -0.00000e+00 -7.29371e-34  8.10560e-05
7.136356394e-01  7.7889518e-05  1.00000e+00  8.10546e-05 -0.00000e+00 -7.39101e-34  8.10546e-05
7.137783666e-01  7.7780299e-05  1.00000e+00  8.10525e-05 -0.00000e+00 -7.48953e-34  8.10525e-05
7.139211222e-01  7.7638625e-05  1.00000e+00  8.10496e-05 -0.00000e+00 -7.58926e-34  8.10496e-05
7.140639065e-01  7.7476665e-05  1.00000e+00  8.10457e-05 -0.00000e+00 -7.69020e-34  8.10457e-05
7.142067192e-01  7.7313852e-05  1.00000e+00  8.10407e-05 -0.00000e+00 -7.79236e-34  8.10407e-05
7.143495606e-01  7.7171474e-05  1.00000e+00  8.10347e-05 -0.00000e+00 -7.89575e-34  8.10347e-05
7.144924305e-01  7.7068915e-05  1.00000e+00  8.10279e-05 -0.00000e+00 -8.00043e-34  8.10279e-05
7.146353290e-01  7.7014508e-05  1.00000e+00  8.10206e-05 -0.00000e+00 -8.10643e-34  8.10206e-05
7.147782560e-01  7.7000216e-05  1.00000e+00  8.10132e-05 -0.00000e+00 -8.21381e-34  8.10132e-05
7.149212117e-01  7.6992776e-05  1.00000e+00  8.10058e-05 -0.00000e+00 -8.32259e-34  8.10058e-05
7.150641959e-01  7.6931106e-05  1.00000e+00  8.09982e-05 -0.00000e+00 -8.43276e-34  8.09982e-05
7.152072088e-01  7.6729957e-05  1.00000e+00  8.09899e-05 -0.00000e+00 -8.54426e-34  8.09899e-05
7.153502502e-01  7.6285422e-05  1.00000e+00  8.09796e-05 -0.00000e+00 -8.65695e-34  8.09796e-05
7.154933203e-01  7.5488360e-05  1.00000e+00  8.09651e-05 -0.00000e+00 -8.77059e-34  8.09651e-05
7.156364189e-01  7.4244393e-05  1.00000e+00  8.09439e-05 -0.00000e+00 -8.88489e-34  8.09439e-05
7.157795462e-01  7.2490368e-05  1.00000e+00  8.09127e-05 -0.00000e+00 -8.99944e-34  8.09127e-05
7.159227021e-01  7.0219677e-05  1.00000e+00  8.08681e-05 -0.00000e+00 -9.11384e-34  8.08681e-05
7.160658867e-01  6.7495905e-05  1.00000e+00  8.08068e-05 -0.00000e+00 -9.22768e-34  8.08068e-05
7.162090998e-01  6.4462440e-05  1.00000e+00  8.07262e-05 -0.00000e+00 -9.34063e-34  8.07262e-05
7.163523417e-01  6.1331583e-05  1.00000e+00  8.06252e-05 -0.00000e+00 -9.45252e-34  8.06252e-05
7.164956121e-01  5.8358072e-05  1.00000e+00  8.05039e-05 -0.00000e+00 -9.56335e-34  8.05039e-05
7.166389113e-01  5.5798572e-05  1.00000e+00  8.03645e-05 -0.00000e+00 -9.67333e-34  8.03645e-05
7.167822390e-01  5.3858541e-05  1.00000e+00  8.02107e-05 -0.00000e+00 -9.78289e-34  8.02107e-05
7.169255955e-01  5.2644328e-05  1.00000e+00  8.00472e-05 -0.00000e+00 -9.89257e-34  8.00472e-05
7.170689806e-01  5.2131521e-05  1.00000e+00  7.98789e-05 -0.00000e+00 -1.00030e-33  7.98789e-05
7.172123944e-01  5.2161167e-05  1.00000e+00  7.97102e-05 -0.00000e+00 -1.01146e-33  7.97102e-05
7.173558369e-01  5.2470164e-05  1.00000e+00  7.95440e-05 -0.00000e+00 -1.02277e-33  7.95440e-05
7.174993080e-01  5.2761524e-05  1.00000e+00  7.93811e-05 -0.00000e+00 -1.03425e-33  7.93811e-05
7.176428079e-01  5.2801835e-05  1.00000e+00  7.92205e-05 -0.00000e+00 -1.04587e-33  7.92205e-05
7.177863365e-01  5.2519824e-05  1.00000e+00  7.90602e-05 -0.00000e+00 -1.05761e-33  7.90602e-05
7.179298937e-01  5.2075106e-05  1.00000e+00  7.88984e-05 -0.00000e+00 -1.06946e-33  7.88984e-05
7.180734797e-01  5.1852955e-05  1.00000e+00  7.87351e-05 -0.00000e+00 -1.08141e-33  7.87351e-05
7.182170944e-01  5.2367245e-05  1.00000e+00  7.85736e-05 -0.00000e+00 -1.09353e-33  7.85736e-05
7.183607378e-01  5.4097082e-05  1.00000e+00  7.84205e-05 -0.00000e+00 -1.10593e-33  7.84205e-05
7.185044100e-01  5.7303110e-05  1.00000e+00  7.82851e-05 -0.00000e+00 -1.11875e-33  7.82851e-05
7.186481109e-01  6.1900197e-05  1.00000e+00  7.81770e-05 -0.00000e+00 -1.13214e-33  7.81770e-05
7.187918405e-01  6.7437401e-05  1.00000e+00  7.81044e-05 -0.00000e+00 -1.14623e-33  7.81044e-05
7.189355988e-01  7.3197942e-05  1.00000e+00  7.80709e-05 -0.00000e+00 -1.16107e-33  7.80709e-05
7.190793860e-01  7.8385040e-05  1.00000e+00  7.80752e-05 -0.00000e+00 -1.17665e-33  7.80752e-05
7.192232018e-01  8.2330623e-05  1.00000e+00  7.81107e-05 -0.00000e+00 -1.19288e-33  7.81107e-05
7.193670465e-01  8.4668051e-05  1.00000e+00  7.81674e-05 -0.00000e+00 -1.20962e-33  7.81674e-05
7.195109199e-01  8.5428195e-05  1.00000e+00  7.82342e-05 -0.00000e+00 -1.22671e-33  7.82342e-05
7.196548221e-01  8.5040649e-05  1.00000e+00  7.83016e-05 -0.00000e+00 -1.24401e-33  7.83016e-05
7.197987530e-01  8.4243090e-05  1.00000e+00  7.83640e-05 -0.00000e+00 -1.26147e-33  7.83640e-05
7.199427128e-01  8.3906786e-05  1.00000e+00  7.84217e-05 -0.00000e+00 -1.27911e-33  7.84217e-05
7.200867013e-01  8.4814880e-05  1.00000e+00  7.84805e-05 -0.00000e+00 -1.29704e-33  7.84805e-05
7.202307187e-01  8.7439123e-05  1.00000e+00  7.85506e-05 -0.00000e+00 -1.31546e-33  7.85506e-05
7.203747648e-01  9.1782455e-05  1.00000e+00  7.86439e-05 -0.00000e+00 -1.33457e-33  7.86439e-05
7.205188398e-01  9.7341609e-05  1.00000e+00  7.87704e-05 -0.00000e+00 -1.35455e-33  7.87704e-05
7.206629435e-01  1.0321851e-04  1.00000e+00  7.89352e-05 -0.00000e+00 -1.37550e-33  7.89352e-05
7.208070761e-01  1.0834564e-04  1.00000e+00  7.91368e-05 -0.00000e+00 -1.39739e-33  7.91368e-05
7.209512375e-01  1.1176550e-04  1.00000e+00  7.93664e-05 -0.00000e+00 -1.42005e-33  7.93664e-05
7.210954278e-01  1.1286508e-04  1.00000e+00  7.96101e-05 -0.00000e+00 -1.44326e-33  7.96101e-05
7.212396469e-01  1.1149591e-04  1.00000e+00  7.98513e-05 -0.00000e+00 -1.46671e-33  7.98513e-05
7.213838948e-01  1.0795390e-04  1.00000e+00  8.00742e-05 -0.00000e+00 -1.49012e-33  8.00742e-05
7.215281716e-01  1.0284232e-04  1.00000e+00  8.02661e-05 -0.00000e+00 -1.51326e-33  8.02661e-05
7.216724772e-01  9.6863555e-05  1.00000e+00  8.04190e-05 -0.00000e+00 -1.53598e-33  8.04190e-05
7.218168117e-01  9.0639825e-05  1.00000e+00  8.05294e-05 -0.00000e+00 -1.55820e-33  8.05294e-05
7.219611751e-01  8.4584091e-05  1.00000e+00  8.05975e-05 -0.00000e+00 -1.57992e-33  8.05975e-05
7.221055673e-01  7.8871510e-05  1.00000e+00  8.06254e-05 -0.00000e+00 -1.60115e-33  8.06254e-05
7.222499884e-01  7.3485771e-05  1.00000e+00  8.06158e-05 -0.00000e+00 -1.62192e-33  8.06158e-05
7.223944384e-01  6.8325039e-05  1.00000e+00  8.05707e-05 -0.00000e+00 -1.64224e-33  8.05707e-05
7.225389173e-01  6.3322579e-05  1.00000e+00  8.04918e-05 -0.00000e+00 -1.66211e-33  8.04918e-05
7.226834251e-01  5.8547590e-05  1.00000e+00  8.03802e-05 -0.00000e+00 -1.68155e-33  8.03802e-05
7.228279618e-01  5.4254863e-05  1.00000e+00  8.02387e-05 -0.00000e+00 -1.70059e-33  8.02387e-05
7.229725274e-01  5.0859766e-05  1.00000e+00  8.00720e-05 -0.00000e+00 -1.71932e-33  8.00720e-05
7.231171219e-01  4.8841831e-05  1.00000e+00  7.98878e-05 -0.00000e+00 -1.73792e-33  7.98878e-05
7.232617453e-01  4.8599920e-05  1.00000e+00  7.96970e-05 -0.00000e+00 -1.75663e-33  7.96970e-05
7.234063977e-01  5.0314533e-05  1.00000e+00  7.95123e-05 -0.00000e+00 -1.77572e-33  7.95123e-05
7.235510789e-01  5.3868543e-05  1.00000e+00  7.93466e-05 -0.00000e+00 -1.79551e-33  7.93466e-05
7.236957891e-01  5.8856355e-05  1.00000e+00  7.92110e-05 -0.00000e+00 -1.81624e-33  7.92110e-05
7.238405283e-01  6.4677594e-05  1.00000e+00  7.91130e-05 -0.00000e+00 -1.83811e-33  7.91130e-05
7.239852964e-01  7.0667142e-05  1.00000e+00  7.90558e-05 -0.00000e+00 -1.86119e-33  7.90558e-05
7.241300935e-01  7.6211104e-05  1.00000e+00  7.90381e-05 -0.00000e+00 -1.88547e-33  7.90381e-05
7.242749195e-01  8.0830384e-05  1.00000e+00  7.90550e-05 -0.00000e+00 -1.91087e-33  7.90550e-05
7.244197745e-01  8.4220036e-05  1.00000e+00  7.90989e-05 -0.00000e+00 -1.93721e-33  7.90989e-05
7.245646584e-01  8.6267612e-05  1.00000e+00  7.91608e-05 -0.00000e+00 -1.96431e-33  7.91608e-05
7.247095714e-01  8.7062339e-05  1.00000e+00  7.92319e-05 -0.00000e+00 -1.99196e-33  7.92319e-05
7.248545133e-01  8.6875025e-05  1.00000e+00  7.93043e-05 -0.00000e+00 -2.01999e-33  7.93043e-05
7.249994842e-01  8.6100334e-05  1.00000e+00  7.93729e-05 -0.00000e+00 -2.04828e-33  7.93729e-05
7.251444841e-01  8.5149028e-05  1.00000e+00  7.94351e-05 -0.00000e+00 -2.07679e-33  7.94351e-05
7.252895130e-01  8.4322148e-05  1.00000e+00  7.94907e-05 -0.00000e+00 -2.10552e-33  7.94907e-05
7.254345709e-01  8.3724722e-05  1.00000e+00  7.95412e-05 -0.00000e+00 -2.13451e-33  7.95412e-05
7.255796578e-01  8.3262348e-05  1.00000e+00  7.95879e-05 -0.00000e+00 -2.16380e-33  7.95879e-05
7.257247737e-01  8.2729385e-05  1.00000e+00  7.96310e-05 -0.00000e+00 -2.19339e-33  7.96310e-05
7.258699187e-01  8.1938273e-05  1.00000e+00  7.96696e-05 -0.00000e+00 -2.22323e-33  7.96696e-05
7.260150927e-01  8.0824307e-05  1.00000e+00  7.97015e-05 -0.00000e+00 -2.25327e-33  7.97015e-05
7.261602957e-01  7.9468908e-05  1.00000e+00  7.97249e-05 -0.00000e+00 -2.28346e-33  7.97249e-05
7.263055277e-01  7.8033902e-05  1.00000e+00  7.97387e-05 -0.00000e+00 -2.31376e-33  7.97387e-05
7.264507888e-01  7.6667598e-05  1.00000e+00  7.97429e-05 -0.00000e+00 -2.34418e-33  7.97429e-05
7.265960790e-01  7.5441181e-05  1.00000e+00  7.97384e-05 -0.00000e+00 -2.37474e-33  7.97384e-05
7.267413982e-01  7.4366019e-05  1.00000e+00  7.97262e-05 -0.00000e+00 -2.40547e-33  7.97262e-05
7.268867465e-01  7.3477168e-05  1.00000e+00  7.97075e-05 -0.00000e+00 -2.43641e-33  7.97075e-05
7.270321238e-01  7.2917149e-05  1.00000e+00  7.96839e-05 -0.00000e+00 -2.46760e-33  7.96839e-05
7.271775303e-01  7.2953218e-05  1.00000e+00  7.96586e-05 -0.00000e+00 -2.49915e-33  7.96586e-05
7.273229658e-01  7.3887365e-05  1.00000e+00  7.96364e-05 -0.00000e+00 -2.53126e-33  7.96364e-05
7.274684304e-01  7.5890835e-05  1.00000e+00  7.96242e-05 -0.00000e+00 -2.56414e-33  7.96242e-05
7.276139241e-01  7.8837774e-05  1.00000e+00  7.96288e-05 -0.00000e+00 -2.59804e-33  7.96288e-05
7.277594468e-01  8.2248263e-05  1.00000e+00  7.96550e-05 -0.00000e+00 -2.63311e-33  7.96550e-05
7.279049987e-01  8.5375520e-05  1.00000e+00  7.97034e-05 -0.00000e+00 -2.66937e-33  7.97034e-05
7.280505797e-01  8.7435367e-05  1.00000e+00  7.97693e-05 -0.00000e+00 -2.70665e-33  7.97693e-05
7.281961898e-01  8.7885196e-05  1.00000e+00  7.98434e-05 -0.00000e+00 -2.74463e-33  7.98434e-05
7.283418291e-01  8.6640853e-05  1.00000e+00  7.99143e-05 -0.00000e+00 -2.78294e-33  7.99143e-05
7.284874974e-01  8.4130009e-05  1.00000e+00  7.99720e-05 -0.00000e+00 -2.82124e-33  7.99720e-05
7.286331949e-01  8.1160826e-05  1.00000e+00  8.00105e-05 -0.00000e+00 -2.85936e-33  8.00105e-05
7.287789216e-01  7.8644089e-05  1.00000e+00  8.00298e-05 -0.00000e+00 -2.89732e-33  8.00298e-05
7.289246774e-01  7.7281761e-05  1.00000e+00  8.00358e-05 -0.00000e+00 -2.93535e-33  8.00358e-05
7.290704623e-01  7.7339188e-05  1.00000e+00  8.00372e-05 -0.00000e+00 -2.97380e-33  8.00372e-05
7.292162764e-01  7.8583857e-05  1.00000e+00  8.00433e-05 -0.00000e+00 -3.01297e-33  8.00433e-05
7.293621197e-01  8.0405630e-05  1.00000e+00  8.00599e-05 -0.00000e+00 -3.05309e-33  8.00599e-05
7.295079921e-01  8.2066124e-05  1.00000e+00  8.00885e-05 -0.00000e+00 -3.09418e-33  8.00885e-05
7.296538937e-01  8.2971287e-05  1.00000e+00  8.01257e-05 -0.00000e+00 -3.13611e-33  8.01257e-05
7.297998245e-01  8.2866185e-05  1.00000e+00  8.01655e-05 -0.00000e+00 -3.17863e-33  8.01655e-05
7.299457844e-01  8.1885638e-05  1.00000e+00  8.02012e-05 -0.00000e+00 -3.22150e-33  8.02012e-05
7.300917736e-01  8.0456895e-05  1.00000e+00  8.02285e-05 -0.00000e+00 -3.26458e-33  8.02285e-05
7.302377919e-01  7.9113530e-05  1.00000e+00  8.02460e-05 -0.00000e+00 -3.30782e-33  8.02460e-05
7.303838395e-01  7.8298283e-05  1.00000e+00  8.02559e-05 -0.00000e+00 -3.35136e-33  8.02559e-05
7.305299163e-01  7.8231255e-05  1.00000e+00  8.02628e-05 -0.00000e+00 -3.39538e-33  8.02628e-05
7.306760222e-01  7.8884003e-05  1.00000e+00  8.02717e-05 -0.00000e+00 -3.44010e-33  8.02717e-05
7.308221574e-01  8.0041990e-05  1.00000e+00  8.02867e-05 -0.00000e+00 -3.48569e-33  8.02867e-05
7.309683219e-01  8.1422991e-05  1.00000e+00  8.03102e-05 -0.00000e+00 -3.53227e-33  8.03102e-05
7.311145155e-01  8.2786572e-05  1.00000e+00  8.03428e-05 -0.00000e+00 -3.57987e-33  8.03428e-05
7.312607384e-01  8.3997707e-05  1.00000e+00  8.03838e-05 -0.00000e+00 -3.62846e-33  8.03838e-05
7.314069906e-01  8.5032660e-05  1.00000e+00  8.04321e-05 -0.00000e+00 -3.67803e-33  8.04321e-05
7.315532720e-01  8.5933743e-05  1.00000e+00  8.04865e-05 -0.00000e+00 -3.72853e-33  8.04865e-05
7.316995826e-01  8.6744952e-05  1.00000e+00  8.05463e-05 -0.00000e+00 -3.77995e-33  8.05463e-05
7.318459226e-01  8.7459791e-05  1.00000e+00  8.06107e-05 -0.00000e+00 -3.83229e-33  8.06107e-05
7.319922917e-01  8.8003764e-05  1.00000e+00  8.06790e-05 -0.00000e+00 -3.88552e-33  8.06790e-05
7.321386902e-01  8.8258604e-05  1.00000e+00  8.07497e-05 -0.00000e+00 -3.93956e-33  8.07497e-05
7.322851179e-01  8.8112697e-05  1.00000e+00  8.08203e-05 -0.00000e+00 -3.99430e-33  8.08203e-05
7.324315750e-01  8.7519127e-05  1.00000e+00  8.08880e-05 -0.00000e+00 -4.04962e-33  8.08880e-05
7.325780613e-01  8.6528603e-05  1.00000e+00  8.09500e-05 -0.00000e+00 -4.10536e-33  8.09500e-05
7.327245769e-01  8.5289732e-05  1.00000e+00  8.10040e-05 -0.00000e+00 -4.16144e-33  8.10040e-05
7.328711218e-01  8.4010750e-05  1.00000e+00  8.10492e-05 -0.00000e+00 -4.21780e-33  8.10492e-05
7.330176960e-01  8.2898597e-05  1.00000e+00  8.10861e-05 -0.00000e+00 -4.27450e-33  8.10861e-05
7.331642996e-01  8.2098490e-05  1.00000e+00  8.11163e-05 -0.00000e+00 -4.33161e-33  8.11163e-05
7.333109324e-01  8.1653717e-05  1.00000e+00  8.11422e-05 -0.00000e+00 -4.38928e-33  8.11422e-05
7.334575946e-01  8.1500217e-05  1.00000e+00  8.11660e-05 -0.00000e+00 -4.44760e-33  8.11660e-05
7.336042861e-01  8.1495164e-05  1.00000e+00  8.11892e-05 -0.00000e+00 -4.50667e-33  8.11892e-05
7.337510070e-01  8.1471446e-05  1.00000e+00  8.12122e-05 -0.00000e+00 -4.56650e-33  8.12122e-05
7.338977572e-01  8.1295109e-05  1.00000e+00  8.12345e-05 -0.00000e+00 -4.62706e-33  8.12345e-05
7.340445367e-01  8.0907314e-05  1.00000e+00  8.12548e-05 -0.00000e+00 -4.68827e-33  8.12548e-05
7.341913457e-01  8.0336971e-05  1.00000e+00  8.12718e-05 -0.00000e+00 -4.75007e-33  8.12718e-05
7.343381839e-01  7.9680940e-05  1.00000e+00  8.12845e-05 -0.00000e+00 -4.81241e-33  8.12845e-05
7.344850516e-01  7.9059881e-05  1.00000e+00  8.12929e-05 -0.00000e+00 -4.87530e-33  8.12929e-05
7.346319486e-01  7.8572698e-05  1.00000e+00  8.12975e-05 -0.00000e+00 -4.93879e-33  8.12975e-05
7.347788750e-01  7.8263463e-05  1.00000e+00  8.12994e-05 -0.00000e+00 -5.00294e-33  8.12994e-05
7.349258307e-01  7.8113685e-05  1.00000e+00  8.12998e-05 -0.00000e+00 -5.06783e-33  8.12998e-05
7.350728159e-01  7.8058512e-05  1.00000e+00  8.12996e-05 -0.00000e+00 -5.13352e-33  8.12996e-05
7.352198305e-01  7.8019877e-05  1.00000e+00  8.12991e-05 -0.00000e+00 -5.20004e-33  8.12991e-05
7.353668744e-01  7.7938859e-05  1.00000e+00  8.12982e-05 -0.00000e+00 -5.26737e-33  8.12982e-05
7.355139478e-01  7.7798756e-05  1.00000e+00  8.12967e-05 -0.00000e+00 -5.33551e-33  8.12967e-05
7.356610506e-01  7.7628929e-05  1.00000e+00  8.12941e-05 -0.00000e+00 -5.40444e-33  8.12941e-05
7.358081828e-01  7.7491690e-05  1.00000e+00  8.12905e-05 -0.00000e+00 -5.47419e-33  8.12905e-05
7.359553444e-01  7.7457833e-05  1.00000e+00  8.12863e-05 -0.00000e+00 -5.54479e-33  8.12863e-05
7.361025355e-01  7.7582978e-05  1.00000e+00  8.12824e-05 -0.00000e+00 -5.61633e-33  8.12824e-05
7.362497560e-01  7.7890490e-05  1.00000e+00  8.12800e-05 -0.00000e+00 -5.68890e-33  8.12800e-05
7.363970060e-01  7.8366741e-05  1.00000e+00  8.12802e-05 -0.00000e+00 -5.76259e-33  8.12802e-05
7.365442854e-01  7.8966044e-05  1.00000e+00  8.12840e-05 -0.00000e+00 -5.83750e-33  8.12840e-05
7.366915942e-01  7.9620484e-05  1.00000e+00  8.12920e-05 -0.00000e+00 -5.91367e-33  8.12920e-05
7.368389325e-01  8.0251613e-05  1.00000e+00  8.13042e-05 -0.00000e+00 -5.99113e-33  8.13042e-05
7.369863003e-01  8.0781276e-05  1.00000e+00  8.13203e-05 -0.00000e+00 -6.06987e-33  8.13203e-05
7.371336976e-01  8.1142203e-05  1.00000e+00  8.13393e-05 -0.00000e+00 -6.14981e-33  8.13393e-05
7.372811243e-01  8.1289333e-05  1.00000e+00  8.13598e-05 -0.00000e+00 -6.23090e-33  8.13598e-05
7.374285806e-01  8.1210046e-05  1.00000e+00  8.13805e-05 -0.00000e+00 -6.31301e-33  8.13805e-05
7.375760663e-01  8.0929728e-05  1.00000e+00  8.13998e-05 -0.00000e+00 -6.39607e-33  8.13998e-05
7.377235815e-01  8.0508558e-05  1.00000e+00  8.14167e-05 -0.00000e+00 -6.47998e-33  8.14167e-05
7.378711262e-01  8.0028633e-05  1.00000e+00  8.14305e-05 -0.00000e+00 -6.56473e-33  8.14305e-05
7.380187004e-01  7.9573086e-05  1.00000e+00  8.14410e-05 -0.00000e+00 -6.65030e-33  8.14410e-05
7.381663042e-01  7.9206176e-05  1.00000e+00  8.14487e-05 -0.00000e+00 -6.73676e-33  8.14487e-05
7.383139374e-01  7.8960207e-05  1.00000e+00  8.14544e-05 -0.00000e+00 -6.82416e-33  8.14544e-05
7.384616002e-01  7.8834614e-05  1.00000e+00  8.14588e-05 -0.00000e+00 -6.91259e-33  8.14588e-05
7.386092925e-01  7.8806037e-05  1.00000e+00  8.14627e-05 -0.00000e+00 -7.00211e-33  8.14627e-05
7.387570144e-01  7.8844479e-05  1.00000e+00  8.14666e-05 -0.00000e+00 -7.09279e-33  8.14666e-05
7.389047658e-01  7.8926945e-05  1.00000e+00  8.14709e-05 -0.00000e+00 -7.18466e-33  8.14709e-05
7.390525468e-01  7.9043415e-05  1.00000e+00  8.14758e-05 -0.00000e+00 -7.27776e-33  8.14758e-05
7.392003573e-01  7.9193664e-05  1.00000e+00  8.14816e-05 -0.00000e+00 -7.37214e-33  8.14816e-05
7.393481973e-01  7.9377855e-05  1.00000e+00  8.14885e-05 -0.00000e+00 -7.46782e-33  8.14885e-05
7.394960670e-01  7.9587242e-05  1.00000e+00  8.14967e-05 -0.00000e+00 -7.56485e-33  8.14967e-05
7.396439662e-01  7.9799044e-05  1.00000e+00  8.15062e-05 -0.00000e+00 -7.66324e-33  8.15062e-05
7.397918950e-01  7.9979417e-05  1.00000e+00  8.15170e-05 -0.00000e+00 -7.76301e-33  8.15170e-05
7.399398534e-01  8.0092044e-05  1.00000e+00  8.15287e-05 -0.00000e+00 -7.86414e-33  8.15287e-05
7.400878413e-01  8.0109679e-05  1.00000e+00  8.15408e-05 -0.00000e+00 -7.96659e-33  8.15408e-05
7.402358589e-01  8.0023573e-05  1.00000e+00  8.15526e-05 -0.00000e+00 -8.07030e-33  8.15526e-05
7.403839061e-01  7.9847325e-05  1.00000e+00  8.15635e-05 -0.00000e+00 -8.17524e-33  8.15635e-05
7.405319828e-01  7.9613502e-05  1.00000e+00  8.15729e-05 -0.00000e+00 -8.28137e-33  8.15729e-05
7.406800892e-01  7.9364622e-05  1.00000e+00  8.15807e-05 -0.00000e+00 -8.38868e-33  8.15807e-05
7.408282253e-01  7.9141390e-05  1.00000e+00  8.15869e-05 -0.00000e+00 -8.49720e-33  8.15869e-05
7.409763909e-01  7.8972083e-05  1.00000e+00  8.15917e-05 -0.00000e+00 -8.60696e-33  8.15917e-05
7.411245862e-01  7.8866898e-05  1.00000e+00  8.15956e-05 -0.00000e+00 -8.71804e-33  8.15956e-05
7.412728111e-01  7.8818484e-05  1.00000e+00  8.15990e-05 -0.00000e+00 -8.83047e-33  8.15990e-05
7.414210657e-01  7.8807779e-05  1.00000e+00  8.16021e-05 -0.00000e+00 -8.94432e-33  8.16021e-05
7.415693499e-01  7.8812928e-05  1.00000e+00  8.16053e-05 -0.00000e+00 -9.05962e-33  8.16053e-05
7.417176637e-01  7.8817370e-05  1.00000e+00  8.16085e-05 -0.00000e+00 -9.17638e-33  8.16085e-05
7.418660073e-01  7.8814485e-05  1.00000e+00  8.16117e-05 -0.00000e+00 -9.29462e-33  8.16117e-05
7.420143805e-01  7.8807315e-05  1.00000e+00  8.16149e-05 -0.00000e+00 -9.41435e-33  8.16149e-05
7.421627834e-01  7.8804534e-05  1.00000e+00  8.16180e-05 -0.00000e+00 -9.53559e-33  8.16180e-05
7.423112159e-01  7.8814244e-05  1.00000e+00  8.16211e-05 -0.00000e+00 -9.65838e-33  8.16211e-05
7.424596782e-01  7.8838793e-05  1.00000e+00  8.16243e-05 -0.00000e+00 -9.78274e-33  8.16243e-05
7.426081701e-01  7.8872550e-05  1.00000e+00  8.16277e-05 -0.00000e+00 -9.90870e-33  8.16277e-05
7.427566917e-01  7.8903365e-05  1.00000e+00  8.16313e-05 -0.00000e+00 -1.00363e-32  8.16313e-05
7.429052431e-01  7.8917143e-05  1.00000e+00  8.16351e-05 -0.00000e+00 -1.01655e-32  8.16351e-05
7.430538241e-01  7.8903215e-05  1.00000e+00  8.16388e-05 -0.00000e+00 -1.02963e-32  8.16388e-05
7.432024349e-01  7.8858261e-05  1.00000e+00  8.16424e-05 -0.00000e+00 -1.04288e-32  8.16424e-05
7.433510754e-01  7.8787521e-05  1.00000e+00  8.16455e-05 -0.00000e+00 -1.05629e-32  8.16455e-05
7.434997456e-01  7.8702988e-05  1.00000e+00  8.16482e-05 -0.00000e+00 -1.06986e-32  8.16482e-05
7.436484455e-01  7.8619369e-05  1.00000e+00  8.16502e-05 -0.00000e+00 -1.08359e-32  8.16502e-05
7.437971752e-01  7.8549528e-05  1.00000e+00  8.16518e-05 -0.00000e+00 -1.09750e-32  8.16518e-05
7.439459347e-01  7.8500969e-05  1.00000e+00  8.16529e-05 -0.00000e+00 -1.11157e-32  8.16529e-05
7.440947238e-01  7.8474475e-05  1.00000e+00  8.16538e-05 -0.00000e+00 -1.12582e-32  8.16538e-05
7.442435428e-01  7.8464978e-05  1.00000e+00  8.16546e-05 -0.00000e+00 -1.14024e-32  8.16546e-05
7.443923915e-01  7.8464140e-05  1.00000e+00  8.16554e-05 -0.00000e+00 -1.15485e-32  8.16554e-05
7.445412700e-01  7.8463694e-05  1.00000e+00  8.16562e-05 -0.00000e+00 -1.16964e-32  8.16562e-05
7.446901782e-01  7.8457983e-05  1.00000e+00  8.16570e-05 -0.00000e+00 -1.18462e-32  8.16570e-05
7.448391163e-01  7.8445400e-05  1.00000e+00  8.16577e-05 -0.00000e+00 -1.19979e-32  8.16577e-05
7.449880841e-01  7.8428071e-05  1.00000e+00  8.16583e-05 -0.00000e+00 -1.21514e-32  8.16583e-05
7.451370817e-01  7.8410266e-05  1.00000e+00  8.16589e-05 -0.00000e+00 -1.23069e-32  8.16589e-05
7.452861091e-01  7.8396385e-05  1.00000e+00  8.16593e-05 -0.00000e+00 -1.24643e-32  8.16593e-05
7.454351663e-01  7.8389248e-05  1.00000e+00  8.16596e-05 -0.00000e+00 -1.26237e-32  8.16596e-05
7.455842534e-01  7.8389288e-05  1.00000e+00  8.16600e-05 -0.00000e+00 -1.27851e-32  8.16600e-05
7.457333702e-01  7.8394713e-05  1.00000e+00  8.16604e-05 -0.00000e+00 -1.29485e-32  8.16604e-05
7.458825169e-01  7.8402519e-05  1.00000e+00  8.16608e-05 -0.00000e+00 -1.31140e-32  8.16608e-05
7.460316934e-01  7.8409749e-05  1.00000e+00  8.16613e-05 -0.00000e+00 -1.32816e-32  8.16613e-05
7.461808997e-01  7.8414549e-05  1.00000e+00  8.16618e-05 -0.00000e+00 -1.34513e-32  8.16618e-05
7.463301359e-01  7.8416710e-05  1.00000e+00  8.16624e-05 -0.00000e+00 -1.36231e-32  8.16624e-05
7.464794020e-01  7.8417504e-05  1.00000e+00  8.16630e-05 -0.00000e+00 -1.37971e-32  8.16630e-05
7.466286978e-01  7.8419010e-05  1.00000e+00  8.16636e-05 -0.00000e+00 -1.39733e-32  8.16636e-05
7.467780236e-01  7.8423216e-05  1.00000e+00  8.16642e-05 -0.00000e+00 -1.41517e-32  8.16642e-05
7.469273792e-01  7.8431285e-05  1.00000e+00  8.16649e-05 -0.00000e+00 -1.43324e-32  8.16649e-05
7.470767647e-01  7.8443240e-05  1.00000e+00  8.16656e-05 -0.00000e+00 -1.45153e-32  8.16656e-05
7.472261800e-01  7.8458129e-05  1.00000e+00  8.16665e-05 -0.00000e+00 -1.47006e-32  8.16665e-05
7.473756252e-01  7.8474527e-05  1.00000e+00  8.16674e-05 -0.00000e+00 -1.48882e-32  8.16674e-05
7.475251004e-01  7.8491107e-05  1.00000e+00  8.16685e-05 -0.00000e+00 -1.50782e-32  8.16685e-05
7.476746054e-01  7.8507005e-05  1.00000e+00  8.16697e-05 -0.00000e+00 -1.52706e-32  8.16697e-05
7.478241403e-01  7.8521929e-05  1.00000e+00  8.16709e-05 -0.00000e+00 -1.54654e-32  8.16709e-05
7.479737051e-01  7.8536005e-05  1.00000e+00  8.16723e-05 -0.00000e+00 -1.56627e-32  8.16723e-05
7.481232999e-01  7.8549536e-05  1.00000e+00  8.16738e-05 -0.00000e+00 -1.58625e-32  8.16738e-05
7.482729245e-01  7.8562807e-05  1.00000e+00  8.16753e-05 -0.00000e+00 -1.60648e-32  8.16753e-05
7.484225791e-01  7.8576005e-05  1.00000e+00  8.16770e-05 -0.00000e+00 -1.62696e-32  8.16770e-05
7.485722636e-01  7.8589244e-05  1.00000e+00  8.16787e-05 -0.00000e+00 -1.64771e-32  8.16787e-05
7.487219781e-01  7.8602607e-05  1.00000e+00  8.16805e-05 -0.00000e+00 -1.66872e-32  8.16805e-05
7.488717225e-01  7.8616183e-05  1.00000e+00  8.16825e-05 -0.00000e+00 -1.68999e-32  8.16825e-05
7.490214968e-01  7.8630042e-05  1.00000e+00  8.16845e-05 -0.00000e+00 -1.71153e-32  8.16845e-05
7.491713011e-01  7.8644194e-05  1.00000e+00  8.16865e-05 -0.00000e+00 -1.73334e-32  8.16865e-05
7.493211354e-01  7.8658579e-05  1.00000e+00  8.16887e-05 -0.00000e+00 -1.75543e-32  8.16887e-05
7.494709996e-01  7.8673092e-05  1.00000e+00  8.16910e-05 -0.00000e+00 -1.77780e-32  8.16910e-05
7.496208938e-01  7.8687655e-05  1.00000e+00  8.16934e-05 -0.00000e+00 -1.80045e-32  8.16934e-05
7.497708180e-01  7.8702294e-05  1.00000e+00  8.16958e-05 -0.00000e+00 -1.82339e-32  8.16958e-05
7.499207722e-01  7.8717154e-05  1.00000e+00  8.16984e-05 -0.00000e+00 -1.84661e-32  8.16984e-05
7.500707563e-01  7.8732429e-05  1.00000e+00  8.17010e-05 -0.00000e+00 -1.87013e-32  8.17010e-05
7.502207705e-01  7.8748218e-05  1.00000e+00  8.17037e-05 -0.00000e+00 -1.89395e-32  8.17037e-05
7.503708146e-01  7.8764359e-05  1.00000e+00  8.17066e-05 -0.00000e+00 -1.91806e-32  8.17066e-05
7.505208888e-01  7.8780337e-05  1.00000e+00  8.17095e-05 -0.00000e+00 -1.94248e-32  8.17095e-05
7.506709930e-01  7.8795322e-05  1.00000e+00  8.17125e-05 -0.00000e+00 -1.96721e-32  8.17125e-05
7.508211272e-01  7.8808344e-05  1.00000e+00  8.17156e-05 -0.00000e+00 -1.99225e-32  8.17156e-05
7.509712914e-01  7.8818557e-05  1.00000e+00  8.17188e-05 -0.00000e+00 -2.01761e-32  8.17188e-05
7.511214856e-01  7.8825469e-05  1.00000e+00  8.17220e-05 -0.00000e+00 -2.04328e-32  8.17220e-05
7.512717099e-01  7.8829075e-05  1.00000e+00  8.17253e-05 -0.00000e+00 -2.06928e-32  8.17253e-05
7.514219643e-01  7.8829801e-05  1.00000e+00  8.17286e-05 -0.00000e+00 -2.09560e-32  8.17286e-05
7.515722487e-01  7.8828335e-05  1.00000e+00  8.17318e-05 -0.00000e+00 -2.12225e-32  8.17318e-05
7.517225631e-01  7.8825381e-05  1.00000e+00  8.17350e-05 -0.00000e+00 -2.14924e-32  8.17350e-05
7.518729076e-01  7.8821467e-05  1.00000e+00  8.17382e-05 -0.00000e+00 -2.17656e-32  8.17382e-05
7.520232822e-01  7.8816845e-05  1.00000e+00  8.17414e-05 -0.00000e+00 -2.20422e-32  8.17414e-05
7.521736869e-01  7.8811510e-05  1.00000e+00  8.17445e-05 -0.00000e+00 -2.23223e-32  8.17445e-05
7.523241216e-01  7.8805292e-05  1.00000e+00  8.17475e-05 -0.00000e+00 -2.26058e-32  8.17475e-05
7.524745864e-01  7.8797976e-05  1.00000e+00  8.17505e-05 -0.00000e+00 -2.28929e-32  8.17505e-05
7.526250814e-01  7.8789391e-05  1.00000e+00  8.17535e-05 -0.00000e+00 -2.31835e-32  8.17535e-05
7.527756064e-01  7.8779472e-05  1.00000e+00  8.17564e-05 -0.00000e+00 -2.34778e-32  8.17564e-05
7.529261615e-01  7.8768291e-05  1.00000e+00  8.17592e-05 -0.00000e+00 -2.37757e-32  8.17592e-05
7.530767467e-01  7.8756055e-05  1.00000e+00  8.17619e-05 -0.00000e+00 -2.40773e-32  8.17619e-05
7.532273621e-01  7.8743105e-05  1.00000e+00  8.17646e-05 -0.00000e+00 -2.43827e-32  8.17646e-05
7.533780075e-01  7.8729865e-05  1.00000e+00  8.17671e-05 -0.00000e+00 -2.46918e-32  8.17671e-05
7.535286831e-01  7.8716772e-05  1.00000e+00  8.17696e-05 -0.00000e+00 -2.50047e-32  8.17696e-05
7.536793889e-01  7.8704178e-05  1.00000e+00  8.17719e-05 -0.00000e+00 -2.53216e-32  8.17719e-05
7.538301248e-01  7.8692271e-05  1.00000e+00  8.17742e-05 -0.00000e+00 -2.56423e-32  8.17742e-05
7.539808908e-01  7.8681044e-05  1.00000e+00  8.17764e-05 -0.00000e+00 -2.59670e-32  8.17764e-05
7.541316870e-01  7.8670329e-05  1.00000e+00  8.17786e-05 -0.00000e+00 -2.62958e-32  8.17786e-05
7.542825133e-01  7.8659894e-05  1.00000e+00  8.17806e-05 -0.00000e+00 -2.66286e-32  8.17806e-05
7.544333698e-01  7.8649547e-05  1.00000e+00  8.17826e-05 -0.00000e+00 -2.69655e-32  8.17826e-05
7.545842565e-01  7.8639210e-05  1.00000e+00  8.17845e-05 -0.00000e+00 -2.73067e-32  8.17845e-05
7.547351733e-01  7.8628913e-05  1.00000e+00  8.17864e-05 -0.00000e+00 -2.76520e-32  8.17864e-05
7.548861204e-01  7.8618725e-05  1.00000e+00  8.17882e-05 -0.00000e+00 -2.80016e-32  8.17882e-05
7.550370976e-01  7.8608640e-05  1.00000e+00  8.17899e-05 -0.00000e+00 -2.83555e-32  8.17899e-05
7.551881050e-01  7.8598462e-05  1.00000e+00  8.17916e-05 -0.00000e+00 -2.87138e-32  8.17916e-05
7.553391426e-01  7.8587711e-05  1.00000e+00  8.17932e-05 -0.00000e+00 -2.90766e-32  8.17932e-05
7.554902105e-01  7.8575591e-05  1.00000e+00  8.17947e-05 -0.00000e+00 -2.94438e-32  8.17947e-05
7.556413085e-01  7.8560981e-05  1.00000e+00  8.17961e-05 -0.00000e+00 -2.98156e-32  8.17961e-05
7.557924368e-01  7.8542478e-05  1.00000e+00  8.17975e-05 -0.00000e+00 -3.01919e-32  8.17975e-05
7.559435952e-01  7.8518447e-05  1.00000e+00  8.17987e-05 -0.00000e+00 -3.05729e-32  8.17987e-05
7.560947840e-01  7.8487053e-05  1.00000e+00  8.17997e-05 -0.00000e+00 -3.09585e-32  8.17997e-05
7.562460029e-01  7.8446246e-05  1.00000e+00  8.18005e-05 -0.00000e+00 -3.13488e-32  8.18005e-05
7.563972521e-01  7.8393568e-05  1.00000e+00  8.18010e-05 -0.00000e+00 -3.17438e-32  8.18010e-05
7.565485316e-01  7.8320977e-05  1.00000e+00  8.18011e-05 -0.00000e+00 -3.21435e-32  8.18011e-05
7.566998413e-01  7.8216707e-05  1.00000e+00  8.18006e-05 -0.00000e+00 -3.25480e-32  8.18006e-05
7.568511812e-01  7.8054554e-05  1.00000e+00  8.17993e-05 -0.00000e+00 -3.29571e-32  8.17993e-05
7.570025515e-01  7.7782104e-05  1.00000e+00  8.17967e-05 -0.00000e+00 -3.33706e-32  8.17967e-05
7.571539520e-01  7.7285708e-05  1.00000e+00  8.17917e-05 -0.00000e+00 -3.37881e-32  8.17917e-05
7.573053828e-01  7.6344196e-05  1.00000e+00  8.17823e-05 -0.00000e+00 -3.42086e-32  8.17823e-05
7.574568439e-01  7.4540782e-05  1.00000e+00  8.17643e-05 -0.00000e+00 -3.46301e-32  8.17643e-05
7.576083352e-01  7.1148457e-05  1.00000e+00  8.17303e-05 -0.00000e+00 -3.50488e-32  8.17303e-05
7.577598569e-01  6.4980248e-05  1.00000e+00  8.16666e-05 -0.00000e+00 -3.54576e-32  8.16666e-05
7.579114089e-01  5.4252860e-05  1.00000e+00  8.15499e-05 -0.00000e+00 -3.58449e-32  8.15499e-05
7.580629912e-01  3.6528954e-05  1.00000e+00  8.13440e-05 -0.00000e+00 -3.61917e-32  8.13440e-05
7.582146037e-01  8.8286675e-06  1.00000e+00  8.09947e-05 -0.00000e+00 -3.64702e-32  8.09947e-05
7.583662467e-01 -3.1978206e-05  1.00000e+00  8.04285e-05 -0.00000e+00 -3.66420e-32  8.04285e-05
7.585179199e-01 -8.8459666e-05  1.00000e+00  7.95535e-05 -0.00000e+00 -3.66592e-32  7.95535e-05
7.586696235e-01 -1.6165730e-04  1.00000e+00  7.82659e-05 -0.00000e+00 -3.64667e-32  7.82659e-05
7.588213574e-01 -2.5007698e-04  1.00000e+00  7.64637e-05 -0.00000e+00 -3.60096e-32  7.64637e-05
7.589731217e-01 -3.4898677e-04  1.00000e+00  7.40651e-05 -0.00000e+00 -3.52427e-32  7.40651e-05
7.591249163e-01 -4.5037857e-04  1.00000e+00  7.10301e-05 -0.00000e+00 -3.41409e-32  7.10301e-05
7.592767413e-01 -5.4379554e-04  1.00000e+00  6.73791e-05 -0.00000e+00 -3.27098e-32  6.73791e-05
7.594285967e-01 -6.1794908e-04  1.00000e+00  6.32036e-05 -0.00000e+00 -3.09911e-32  6.32036e-05
7.595804824e-01 -6.6276580e-04  1.00000e+00  5.86644e-05 -0.00000e+00 -2.90632e-32  5.86644e-05
7.597323985e-01 -6.7122806e-04  1.00000e+00  5.39778e-05 -0.00000e+00 -2.70341e-32  5.39778e-05
7.598843449e-01 -6.4053699e-04  1.00000e+00  4.93903e-05 -0.00000e+00 -2.50301e-32  4.93903e-05
7.600363218e-01 -5.7223217e-04  1.00000e+00  4.51514e-05 -0.00000e+00 -2.31821e-32  4.51514e-05
7.601883291e-01 -4.7148055e-04  1.00000e+00  4.14865e-05 -0.00000e+00 -2.16121e-32  4.14865e-05
7.603403667e-01 -3.4589157e-04  1.00000e+00  3.85779e-05 -0.00000e+00 -2.04232e-32  3.85779e-05
7.604924348e-01 -2.0435361e-04  1.00000e+00  3.65531e-05 -0.00000e+00 -1.96925e-32  3.65531e-05
7.606445333e-01 -5.6307988e-05  1.00000e+00  3.54793e-05 -0.00000e+00 -1.94673e-32  3.54793e-05
7.607966622e-01  8.8597408e-05  1.00000e+00  3.53618e-05 -0.00000e+00 -1.97620e-32  3.53618e-05
7.609488215e-01  2.2062130e-04  1.00000e+00  3.61432e-05 -0.00000e+00 -2.05561e-32  3.61432e-05
7.611010113e-01  3.3018300e-04  1.00000e+00  3.77040e-05 -0.00000e+00 -2.17921e-32  3.77040e-05
7.612532315e-01  4.0860463e-04  1.00000e+00  3.98662e-05 -0.00000e+00 -2.33764e-32  3.98662e-05
7.614054822e-01  4.4932750e-04  1.00000e+00  4.24029e-05 -0.00000e+00 -2.51835e-32  4.24029e-05
7.615577633e-01  4.4936976e-04  1.00000e+00  4.50572e-05 -0.00000e+00 -2.70668e-32  4.50572e-05
7.617100748e-01  4.1058181e-04  1.00000e+00  4.75694e-05 -0.00000e+00 -2.88747e-32  4.75694e-05
7.618624168e-01  3.4007858e-04  1.00000e+00  4.97103e-05 -0.00000e+00 -3.04711e-32  4.97103e-05
7.620147893e-01  2.4948466e-04  1.00000e+00  5.13130e-05 -0.00000e+00 -3.17554e-32  5.13130e-05
7.621671923e-01  1.5303466e-04  1.00000e+00  5.22961e-05 -0.00000e+00 -3.26775e-32  5.22961e-05
7.623196257e-01  6.4913345e-05  1.00000e+00  5.26716e-05 -0.00000e+00 -3.32436e-32  5.26716e-05
7.624720896e-01 -3.4157420e-06  1.00000e+00  5.25355e-05 -0.00000e+00 -3.35114e-32  5.25355e-05
7.626245840e-01 -4.5114242e-05  1.00000e+00  5.20428e-05 -0.00000e+00 -3.35755e-32  5.20428e-05
7.627771090e-01 -5.8633363e-05  1.00000e+00  5.13749e-05 -0.00000e+00 -3.35478e-32  5.13749e-05
7.629296644e-01 -4.7130193e-05  1.00000e+00  5.07063e-05 -0.00000e+00 -3.35371e-32  5.07063e-05
7.630822503e-01 -1.6940737e-05  1.00000e+00  5.01790e-05 -0.00000e+00 -3.36329e-32  5.01790e-05
7.632348668e-01  2.4312938e-05  1.00000e+00  4.98882e-05 -0.00000e+00 -3.38964e-32  4.98882e-05
7.633875137e-01  6.9422107e-05  1.00000e+00  4.98802e-05 -0.00000e+00 -3.43586e-32  4.98802e-05
7.635401912e-01  1.1276298e-04  1.00000e+00  5.01589e-05 -0.00000e+00 -3.50243e-32  5.01589e-05
7.636928993e-01  1.5080658e-04  1.00000e+00  5.06990e-05 -0.00000e+00 -3.58797e-32  5.06990e-05
7.638456379e-01  1.8206854e-04  1.00000e+00  5.14589e-05 -0.00000e+00 -3.69006e-32  5.14589e-05
7.639984070e-01  2.0662964e-04  1.00000e+00  5.23933e-05 -0.00000e+00 -3.80604e-32  5.23933e-05
7.641512067e-01  2.2551098e-04  1.00000e+00  5.34608e-05 -0.00000e+00 -3.93349e-32  5.34608e-05
7.643040369e-01  2.4005750e-04  1.00000e+00  5.46285e-05 -0.00000e+00 -4.07048e-32  5.46285e-05
7.644568977e-01  2.5146161e-04  1.00000e+00  5.58717e-05 -0.00000e+00 -4.21559e-32  5.58717e-05
7.646097891e-01  2.6049817e-04  1.00000e+00  5.71725e-05 -0.00000e+00 -4.36779e-32  5.71725e-05
7.647627111e-01  2.6746527e-04  1.00000e+00  5.85165e-05 -0.00000e+00 -4.52621e-32  5.85165e-05
7.649156636e-01  2.7228151e-04  1.00000e+00  5.98901e-05 -0.00000e+00 -4.68995e-32  5.98901e-05
7.650686467e-01  2.7467348e-04  1.00000e+00  6.12784e-05 -0.00000e+00 -4.85793e-32  6.12784e-05
7.652216605e-01  2.7437061e-04  1.00000e+00  6.26650e-05 -0.00000e+00 -5.02891e-32  6.26650e-05
7.653747048e-01  2.7126450e-04  1.00000e+00  6.40320e-05 -0.00000e+00 -5.20147e-32  6.40320e-05
7.655277797e-01  2.6550481e-04  1.00000e+00  6.53620e-05 -0.00000e+00 -5.37420e-32  6.53620e-05
7.656808853e-01  2.5751671e-04  1.00000e+00  6.66393e-05 -0.00000e+00 -5.54580e-32  6.66393e-05
7.658340215e-01  2.4793565e-04  1.00000e+00  6.78520e-05 -0.00000e+00 -5.71523e-32  6.78520e-05
7.659871883e-01  2.3752319e-04  1.00000e+00  6.89926e-05 -0.00000e+00 -5.88178e-32  6.89926e-05
7.661403857e-01  2.2702061e-04  1.00000e+00  7.00587e-05 -0.00000e+00 -6.04518e-32  7.00587e-05
7.662936138e-01  2.1704995e-04  1.00000e+00  7.10522e-05 -0.00000e+00 -6.20548e-32  7.10522e-05
7.664468725e-01  2.0798803e-04  1.00000e+00  7.19783e-05 -0.00000e+00 -6.36301e-32  7.19783e-05
7.666001619e-01  1.9992942e-04  1.00000e+00  7.28438e-05 -0.00000e+00 -6.51819e-32  7.28438e-05
7.667534819e-01  1.9271952e-04  1.00000e+00  7.36550e-05 -0.00000e+00 -6.67144e-32  7.36550e-05
7.669068326e-01  1.8601743e-04  1.00000e+00  7.44168e-05 -0.00000e+00 -6.82302e-32  7.44168e-05
7.670602140e-01  1.7945021e-04  1.00000e+00  7.51315e-05 -0.00000e+00 -6.97299e-32  7.51315e-05
7.672136260e-01  1.7272076e-04  1.00000e+00  7.57993e-05 -0.00000e+00 -7.12118e-32  7.57993e-05
7.673670687e-01  1.6568285e-04  1.00000e+00  7.64189e-05 -0.00000e+00 -7.26736e-32  7.64189e-05
7.675205422e-01  1.5838688e-04  1.00000e+00  7.69886e-05 -0.00000e+00 -7.41124e-32  7.69886e-05
7.676740463e-01  1.5102621e-04  1.00000e+00  7.75078e-05 -0.00000e+00 -7.55262e-32  7.75078e-05
7.678275811e-01  1.4385726e-04  1.00000e+00  7.79772e-05 -0.00000e+00 -7.69149e-32  7.79772e-05
7.679811466e-01  1.3714116e-04  1.00000e+00  7.83990e-05 -0.00000e+00 -7.82795e-32  7.83990e-05
7.681347428e-01  1.3106696e-04  1.00000e+00  7.87772e-05 -0.00000e+00 -7.96229e-32  7.87772e-05
7.682883698e-01  1.2571819e-04  1.00000e+00  7.91164e-05 -0.00000e+00 -8.09487e-32  7.91164e-05
7.684420274e-01  1.2109466e-04  1.00000e+00  7.94217e-05 -0.00000e+00 -8.22608e-32  7.94217e-05
7.685957159e-01  1.1712381e-04  1.00000e+00  7.96976e-05 -0.00000e+00 -8.35631e-32  7.96976e-05
7.687494350e-01  1.1368755e-04  1.00000e+00  7.99481e-05 -0.00000e+00 -8.48588e-32  7.99481e-05
7.689031849e-01  1.1066380e-04  1.00000e+00  8.01765e-05 -0.00000e+00 -8.61504e-32  8.01765e-05
7.690569655e-01  1.0795277e-04  1.00000e+00  8.03852e-05 -0.00000e+00 -8.74398e-32  8.03852e-05
7.692107769e-01  1.0546952e-04  1.00000e+00  8.05760e-05 -0.00000e+00 -8.87284e-32  8.05760e-05
7.693646191e-01  1.0316402e-04  1.00000e+00  8.07504e-05 -0.00000e+00 -9.00173e-32  8.07504e-05
7.695184920e-01  1.0101337e-04  1.00000e+00  8.09094e-05 -0.00000e+00 -9.13073e-32  8.09094e-05
7.696723957e-01  9.9004154e-05  1.00000e+00  8.10542e-05 -0.00000e+00 -9.25991e-32  8.10542e-05
7.698263302e-01  9.7119168e-05  1.00000e+00  8.11856e-05 -0.00000e+00 -9.38935e-32  8.11856e-05
7.699802954e-01  9.5334789e-05  1.00000e+00  8.13046e-05 -0.00000e+00 -9.51911e-32  8.13046e-05
7.701342915e-01  9.3626151e-05  1.00000e+00  8.14117e-05 -0.00000e+00 -9.64922e-32  8.14117e-05
7.702883184e-01  9.1959213e-05  1.00000e+00  8.15073e-05 -0.00000e+00 -9.77972e-32  8.15073e-05
7.704423760e-01  9.0313899e-05  1.00000e+00  8.15918e-05 -0.00000e+00 -9.91059e-32  8.15918e-05
7.705964645e-01  8.8690431e-05  1.00000e+00  8.16654e-05 -0.00000e+00 -1.00418e-31  8.16654e-05
7.707505838e-01  8.7109419e-05  1.00000e+00  8.17282e-05 -0.00000e+00 -1.01735e-31  8.17282e-05
7.709047339e-01  8.5606354e-05  1.00000e+00  8.17809e-05 -0.00000e+00 -1.03055e-31  8.17809e-05
7.710589148e-01  8.4225887e-05  1.00000e+00  8.18240e-05 -0.00000e+00 -1.04381e-31  8.18240e-05
7.712131266e-01  8.3010881e-05  1.00000e+00  8.18585e-05 -0.00000e+00 -1.05712e-31  8.18585e-05
7.713673693e-01  8.1991109e-05  1.00000e+00  8.18857e-05 -0.00000e+00 -1.07051e-31  8.18857e-05
7.715216427e-01  8.1177002e-05  1.00000e+00  8.19068e-05 -0.00000e+00 -1.08399e-31  8.19068e-05
7.716759471e-01  8.0561139e-05  1.00000e+00  8.19233e-05 -0.00000e+00 -1.09758e-31  8.19233e-05
7.718302822e-01  8.0121572e-05  1.00000e+00  8.19364e-05 -0.00000e+00 -1.11129e-31  8.19364e-05
7.719846483e-01  7.9826439e-05  1.00000e+00  8.19470e-05 -0.00000e+00 -1.12515e-31  8.19470e-05
7.721390452e-01  7.9639751e-05  1.00000e+00  8.19561e-05 -0.00000e+00 -1.13915e-31  8.19561e-05
7.722934730e-01  7.9528034e-05  1.00000e+00  8.19642e-05 -0.00000e+00 -1.15331e-31  8.19642e-05
7.724479317e-01  7.9463389e-05  1.00000e+00  8.19717e-05 -0.00000e+00 -1.16763e-31  8.19717e-05
7.726024213e-01  7.9424304e-05  1.00000e+00  8.19788e-05 -0.00000e+00 -1.18213e-31  8.19788e-05
7.727569418e-01  7.9395178e-05  1.00000e+00  8.19857e-05 -0.00000e+00 -1.19680e-31  8.19857e-05
7.729114932e-01  7.9366571e-05  1.00000e+00  8.19924e-05 -0.00000e+00 -1.21165e-31  8.19924e-05
7.730660755e-01  7.9333101e-05  1.00000e+00  8.19988e-05 -0.00000e+00 -1.22667e-31  8.19988e-05
7.732206887e-01  7.9293234e-05  1.00000e+00  8.20050e-05 -0.00000e+00 -1.24187e-31  8.20050e-05
7.733753328e-01  7.9246362e-05  1.00000e+00  8.20109e-05 -0.00000e+00 -1.25726e-31  8.20109e-05
7.735300079e-01  7.9193484e-05  1.00000e+00  8.20165e-05 -0.00000e+00 -1.27282e-31  8.20165e-05
7.736847139e-01  7.9136130e-05  1.00000e+00  8.20216e-05 -0.00000e+00 -1.28857e-31  8.20216e-05
7.738394509e-01  7.9076178e-05  1.00000e+00  8.20264e-05 -0.00000e+00 -1.30451e-31  8.20264e-05
7.739942188e-01  7.9015459e-05  1.00000e+00  8.20308e-05 -0.00000e+00 -1.32063e-31  8.20308e-05
7.741490176e-01  7.8955503e-05  1.00000e+00  8.20348e-05 -0.00000e+00 -1.33694e-31  8.20348e-05
7.743038474e-01  7.8897636e-05  1.00000e+00  8.20384e-05 -0.00000e+00 -1.35344e-31  8.20384e-05
7.744587082e-01  7.8842794e-05  1.00000e+00  8.20416e-05 -0.00000e+00 -1.37014e-31  8.20416e-05
7.746135999e-01  7.8791627e-05  1.00000e+00  8.20444e-05 -0.00000e+00 -1.38703e-31  8.20444e-05
7.747685226e-01  7.8744474e-05  1.00000e+00  8.20470e-05 -0.00000e+00 -1.40413e-31  8.20470e-05
7.749234763e-01  7.8701474e-05  1.00000e+00  8.20493e-05 -0.00000e+00 -1.42142e-31  8.20493e-05
7.750784610e-01  7.8662583e-05  1.00000e+00  8.20512e-05 -0.00000e+00 -1.43892e-31  8.20512e-05
7.752334767e-01  7.8627601e-05  1.00000e+00  8.20530e-05 -0.00000e+00 -1.45663e-31  8.20530e-05
7.753885234e-01  7.8596188e-05  1.00000e+00  8.20546e-05 -0.00000e+00 -1.47455e-31  8.20546e-05
7.755436011e-01  7.8567767e-05  1.00000e+00  8.20559e-05 -0.00000e+00 -1.49268e-31  8.20559e-05
7.756987098e-01  7.8541815e-05  1.00000e+00  8.20571e-05 -0.00000e+00 -1.51103e-31  8.20571e-05
7.758538496e-01  7.8517804e-05  1.00000e+00  8.20581e-05 -0.00000e+00 -1.52960e-31  8.20581e-05
7.760090204e-01  7.8495448e-05  1.00000e+00  8.20590e-05 -0.00000e+00 -1.54839e-31  8.20590e-05
7.761642222e-01  7.8474724e-05  1.00000e+00  8.20598e-05 -0.00000e+00 -1.56740e-31  8.20598e-05
7.763194550e-01  7.8455800e-05  1.00000e+00  8.20604e-05 -0.00000e+00 -1.58664e-31  8.20604e-05
7.764747189e-01  7.8439050e-05  1.00000e+00  8.20610e-05 -0.00000e+00 -1.60611e-31  8.20610e-05
7.766300138e-01  7.8424892e-05  1.00000e+00  8.20614e-05 -0.00000e+00 -1.62582e-31  8.20614e-05
7.767853398e-01  7.8413668e-05  1.00000e+00  8.20618e-05 -0.00000e+00 -1.64576e-31  8.20618e-05
7.769406969e-01  7.8405632e-05  1.00000e+00  8.20621e-05 -0.00000e+00 -1.66594e-31  8.20621e-05
7.770960850e-01  7.8400877e-05  1.00000e+00  8.20624e-05 -0.00000e+00 -1.68636e-31  8.20624e-05
7.772515043e-01  7.8399328e-05  1.00000e+00  8.20627e-05 -0.00000e+00 -1.70703e-31  8.20627e-05
7.774069546e-01  7.8400761e-05  1.00000e+00  8.20630e-05 -0.00000e+00 -1.72795e-31  8.20630e-05
7.775624360e-01  7.8404844e-05  1.00000e+00  8.20633e-05 -0.00000e+00 -1.74912e-31  8.20633e-05
7.777179484e-01  7.8411092e-05  1.00000e+00  8.20637e-05 -0.00000e+00 -1.77055e-31  8.20637e-05
7.778734920e-01  7.8418966e-05  1.00000e+00  8.20641e-05 -0.00000e+00 -1.79223e-31  8.20641e-05
7.780290667e-01  7.8427939e-05  1.00000e+00  8.20645e-05 -0.00000e+00 -1.81418e-31  8.20645e-05
7.781846725e-01  7.8437579e-05  1.00000e+00  8.20651e-05 -0.00000e+00 -1.83640e-31  8.20651e-05
7.783403095e-01  7.8447637e-05  1.00000e+00  8.20657e-05 -0.00000e+00 -1.85888e-31  8.20657e-05
7.784959775e-01  7.8458097e-05  1.00000e+00  8.20664e-05 -0.00000e+00 -1.88164e-31  8.20664e-05
7.786516767e-01  7.8469168e-05  1.00000e+00  8.20671e-05 -0.00000e+00 -1.90467e-31  8.20671e-05
7.788074071e-01  7.8481156e-05  1.00000e+00  8.20680e-05 -0.00000e+00 -1.92798e-31  8.20680e-05
7.789631686e-01  7.8494373e-05  1.00000e+00  8.20689e-05 -0.00000e+00 -1.95157e-31  8.20689e-05
7.791189612e-01  7.8509022e-05  1.00000e+00  8.20699e-05 -0.00000e+00 -1.97545e-31  8.20699e-05
7.792747850e-01  7.8525161e-05  1.00000e+00  8.20710e-05 -0.00000e+00 -1.99962e-31  8.20710e-05
7.794306399e-01  7.8542754e-05  1.00000e+00  8.20722e-05 -0.00000e+00 -2.02409e-31  8.20722e-05
7.795865261e-01  7.8561761e-05  1.00000e+00  8.20736e-05 -0.00000e+00 -2.04885e-31  8.20736e-05
7.797424434e-01  7.8582193e-05  1.00000e+00  8.20751e-05 -0.00000e+00 -2.07391e-31  8.20751e-05
7.798983919e-01  7.8604071e-05  1.00000e+00  8.20767e-05 -0.00000e+00 -2.09928e-31  8.20767e-05
7.800543715e-01  7.8627266e-05  1.00000e+00  8.20784e-05 -0.00000e+00 -2.12495e-31  8.20784e-05
7.802103824e-01  7.8651321e-05  1.00000e+00  8.20803e-05 -0.00000e+00 -2.15094e-31  8.20803e-05
7.803664245e-01  7.8675346e-05  1.00000e+00  8.20824e-05 -0.00000e+00 -2.17724e-31  8.20824e-05
7.805224978e-01  7.8698111e-05  1.00000e+00  8.20846e-05 -0.00000e+00 -2.20387e-31  8.20846e-05
7.806786023e-01  7.8718313e-05  1.00000e+00  8.20869e-05 -0.00000e+00 -2.23082e-31  8.20869e-05
7.808347380e-01  7.8734974e-05  1.00000e+00  8.20894e-05 -0.00000e+00 -2.25809e-31  8.20894e-05
7.809909049e-01  7.8747772e-05  1.00000e+00  8.20919e-05 -0.00000e+00 -2.28570e-31  8.20919e-05
7.811471031e-01  7.8757206e-05  1.00000e+00  8.20945e-05 -0.00000e+00 -2.31364e-31  8.20945e-05
7.813033325e-01  7.8764464e-05  1.00000e+00  8.20971e-05 -0.00000e+00 -2.34191e-31  8.20971e-05
7.814595932e-01  7.8771071e-05  1.00000e+00  8.20998e-05 -0.00000e+00 -2.37053e-31  8.20998e-05
7.816158851e-01  7.8778400e-05  1.00000e+00  8.21025e-05 -0.00000e+00 -2.39949e-31  8.21025e-05
7.817722083e-01  7.8787212e-05  1.00000e+00  8.21053e-05 -0.00000e+00 -2.42880e-31  8.21053e-05
7.819285627e-01  7.8797377e-05  1.00000e+00  8.21081e-05 -0.00000e+00 -2.45847e-31  8.21081e-05
7.820849485e-01  7.8807838e-05  1.00000e+00  8.21110e-05 -0.00000e+00 -2.48849e-31  8.21110e-05
7.822413654e-01  7.8816872e-05  1.00000e+00  8.21140e-05 -0.00000e+00 -2.51888e-31  8.21140e-05
7.823978137e-01  7.8822545e-05  1.00000e+00  8.21169e-05 -0.00000e+00 -2.54963e-31  8.21169e-05
7.825542933e-01  7.8823243e-05  1.00000e+00  8.21199e-05 -0.00000e+00 -2.58075e-31  8.21199e-05
7.827108041e-01  7.8818136e-05  1.00000e+00  8.21229e-05 -0.00000e+00 -2.61224e-31  8.21229e-05
7.828673463e-01  7.8807412e-05  1.00000e+00  8.21258e-05 -0.00000e+00 -2.64411e-31  8.21258e-05
7.830239198e-01  7.8792277e-05  1.00000e+00  8.21286e-05 -0.00000e+00 -2.67636e-31  8.21286e-05
7.831805246e-01  7.8774687e-05  1.00000e+00  8.21313e-05 -0.00000e+00 -2.70899e-31  8.21313e-05
7.833371607e-01  7.8756902e-05  1.00000e+00  8.21339e-05 -0.00000e+00 -2.74201e-31  8.21339e-05
7.834938281e-01  7.8740927e-05  1.00000e+00  8.21364e-05 -0.00000e+00 -2.77542e-31  8.21364e-05
7.836505269e-01  7.8728040e-05  1.00000e+00  8.21388e-05 -0.00000e+00 -2.80923e-31  8.21388e-05
7.838072570e-01  7.8718623e-05  1.00000e+00  8.21411e-05 -0.00000e+00 -2.84344e-31  8.21411e-05
7.839640184e-01  7.8712130e-05  1.00000e+00  8.21434e-05 -0.00000e+00 -2.87805e-31  8.21434e-05
7.841208112e-01  7.8707393e-05  1.00000e+00  8.21456e-05 -0.00000e+00 -2.91308e-31  8.21456e-05
7.842776354e-01  7.8703053e-05  1.00000e+00  8.21478e-05 -0.00000e+00 -2.94853e-31  8.21478e-05
7.844344909e-01  7.8697624e-05  1.00000e+00  8.21500e-05 -0.00000e+00 -2.98440e-31  8.21500e-05
7.845913778e-01  7.8689217e-05  1.00000e+00  8.21521e-05 -0.00000e+00 -3.02070e-31  8.21521e-05
7.847482961e-01  7.8674947e-05  1.00000e+00  8.21541e-05 -0.00000e+00 -3.05743e-31  8.21541e-05
7.849052457e-01  7.8650492e-05  1.00000e+00  8.21560e-05 -0.00000e+00 -3.09460e-31  8.21560e-05
7.850622268e-01  7.8609747e-05  1.00000e+00  8.21578e-05 -0.00000e+00 -3.13220e-31  8.21578e-05
7.852192392e-01  7.8545856e-05  1.00000e+00  8.21592e-05 -0.00000e+00 -3.17023e-31  8.21592e-05
7.853762831e-01  7.8452986e-05  1.00000e+00  8.21601e-05 -0.00000e+00 -3.20870e-31  8.21601e-05
7.855333583e-01  7.8328855e-05  1.00000e+00  8.21603e-05 -0.00000e+00 -3.24760e-31  8.21603e-05
7.856904650e-01  7.8177234e-05  1.00000e+00  8.21597e-05 -0.00000e+00 -3.28693e-31  8.21597e-05
7.858476031e-01  7.8009094e-05  1.00000e+00  8.21581e-05 -0.00000e+00 -3.32668e-31  8.21581e-05
7.860047726e-01  7.7841623e-05  1.00000e+00  8.21554e-05 -0.00000e+00 -3.36687e-31  8.21554e-05
7.861619736e-01  7.7694772e-05  1.00000e+00  8.21518e-05 -0.00000e+00 -3.40749e-31  8.21518e-05
7.863192060e-01  7.7586211e-05  1.00000e+00  8.21473e-05 -0.00000e+00 -3.44856e-31  8.21473e-05
7.864764698e-01  7.7526443e-05  1.00000e+00  8.21424e-05 -0.00000e+00 -3.49010e-31  8.21424e-05
7.866337651e-01  7.7515991e-05  1.00000e+00  8.21374e-05 -0.00000e+00 -3.53213e-31  8.21374e-05
7.867910919e-01  7.7546295e-05  1.00000e+00  8.21324e-05 -0.00000e+00 -3.57467e-31  8.21324e-05
7.869484501e-01  7.7602845e-05  1.00000e+00  8.21277e-05 -0.00000e+00 -3.61772e-31  8.21277e-05
7.871058398e-01  7.7670073e-05  1.00000e+00  8.21235e-05 -0.00000e+00 -3.66130e-31  8.21235e-05
7.872632609e-01  7.7734453e-05  1.00000e+00  8.21197e-05 -0.00000e+00 -3.70542e-31  8.21197e-05
7.874207136e-01  7.7784843e-05  1.00000e+00  8.21164e-05 -0.00000e+00 -3.75008e-31  8.21164e-05
7.875781977e-01  7.7809464e-05  1.00000e+00  8.21133e-05 -0.00000e+00 -3.79528e-31  8.21133e-05
7.877357134e-01  7.7792640e-05  1.00000e+00  8.21102e-05 -0.00000e+00 -3.84101e-31  8.21102e-05
7.878932605e-01  7.7713848e-05  1.00000e+00  8.21070e-05 -0.00000e+00 -3.88727e-31  8.21070e-05
7.880508392e-01  7.7551815e-05  1.00000e+00  8.21030e-05 -0.00000e+00 -3.93404e-31  8.21030e-05
7.882084493e-01  7.7292813e-05  1.00000e+00  8.20977e-05 -0.00000e+00 -3.98129e-31  8.20977e-05
7.883660910e-01  7.6941198e-05  1.00000e+00  8.20906e-05 -0.00000e+00 -4.02901e-31  8.20906e-05
7.885237642e-01  7.6527439e-05  1.00000e+00  8.20811e-05 -0.00000e+00 -4.07716e-31  8.20811e-05
7.886814690e-01  7.6109239e-05  1.00000e+00  8.20690e-05 -0.00000e+00 -4.12575e-31  8.20690e-05
7.888392053e-01  7.5763480e-05  1.00000e+00  8.20545e-05 -0.00000e+00 -4.17479e-31  8.20545e-05
7.889969731e-01  7.5569415e-05  1.00000e+00  8.20385e-05 -0.00000e+00 -4.22434e-31  8.20385e-05
7.891547725e-01  7.5587527e-05  1.00000e+00  8.20219e-05 -0.00000e+00 -4.27445e-31  8.20219e-05
7.893126035e-01  7.5841508e-05  1.00000e+00  8.20063e-05 -0.00000e+00 -4.32521e-31  8.20063e-05
7.894704660e-01  7.6308542e-05  1.00000e+00  8.19931e-05 -0.00000e+00 -4.37671e-31  8.19931e-05
7.896283601e-01  7.6924073e-05  1.00000e+00  8.19834e-05 -0.00000e+00 -4.42901e-31  8.19834e-05
7.897862858e-01  7.7598444e-05  1.00000e+00  8.19779e-05 -0.00000e+00 -4.48215e-31  8.19779e-05
7.899442430e-01  7.8240873e-05  1.00000e+00  8.19765e-05 -0.00000e+00 -4.53615e-31  8.19765e-05
7.901022319e-01  7.8782265e-05  1.00000e+00  8.19790e-05 -0.00000e+00 -4.59100e-31  8.19790e-05
7.902602523e-01  7.9187434e-05  1.00000e+00  8.19843e-05 -0.00000e+00 -4.64665e-31  8.19843e-05
7.904183044e-01  7.9454911e-05  1.00000e+00  8.19918e-05 -0.00000e+00 -4.70307e-31  8.19918e-05
7.905763880e-01  7.9605071e-05  1.00000e+00  8.20005e-05 -0.00000e+00 -4.76023e-31  8.20005e-05
7.907345033e-01  7.9663770e-05  1.00000e+00  8.20099e-05 -0.00000e+00 -4.81810e-31  8.20099e-05
7.908926502e-01  7.9649060e-05  1.00000e+00  8.20193e-05 -0.00000e+00 -4.87667e-31  8.20193e-05
7.910508287e-01  7.9567005e-05  1.00000e+00  8.20284e-05 -0.00000e+00 -4.93590e-31  8.20284e-05
7.912090389e-01  7.9417306e-05  1.00000e+00  8.20367e-05 -0.00000e+00 -4.99579e-31  8.20367e-05
7.913672807e-01  7.9204929e-05  1.00000e+00  8.20438e-05 -0.00000e+00 -5.05632e-31  8.20438e-05
7.915255542e-01  7.8950366e-05  1.00000e+00  8.20495e-05 -0.00000e+00 -5.11748e-31  8.20495e-05
7.916838593e-01  7.8693511e-05  1.00000e+00  8.20534e-05 -0.00000e+00 -5.17925e-31  8.20534e-05
7.918421961e-01  7.8487916e-05  1.00000e+00  8.20559e-05 -0.00000e+00 -5.24167e-31  8.20559e-05
7.920005645e-01  7.8388619e-05  1.00000e+00  8.20574e-05 -0.00000e+00 -5.30478e-31  8.20574e-05
7.921589646e-01  7.8438319e-05  1.00000e+00  8.20588e-05 -0.00000e+00 -5.36863e-31  8.20588e-05
7.923173964e-01  7.8657327e-05  1.00000e+00  8.20609e-05 -0.00000e+00 -5.43331e-31  8.20609e-05
7.924758599e-01  7.9038993e-05  1.00000e+00  8.20650e-05 -0.00000e+00 -5.49889e-31  8.20650e-05
7.926343550e-01  7.9550480e-05  1.00000e+00  8.20718e-05 -0.00000e+00 -5.56546e-31  8.20718e-05
7.927928819e-01  8.0136423e-05  1.00000e+00  8.20820e-05 -0.00000e+00 -5.63305e-31  8.20820e-05
7.929514405e-01  8.0724691e-05  1.00000e+00  8.20959e-05 -0.00000e+00 -5.70171e-31  8.20959e-05
7.931100308e-01  8.1234959e-05  1.00000e+00  8.21132e-05 -0.00000e+00 -5.77142e-31  8.21132e-05
7.932686528e-01  8.1590556e-05  1.00000e+00  8.21332e-05 -0.00000e+00 -5.84214e-31  8.21332e-05
7.934273065e-01  8.1732284e-05  1.00000e+00  8.21546e-05 -0.00000e+00 -5.91380e-31  8.21546e-05
7.935859920e-01  8.1631454e-05  1.00000e+00  8.21760e-05 -0.00000e+00 -5.98630e-31  8.21760e-05
7.937447092e-01  8.1296166e-05  1.00000e+00  8.21960e-05 -0.00000e+00 -6.05954e-31  8.21960e-05
7.939034581e-01  8.0768179e-05  1.00000e+00  8.22132e-05 -0.00000e+00 -6.13343e-31  8.22132e-05
7.940622388e-01  8.0110071e-05  1.00000e+00  8.22265e-05 -0.00000e+00 -6.20791e-31  8.22265e-05
7.942210513e-01  7.9387093e-05  1.00000e+00  8.22354e-05 -0.00000e+00 -6.28294e-31  8.22354e-05
7.943798955e-01  7.8650407e-05  1.00000e+00  8.22397e-05 -0.00000e+00 -6.35850e-31  8.22397e-05
7.945387714e-01  7.7926793e-05  1.00000e+00  8.22395e-05 -0.00000e+00 -6.43460e-31  8.22395e-05
7.946976792e-01  7.7218549e-05  1.00000e+00  8.22348e-05 -0.00000e+00 -6.51124e-31  8.22348e-05
7.948566187e-01  7.6514064e-05  1.00000e+00  8.22257e-05 -0.00000e+00 -6.58843e-31  8.22257e-05
7.950155901e-01  7.5805643e-05  1.00000e+00  8.22123e-05 -0.00000e+00 -6.66617e-31  8.22123e-05
7.951745932e-01  7.5109228e-05  1.00000e+00  8.21946e-05 -0.00000e+00 -6.74446e-31  8.21946e-05
7.953336281e-01  7.4478362e-05  1.00000e+00  8.21729e-05 -0.00000e+00 -6.82333e-31  8.21729e-05
7.954926948e-01  7.4005014e-05  1.00000e+00  8.21478e-05 -0.00000e+00 -6.90283e-31  8.21478e-05
7.956517934e-01  7.3803344e-05  1.00000e+00  8.21207e-05 -0.00000e+00 -6.98311e-31  8.21207e-05
7.958109237e-01  7.3977845e-05  1.00000e+00  8.20936e-05 -0.00000e+00 -7.06435e-31  8.20936e-05
7.959700859e-01  7.4584595e-05  1.00000e+00  8.20691e-05 -0.00000e+00 -7.14680e-31  8.20691e-05
7.961292799e-01  7.5601648e-05  1.00000e+00  8.20498e-05 -0.00000e+00 -7.23069e-31  8.20498e-05
7.962885058e-01  7.6920484e-05  1.00000e+00  8.20380e-05 -0.00000e+00 -7.31625e-31  8.20380e-05
7.964477635e-01  7.8365669e-05  1.00000e+00  8.20349e-05 -0.00000e+00 -7.40361e-31  8.20349e-05
7.966070530e-01  7.9737043e-05  1.00000e+00  8.20408e-05 -0.00000e+00 -7.49279e-31  8.20408e-05
7.967663744e-01  8.0857902e-05  1.00000e+00  8.20544e-05 -0.00000e+00 -7.58371e-31  8.20544e-05
7.969257277e-01  8.1613746e-05  1.00000e+00  8.20739e-05 -0.00000e+00 -7.67622e-31  8.20739e-05
7.970851129e-01  8.1967506e-05  1.00000e+00  8.20967e-05 -0.00000e+00 -7.77010e-31  8.20967e-05
7.972445299e-01  8.1951837e-05  1.00000e+00  8.21204e-05 -0.00000e+00 -7.86515e-31  8.21204e-05
7.974039788e-01  8.1645368e-05  1.00000e+00  8.21430e-05 -0.00000e+00 -7.96120e-31  8.21430e-05
7.975634596e-01  8.1146488e-05  1.00000e+00  8.21629e-05 -0.00000e+00 -8.05811e-31  8.21629e-05
7.977229723e-01  8.0552391e-05  1.00000e+00  8.21792e-05 -0.00000e+00 -8.15582e-31  8.21792e-05
7.978825169e-01  7.9947701e-05  1.00000e+00  8.21917e-05 -0.00000e+00 -8.25431e-31  8.21917e-05
7.980420934e-01  7.9397667e-05  1.00000e+00  8.22005e-05 -0.00000e+00 -8.35361e-31  8.22005e-05
7.982017018e-01  7.8944559e-05  1.00000e+00  8.22062e-05 -0.00000e+00 -8.45376e-31  8.22062e-05
7.983613421e-01  7.8603624e-05  1.00000e+00  8.22093e-05 -0.00000e+00 -8.55485e-31  8.22093e-05
7.985210144e-01  7.8361765e-05  1.00000e+00  8.22106e-05 -0.00000e+00 -8.65695e-31  8.22106e-05
7.986807186e-01  7.8180718e-05  1.00000e+00  8.22107e-05 -0.00000e+00 -8.76012e-31  8.22107e-05
7.988404548e-01  7.8008808e-05  1.00000e+00  8.22097e-05 -0.00000e+00 -8.86439e-31  8.22097e-05
7.990002228e-01  7.7797739e-05  1.00000e+00  8.22075e-05 -0.00000e+00 -8.96974e-31  8.22075e-05
7.991600229e-01  7.7520220e-05  1.00000e+00  8.22039e-05 -0.00000e+00 -9.07616e-31  8.22039e-05
7.993198549e-01  7.7181065e-05  1.00000e+00  8.21984e-05 -0.00000e+00 -9.18359e-31  8.21984e-05
7.994797189e-01  7.6817352e-05  1.00000e+00  8.21907e-05 -0.00000e+00 -9.29202e-31  8.21907e-05
7.996396148e-01  7.6487379e-05  1.00000e+00  8.21809e-05 -0.00000e+00 -9.40148e-31  8.21809e-05
7.997995427e-01  7.6252492e-05  1.00000e+00  8.21693e-05 -0.00000e+00 -9.51202e-31  8.21693e-05
7.999595026e-01  7.6159699e-05  1.00000e+00  8.21568e-05 -0.00000e+00 -9.62375e-31  8.21568e-05
8.001194945e-01  7.6229893e-05  1.00000e+00  8.21444e-05 -0.00000e+00 -9.73679e-31  8.21444e-05
8.002795184e-01  7.6455936e-05  1.00000e+00  8.21329e-05 -0.00000e+00 -9.85128e-31  8.21329e-05
8.004395743e-01  7.6808045e-05  1.00000e+00  8.21233e-05 -0.00000e+00 -9.96734e-31  8.21233e-05
8.005996623e-01  7.7243061e-05  1.00000e+00  8.21162e-05 -0.00000e+00 -1.00851e-30  8.21162e-05
8.007597822e-01  7.7712290e-05  1.00000e+00  8.21120e-05 -0.00000e+00 -1.02045e-30  8.21120e-05
8.009199341e-01  7.8167040e-05  1.00000e+00  8.21108e-05 -0.00000e+00 -1.03257e-30  8.21108e-05
8.010801181e-01  7.8561655e-05  1.00000e+00  8.21122e-05 -0.00000e+00 -1.04487e-30  8.21122e-05
8.012403342e-01  7.8856763e-05  1.00000e+00  8.21157e-05 -0.00000e+00 -1.05733e-30  8.21157e-05
8.014005822e-01  7.9024598e-05  1.00000e+00  8.21207e-05 -0.00000e+00 -1.06996e-30  8.21207e-05
8.015608623e-01  7.9055767e-05  1.00000e+00  8.21264e-05 -0.00000e+00 -1.08274e-30  8.21264e-05
8.017211745e-01  7.8965026e-05  1.00000e+00  8.21317e-05 -0.00000e+00 -1.09567e-30  8.21317e-05
8.018815187e-01  7.8791550e-05  1.00000e+00  8.21363e-05 -0.00000e+00 -1.10874e-30  8.21363e-05
8.020418951e-01  7.8591846e-05  1.00000e+00  8.21396e-05 -0.00000e+00 -1.12194e-30  8.21396e-05
8.022023034e-01  7.8425311e-05  1.00000e+00  8.21418e-05 -0.00000e+00 -1.13528e-30  8.21418e-05
8.023627439e-01  7.8336997e-05  1.00000e+00  8.21431e-05 -0.00000e+00 -1.14877e-30  8.21431e-05
8.025232164e-01  7.8344702e-05  1.00000e+00  8.21442e-05 -0.00000e+00 -1.16241e-30  8.21442e-05
8.026837211e-01  7.8435537e-05  1.00000e+00  8.21456e-05 -0.00000e+00 -1.17622e-30  8.21456e-05
8.028442578e-01  7.8573943e-05  1.00000e+00  8.21477e-05 -0.00000e+00 -1.19020e-30  8.21477e-05
8.030048267e-01  7.8717231e-05  1.00000e+00  8.21508e-05 -0.00000e+00 -1.20435e-30  8.21508e-05
8.031654276e-01  7.8832514e-05  1.00000e+00  8.21546e-05 -0.00000e+00 -1.21869e-30  8.21546e-05
8.033260607e-01  7.8907675e-05  1.00000e+00  8.21590e-05 -0.00000e+00 -1.23320e-30  8.21590e-05
8.034867259e-01  7.8953667e-05  1.00000e+00  8.21638e-05 -0.00000e+00 -1.24788e-30  8.21638e-05
8.036474233e-01  7.8998282e-05  1.00000e+00  8.21688e-05 -0.00000e+00 -1.26274e-30  8.21688e-05
8.038081528e-01  7.9075413e-05  1.00000e+00  8.21741e-05 -0.00000e+00 -1.27778e-30  8.21741e-05
8.039689144e-01  7.9212986e-05  1.00000e+00  8.21801e-05 -0.00000e+00 -1.29300e-30  8.21801e-05
8.041297082e-01  7.9423851e-05  1.00000e+00  8.21871e-05 -0.00000e+00 -1.30843e-30  8.21871e-05
8.042905341e-01  7.9699413e-05  1.00000e+00  8.21956e-05 -0.00000e+00 -1.32406e-30  8.21956e-05
8.044513922e-01  8.0008986e-05  1.00000e+00  8.22059e-05 -0.00000e+00 -1.33990e-30  8.22059e-05
8.046122825e-01  8.0303681e-05  1.00000e+00  8.22180e-05 -0.00000e+00 -1.35596e-30  8.22180e-05
8.047732050e-01  8.0527259e-05  1.00000e+00  8.22317e-05 -0.00000e+00 -1.37223e-30  8.22317e-05
8.049341596e-01  8.0629660e-05  1.00000e+00  8.22463e-05 -0.00000e+00 -1.38870e-30  8.22463e-05
8.050951464e-01  8.0580879e-05  1.00000e+00  8.22611e-05 -0.00000e+00 -1.40537e-30  8.22611e-05
8.052561655e-01  8.0379185e-05  1.00000e+00  8.22750e-05 -0.00000e+00 -1.42222e-30  8.22750e-05
8.054172167e-01  8.0052100e-05  1.00000e+00  8.22872e-05 -0.00000e+00 -1.43924e-30  8.22872e-05
8.055783001e-01  7.9648777e-05  1.00000e+00  8.22970e-05 -0.00000e+00 -1.45641e-30  8.22970e-05
8.057394158e-01  7.9227479e-05  1.00000e+00  8.23043e-05 -0.00000e+00 -1.47373e-30  8.23043e-05
8.059005637e-01  7.8842059e-05  1.00000e+00  8.23089e-05 -0.00000e+00 -1.49122e-30  8.23089e-05
8.060617438e-01  7.8531634e-05  1.00000e+00  8.23114e-05 -0.00000e+00 -1.50887e-30  8.23114e-05
8.062229562e-01  7.8315427e-05  1.00000e+00  8.23123e-05 -0.00000e+00 -1.52669e-30  8.23123e-05
8.063842007e-01  7.8192473e-05  1.00000e+00  8.23121e-05 -0.00000e+00 -1.54471e-30  8.23121e-05
8.065454776e-01  7.8145732e-05  1.00000e+00  8.23114e-05 -0.00000e+00 -1.56293e-30  8.23114e-05
8.067067867e-01  7.8147328e-05  1.00000e+00  8.23107e-05 -0.00000e+00 -1.58135e-30  8.23107e-05
8.068681280e-01  7.8165247e-05  1.00000e+00  8.23100e-05 -0.00000e+00 -1.60000e-30  8.23100e-05
8.070295017e-01  7.8169022e-05  1.00000e+00  8.23094e-05 -0.00000e+00 -1.61886e-30  8.23094e-05
8.071909076e-01  7.8134766e-05  1.00000e+00  8.23087e-05 -0.00000e+00 -1.63793e-30  8.23087e-05
8.073523457e-01  7.8048890e-05  1.00000e+00  8.23077e-05 -0.00000e+00 -1.65722e-30  8.23077e-05
8.075138162e-01  7.7909982e-05  1.00000e+00  8.23060e-05 -0.00000e+00 -1.67672e-30  8.23060e-05
8.076753190e-01  7.7728756e-05  1.00000e+00  8.23033e-05 -0.00000e+00 -1.69642e-30  8.23033e-05
8.078368540e-01  7.7524814e-05  1.00000e+00  8.22995e-05 -0.00000e+00 -1.71632e-30  8.22995e-05
8.079984214e-01  7.7321793e-05  1.00000e+00  8.22944e-05 -0.00000e+00 -1.73643e-30  8.22944e-05
8.081600211e-01  7.7140923e-05  1.00000e+00  8.22882e-05 -0.00000e+00 -1.75674e-30  8.22882e-05
8.083216531e-01  7.6996013e-05  1.00000e+00  8.22810e-05 -0.00000e+00 -1.77727e-30  8.22810e-05
8.084833174e-01  7.6891621e-05  1.00000e+00  8.22731e-05 -0.00000e+00 -1.79802e-30  8.22731e-05
8.086450141e-01  7.6824288e-05  1.00000e+00  8.22648e-05 -0.00000e+00 -1.81900e-30  8.22648e-05
8.088067431e-01  7.6786767e-05  1.00000e+00  8.22562e-05 -0.00000e+00 -1.84021e-30  8.22562e-05
8.089685044e-01  7.6772621e-05  1.00000e+00  8.22475e-05 -0.00000e+00 -1.86167e-30  8.22475e-05
8.091302981e-01  7.6777457e-05  1.00000e+00  8.22388e-05 -0.00000e+00 -1.88337e-30  8.22388e-05
8.092921242e-01  7.6796501e-05  1.00000e+00  8.22302e-05 -0.00000e+00 -1.90533e-30  8.22302e-05
8.094539826e-01  7.6819325e-05  1.00000e+00  8.22219e-05 -0.00000e+00 -1.92754e-30  8.22219e-05
8.096158734e-01  7.6824826e-05  1.00000e+00  8.22137e-05 -0.00000e+00 -1.95000e-30  8.22137e-05
8.097777966e-01  7.6781600e-05  1.00000e+00  8.22055e-05 -0.00000e+00 -1.97273e-30  8.22055e-05
8.099397522e-01  7.6654992e-05  1.00000e+00  8.21968e-05 -0.00000e+00 -1.99570e-30  8.21968e-05
8.101017401e-01  7.6421394e-05  1.00000e+00  8.21872e-05 -0.00000e+00 -2.01890e-30  8.21872e-05
8.102637605e-01  7.6081586e-05  1.00000e+00  8.21758e-05 -0.00000e+00 -2.04232e-30  8.21758e-05
8.104258132e-01  7.5667856e-05  1.00000e+00  8.21621e-05 -0.00000e+00 -2.06595e-30  8.21621e-05
8.105878984e-01  7.5240722e-05  1.00000e+00  8.21460e-05 -0.00000e+00 -2.08979e-30  8.21460e-05
8.107500160e-01  7.4869339e-05  1.00000e+00  8.21274e-05 -0.00000e+00 -2.11383e-30  8.21274e-05
8.109121660e-01  7.4606845e-05  1.00000e+00  8.21070e-05 -0.00000e+00 -2.13811e-30  8.21070e-05
8.110743484e-01  7.4466735e-05  1.00000e+00  8.20855e-05 -0.00000e+00 -2.16263e-30  8.20855e-05
8.112365633e-01  7.4411048e-05  1.00000e+00  8.20636e-05 -0.00000e+00 -2.18742e-30  8.20636e-05
8.113988106e-01  7.4353815e-05  1.00000e+00  8.20415e-05 -0.00000e+00 -2.21248e-30  8.20415e-05
8.115610903e-01  7.4179756e-05  1.00000e+00  8.20190e-05 -0.00000e+00 -2.23781e-30  8.20190e-05
8.117234026e-01  7.3770533e-05  1.00000e+00  8.19948e-05 -0.00000e+00 -2.26336e-30  8.19948e-05
8.118857472e-01  7.3031084e-05  1.00000e+00  8.19674e-05 -0.00000e+00 -2.28910e-30  8.19674e-05
8.120481244e-01  7.1910623e-05  1.00000e+00  8.19344e-05 -0.00000e+00 -2.31496e-30  8.19344e-05
8.122105340e-01  7.0414277e-05  1.00000e+00  8.18936e-05 -0.00000e+00 -2.34087e-30  8.18936e-05
8.123729761e-01  6.8612965e-05  1.00000e+00  8.18430e-05 -0.00000e+00 -2.36677e-30  8.18430e-05
8.125354507e-01  6.6647187e-05  1.00000e+00  8.17810e-05 -0.00000e+00 -2.39260e-30  8.17810e-05
8.126979578e-01  6.4713543e-05  1.00000e+00  8.17073e-05 -0.00000e+00 -2.41837e-30  8.17073e-05
8.128604974e-01  6.3039032e-05  1.00000e+00  8.16230e-05 -0.00000e+00 -2.44410e-30  8.16230e-05
8.130230695e-01  6.1826369e-05  1.00000e+00  8.15301e-05 -0.00000e+00 -2.46986e-30  8.15301e-05
8.131856741e-01  6.1192480e-05  1.00000e+00  8.14322e-05 -0.00000e+00 -2.49575e-30  8.14322e-05
8.133483112e-01  6.1120486e-05  1.00000e+00  8.13327e-05 -0.00000e+00 -2.52187e-30  8.13327e-05
8.135109809e-01  6.1447660e-05  1.00000e+00  8.12346e-05 -0.00000e+00 -2.54832e-30  8.12346e-05
8.136736831e-01  6.1905430e-05  1.00000e+00  8.11398e-05 -0.00000e+00 -2.57514e-30  8.11398e-05
8.138364178e-01  6.2202993e-05  1.00000e+00  8.10479e-05 -0.00000e+00 -2.60232e-30  8.10479e-05
8.139991851e-01  6.2121983e-05  1.00000e+00  8.09574e-05 -0.00000e+00 -2.62980e-30  8.09574e-05
8.141619850e-01  6.1581154e-05  1.00000e+00  8.08655e-05 -0.00000e+00 -2.65751e-30  8.08655e-05
8.143248174e-01  6.0642462e-05  1.00000e+00  8.07696e-05 -0.00000e+00 -2.68534e-30  8.07696e-05
8.144876823e-01  5.9464632e-05  1.00000e+00  8.06678e-05 -0.00000e+00 -2.71325e-30  8.06678e-05
8.146505799e-01  5.8220703e-05  1.00000e+00  8.05591e-05 -0.00000e+00 -2.74120e-30  8.05591e-05
8.148135100e-01  5.7026928e-05  1.00000e+00  8.04435e-05 -0.00000e+00 -2.76919e-30  8.04435e-05
8.149764727e-01  5.5910595e-05  1.00000e+00  8.03216e-05 -0.00000e+00 -2.79724e-30  8.03216e-05
8.151394680e-01  5.4835993e-05  1.00000e+00  8.01938e-05 -0.00000e+00 -2.82535e-30  8.01938e-05
8.153024959e-01  5.3787585e-05  1.00000e+00  8.00602e-05 -0.00000e+00 -2.85353e-30  8.00602e-05
8.154655564e-01  5.2862764e-05  1.00000e+00  7.99213e-05 -0.00000e+00 -2.88179e-30  7.99213e-05
8.156286495e-01  5.2332697e-05  1.00000e+00  7.97786e-05 -0.00000e+00 -2.91019e-30  7.97786e-05
8.157917752e-01  5.2622407e-05  1.00000e+00  7.96357e-05 -0.00000e+00 -2.93889e-30  7.96357e-05
8.159549336e-01  5.4188711e-05  1.00000e+00  7.94991e-05 -0.00000e+00 -2.96816e-30  7.94991e-05
8.161181245e-01  5.7333272e-05  1.00000e+00  7.93775e-05 -0.00000e+00 -2.99835e-30  7.93775e-05
8.162813482e-01  6.2012885e-05  1.00000e+00  7.92807e-05 -0.00000e+00 -3.02984e-30  7.92807e-05
8.164446044e-01  6.7755728e-05  1.00000e+00  7.92165e-05 -0.00000e+00 -3.06297e-30  7.92165e-05
8.166078934e-01  7.3728465e-05  1.00000e+00  7.91890e-05 -0.00000e+00 -3.09789e-30  7.91890e-05
8.167712149e-01  7.8967423e-05  1.00000e+00  7.91963e-05 -0.00000e+00 -3.13454e-30  7.91963e-05
8.169345692e-01  8.2691274e-05  1.00000e+00  7.92314e-05 -0.00000e+00 -3.17264e-30  7.92314e-05
8.170979561e-01  8.4563495e-05  1.00000e+00  7.92834e-05 -0.00000e+00 -3.21178e-30  7.92834e-05
8.172613757e-01  8.4799862e-05  1.00000e+00  7.93414e-05 -0.00000e+00 -3.25157e-30  7.93414e-05
8.174248280e-01  8.4058813e-05  1.00000e+00  7.93972e-05 -0.00000e+00 -3.29169e-30  7.93972e-05
8.175883129e-01  8.3164581e-05  1.00000e+00  7.94473e-05 -0.00000e+00 -3.33206e-30  7.94473e-05
8.177518306e-01  8.2774779e-05  1.00000e+00  7.94929e-05 -0.00000e+00 -3.37275e-30  7.94929e-05
8.179153810e-01  8.3139795e-05  1.00000e+00  7.95381e-05 -0.00000e+00 -3.41396e-30  7.95381e-05
8.180789640e-01  8.4055089e-05  1.00000e+00  7.95872e-05 -0.00000e+00 -3.45586e-30  7.95872e-05
8.182425798e-01  8.5019910e-05  1.00000e+00  7.96419e-05 -0.00000e+00 -3.49851e-30  7.96419e-05
8.184062283e-01  8.5518028e-05  1.00000e+00  7.97011e-05 -0.00000e+00 -3.54184e-30  7.97011e-05
8.185699096e-01  8.5287945e-05  1.00000e+00  7.97608e-05 -0.00000e+00 -3.58568e-30  7.97608e-05
8.187336236e-01  8.4461162e-05  1.00000e+00  7.98168e-05 -0.00000e+00 -3.62986e-30  7.98168e-05
8.188973703e-01  8.3523672e-05  1.00000e+00  7.98668e-05 -0.00000e+00 -3.67428e-30  7.98668e-05
8.190611498e-01  8.3135231e-05  1.00000e+00  7.99121e-05 -0.00000e+00 -3.71907e-30  7.99121e-05
8.192249620e-01  8.3897741e-05  1.00000e+00  7.99580e-05 -0.00000e+00 -3.76448e-30  7.99580e-05
8.193888070e-01  8.6152676e-05  1.00000e+00  8.00127e-05 -0.00000e+00 -3.81095e-30  8.00127e-05
8.195526847e-01  8.9876586e-05  1.00000e+00  8.00853e-05 -0.00000e+00 -3.85893e-30  8.00853e-05
8.197165953e-01  9.4664263e-05  1.00000e+00  8.01836e-05 -0.00000e+00 -3.90882e-30  8.01836e-05
8.198805386e-01  9.9805338e-05  1.00000e+00  8.03120e-05 -0.00000e+00 -3.96083e-30  8.03120e-05
8.200445147e-01  1.0441107e-04  1.00000e+00  8.04698e-05 -0.00000e+00 -4.01494e-30  8.04698e-05
8.202085236e-01  1.0758921e-04  1.00000e+00  8.06508e-05 -0.00000e+00 -4.07084e-30  8.06508e-05
8.203725653e-01  1.0861664e-04  1.00000e+00  8.08440e-05 -0.00000e+00 -4.12796e-30  8.08440e-05
8.205366398e-01  1.0708572e-04  1.00000e+00  8.10347e-05 -0.00000e+00 -4.18556e-30  8.10347e-05
8.207007472e-01  1.0295607e-04  1.00000e+00  8.12072e-05 -0.00000e+00 -4.24280e-30  8.12072e-05
8.208648873e-01  9.6501066e-05  1.00000e+00  8.13464e-05 -0.00000e+00 -4.29888e-30  8.13464e-05
8.210290603e-01  8.8163152e-05  1.00000e+00  8.14396e-05 -0.00000e+00 -4.35311e-30  8.14396e-05
8.211932661e-01  7.8390483e-05  1.00000e+00  8.14771e-05 -0.00000e+00 -4.40491e-30  8.14771e-05
8.213575048e-01  6.7531850e-05  1.00000e+00  8.14515e-05 -0.00000e+00 -4.45379e-30  8.14515e-05
8.215217763e-01  5.5859977e-05  1.00000e+00  8.13575e-05 -0.00000e+00 -4.49937e-30  8.13575e-05
8.216860806e-01  4.3719063e-05  1.00000e+00  8.11915e-05 -0.00000e+00 -4.54134e-30  8.11915e-05
8.218504178e-01  3.1744784e-05  1.00000e+00  8.09528e-05 -0.00000e+00 -4.57958e-30  8.09528e-05
8.220147879e-01  2.1041230e-05  1.00000e+00  8.06459e-05 -0.00000e+00 -4.61428e-30  8.06459e-05
8.221791909e-01  1.3179840e-05  1.00000e+00  8.02833e-05 -0.00000e+00 -4.64616e-30  8.02833e-05
8.223436267e-01  9.9599766e-06  1.00000e+00  7.98881e-05 -0.00000e+00 -4.67660e-30  7.98881e-05
8.225080954e-01  1.2941815e-05  1.00000e+00  7.94936e-05 -0.00000e+00 -4.70762e-30  7.94936e-05
8.226725970e-01  2.2891678e-05  1.00000e+00  7.91403e-05 -0.00000e+00 -4.74172e-30  7.91403e-05
8.228371316e-01  3.9343147e-05  1.00000e+00  7.88695e-05 -0.00000e+00 -4.78146e-30  7.88695e-05
8.230016990e-01  6.0477380e-05  1.00000e+00  7.87155e-05 -0.00000e+00 -4.82897e-30  7.87155e-05
8.231662993e-01  8.3424239e-05  1.00000e+00  7.86977e-05 -0.00000e+00 -4.88549e-30  7.86977e-05
8.233309326e-01  1.0490838e-04  1.00000e+00  7.88166e-05 -0.00000e+00 -4.95108e-30  7.88166e-05
8.234955988e-01  1.2204376e-04  1.00000e+00  7.90535e-05 -0.00000e+00 -5.02465e-30  7.90535e-05
8.236602979e-01  1.3299098e-04  1.00000e+00  7.93750e-05 -0.00000e+00 -5.10417e-30  7.93750e-05
8.238250300e-01  1.3726084e-04  1.00000e+00  7.97410e-05 -0.00000e+00 -5.18719e-30  7.97410e-05
8.239897950e-01  1.3560414e-04  1.00000e+00  8.01125e-05 -0.00000e+00 -5.27130e-30  8.01125e-05
8.241545929e-01  1.2957415e-04  1.00000e+00  8.04578e-05 -0.00000e+00 -5.35457e-30  8.04578e-05
8.243194238e-01  1.2097347e-04  1.00000e+00  8.07559e-05 -0.00000e+00 -5.43567e-30  8.07559e-05
8.244842877e-01  1.1139717e-04  1.00000e+00  8.09964e-05 -0.00000e+00 -5.51393e-30  8.09964e-05
8.246491846e-01  1.0199985e-04  1.00000e+00  8.11776e-05 -0.00000e+00 -5.58921e-30  8.11776e-05
8.248141144e-01  9.3502732e-05  1.00000e+00  8.13032e-05 -0.00000e+00 -5.66169e-30  8.13032e-05
8.249790772e-01  8.6338078e-05  1.00000e+00  8.13803e-05 -0.00000e+00 -5.73180e-30  8.13803e-05
8.251440731e-01  8.0798001e-05  1.00000e+00  8.14183e-05 -0.00000e+00 -5.80012e-30  8.14183e-05
8.253091019e-01  7.7097457e-05  1.00000e+00  8.14279e-05 -0.00000e+00 -5.86737e-30  8.14279e-05
8.254741637e-01  7.5314664e-05  1.00000e+00  8.14208e-05 -0.00000e+00 -5.93434e-30  8.14208e-05
8.256392585e-01  7.5279218e-05  1.00000e+00  8.14083e-05 -0.00000e+00 -6.00183e-30  8.14083e-05
8.258043864e-01  7.6492064e-05  1.00000e+00  8.13997e-05 -0.00000e+00 -6.07047e-30  8.13997e-05
8.259695473e-01  7.8155582e-05  1.00000e+00  8.14004e-05 -0.00000e+00 -6.14061e-30  8.14004e-05
8.261347412e-01  7.9331384e-05  1.00000e+00  8.14101e-05 -0.00000e+00 -6.21218e-30  8.14101e-05
8.262999681e-01  7.9186868e-05  1.00000e+00  8.14233e-05 -0.00000e+00 -6.28471e-30  8.14233e-05
8.264652281e-01  7.7242928e-05  1.00000e+00  8.14304e-05 -0.00000e+00 -6.35742e-30  8.14304e-05
8.266305212e-01  7.3531056e-05  1.00000e+00  8.14202e-05 -0.00000e+00 -6.42942e-30  8.14202e-05
8.267958473e-01  6.8600167e-05  1.00000e+00  8.13836e-05 -0.00000e+00 -6.49999e-30  8.13836e-05
8.269612064e-01  6.3378475e-05  1.00000e+00  8.13160e-05 -0.00000e+00 -6.56881e-30  8.13160e-05
8.271265987e-01  5.8915287e-05  1.00000e+00  8.12190e-05 -0.00000e+00 -6.63601e-30  8.12190e-05
8.272920240e-01  5.6100865e-05  1.00000e+00  8.11001e-05 -0.00000e+00 -6.70225e-30  8.11001e-05
8.274574824e-01  5.5439830e-05  1.00000e+00  8.09711e-05 -0.00000e+00 -6.76851e-30  8.09711e-05
8.276229739e-01  5.6959088e-05  1.00000e+00  8.08455e-05 -0.00000e+00 -6.83590e-30  8.08455e-05
8.277884985e-01  6.0257944e-05  1.00000e+00  8.07354e-05 -0.00000e+00 -6.90544e-30  8.07354e-05
8.279540562e-01  6.4679497e-05  1.00000e+00  8.06497e-05 -0.00000e+00 -6.97787e-30  8.06497e-05
8.281196470e-01  6.9525771e-05  1.00000e+00  8.05927e-05 -0.00000e+00 -7.05360e-30  8.05927e-05
8.282852709e-01  7.4237016e-05  1.00000e+00  8.05653e-05 -0.00000e+00 -7.13272e-30  8.05653e-05
8.284509280e-01  7.8475845e-05  1.00000e+00  8.05651e-05 -0.00000e+00 -7.21511e-30  8.05651e-05
8.286166182e-01  8.2112301e-05  1.00000e+00  8.05889e-05 -0.00000e+00 -7.30051e-30  8.05889e-05
8.287823415e-01  8.5133898e-05  1.00000e+00  8.06326e-05 -0.00000e+00 -7.38867e-30  8.06326e-05
8.289480980e-01  8.7545143e-05  1.00000e+00  8.06926e-05 -0.00000e+00 -7.47931e-30  8.06926e-05
8.291138876e-01  8.9304659e-05  1.00000e+00  8.07649e-05 -0.00000e+00 -7.57211e-30  8.07649e-05
8.292797104e-01  9.0327826e-05  1.00000e+00  8.08452e-05 -0.00000e+00 -7.66671e-30  8.08452e-05
8.294455663e-01  9.0545936e-05  1.00000e+00  8.09289e-05 -0.00000e+00 -7.76269e-30  8.09289e-05
8.296114554e-01  8.9979492e-05  1.00000e+00  8.10110e-05 -0.00000e+00 -7.85961e-30  8.10110e-05
8.297773777e-01  8.8788334e-05  1.00000e+00  8.10873e-05 -0.00000e+00 -7.95706e-30  8.10873e-05
8.299433332e-01  8.7254643e-05  1.00000e+00  8.11548e-05 -0.00000e+00 -8.05478e-30  8.11548e-05
8.301093218e-01  8.5704270e-05  1.00000e+00  8.12124e-05 -0.00000e+00 -8.15269e-30  8.12124e-05
8.302753437e-01  8.4390967e-05  1.00000e+00  8.12610e-05 -0.00000e+00 -8.25088e-30  8.12610e-05
8.304413988e-01  8.3397849e-05  1.00000e+00  8.13023e-05 -0.00000e+00 -8.34954e-30  8.13023e-05
8.306074871e-01  8.2608741e-05  1.00000e+00  8.13381e-05 -0.00000e+00 -8.44880e-30  8.13381e-05
8.307736086e-01  8.1770523e-05  1.00000e+00  8.13689e-05 -0.00000e+00 -8.54869e-30  8.13689e-05
8.309397633e-01  8.0631763e-05  1.00000e+00  8.13937e-05 -0.00000e+00 -8.64905e-30  8.13937e-05
8.311059512e-01  7.9095175e-05  1.00000e+00  8.14104e-05 -0.00000e+00 -8.74965e-30  8.14104e-05
8.312721724e-01  7.7317612e-05  1.00000e+00  8.14168e-05 -0.00000e+00 -8.85025e-30  8.14168e-05
8.314384269e-01  7.5697537e-05  1.00000e+00  8.14127e-05 -0.00000e+00 -8.95087e-30  8.14127e-05
8.316047145e-01  7.4752995e-05  1.00000e+00  8.14006e-05 -0.00000e+00 -9.05182e-30  8.14006e-05
8.317710355e-01  7.4924458e-05  1.00000e+00  8.13860e-05 -0.00000e+00 -9.15377e-30  8.13860e-05
8.319373897e-01  7.6387369e-05  1.00000e+00  8.13764e-05 -0.00000e+00 -9.25759e-30  8.13764e-05
8.321037772e-01  7.8956437e-05  1.00000e+00  8.13791e-05 -0.00000e+00 -9.36414e-30  8.13791e-05
8.322701979e-01  8.2116877e-05  1.00000e+00  8.13994e-05 -0.00000e+00 -9.47401e-30  8.13994e-05
8.324366520e-01  8.5185538e-05  1.00000e+00  8.14387e-05 -0.00000e+00 -9.58736e-30  8.14387e-05
8.326031393e-01  8.7530775e-05  1.00000e+00  8.14944e-05 -0.00000e+00 -9.70387e-30  8.14944e-05
8.327696599e-01  8.8766041e-05  1.00000e+00  8.15607e-05 -0.00000e+00 -9.82288e-30  8.15607e-05
8.329362139e-01  8.8849524e-05  1.00000e+00  8.16306e-05 -0.00000e+00 -9.94359e-30  8.16306e-05
8.331028011e-01  8.8057728e-05  1.00000e+00  8.16978e-05 -0.00000e+00 -1.00653e-29  8.16978e-05
8.332694217e-01  8.6857518e-05  1.00000e+00  8.17584e-05 -0.00000e+00 -1.01876e-29  8.17584e-05
8.334360755e-01  8.5727952e-05  1.00000e+00  8.18114e-05 -0.00000e+00 -1.03104e-29  8.18114e-05
8.336027628e-01  8.5009735e-05  1.00000e+00  8.18584e-05 -0.00000e+00 -1.04339e-29  8.18584e-05
8.337694833e-01  8.4820770e-05  1.00000e+00  8.19024e-05 -0.00000e+00 -1.05586e-29  8.19024e-05
8.339362372e-01  8.5056844e-05  1.00000e+00  8.19463e-05 -0.00000e+00 -1.06849e-29  8.19463e-05
8.341030245e-01  8.5459889e-05  1.00000e+00  8.19921e-05 -0.00000e+00 -1.08128e-29  8.19921e-05
8.342698451e-01  8.5726017e-05  1.00000e+00  8.20398e-05 -0.00000e+00 -1.09426e-29  8.20398e-05
8.344366990e-01  8.5610383e-05  1.00000e+00  8.20878e-05 -0.00000e+00 -1.10738e-29  8.20878e-05
8.346035864e-01  8.4997522e-05  1.00000e+00  8.21334e-05 -0.00000e+00 -1.12061e-29  8.21334e-05
8.347705071e-01  8.3927232e-05  1.00000e+00  8.21736e-05 -0.00000e+00 -1.13392e-29  8.21736e-05
8.349374612e-01  8.2568613e-05  1.00000e+00  8.22062e-05 -0.00000e+00 -1.14727e-29  8.22062e-05
8.351044487e-01  8.1161523e-05  1.00000e+00  8.22302e-05 -0.00000e+00 -1.16065e-29  8.22302e-05
8.352714696e-01  7.9944218e-05  1.00000e+00  8.22461e-05 -0.00000e+00 -1.17408e-29  8.22461e-05
8.354385239e-01  7.9093252e-05  1.00000e+00  8.22555e-05 -0.00000e+00 -1.18757e-29  8.22555e-05
8.356056116e-01  7.8686327e-05  1.00000e+00  8.22611e-05 -0.00000e+00 -1.20117e-29  8.22611e-05
8.357727327e-01  7.8698042e-05  1.00000e+00  8.22656e-05 -0.00000e+00 -1.21491e-29  8.22656e-05
8.359398872e-01  7.9019842e-05  1.00000e+00  8.22710e-05 -0.00000e+00 -1.22882e-29  8.22710e-05
8.361070752e-01  7.9499068e-05  1.00000e+00  8.22790e-05 -0.00000e+00 -1.24294e-29  8.22790e-05
8.362742966e-01  7.9980125e-05  1.00000e+00  8.22898e-05 -0.00000e+00 -1.25725e-29  8.22898e-05
8.364415515e-01  8.0342612e-05  1.00000e+00  8.23032e-05 -0.00000e+00 -1.27176e-29  8.23032e-05
8.366088398e-01  8.0522963e-05  1.00000e+00  8.23181e-05 -0.00000e+00 -1.28646e-29  8.23181e-05
8.367761616e-01  8.0519890e-05  1.00000e+00  8.23335e-05 -0.00000e+00 -1.30133e-29  8.23335e-05
8.369435168e-01  8.0383056e-05  1.00000e+00  8.23484e-05 -0.00000e+00 -1.31636e-29  8.23484e-05
8.371109055e-01  8.0189324e-05  1.00000e+00  8.23622e-05 -0.00000e+00 -1.33154e-29  8.23622e-05
8.372783277e-01  8.0015519e-05  1.00000e+00  8.23748e-05 -0.00000e+00 -1.34687e-29  8.23748e-05
8.374457833e-01  7.9914273e-05  1.00000e+00  8.23864e-05 -0.00000e+00 -1.36236e-29  8.23864e-05
8.376132725e-01  7.9901682e-05  1.00000e+00  8.23977e-05 -0.00000e+00 -1.37803e-29  8.23977e-05
8.377807952e-01  7.9960356e-05  1.00000e+00  8.24090e-05 -0.00000e+00 -1.39387e-29  8.24090e-05
8.379483513e-01  8.0051722e-05  1.00000e+00  8.24208e-05 -0.00000e+00 -1.40990e-29  8.24208e-05
8.381159410e-01  8.0135773e-05  1.00000e+00  8.24330e-05 -0.00000e+00 -1.42611e-29  8.24330e-05
8.382835642e-01  8.0184342e-05  1.00000e+00  8.24456e-05 -0.00000e+00 -1.44252e-29  8.24456e-05
8.384512209e-01  8.0185832e-05  1.00000e+00  8.24583e-05 -0.00000e+00 -1.45911e-29  8.24583e-05
8.386189111e-01  8.0140495e-05  1.00000e+00  8.24708e-05 -0.00000e+00 -1.47589e-29  8.24708e-05
8.387866349e-01  8.0051758e-05  1.00000e+00  8.24828e-05 -0.00000e+00 -1.49284e-29  8.24828e-05
8.389543922e-01  7.9919367e-05  1.00000e+00  8.24942e-05 -0.00000e+00 -1.50998e-29  8.24942e-05
8.391221831e-01  7.9738942e-05  1.00000e+00  8.25045e-05 -0.00000e+00 -1.52728e-29  8.25045e-05
8.392900076e-01  7.9506185e-05  1.00000e+00  8.25135e-05 -0.00000e+00 -1.54476e-29  8.25135e-05
8.394578656e-01  7.9222027e-05  1.00000e+00  8.25210e-05 -0.00000e+00 -1.56240e-29  8.25210e-05
8.396257571e-01  7.8897169e-05  1.00000e+00  8.25266e-05 -0.00000e+00 -1.58020e-29  8.25266e-05
8.397936823e-01  7.8552218e-05  1.00000e+00  8.25301e-05 -0.00000e+00 -1.59816e-29  8.25301e-05
8.399616410e-01  7.8216631e-05  1.00000e+00  8.25316e-05 -0.00000e+00 -1.61628e-29  8.25316e-05
8.401296333e-01  7.7926021e-05  1.00000e+00  8.25312e-05 -0.00000e+00 -1.63457e-29  8.25312e-05
8.402976593e-01  7.7716801e-05  1.00000e+00  8.25293e-05 -0.00000e+00 -1.65303e-29  8.25293e-05
8.404657188e-01  7.7620492e-05  1.00000e+00  8.25264e-05 -0.00000e+00 -1.67169e-29  8.25264e-05
8.406338119e-01  7.7656611e-05  1.00000e+00  8.25234e-05 -0.00000e+00 -1.69054e-29  8.25234e-05
8.408019387e-01  7.7825933e-05  1.00000e+00  8.25211e-05 -0.00000e+00 -1.70963e-29  8.25211e-05
8.409700991e-01  7.8108786e-05  1.00000e+00  8.25201e-05 -0.00000e+00 -1.72895e-29  8.25201e-05
8.411382931e-01  7.8467886e-05  1.00000e+00  8.25211e-05 -0.00000e+00 -1.74854e-29  8.25211e-05
8.413065208e-01  7.8855897e-05  1.00000e+00  8.25244e-05 -0.00000e+00 -1.76839e-29  8.25244e-05
8.414747821e-01  7.9223423e-05  1.00000e+00  8.25299e-05 -0.00000e+00 -1.78851e-29  8.25299e-05
8.416430770e-01  7.9525732e-05  1.00000e+00  8.25374e-05 -0.00000e+00 -1.80890e-29  8.25374e-05
8.418114057e-01  7.9726361e-05  1.00000e+00  8.25464e-05 -0.00000e+00 -1.82955e-29  8.25464e-05
8.419797679e-01  7.9799564e-05  1.00000e+00  8.25562e-05 -0.00000e+00 -1.85044e-29  8.25562e-05
8.421481639e-01  7.9733198e-05  1.00000e+00  8.25660e-05 -0.00000e+00 -1.87156e-29  8.25660e-05
8.423165935e-01  7.9532773e-05  1.00000e+00  8.25750e-05 -0.00000e+00 -1.89290e-29  8.25750e-05
8.424850568e-01  7.9224787e-05  1.00000e+00  8.25823e-05 -0.00000e+00 -1.91443e-29  8.25823e-05
8.426535538e-01  7.8856145e-05  1.00000e+00  8.25876e-05 -0.00000e+00 -1.93616e-29  8.25876e-05
8.428220846e-01  7.8487670e-05  1.00000e+00  8.25907e-05 -0.00000e+00 -1.95808e-29  8.25907e-05
8.429906490e-01  7.8182264e-05  1.00000e+00  8.25917e-05 -0.00000e+00 -1.98019e-29  8.25917e-05
8.431592471e-01  7.7990798e-05  1.00000e+00  8.25911e-05 -0.00000e+00 -2.00251e-29  8.25911e-05
8.433278790e-01  7.7940956e-05  1.00000e+00  8.25899e-05 -0.00000e+00 -2.02507e-29  8.25899e-05
8.434965445e-01  7.8031875e-05  1.00000e+00  8.25888e-05 -0.00000e+00 -2.04788e-29  8.25888e-05
8.436652438e-01  7.8236731e-05  1.00000e+00  8.25886e-05 -0.00000e+00 -2.07097e-29  8.25886e-05
8.438339769e-01  7.8510892e-05  1.00000e+00  8.25899e-05 -0.00000e+00 -2.09436e-29  8.25899e-05
8.440027437e-01  7.8803276e-05  1.00000e+00  8.25929e-05 -0.00000e+00 -2.11805e-29  8.25929e-05
8.441715442e-01  7.9066769e-05  1.00000e+00  8.25976e-05 -0.00000e+00 -2.14205e-29  8.25976e-05
8.443403785e-01  7.9265844e-05  1.00000e+00  8.26036e-05 -0.00000e+00 -2.16635e-29  8.26036e-05
8.445092466e-01  7.9380152e-05  1.00000e+00  8.26106e-05 -0.00000e+00 -2.19094e-29  8.26106e-05
8.446781485e-01  7.9404320e-05  1.00000e+00  8.26179e-05 -0.00000e+00 -2.21581e-29  8.26179e-05
8.448470841e-01  7.9346205e-05  1.00000e+00  8.26251e-05 -0.00000e+00 -2.24095e-29  8.26251e-05
8.450160535e-01  7.9223506e-05  1.00000e+00  8.26318e-05 -0.00000e+00 -2.26636e-29  8.26318e-05
8.451850567e-01  7.9060862e-05  1.00000e+00  8.26375e-05 -0.00000e+00 -2.29202e-29  8.26375e-05
8.453540937e-01  7.8886388e-05  1.00000e+00  8.26422e-05 -0.00000e+00 -2.31794e-29  8.26422e-05
8.455231646e-01  7.8727689e-05  1.00000e+00  8.26459e-05 -0.00000e+00 -2.34411e-29  8.26459e-05
8.456922692e-01  7.8606984e-05  1.00000e+00  8.26487e-05 -0.00000e+00 -2.37056e-29  8.26487e-05
8.458614076e-01  7.8536331e-05  1.00000e+00  8.26510e-05 -0.00000e+00 -2.39728e-29  8.26510e-05
8.460305799e-01  7.8514204e-05  1.00000e+00  8.26529e-05 -0.00000e+00 -2.42429e-29  8.26529e-05
8.461997860e-01  7.8525406e-05  1.00000e+00  8.26549e-05 -0.00000e+00 -2.45160e-29  8.26549e-05
8.463690260e-01  7.8544819e-05  1.00000e+00  8.26569e-05 -0.00000e+00 -2.47922e-29  8.26569e-05
8.465382998e-01  7.8544560e-05  1.00000e+00  8.26591e-05 -0.00000e+00 -2.50714e-29  8.26591e-05
8.467076075e-01  7.8502473e-05  1.00000e+00  8.26611e-05 -0.00000e+00 -2.53537e-29  8.26611e-05
8.468769490e-01  7.8408884e-05  1.00000e+00  8.26626e-05 -0.00000e+00 -2.56389e-29  8.26626e-05
8.470463244e-01  7.8269717e-05  1.00000e+00  8.26635e-05 -0.00000e+00 -2.59270e-29  8.26635e-05
8.472157336e-01  7.8104529e-05  1.00000e+00  8.26635e-05 -0.00000e+00 -2.62181e-29  8.26635e-05
8.473851768e-01  7.7940793e-05  1.00000e+00  8.26625e-05 -0.00000e+00 -2.65120e-29  8.26625e-05
8.475546538e-01  7.7806144e-05  1.00000e+00  8.26607e-05 -0.00000e+00 -2.68089e-29  8.26607e-05
8.477241648e-01  7.7720902e-05  1.00000e+00  8.26581e-05 -0.00000e+00 -2.71088e-29  8.26581e-05
8.478937096e-01  7.7693594e-05  1.00000e+00  8.26553e-05 -0.00000e+00 -2.74120e-29  8.26553e-05
8.480632883e-01  7.7720058e-05  1.00000e+00  8.26525e-05 -0.00000e+00 -2.77186e-29  8.26525e-05
8.482329010e-01  7.7786426e-05  1.00000e+00  8.26500e-05 -0.00000e+00 -2.80286e-29  8.26500e-05
8.484025476e-01  7.7873870e-05  1.00000e+00  8.26480e-05 -0.00000e+00 -2.83422e-29  8.26480e-05
8.485722281e-01  7.7964035e-05  1.00000e+00  8.26465e-05 -0.00000e+00 -2.86594e-29  8.26465e-05
8.487419425e-01  7.8042661e-05  1.00000e+00  8.26456e-05 -0.00000e+00 -2.89803e-29  8.26456e-05
8.489116909e-01  7.8100931e-05  1.00000e+00  8.26451e-05 -0.00000e+00 -2.93049e-29  8.26451e-05
8.490814732e-01  7.8134399e-05  1.00000e+00  8.26448e-05 -0.00000e+00 -2.96331e-29  8.26448e-05
8.492512895e-01  7.8141020e-05  1.00000e+00  8.26448e-05 -0.00000e+00 -2.99650e-29  8.26448e-05
8.494211398e-01  7.8119379e-05  1.00000e+00  8.26446e-05 -0.00000e+00 -3.03005e-29  8.26446e-05
8.495910240e-01  7.8068127e-05  1.00000e+00  8.26443e-05 -0.00000e+00 -3.06396e-29  8.26443e-05
8.497609422e-01  7.7986631e-05  1.00000e+00  8.26436e-05 -0.00000e+00 -3.09822e-29  8.26436e-05
8.499308944e-01  7.7876707e-05  1.00000e+00  8.26424e-05 -0.00000e+00 -3.13284e-29  8.26424e-05
8.501008806e-01  7.7744239e-05  1.00000e+00  8.26404e-05 -0.00000e+00 -3.16781e-29  8.26404e-05
8.502709008e-01  7.7600534e-05  1.00000e+00  8.26376e-05 -0.00000e+00 -3.20314e-29  8.26376e-05
8.504409550e-01  7.7462450e-05  1.00000e+00  8.26341e-05 -0.00000e+00 -3.23882e-29  8.26341e-05
8.506110431e-01  7.7351052e-05  1.00000e+00  8.26297e-05 -0.00000e+00 -3.27486e-29  8.26297e-05
8.507811654e-01  7.7288505e-05  1.00000e+00  8.26249e-05 -0.00000e+00 -3.31128e-29  8.26249e-05
8.509513216e-01  7.7293626e-05  1.00000e+00  8.26200e-05 -0.00000e+00 -3.34809e-29  8.26200e-05
8.511215119e-01  7.7376965e-05  1.00000e+00  8.26153e-05 -0.00000e+00 -3.38532e-29  8.26153e-05
8.512917362e-01  7.7536818e-05  1.00000e+00  8.26114e-05 -0.00000e+00 -3.42299e-29  8.26114e-05
8.514619945e-01  7.7757904e-05  1.00000e+00  8.26087e-05 -0.00000e+00 -3.46113e-29  8.26087e-05
8.516322869e-01  7.8013410e-05  1.00000e+00  8.26074e-05 -0.00000e+00 -3.49974e-29  8.26074e-05
8.518026134e-01  7.8270042e-05  1.00000e+00  8.26077e-05 -0.00000e+00 -3.53884e-29  8.26077e-05
8.519729739e-01  7.8494679e-05  1.00000e+00  8.26095e-05 -0.00000e+00 -3.57844e-29  8.26095e-05
8.521433685e-01  7.8660538e-05  1.00000e+00  8.26124e-05 -0.00000e+00 -3.61852e-29  8.26124e-05
8.523137971e-01  7.8751585e-05  1.00000e+00  8.26160e-05 -0.00000e+00 -3.65906e-29  8.26160e-05
8.524842599e-01  7.8764191e-05  1.00000e+00  8.26200e-05 -0.00000e+00 -3.70007e-29  8.26200e-05
8.526547568e-01  7.8706611e-05  1.00000e+00  8.26238e-05 -0.00000e+00 -3.74151e-29  8.26238e-05
8.528252877e-01  7.8596641e-05  1.00000e+00  8.26271e-05 -0.00000e+00 -3.78338e-29  8.26271e-05
8.529958528e-01  7.8458484e-05  1.00000e+00  8.26296e-05 -0.00000e+00 -3.82568e-29  8.26296e-05
8.531664519e-01  7.8319052e-05  1.00000e+00  8.26313e-05 -0.00000e+00 -3.86840e-29  8.26313e-05
8.533370852e-01  7.8203846e-05  1.00000e+00  8.26323e-05 -0.00000e+00 -3.91156e-29  8.26323e-05
8.535077526e-01  7.8132943e-05  1.00000e+00  8.26327e-05 -0.00000e+00 -3.95516e-29  8.26327e-05
8.536784542e-01  7.8117548e-05  1.00000e+00  8.26328e-05 -0.00000e+00 -3.99923e-29  8.26328e-05
8.538491899e-01  7.8157849e-05  1.00000e+00  8.26330e-05 -0.00000e+00 -4.04379e-29  8.26330e-05
8.540199597e-01  7.8243171e-05  1.00000e+00  8.26336e-05 -0.00000e+00 -4.08886e-29  8.26336e-05
8.541907637e-01  7.8354589e-05  1.00000e+00  8.26348e-05 -0.00000e+00 -4.13446e-29  8.26348e-05
8.543616019e-01  7.8469859e-05  1.00000e+00  8.26367e-05 -0.00000e+00 -4.18058e-29  8.26367e-05
8.545324742e-01  7.8569203e-05  1.00000e+00  8.26392e-05 -0.00000e+00 -4.22725e-29  8.26392e-05
8.547033807e-01  7.8640225e-05  1.00000e+00  8.26422e-05 -0.00000e+00 -4.27445e-29  8.26422e-05
8.548743214e-01  7.8680366e-05  1.00000e+00  8.26456e-05 -0.00000e+00 -4.32218e-29  8.26456e-05
8.550452962e-01  7.8695823e-05  1.00000e+00  8.26491e-05 -0.00000e+00 -4.37045e-29  8.26491e-05
8.552163053e-01  7.8697684e-05  1.00000e+00  8.26526e-05 -0.00000e+00 -4.41924e-29  8.26526e-05
8.553873485e-01  7.8696362e-05  1.00000e+00  8.26561e-05 -0.00000e+00 -4.46857e-29  8.26561e-05
8.555584260e-01  7.8697339e-05  1.00000e+00  8.26596e-05 -0.00000e+00 -4.51843e-29  8.26596e-05
8.557295377e-01  7.8699254e-05  1.00000e+00  8.26631e-05 -0.00000e+00 -4.56885e-29  8.26631e-05
8.559006836e-01  7.8695406e-05  1.00000e+00  8.26666e-05 -0.00000e+00 -4.61981e-29  8.26666e-05
8.560718637e-01  7.8677624e-05  1.00000e+00  8.26701e-05 -0.00000e+00 -4.67133e-29  8.26701e-05
8.562430781e-01  7.8641012e-05  1.00000e+00  8.26733e-05 -0.00000e+00 -4.72340e-29  8.26733e-05
8.564143267e-01  7.8587253e-05  1.00000e+00  8.26763e-05 -0.00000e+00 -4.77602e-29  8.26763e-05
8.565856096e-01  7.8525278e-05  1.00000e+00  8.26789e-05 -0.00000e+00 -4.82920e-29  8.26789e-05
8.567569267e-01  7.8468854e-05  1.00000e+00  8.26812e-05 -0.00000e+00 -4.88294e-29  8.26812e-05
8.569282781e-01  7.8432157e-05  1.00000e+00  8.26832e-05 -0.00000e+00 -4.93724e-29  8.26832e-05
8.570996638e-01  7.8424876e-05  1.00000e+00  8.26850e-05 -0.00000e+00 -4.99214e-29  8.26850e-05
8.572710837e-01  7.8448753e-05  1.00000e+00  8.26869e-05 -0.00000e+00 -5.04764e-29  8.26869e-05
8.574425379e-01  7.8496840e-05  1.00000e+00  8.26890e-05 -0.00000e+00 -5.10376e-29  8.26890e-05
8.576140264e-01  7.8555607e-05  1.00000e+00  8.26914e-05 -0.00000e+00 -5.16052e-29  8.26914e-05
8.577855492e-01  7.8609181e-05  1.00000e+00  8.26942e-05 -0.00000e+00 -5.21791e-29  8.26942e-05
8.579571063e-01  7.8644245e-05  1.00000e+00  8.26972e-05 -0.00000e+00 -5.27595e-29  8.26972e-05
8.581286978e-01  7.8653854e-05  1.00000e+00  8.27004e-05 -0.00000e+00 -5.33462e-29  8.27004e-05
8.583003235e-01  7.8638982e-05  1.00000e+00  8.27035e-05 -0.00000e+00 -5.39393e-29  8.27035e-05
8.584719836e-01  7.8607647e-05  1.00000e+00  8.27065e-05 -0.00000e+00 -5.45388e-29  8.27065e-05
8.586436780e-01  7.8571859e-05  1.00000e+00  8.27092e-05 -0.00000e+00 -5.51447e-29  8.27092e-05
8.588154067e-01  7.8543515e-05  1.00000e+00  8.27118e-05 -0.00000e+00 -5.57571e-29  8.27118e-05
8.589871698e-01  7.8530738e-05  1.00000e+00  8.27143e-05 -0.00000e+00 -5.63761e-29  8.27143e-05
8.591589672e-01  7.8535592e-05  1.00000e+00  8.27167e-05 -0.00000e+00 -5.70018e-29  8.27167e-05
8.593307990e-01  7.8553999e-05  1.00000e+00  8.27191e-05 -0.00000e+00 -5.76344e-29  8.27191e-05
8.595026652e-01  7.8577565e-05  1.00000e+00  8.27217e-05 -0.00000e+00 -5.82739e-29  8.27217e-05
8.596745657e-01  7.8596775e-05  1.00000e+00  8.27245e-05 -0.00000e+00 -5.89205e-29  8.27245e-05
8.598465006e-01  7.8604193e-05  1.00000e+00  8.27273e-05 -0.00000e+00 -5.95742e-29  8.27273e-05
8.600184699e-01  7.8596666e-05  1.00000e+00  8.27301e-05 -0.00000e+00 -6.02350e-29  8.27301e-05
8.601904736e-01  7.8575838e-05  1.00000e+00  8.27328e-05 -0.00000e+00 -6.09029e-29  8.27328e-05
8.603625117e-01  7.8546924e-05  1.00000e+00  8.27353e-05 -0.00000e+00 -6.15780e-29  8.27353e-05
8.605345842e-01  7.8516496e-05  1.00000e+00  8.27377e-05 -0.00000e+00 -6.22603e-29  8.27377e-05
8.607066911e-01  7.8490112e-05  1.00000e+00  8.27399e-05 -0.00000e+00 -6.29499e-29  8.27399e-05
8.608788325e-01  7.8470723e-05  1.00000e+00  8.27419e-05 -0.00000e+00 -6.36468e-29  8.27419e-05
8.610510082e-01  7.8458278e-05  1.00000e+00  8.27439e-05 -0.00000e+00 -6.43513e-29  8.27439e-05
8.612232184e-01  7.8450536e-05  1.00000e+00  8.27458e-05 -0.00000e+00 -6.50634e-29  8.27458e-05
8.613954631e-01  7.8444640e-05  1.00000e+00  8.27476e-05 -0.00000e+00 -6.57831e-29  8.27476e-05
8.615677422e-01  7.8438671e-05  1.00000e+00  8.27495e-05 -0.00000e+00 -6.65107e-29  8.27495e-05
8.617400557e-01  7.8432648e-05  1.00000e+00  8.27513e-05 -0.00000e+00 -6.72461e-29  8.27513e-05
8.619124037e-01  7.8428572e-05  1.00000e+00  8.27530e-05 -0.00000e+00 -6.79895e-29  8.27530e-05
8.620847862e-01  7.8429586e-05  1.00000e+00  8.27548e-05 -0.00000e+00 -6.87410e-29  8.27548e-05
8.622572032e-01  7.8438603e-05  1.00000e+00  8.27565e-05 -0.00000e+00 -6.95006e-29  8.27565e-05
8.624296546e-01  7.8457041e-05  1.00000e+00  8.27584e-05 -0.00000e+00 -7.02686e-29  8.27584e-05
8.626021405e-01  7.8484069e-05  1.00000e+00  8.27604e-05 -0.00000e+00 -7.10450e-29  8.27604e-05
8.627746610e-01  7.8516651e-05  1.00000e+00  8.27625e-05 -0.00000e+00 -7.18300e-29  8.27625e-05
8.629472159e-01  7.8550290e-05  1.00000e+00  8.27649e-05 -0.00000e+00 -7.26236e-29  8.27649e-05
8.631198053e-01  7.8580180e-05  1.00000e+00  8.27674e-05 -0.00000e+00 -7.34261e-29  8.27674e-05
8.632924293e-01  7.8602275e-05  1.00000e+00  8.27701e-05 -0.00000e+00 -7.42373e-29  8.27701e-05
8.634650878e-01  7.8614060e-05  1.00000e+00  8.27729e-05 -0.00000e+00 -7.50574e-29  8.27729e-05
8.636377808e-01  7.8614757e-05  1.00000e+00  8.27757e-05 -0.00000e+00 -7.58865e-29  8.27757e-05
8.638105084e-01  7.8605097e-05  1.00000e+00  8.27785e-05 -0.00000e+00 -7.67245e-29  8.27785e-05
8.639832705e-01  7.8586837e-05  1.00000e+00  8.27812e-05 -0.00000e+00 -7.75714e-29  8.27812e-05
8.641560671e-01  7.8562240e-05  1.00000e+00  8.27838e-05 -0.00000e+00 -7.84275e-29  8.27838e-05
8.643288983e-01  7.8533692e-05  1.00000e+00  8.27862e-05 -0.00000e+00 -7.92926e-29  8.27862e-05
8.645017641e-01  7.8503496e-05  1.00000e+00  8.27884e-05 -0.00000e+00 -8.01669e-29  8.27884e-05
8.646746645e-01  7.8473794e-05  1.00000e+00  8.27904e-05 -0.00000e+00 -8.10505e-29  8.27904e-05
8.648475994e-01  7.8446535e-05  1.00000e+00  8.27923e-05 -0.00000e+00 -8.19435e-29  8.27923e-05
8.650205689e-01  7.8423438e-05  1.00000e+00  8.27940e-05 -0.00000e+00 -8.28461e-29  8.27940e-05
8.651935730e-01  7.8405877e-05  1.00000e+00  8.27957e-05 -0.00000e+00 -8.37582e-29  8.27957e-05
8.653666117e-01  7.8394753e-05  1.00000e+00  8.27972e-05 -0.00000e+00 -8.46802e-29  8.27972e-05
8.655396851e-01  7.8390365e-05  1.00000e+00  8.27986e-05 -0.00000e+00 -8.56120e-29  8.27986e-05
8.657127930e-01  7.8392319e-05  1.00000e+00  8.28001e-05 -0.00000e+00 -8.65539e-29  8.28001e-05
8.658859356e-01  7.8399575e-05  1.00000e+00  8.28016e-05 -0.00000e+00 -8.75061e-29  8.28016e-05
8.660591127e-01  7.8410592e-05  1.00000e+00  8.28032e-05 -0.00000e+00 -8.84685e-29  8.28032e-05
8.662323246e-01  7.8423579e-05  1.00000e+00  8.28048e-05 -0.00000e+00 -8.94415e-29  8.28048e-05
8.664055710e-01  7.8436787e-05  1.00000e+00  8.28065e-05 -0.00000e+00 -9.04250e-29  8.28065e-05
8.665788521e-01  7.8448740e-05  1.00000e+00  8.28083e-05 -0.00000e+00 -9.14192e-29  8.28083e-05
8.667521679e-01  7.8458334e-05  1.00000e+00  8.28101e-05 -0.00000e+00 -9.24242e-29  8.28101e-05
8.669255183e-01  7.8464776e-05  1.00000e+00  8.28120e-05 -0.00000e+00 -9.34401e-29  8.28120e-05
8.670989034e-01  7.8467437e-05  1.00000e+00  8.28139e-05 -0.00000e+00 -9.44670e-29  8.28139e-05
8.672723232e-01  7.8465707e-05  1.00000e+00  8.28158e-05 -0.00000e+00 -9.55050e-29  8.28158e-05
8.674457777e-01  7.8458956e-05  1.00000e+00  8.28177e-05 -0.00000e+00 -9.65541e-29  8.28177e-05
8.676192668e-01  7.8446725e-05  1.00000e+00  8.28196e-05 -0.00000e+00 -9.76145e-29  8.28196e-05
8.677927907e-01  7.8429078e-05  1.00000e+00  8.28213e-05 -0.00000e+00 -9.86861e-29  8.28213e-05
8.679663493e-01  7.8407024e-05  1.00000e+00  8.28229e-05 -0.00000e+00 -9.97692e-29  8.28229e-05
8.681399425e-01  7.8382781e-05  1.00000e+00  8.28244e-05 -0.00000e+00 -1.00864e-28  8.28244e-05
8.683135705e-01  7.8359720e-05  1.00000e+00  8.28258e-05 -0.00000e+00 -1.01970e-28  8.28258e-05
8.684872332e-01  7.8341762e-05  1.00000e+00  8.28270e-05 -0.00000e+00 -1.03088e-28  8.28270e-05
8.686609307e-01  7.8332410e-05  1.00000e+00  8.28282e-05 -0.00000e+00 -1.04218e-28  8.28282e-05
8.688346629e-01  7.8333615e-05  1.00000e+00  8.28293e-05 -0.00000e+00 -1.05360e-28  8.28293e-05
8.690084298e-01  7.8344904e-05  1.00000e+00  8.28305e-05 -0.00000e+00 -1.06514e-28  8.28305e-05
8.691822315e-01  7.8363163e-05  1.00000e+00  8.28317e-05 -0.00000e+00 -1.07681e-28  8.28317e-05
8.693560679e-01  7.8383236e-05  1.00000e+00  8.28331e-05 -0.00000e+00 -1.08861e-28  8.28331e-05
8.695299391e-01  7.8399230e-05  1.00000e+00  8.28346e-05 -0.00000e+00 -1.10053e-28  8.28346e-05
8.697038451e-01  7.8406084e-05  1.00000e+00  8.28362e-05 -0.00000e+00 -1.11258e-28  8.28362e-05
8.698777859e-01  7.8400921e-05  1.00000e+00  8.28378e-05 -0.00000e+00 -1.12477e-28  8.28378e-05
8.700517615e-01  7.8383772e-05  1.00000e+00  8.28393e-05 -0.00000e+00 -1.13708e-28  8.28393e-05
8.702257718e-01  7.8357533e-05  1.00000e+00  8.28406e-05 -0.00000e+00 -1.14952e-28  8.28406e-05
8.703998170e-01  7.8327276e-05  1.00000e+00  8.28418e-05 -0.00000e+00 -1.16210e-28  8.28418e-05
8.705738969e-01  7.8299131e-05  1.00000e+00  8.28429e-05 -0.00000e+00 -1.17480e-28  8.28429e-05
8.707480117e-01  7.8279018e-05  1.00000e+00  8.28438e-05 -0.00000e+00 -1.18764e-28  8.28438e-05
8.709221613e-01  7.8271433e-05  1.00000e+00  8.28446e-05 -0.00000e+00 -1.20062e-28  8.28446e-05
8.710963457e-01  7.8278454e-05  1.00000e+00  8.28454e-05 -0.00000e+00 -1.21374e-28  8.28454e-05
8.712705650e-01  7.8299183e-05  1.00000e+00  8.28463e-05 -0.00000e+00 -1.22700e-28  8.28463e-05
8.714448191e-01  7.8329801e-05  1.00000e+00  8.28474e-05 -0.00000e+00 -1.24040e-28  8.28474e-05
8.716191081e-01  7.8364340e-05  1.00000e+00  8.28487e-05 -0.00000e+00 -1.25395e-28  8.28487e-05
8.717934319e-01  7.8396054e-05  1.00000e+00  8.28501e-05 -0.00000e+00 -1.26765e-28  8.28501e-05
8.719677906e-01  7.8419044e-05  1.00000e+00  8.28518e-05 -0.00000e+00 -1.28150e-28  8.28518e-05
8.721421842e-01  7.8429624e-05  1.00000e+00  8.28535e-05 -0.00000e+00 -1.29550e-28  8.28535e-05
8.723166126e-01  7.8427013e-05  1.00000e+00  8.28552e-05 -0.00000e+00 -1.30965e-28  8.28552e-05
8.724910759e-01  7.8413165e-05  1.00000e+00  8.28569e-05 -0.00000e+00 -1.32395e-28  8.28569e-05
8.726655741e-01  7.8391884e-05  1.00000e+00  8.28585e-05 -0.00000e+00 -1.33840e-28  8.28585e-05
8.728401072e-01  7.8367589e-05  1.00000e+00  8.28600e-05 -0.00000e+00 -1.35300e-28  8.28600e-05
8.730146753e-01  7.8344170e-05  1.00000e+00  8.28613e-05 -0.00000e+00 -1.36776e-28  8.28613e-05
8.731892782e-01  7.8324234e-05  1.00000e+00  8.28625e-05 -0.00000e+00 -1.38267e-28  8.28625e-05
8.733639161e-01  7.8308869e-05  1.00000e+00  8.28636e-05 -0.00000e+00 -1.39774e-28  8.28636e-05
8.735385888e-01  7.8297849e-05  1.00000e+00  8.28646e-05 -0.00000e+00 -1.41297e-28  8.28646e-05
8.737132966e-01  7.8290090e-05  1.00000e+00  8.28656e-05 -0.00000e+00 -1.42836e-28  8.28656e-05
8.738880392e-01  7.8284187e-05  1.00000e+00  8.28665e-05 -0.00000e+00 -1.44392e-28  8.28665e-05
8.740628168e-01  7.8278836e-05  1.00000e+00  8.28675e-05 -0.00000e+00 -1.45964e-28  8.28675e-05
8.742376294e-01  7.8273095e-05  1.00000e+00  8.28683e-05 -0.00000e+00 -1.47553e-28  8.28683e-05
8.744124769e-01  7.8266452e-05  1.00000e+00  8.28692e-05 -0.00000e+00 -1.49159e-28  8.28692e-05
8.745873594e-01  7.8258753e-05  1.00000e+00  8.28700e-05 -0.00000e+00 -1.50782e-28  8.28700e-05
8.747622769e-01  7.8250105e-05  1.00000e+00  8.28708e-05 -0.00000e+00 -1.52422e-28  8.28708e-05
8.749372293e-01  7.8240841e-05  1.00000e+00  8.28715e-05 -0.00000e+00 -1.54080e-28  8.28715e-05
8.751122168e-01  7.8231506e-05  1.00000e+00  8.28722e-05 -0.00000e+00 -1.55755e-28  8.28722e-05
8.752872392e-01  7.8222877e-05  1.00000e+00  8.28728e-05 -0.00000e+00 -1.57448e-28  8.28728e-05
8.754622967e-01  7.8215921e-05  1.00000e+00  8.28734e-05 -0.00000e+00 -1.59159e-28  8.28734e-05
8.756373891e-01  7.8211539e-05  1.00000e+00  8.28739e-05 -0.00000e+00 -1.60889e-28  8.28739e-05
8.758125166e-01  7.8210255e-05  1.00000e+00  8.28745e-05 -0.00000e+00 -1.62636e-28  8.28745e-05
8.759876791e-01  7.8211852e-05  1.00000e+00  8.28751e-05 -0.00000e+00 -1.64403e-28  8.28751e-05
8.761628766e-01  7.8215199e-05  1.00000e+00  8.28756e-05 -0.00000e+00 -1.66188e-28  8.28756e-05
8.763381092e-01  7.8218311e-05  1.00000e+00  8.28762e-05 -0.00000e+00 -1.67992e-28  8.28762e-05
8.765133768e-01  7.8218743e-05  1.00000e+00  8.28769e-05 -0.00000e+00 -1.69815e-28  8.28769e-05
8.766886795e-01  7.8214153e-05  1.00000e+00  8.28775e-05 -0.00000e+00 -1.71658e-28  8.28775e-05
8.768640173e-01  7.8202996e-05  1.00000e+00  8.28781e-05 -0.00000e+00 -1.73521e-28  8.28781e-05
8.770393901e-01  7.8185049e-05  1.00000e+00  8.28786e-05 -0.00000e+00 -1.75403e-28  8.28786e-05
8.772147979e-01  7.8161801e-05  1.00000e+00  8.28789e-05 -0.00000e+00 -1.77304e-28  8.28789e-05
8.773902409e-01  7.8136380e-05  1.00000e+00  8.28792e-05 -0.00000e+00 -1.79226e-28  8.28792e-05
8.775657189e-01  7.8113061e-05  1.00000e+00  8.28793e-05 -0.00000e+00 -1.81168e-28  8.28793e-05
8.777412321e-01  7.8096275e-05  1.00000e+00  8.28793e-05 -0.00000e+00 -1.83130e-28  8.28793e-05
8.779167803e-01  7.8089327e-05  1.00000e+00  8.28793e-05 -0.00000e+00 -1.85113e-28  8.28793e-05
8.780923637e-01  7.8093210e-05  1.00000e+00  8.28792e-05 -0.00000e+00 -1.87117e-28  8.28792e-05
8.782679822e-01  7.8105843e-05  1.00000e+00  8.28792e-05 -0.00000e+00 -1.89143e-28  8.28792e-05
8.784436358e-01  7.8122218e-05  1.00000e+00  8.28793e-05 -0.00000e+00 -1.91190e-28  8.28793e-05
8.786193245e-01  7.8135445e-05  1.00000e+00  8.28795e-05 -0.00000e+00 -1.93260e-28  8.28795e-05
8.787950484e-01  7.8138533e-05  1.00000e+00  8.28798e-05 -0.00000e+00 -1.95351e-28  8.28798e-05
8.789708074e-01  7.8126342e-05  1.00000e+00  8.28800e-05 -0.00000e+00 -1.97464e-28  8.28800e-05
8.791466015e-01  7.8097128e-05  1.00000e+00  8.28801e-05 -0.00000e+00 -1.99600e-28  8.28801e-05
8.793224308e-01  7.8053185e-05  1.00000e+00  8.28800e-05 -0.00000e+00 -2.01758e-28  8.28800e-05
8.794982953e-01  7.8000293e-05  1.00000e+00  8.28797e-05 -0.00000e+00 -2.03938e-28  8.28797e-05
8.796741950e-01  7.7946045e-05  1.00000e+00  8.28790e-05 -0.00000e+00 -2.06140e-28  8.28790e-05
8.798501298e-01  7.7897493e-05  1.00000e+00  8.28781e-05 -0.00000e+00 -2.08365e-28  8.28781e-05
8.800260999e-01  7.7858920e-05  1.00000e+00  8.28769e-05 -0.00000e+00 -2.10612e-28  8.28769e-05
8.802021051e-01  7.7830400e-05  1.00000e+00  8.28756e-05 -0.00000e+00 -2.12884e-28  8.28756e-05
8.803781455e-01  7.7807941e-05  1.00000e+00  8.28741e-05 -0.00000e+00 -2.15179e-28  8.28741e-05
8.805542211e-01  7.7785117e-05  1.00000e+00  8.28725e-05 -0.00000e+00 -2.17497e-28  8.28725e-05
8.807303320e-01  7.7755749e-05  1.00000e+00  8.28707e-05 -0.00000e+00 -2.19840e-28  8.28707e-05
8.809064780e-01  7.7716631e-05  1.00000e+00  8.28688e-05 -0.00000e+00 -2.22208e-28  8.28688e-05
8.810826593e-01  7.7669279e-05  1.00000e+00  8.28667e-05 -0.00000e+00 -2.24599e-28  8.28667e-05
8.812588759e-01  7.7619972e-05  1.00000e+00  8.28643e-05 -0.00000e+00 -2.27016e-28  8.28643e-05
8.814351276e-01  7.7578019e-05  1.00000e+00  8.28616e-05 -0.00000e+00 -2.29456e-28  8.28616e-05
8.816114147e-01  7.7552748e-05  1.00000e+00  8.28588e-05 -0.00000e+00 -2.31923e-28  8.28588e-05
8.817877369e-01  7.7550323e-05  1.00000e+00  8.28559e-05 -0.00000e+00 -2.34415e-28  8.28559e-05
8.819640945e-01  7.7571550e-05  1.00000e+00  8.28531e-05 -0.00000e+00 -2.36934e-28  8.28531e-05
8.821404873e-01  7.7611743e-05  1.00000e+00  8.28505e-05 -0.00000e+00 -2.39480e-28  8.28505e-05
8.823169154e-01  7.7662718e-05  1.00000e+00  8.28482e-05 -0.00000e+00 -2.42053e-28  8.28482e-05
8.824933788e-01  7.7716382e-05  1.00000e+00  8.28462e-05 -0.00000e+00 -2.44655e-28  8.28462e-05
8.826698775e-01  7.7768605e-05  1.00000e+00  8.28446e-05 -0.00000e+00 -2.47285e-28  8.28446e-05
8.828464114e-01  7.7820905e-05  1.00000e+00  8.28433e-05 -0.00000e+00 -2.49944e-28  8.28433e-05
8.830229807e-01  7.7879544e-05  1.00000e+00  8.28423e-05 -0.00000e+00 -2.52632e-28  8.28423e-05
8.831995853e-01  7.7951749e-05  1.00000e+00  8.28417e-05 -0.00000e+00 -2.55350e-28  8.28417e-05
8.833762252e-01  7.8040662e-05  1.00000e+00  8.28415e-05 -0.00000e+00 -2.58098e-28  8.28415e-05
8.835529005e-01  7.8141339e-05  1.00000e+00  8.28420e-05 -0.00000e+00 -2.60876e-28  8.28420e-05
8.837296111e-01  7.8239481e-05  1.00000e+00  8.28430e-05 -0.00000e+00 -2.63686e-28  8.28430e-05
8.839063570e-01  7.8313760e-05  1.00000e+00  8.28446e-05 -0.00000e+00 -2.66527e-28  8.28446e-05
8.840831383e-01  7.8341003e-05  1.00000e+00  8.28464e-05 -0.00000e+00 -2.69399e-28  8.28464e-05
8.842599549e-01  7.8302439e-05  1.00000e+00  8.28482e-05 -0.00000e+00 -2.72301e-28  8.28482e-05
8.844368069e-01  7.8189399e-05  1.00000e+00  8.28496e-05 -0.00000e+00 -2.75232e-28  8.28496e-05
8.846136942e-01  7.8006812e-05  1.00000e+00  8.28502e-05 -0.00000e+00 -2.78191e-28  8.28502e-05
8.847906170e-01  7.7774294e-05  1.00000e+00  8.28495e-05 -0.00000e+00 -2.81177e-28  8.28495e-05
8.849675751e-01  7.7523539e-05  1.00000e+00  8.28474e-05 -0.00000e+00 -2.84189e-28  8.28474e-05
8.851445686e-01  7.7293187e-05  1.00000e+00  8.28440e-05 -0.00000e+00 -2.87228e-28  8.28440e-05
8.853215975e-01  7.7121016e-05  1.00000e+00  8.28393e-05 -0.00000e+00 -2.90295e-28  8.28393e-05
8.854986619e-01  7.7035251e-05  1.00000e+00  8.28340e-05 -0.00000e+00 -2.93392e-28  8.28340e-05
8.856757616e-01  7.7047274e-05  1.00000e+00  8.28285e-05 -0.00000e+00 -2.96522e-28  8.28285e-05
8.858528967e-01  7.7148093e-05  1.00000e+00  8.28233e-05 -0.00000e+00 -2.99685e-28  8.28233e-05
8.860300673e-01  7.7310258e-05  1.00000e+00  8.28190e-05 -0.00000e+00 -3.02886e-28  8.28190e-05
8.862072733e-01  7.7494924e-05  1.00000e+00  8.28157e-05 -0.00000e+00 -3.06123e-28  8.28157e-05
8.863845148e-01  7.7661943e-05  1.00000e+00  8.28135e-05 -0.00000e+00 -3.09398e-28  8.28135e-05
8.865617917e-01  7.7780077e-05  1.00000e+00  8.28121e-05 -0.00000e+00 -3.12711e-28  8.28121e-05
8.867391040e-01  7.7834304e-05  1.00000e+00  8.28113e-05 -0.00000e+00 -3.16060e-28  8.28113e-05
8.869164519e-01  7.7829197e-05  1.00000e+00  8.28106e-05 -0.00000e+00 -3.19445e-28  8.28106e-05
8.870938352e-01  7.7787556e-05  1.00000e+00  8.28098e-05 -0.00000e+00 -3.22865e-28  8.28098e-05
8.872712539e-01  7.7745167e-05  1.00000e+00  8.28087e-05 -0.00000e+00 -3.26319e-28  8.28087e-05
8.874487082e-01  7.7741738e-05  1.00000e+00  8.28075e-05 -0.00000e+00 -3.29810e-28  8.28075e-05
8.876261979e-01  7.7809670e-05  1.00000e+00  8.28065e-05 -0.00000e+00 -3.33338e-28  8.28065e-05
8.878037232e-01  7.7962489e-05  1.00000e+00  8.28061e-05 -0.00000e+00 -3.36906e-28  8.28061e-05
8.879812839e-01  7.8187244e-05  1.00000e+00  8.28069e-05 -0.00000e+00 -3.40517e-28  8.28069e-05
8.881588802e-01  7.8444264e-05  1.00000e+00  8.28090e-05 -0.00000e+00 -3.44171e-28  8.28090e-05
8.883365119e-01  7.8676286e-05  1.00000e+00  8.28126e-05 -0.00000e+00 -3.47870e-28  8.28126e-05
8.885141792e-01  7.8825206e-05  1.00000e+00  8.28173e-05 -0.00000e+00 -3.51612e-28  8.28173e-05
8.886918821e-01  7.8850745e-05  1.00000e+00  8.28226e-05 -0.00000e+00 -3.55396e-28  8.28226e-05
8.888696204e-01  7.8744279e-05  1.00000e+00  8.28275e-05 -0.00000e+00 -3.59217e-28  8.28275e-05
8.890473944e-01  7.8532319e-05  1.00000e+00  8.28315e-05 -0.00000e+00 -3.63074e-28  8.28315e-05
8.892252038e-01  7.8268209e-05  1.00000e+00  8.28342e-05 -0.00000e+00 -3.66966e-28  8.28342e-05
8.894030489e-01  7.8015013e-05  1.00000e+00  8.28352e-05 -0.00000e+00 -3.70891e-28  8.28352e-05
8.895809295e-01  7.7825532e-05  1.00000e+00  8.28350e-05 -0.00000e+00 -3.74852e-28  8.28350e-05
8.897588457e-01  7.7726951e-05  1.00000e+00  8.28340e-05 -0.00000e+00 -3.78851e-28  8.28340e-05
8.899367975e-01  7.7714178e-05  1.00000e+00  8.28326e-05 -0.00000e+00 -3.82891e-28  8.28326e-05
8.901147848e-01  7.7752951e-05  1.00000e+00  8.28314e-05 -0.00000e+00 -3.86975e-28  8.28314e-05
8.902928078e-01  7.7792871e-05  1.00000e+00  8.28304e-05 -0.00000e+00 -3.91102e-28  8.28304e-05
8.904708663e-01  7.7782456e-05  1.00000e+00  8.28295e-05 -0.00000e+00 -3.95272e-28  8.28295e-05
8.906489605e-01  7.7683246e-05  1.00000e+00  8.28284e-05 -0.00000e+00 -3.99485e-28  8.28284e-05
8.908270903e-01  7.7477967e-05  1.00000e+00  8.28264e-05 -0.00000e+00 -4.03736e-28  8.28264e-05
8.910052557e-01  7.7169653e-05  1.00000e+00  8.28230e-05 -0.00000e+00 -4.08025e-28  8.28230e-05
8.911834568e-01  7.6773590e-05  1.00000e+00  8.28175e-05 -0.00000e+00 -4.12347e-28  8.28175e-05
8.913616935e-01  7.6305339e-05  1.00000e+00  8.28096e-05 -0.00000e+00 -4.16702e-28  8.28096e-05
8.915399658e-01  7.5771869e-05  1.00000e+00  8.27989e-05 -0.00000e+00 -4.21087e-28  8.27989e-05
8.917182738e-01  7.5168606e-05  1.00000e+00  8.27850e-05 -0.00000e+00 -4.25500e-28  8.27850e-05
8.918966174e-01  7.4487354e-05  1.00000e+00  8.27674e-05 -0.00000e+00 -4.29940e-28  8.27674e-05
8.920749968e-01  7.3732890e-05  1.00000e+00  8.27458e-05 -0.00000e+00 -4.34403e-28  8.27458e-05
8.922534118e-01  7.2940611e-05  1.00000e+00  8.27199e-05 -0.00000e+00 -4.38888e-28  8.27199e-05
8.924318625e-01  7.2180209e-05  1.00000e+00  8.26896e-05 -0.00000e+00 -4.43396e-28  8.26896e-05
8.926103488e-01  7.1544701e-05  1.00000e+00  8.26554e-05 -0.00000e+00 -4.47929e-28  8.26554e-05
8.927888709e-01  7.1117253e-05  1.00000e+00  8.26183e-05 -0.00000e+00 -4.52492e-28  8.26183e-05
8.929674287e-01  7.0928373e-05  1.00000e+00  8.25797e-05 -0.00000e+00 -4.57093e-28  8.25797e-05
8.931460222e-01  7.0925439e-05  1.00000e+00  8.25407e-05 -0.00000e+00 -4.61740e-28  8.25407e-05
8.933246514e-01  7.0959332e-05  1.00000e+00  8.25022e-05 -0.00000e+00 -4.66435e-28  8.25022e-05
8.935033163e-01  7.0808750e-05  1.00000e+00  8.24637e-05 -0.00000e+00 -4.71176e-28  8.24637e-05
8.936820170e-01  7.0230636e-05  1.00000e+00  8.24234e-05 -0.00000e+00 -4.75951e-28  8.24234e-05
8.938607534e-01  6.9025306e-05  1.00000e+00  8.23783e-05 -0.00000e+00 -4.80741e-28  8.23783e-05
8.940395255e-01  6.7098759e-05  1.00000e+00  8.23245e-05 -0.00000e+00 -4.85522e-28  8.23245e-05
8.942183334e-01  6.4494799e-05  1.00000e+00  8.22580e-05 -0.00000e+00 -4.90269e-28  8.22580e-05
8.943971771e-01  6.1398427e-05  1.00000e+00  8.21754e-05 -0.00000e+00 -4.94961e-28  8.21754e-05
8.945760565e-01  5.8096389e-05  1.00000e+00  8.20747e-05 -0.00000e+00 -4.99585e-28  8.20747e-05
8.947549717e-01  5.4907626e-05  1.00000e+00  8.19557e-05 -0.00000e+00 -5.04139e-28  8.19557e-05
8.949339227e-01  5.2109310e-05  1.00000e+00  8.18200e-05 -0.00000e+00 -5.08632e-28  8.18200e-05
8.951129095e-01  4.9867517e-05  1.00000e+00  8.16706e-05 -0.00000e+00 -5.13079e-28  8.16706e-05
8.952919321e-01  4.8222156e-05  1.00000e+00  8.15108e-05 -0.00000e+00 -5.17501e-28  8.15108e-05
8.954709905e-01  4.7126493e-05  1.00000e+00  8.13440e-05 -0.00000e+00 -5.21916e-28  8.13440e-05
8.956500847e-01  4.6528561e-05  1.00000e+00  8.11732e-05 -0.00000e+00 -5.26344e-28  8.11732e-05
8.958292147e-01  4.6445188e-05  1.00000e+00  8.10014e-05 -0.00000e+00 -5.30803e-28  8.10014e-05
8.960083805e-01  4.6997471e-05  1.00000e+00  8.08318e-05 -0.00000e+00 -5.35316e-28  8.08318e-05
8.961875822e-01  4.8352780e-05  1.00000e+00  8.06686e-05 -0.00000e+00 -5.39911e-28  8.06686e-05
8.963668197e-01  5.0612655e-05  1.00000e+00  8.05165e-05 -0.00000e+00 -5.44626e-28  8.05165e-05
8.965460931e-01  5.3679810e-05  1.00000e+00  8.03807e-05 -0.00000e+00 -5.49495e-28  8.03807e-05
8.967254023e-01  5.7169219e-05  1.00000e+00  8.02647e-05 -0.00000e+00 -5.54544e-28  8.02647e-05
8.969047474e-01  6.0418757e-05  1.00000e+00  8.01691e-05 -0.00000e+00 -5.59778e-28  8.01691e-05
8.970841283e-01  6.2578350e-05  1.00000e+00  8.00900e-05 -0.00000e+00 -5.65166e-28  8.00900e-05
8.972635452e-01  6.2796232e-05  1.00000e+00  8.00187e-05 -0.00000e+00 -5.70645e-28  8.00187e-05
8.974429979e-01  6.0431719e-05  1.00000e+00  7.99419e-05 -0.00000e+00 -5.76115e-28  7.99419e-05
8.976224865e-01  5.5289105e-05  1.00000e+00  7.98441e-05 -0.00000e+00 -5.81460e-28  7.98441e-05
8.978020110e-01  4.7801633e-05  1.00000e+00  7.97104e-05 -0.00000e+00 -5.86570e-28  7.97104e-05
8.979815714e-01  3.9124738e-05  1.00000e+00  7.95303e-05 -0.00000e+00 -5.91370e-28  7.95303e-05
8.981611677e-01  3.1040684e-05  1.00000e+00  7.93022e-05 -0.00000e+00 -5.95849e-28  7.93022e-05
8.983407999e-01  2.5638502e-05  1.00000e+00  7.90355e-05 -0.00000e+00 -6.00086e-28  7.90355e-05
8.985204681e-01  2.4799679e-05  1.00000e+00  7.87514e-05 -0.00000e+00 -6.04252e-28  7.87514e-05
8.987001722e-01  2.9589405e-05  1.00000e+00  7.84798e-05 -0.00000e+00 -6.08581e-28  7.84798e-05
8.988799122e-01  3.9803430e-05  1.00000e+00  7.82529e-05 -0.00000e+00 -6.13328e-28  7.82529e-05
8.990596882e-01  5.3870258e-05  1.00000e+00  7.80977e-05 -0.00000e+00 -6.18707e-28  7.80977e-05
8.992395001e-01  6.9205256e-05  1.00000e+00  7.80290e-05 -0.00000e+00 -6.24829e-28  7.80290e-05
8.994193480e-01  8.2960215e-05  1.00000e+00  7.80454e-05 -0.00000e+00 -6.31684e-28  7.80454e-05
8.995992319e-01  9.2865445e-05  1.00000e+00  7.81306e-05 -0.00000e+00 -6.39137e-28  7.81306e-05
8.997791517e-01  9.7856578e-05  1.00000e+00  7.82584e-05 -0.00000e+00 -6.46984e-28  7.82584e-05
8.999591076e-01  9.8233333e-05  1.00000e+00  7.84007e-05 -0.00000e+00 -6.55004e-28  7.84007e-05
9.001390994e-01  9.5314183e-05  1.00000e+00  7.85343e-05 -0.00000e+00 -6.63017e-28  7.85343e-05
9.003191272e-01  9.0796722e-05  1.00000e+00  7.86451e-05 -0.00000e+00 -6.70917e-28  7.86451e-05
9.004991910e-01  8.6130134e-05  1.00000e+00  7.87285e-05 -0.00000e+00 -6.78672e-28  7.87285e-05
9.006792909e-01  8.2156549e-05  1.00000e+00  7.87864e-05 -0.00000e+00 -6.86300e-28  7.87864e-05
9.008594267e-01  7.9123971e-05  1.00000e+00  7.88239e-05 -0.00000e+00 -6.93841e-28  7.88239e-05
9.010395986e-01  7.6962422e-05  1.00000e+00  7.88463e-05 -0.00000e+00 -7.01338e-28  7.88463e-05
9.012198065e-01  7.5618092e-05  1.00000e+00  7.88585e-05 -0.00000e+00 -7.08831e-28  7.88585e-05
9.014000505e-01  7.5264183e-05  1.00000e+00  7.88656e-05 -0.00000e+00 -7.16366e-28  7.88656e-05
9.015803305e-01  7.6297959e-05  1.00000e+00  7.88743e-05 -0.00000e+00 -7.24008e-28  7.88743e-05
9.017606466e-01  7.9175062e-05  1.00000e+00  7.88939e-05 -0.00000e+00 -7.31851e-28  7.88939e-05
9.019409987e-01  8.4178552e-05  1.00000e+00  7.89357e-05 -0.00000e+00 -7.40006e-28  7.89357e-05
9.021213869e-01  9.1241399e-05  1.00000e+00  7.90120e-05 -0.00000e+00 -7.48597e-28  7.90120e-05
9.023018112e-01  9.9874120e-05  1.00000e+00  7.91330e-05 -0.00000e+00 -7.57729e-28  7.91330e-05
9.024822715e-01  1.0920205e-04  1.00000e+00  7.93052e-05 -0.00000e+00 -7.67470e-28  7.93052e-05
9.026627680e-01  1.1810211e-04  1.00000e+00  7.95291e-05 -0.00000e+00 -7.77829e-28  7.95291e-05
9.028433006e-01  1.2539427e-04  1.00000e+00  7.97988e-05 -0.00000e+00 -7.88754e-28  7.97988e-05
9.030238692e-01  1.3005648e-04  1.00000e+00  8.01018e-05 -0.00000e+00 -8.00122e-28  8.01018e-05
9.032044740e-01  1.3142632e-04  1.00000e+00  8.04207e-05 -0.00000e+00 -8.11765e-28  8.04207e-05
9.033851149e-01  1.2935000e-04  1.00000e+00  8.07359e-05 -0.00000e+00 -8.23488e-28  8.07359e-05
9.035657919e-01  1.2420826e-04  1.00000e+00  8.10286e-05 -0.00000e+00 -8.35101e-28  8.10286e-05
9.037465051e-01  1.1682910e-04  1.00000e+00  8.12835e-05 -0.00000e+00 -8.46448e-28  8.12835e-05
9.039272544e-01  1.0827415e-04  1.00000e+00  8.14911e-05 -0.00000e+00 -8.57429e-28  8.14911e-05
9.041080398e-01  9.9576924e-05  1.00000e+00  8.16477e-05 -0.00000e+00 -8.68005e-28  8.16477e-05
9.042888614e-01  9.1529176e-05  1.00000e+00  8.17554e-05 -0.00000e+00 -8.78189e-28  8.17554e-05
9.044697192e-01  8.4545353e-05  1.00000e+00  8.18193e-05 -0.00000e+00 -8.88028e-28  8.18193e-05
9.046506131e-01  7.8675564e-05  1.00000e+00  8.18462e-05 -0.00000e+00 -8.97582e-28  8.18462e-05
9.048315433e-01  7.3691996e-05  1.00000e+00  8.18421e-05 -0.00000e+00 -9.06904e-28  8.18421e-05
9.050125096e-01  6.9226537e-05  1.00000e+00  8.18112e-05 -0.00000e+00 -9.16027e-28  8.18112e-05
9.051935121e-01  6.4884428e-05  1.00000e+00  8.17554e-05 -0.00000e+00 -9.24961e-28  8.17554e-05
9.053745508e-01  6.0337252e-05  1.00000e+00  8.16748e-05 -0.00000e+00 -9.33691e-28  8.16748e-05
9.055556257e-01  5.5378014e-05  1.00000e+00  8.15675e-05 -0.00000e+00 -9.42189e-28  8.15675e-05
9.057367368e-01  4.9968198e-05  1.00000e+00  8.14312e-05 -0.00000e+00 -9.50416e-28  8.14312e-05
9.059178842e-01  4.4289375e-05  1.00000e+00  8.12639e-05 -0.00000e+00 -9.58341e-28  8.12639e-05
9.060990677e-01  3.8761164e-05  1.00000e+00  8.10653e-05 -0.00000e+00 -9.65956e-28  8.10653e-05
9.062802875e-01  3.4022777e-05  1.00000e+00  8.08381e-05 -0.00000e+00 -9.73290e-28  8.08381e-05
9.064615436e-01  3.0829037e-05  1.00000e+00  8.05890e-05 -0.00000e+00 -9.80425e-28  8.05890e-05
9.066428359e-01  2.9860161e-05  1.00000e+00  8.03291e-05 -0.00000e+00 -9.87497e-28  8.03291e-05
9.068241645e-01  3.1519885e-05  1.00000e+00  8.00724e-05 -0.00000e+00 -9.94682e-28  8.00724e-05
9.070055293e-01  3.5748555e-05  1.00000e+00  7.98339e-05 -0.00000e+00 -1.00217e-27  7.98339e-05
9.071869304e-01  4.1992393e-05  1.00000e+00  7.96269e-05 -0.00000e+00 -1.01013e-27  7.96269e-05
9.073683678e-01  4.9332770e-05  1.00000e+00  7.94602e-05 -0.00000e+00 -1.01868e-27  7.94602e-05
9.075498415e-01  5.6751129e-05  1.00000e+00  7.93370e-05 -0.00000e+00 -1.02785e-27  7.93370e-05
9.077313514e-01  6.3428534e-05  1.00000e+00  7.92550e-05 -0.00000e+00 -1.03763e-27  7.92550e-05
9.079128977e-01  6.8953792e-05  1.00000e+00  7.92083e-05 -0.00000e+00 -1.04795e-27  7.92083e-05
9.080944803e-01  7.3349685e-05  1.00000e+00  7.91902e-05 -0.00000e+00 -1.05873e-27  7.91902e-05
9.082760992e-01  7.6919636e-05  1.00000e+00  7.91947e-05 -0.00000e+00 -1.06992e-27  7.91947e-05
9.084577544e-01  7.9997591e-05  1.00000e+00  7.92181e-05 -0.00000e+00 -1.08148e-27  7.92181e-05
9.086394460e-01  8.2736309e-05  1.00000e+00  7.92579e-05 -0.00000e+00 -1.09337e-27  7.92579e-05
9.088211739e-01  8.5017667e-05  1.00000e+00  7.93120e-05 -0.00000e+00 -1.10559e-27  7.93120e-05
9.090029381e-01  8.6538824e-05  1.00000e+00  7.93768e-05 -0.00000e+00 -1.11808e-27  7.93768e-05
9.091847387e-01  8.7009704e-05  1.00000e+00  7.94470e-05 -0.00000e+00 -1.13077e-27  7.94470e-05
9.093665756e-01  8.6364684e-05  1.00000e+00  7.95164e-05 -0.00000e+00 -1.14357e-27  7.95164e-05
9.095484489e-01  8.4885731e-05  1.00000e+00  7.95792e-05 -0.00000e+00 -1.15641e-27  7.95792e-05
9.097303586e-01  8.3164799e-05  1.00000e+00  7.96323e-05 -0.00000e+00 -1.16924e-27  7.96323e-05
9.099123047e-01  8.1922186e-05  1.00000e+00  7.96762e-05 -0.00000e+00 -1.18208e-27  7.96762e-05
9.100942872e-01  8.1734766e-05  1.00000e+00  7.97157e-05 -0.00000e+00 -1.19501e-27  7.97157e-05
9.102763060e-01  8.2799617e-05  1.00000e+00  7.97573e-05 -0.00000e+00 -1.20813e-27  7.97573e-05
9.104583613e-01  8.4831279e-05  1.00000e+00  7.98078e-05 -0.00000e+00 -1.22155e-27  7.98078e-05
9.106404530e-01  8.7131272e-05  1.00000e+00  7.98707e-05 -0.00000e+00 -1.23530e-27  7.98707e-05
9.108225810e-01  8.8834155e-05  1.00000e+00  7.99451e-05 -0.00000e+00 -1.24938e-27  7.99451e-05
9.110047456e-01  8.9211748e-05  1.00000e+00  8.00253e-05 -0.00000e+00 -1.26368e-27  8.00253e-05
9.111869465e-01  8.7917391e-05  1.00000e+00  8.01027e-05 -0.00000e+00 -1.27806e-27  8.01027e-05
9.113691839e-01  8.5047694e-05  1.00000e+00  8.01677e-05 -0.00000e+00 -1.29238e-27  8.01677e-05
9.115514577e-01  8.1009119e-05  1.00000e+00  8.02126e-05 -0.00000e+00 -1.30651e-27  8.02126e-05
9.117337680e-01  7.6269314e-05  1.00000e+00  8.02320e-05 -0.00000e+00 -1.32037e-27  8.02320e-05
9.119161148e-01  7.1129226e-05  1.00000e+00  8.02233e-05 -0.00000e+00 -1.33389e-27  8.02233e-05
9.120984980e-01  6.5677083e-05  1.00000e+00  8.01844e-05 -0.00000e+00 -1.34703e-27  8.01844e-05
9.122809177e-01  5.9953708e-05  1.00000e+00  8.01140e-05 -0.00000e+00 -1.35976e-27  8.01140e-05
9.124633739e-01  5.4235141e-05  1.00000e+00  8.00112e-05 -0.00000e+00 -1.37206e-27  8.00112e-05
9.126458666e-01  4.9260326e-05  1.00000e+00  7.98781e-05 -0.00000e+00 -1.38395e-27  7.98781e-05
9.128283957e-01  4.6221820e-05  1.00000e+00  7.97222e-05 -0.00000e+00 -1.39557e-27  7.97222e-05
9.130109614e-01  4.6442142e-05  1.00000e+00  7.95585e-05 -0.00000e+00 -1.40721e-27  7.95585e-05
9.131935636e-01  5.0838459e-05  1.00000e+00  7.94083e-05 -0.00000e+00 -1.41926e-27  7.94083e-05
9.133762023e-01  5.9397498e-05  1.00000e+00  7.92959e-05 -0.00000e+00 -1.43217e-27  7.92959e-05
9.135588776e-01  7.0904402e-05  1.00000e+00  7.92418e-05 -0.00000e+00 -1.44630e-27  7.92418e-05
9.137415893e-01  8.3077604e-05  1.00000e+00  7.92564e-05 -0.00000e+00 -1.46185e-27  7.92564e-05
9.139243377e-01  9.3128941e-05  1.00000e+00  7.93356e-05 -0.00000e+00 -1.47871e-27  7.93356e-05
9.141071225e-01  9.8583794e-05  1.00000e+00  7.94595e-05 -0.00000e+00 -1.49651e-27  7.94595e-05
9.142899439e-01  9.8085049e-05  1.00000e+00  7.95974e-05 -0.00000e+00 -1.51466e-27  7.95974e-05
9.144728019e-01  9.1896578e-05  1.00000e+00  7.97153e-05 -0.00000e+00 -1.53253e-27  7.97153e-05
9.146556965e-01  8.1924822e-05  1.00000e+00  7.97857e-05 -0.00000e+00 -1.54960e-27  7.97857e-05
9.148386276e-01  7.1205093e-05  1.00000e+00  7.97954e-05 -0.00000e+00 -1.56567e-27  7.97954e-05
9.150215954e-01  6.2996956e-05  1.00000e+00  7.97497e-05 -0.00000e+00 -1.58085e-27  7.97497e-05
9.152045997e-01  5.9782179e-05  1.00000e+00  7.96708e-05 -0.00000e+00 -1.59563e-27  7.96708e-05
9.153876406e-01  6.2487062e-05  1.00000e+00  7.95907e-05 -0.00000e+00 -1.61064e-27  7.95907e-05
9.155707181e-01  7.0201087e-05  1.00000e+00  7.95411e-05 -0.00000e+00 -1.62651e-27  7.95411e-05
9.157538323e-01  8.0487621e-05  1.00000e+00  7.95442e-05 -0.00000e+00 -1.64368e-27  7.95442e-05
9.159369830e-01  9.0181807e-05  1.00000e+00  7.96056e-05 -0.00000e+00 -1.66222e-27  7.96056e-05
9.161201704e-01  9.6402121e-05  1.00000e+00  7.97130e-05 -0.00000e+00 -1.68185e-27  7.97130e-05
9.163033945e-01  9.7429465e-05  1.00000e+00  7.98411e-05 -0.00000e+00 -1.70203e-27  7.98411e-05
9.164866551e-01  9.3183722e-05  1.00000e+00  7.99592e-05 -0.00000e+00 -1.72211e-27  7.99592e-05
9.166699525e-01  8.5165659e-05  1.00000e+00  8.00411e-05 -0.00000e+00 -1.74155e-27  8.00411e-05
9.168532865e-01  7.5919375e-05  1.00000e+00  8.00723e-05 -0.00000e+00 -1.76006e-27  8.00723e-05
9.170366571e-01  6.8225985e-05  1.00000e+00  8.00541e-05 -0.00000e+00 -1.77772e-27  8.00541e-05
9.172200645e-01  6.4292304e-05  1.00000e+00  8.00020e-05 -0.00000e+00 -1.79488e-27  8.00020e-05
9.174035085e-01  6.5180751e-05  1.00000e+00  7.99412e-05 -0.00000e+00 -1.81212e-27  7.99412e-05
9.175869892e-01  7.0622613e-05  1.00000e+00  7.98989e-05 -0.00000e+00 -1.83006e-27  7.98989e-05
9.177705066e-01  7.9235464e-05  1.00000e+00  7.98973e-05 -0.00000e+00 -1.84918e-27  7.98973e-05
9.179540607e-01  8.9029119e-05  1.00000e+00  7.99489e-05 -0.00000e+00 -1.86976e-27  7.99489e-05
9.181376515e-01  9.8002120e-05  1.00000e+00  8.00542e-05 -0.00000e+00 -1.89182e-27  8.00542e-05
9.183212790e-01  1.0466172e-04  1.00000e+00  8.02039e-05 -0.00000e+00 -1.91512e-27  8.02039e-05
9.185049433e-01  1.0830966e-04  1.00000e+00  8.03822e-05 -0.00000e+00 -1.93931e-27  8.03822e-05
9.186886443e-01  1.0906022e-04  1.00000e+00  8.05719e-05 -0.00000e+00 -1.96400e-27  8.05719e-05
9.188723820e-01  1.0763696e-04  1.00000e+00  8.07584e-05 -0.00000e+00 -1.98885e-27  8.07584e-05
9.190561565e-01  1.0504121e-04  1.00000e+00  8.09320e-05 -0.00000e+00 -2.01365e-27  8.09320e-05
9.192399677e-01  1.0220741e-04  1.00000e+00  8.10890e-05 -0.00000e+00 -2.03833e-27  8.10890e-05
9.194238157e-01  9.9734227e-05  1.00000e+00  8.12299e-05 -0.00000e+00 -2.06290e-27  8.12299e-05
9.196077004e-01  9.7767291e-05  1.00000e+00  8.13576e-05 -0.00000e+00 -2.08743e-27  8.13576e-05
9.197916220e-01  9.6046156e-05  1.00000e+00  8.14742e-05 -0.00000e+00 -2.11196e-27  8.14742e-05
9.199755803e-01  9.4088587e-05  1.00000e+00  8.15801e-05 -0.00000e+00 -2.13649e-27  8.15801e-05
9.201595754e-01  9.1448067e-05  1.00000e+00  8.16727e-05 -0.00000e+00 -2.16092e-27  8.16727e-05
9.203436073e-01  8.7936996e-05  1.00000e+00  8.17473e-05 -0.00000e+00 -2.18512e-27  8.17473e-05
9.205276761e-01  8.3735832e-05  1.00000e+00  8.17997e-05 -0.00000e+00 -2.20896e-27  8.17997e-05
9.207117816e-01  7.9359174e-05  1.00000e+00  8.18272e-05 -0.00000e+00 -2.23238e-27  8.18272e-05
9.208959240e-01  7.5492427e-05  1.00000e+00  8.18309e-05 -0.00000e+00 -2.25540e-27  8.18309e-05
9.210801031e-01  7.2776561e-05  1.00000e+00  8.18156e-05 -0.00000e+00 -2.27816e-27  8.18156e-05
9.212643192e-01  7.1609628e-05  1.00000e+00  8.17893e-05 -0.00000e+00 -2.30088e-27  8.17893e-05
9.214485720e-01  7.2035029e-05  1.00000e+00  8.17611e-05 -0.00000e+00 -2.32382e-27  8.17611e-05
9.216328617e-01  7.3737967e-05  1.00000e+00  8.17392e-05 -0.00000e+00 -2.34720e-27  8.17392e-05
9.218171883e-01  7.6137667e-05  1.00000e+00  8.17293e-05 -0.00000e+00 -2.37117e-27  8.17293e-05
9.220015517e-01  7.8545257e-05  1.00000e+00  8.17333e-05 -0.00000e+00 -2.39580e-27  8.17333e-05
9.221859521e-01  8.0336261e-05  1.00000e+00  8.17495e-05 -0.00000e+00 -2.42101e-27  8.17495e-05
9.223703893e-01  8.1090256e-05  1.00000e+00  8.17730e-05 -0.00000e+00 -2.44667e-27  8.17730e-05
9.225548633e-01  8.0662836e-05  1.00000e+00  8.17974e-05 -0.00000e+00 -2.47258e-27  8.17974e-05
9.227393743e-01  7.9184841e-05  1.00000e+00  8.18161e-05 -0.00000e+00 -2.49856e-27  8.18161e-05
9.229239222e-01  7.6985025e-05  1.00000e+00  8.18243e-05 -0.00000e+00 -2.52445e-27  8.18243e-05
9.231085070e-01  7.4487618e-05  1.00000e+00  8.18189e-05 -0.00000e+00 -2.55018e-27  8.18189e-05
9.232931287e-01  7.2106268e-05  1.00000e+00  8.17997e-05 -0.00000e+00 -2.57574e-27  8.17997e-05
9.234777873e-01  7.0170464e-05  1.00000e+00  8.17682e-05 -0.00000e+00 -2.60117e-27  8.17682e-05
9.236624828e-01  6.8895249e-05  1.00000e+00  8.17277e-05 -0.00000e+00 -2.62658e-27  8.17277e-05
9.238472153e-01  6.8392799e-05  1.00000e+00  8.16823e-05 -0.00000e+00 -2.65211e-27  8.16823e-05
9.240319848e-01  6.8694723e-05  1.00000e+00  8.16367e-05 -0.00000e+00 -2.67789e-27  8.16367e-05
9.242167912e-01  6.9776259e-05  1.00000e+00  8.15951e-05 -0.00000e+00 -2.70407e-27  8.15951e-05
9.244016345e-01  7.1555544e-05  1.00000e+00  8.15619e-05 -0.00000e+00 -2.73082e-27  8.15619e-05
9.245865149e-01  7.3883568e-05  1.00000e+00  8.15405e-05 -0.00000e+00 -2.75823e-27  8.15405e-05
9.247714322e-01  7.6530076e-05  1.00000e+00  8.15334e-05 -0.00000e+00 -2.78642e-27  8.15334e-05
9.249563865e-01  7.9194387e-05  1.00000e+00  8.15415e-05 -0.00000e+00 -2.81541e-27  8.15415e-05
9.251413777e-01  8.1550225e-05  1.00000e+00  8.15638e-05 -0.00000e+00 -2.84518e-27  8.15638e-05
9.253264060e-01  8.3303987e-05  1.00000e+00  8.15978e-05 -0.00000e+00 -2.87565e-27  8.15978e-05
9.255114713e-01  8.4241026e-05  1.00000e+00  8.16393e-05 -0.00000e+00 -2.90667e-27  8.16393e-05
9.256965736e-01  8.4232348e-05  1.00000e+00  8.16833e-05 -0.00000e+00 -2.93808e-27  8.16833e-05
9.258817129e-01  8.3193255e-05  1.00000e+00  8.17242e-05 -0.00000e+00 -2.96966e-27  8.17242e-05
9.260668892e-01  8.1025697e-05  1.00000e+00  8.17560e-05 -0.00000e+00 -3.00120e-27  8.17560e-05
9.262521026e-01  7.7586103e-05  1.00000e+00  8.17719e-05 -0.00000e+00 -3.03243e-27  8.17719e-05
9.264373530e-01  7.2725115e-05  1.00000e+00  8.17645e-05 -0.00000e+00 -3.06306e-27  8.17645e-05
9.266226405e-01  6.6389840e-05  1.00000e+00  8.17256e-05 -0.00000e+00 -3.09273e-27  8.17256e-05
9.268079650e-01  5.8774234e-05  1.00000e+00  8.16476e-05 -0.00000e+00 -3.12114e-27  8.16476e-05
9.269933266e-01  5.0406170e-05  1.00000e+00  8.15246e-05 -0.00000e+00 -3.14804e-27  8.15246e-05
9.271787253e-01  4.2148015e-05  1.00000e+00  8.13550e-05 -0.00000e+00 -3.17335e-27  8.13550e-05
9.273641610e-01  3.5037287e-05  1.00000e+00  8.11425e-05 -0.00000e+00 -3.19720e-27  8.11425e-05
9.275496339e-01  3.0031061e-05  1.00000e+00  8.08965e-05 -0.00000e+00 -3.21996e-27  8.08965e-05
9.277351438e-01  2.7708062e-05  1.00000e+00  8.06310e-05 -0.00000e+00 -3.24217e-27  8.06310e-05
9.279206908e-01  2.8033778e-05  1.00000e+00  8.03613e-05 -0.00000e+00 -3.26443e-27  8.03613e-05
9.281062750e-01  3.0289803e-05  1.00000e+00  8.01008e-05 -0.00000e+00 -3.28725e-27  8.01008e-05
9.282918962e-01  3.3220395e-05  1.00000e+00  7.98569e-05 -0.00000e+00 -3.31091e-27  7.98569e-05
9.284775546e-01  3.5323986e-05  1.00000e+00  7.96293e-05 -0.00000e+00 -3.33534e-27  7.96293e-05
9.286632501e-01  3.5252424e-05  1.00000e+00  7.94092e-05 -0.00000e+00 -3.36014e-27  7.94092e-05
9.288489828e-01  3.2149560e-05  1.00000e+00  7.91818e-05 -0.00000e+00 -3.38463e-27  7.91818e-05
9.290347526e-01  2.5843480e-05  1.00000e+00  7.89292e-05 -0.00000e+00 -3.40804e-27  7.89292e-05
9.292205595e-01  1.6817174e-05  1.00000e+00  7.86347e-05 -0.00000e+00 -3.42962e-27  7.86347e-05
9.294064036e-01  5.9596079e-06  1.00000e+00  7.82854e-05 -0.00000e+00 -3.44879e-27  7.82854e-05
9.295922849e-01 -5.7708293e-06  1.00000e+00  7.78741e-05 -0.00000e+00 -3.46518e-27  7.78741e-05
9.297782034e-01 -1.7644078e-05  1.00000e+00  7.73983e-05 -0.00000e+00 -3.47864e-27  7.73983e-05
9.299641590e-01 -2.9318659e-05  1.00000e+00  7.68588e-05 -0.00000e+00 -3.48913e-27  7.68588e-05
9.301501518e-01 -4.0771660e-05  1.00000e+00  7.62573e-05 -0.00000e+00 -3.49662e-27  7.62573e-05
9.303361819e-01 -5.2094602e-05  1.00000e+00  7.55950e-05 -0.00000e+00 -3.50108e-27  7.55950e-05
9.305222491e-01 -6.3210584e-05  1.00000e+00  7.48730e-05 -0.00000e+00 -3.50248e-27  7.48730e-05
9.307083535e-01 -7.3658697e-05  1.00000e+00  7.40939e-05 -0.00000e+00 -3.50088e-27  7.40939e-05
9.308944952e-01 -8.2533152e-05  1.00000e+00  7.32642e-05 -0.00000e+00 -3.49652e-27  7.32642e-05
9.310806741e-01 -8.8592005e-05  1.00000e+00  7.23962e-05 -0.00000e+00 -3.49001e-27  7.23962e-05
9.312668903e-01 -9.0524141e-05  1.00000e+00  7.15097e-05 -0.00000e+00 -3.48230e-27  7.15097e-05
9.314531436e-01 -8.7298725e-05  1.00000e+00  7.06309e-05 -0.00000e+00 -3.47472e-27  7.06309e-05
9.316394343e-01 -7.8501271e-05  1.00000e+00  6.97905e-05 -0.00000e+00 -3.46880e-27  6.97905e-05
9.318257621e-01 -6.4610805e-05  1.00000e+00  6.90185e-05 -0.00000e+00 -3.46609e-27  6.90185e-05
9.320121273e-01 -4.7116784e-05  1.00000e+00  6.83396e-05 -0.00000e+00 -3.46787e-27  6.83396e-05
9.321985297e-01 -2.8446997e-05  1.00000e+00  6.77671e-05 -0.00000e+00 -3.47482e-27  6.77671e-05
9.323849694e-01 -1.1646561e-05  1.00000e+00  6.72989e-05 -0.00000e+00 -3.48684e-27  6.72989e-05
9.325714464e-01  2.2358896e-07  1.00000e+00  6.69153e-05 -0.00000e+00 -3.50289e-27  6.69153e-05
9.327579607e-01  4.8442334e-06  1.00000e+00  6.65812e-05 -0.00000e+00 -3.52111e-27  6.65812e-05
9.329445123e-01  1.4294179e-06  1.00000e+00  6.62525e-05 -0.00000e+00 -3.53918e-27  6.62525e-05
9.331311012e-01 -8.7259025e-06  1.00000e+00  6.58867e-05 -0.00000e+00 -3.55487e-27  6.58867e-05
9.333177274e-01 -2.2210505e-05  1.00000e+00  6.54547e-05 -0.00000e+00 -3.56674e-27  6.54547e-05
9.335043910e-01 -3.4146895e-05  1.00000e+00  6.49511e-05 -0.00000e+00 -3.57465e-27  6.49511e-05
9.336910919e-01 -3.9432243e-05  1.00000e+00  6.43994e-05 -0.00000e+00 -3.58006e-27  6.43994e-05
9.338778301e-01 -3.4287090e-05  1.00000e+00  6.38485e-05 -0.00000e+00 -3.58587e-27  6.38485e-05
9.340646056e-01 -1.7609659e-05  1.00000e+00  6.33616e-05 -0.00000e+00 -3.59572e-27  6.33616e-05
9.342514186e-01  8.4538736e-06  1.00000e+00  6.29984e-05 -0.00000e+00 -3.61302e-27  6.29984e-05
9.344382688e-01  3.9050283e-05  1.00000e+00  6.27987e-05 -0.00000e+00 -3.64000e-27  6.27987e-05
9.346251565e-01  6.8138807e-05  1.00000e+00  6.27702e-05 -0.00000e+00 -3.67704e-27  6.27702e-05
9.348120815e-01  9.0562850e-05  1.00000e+00  6.28886e-05 -0.00000e+00 -3.72272e-27  6.28886e-05
9.349990439e-01  1.0371498e-04  1.00000e+00  6.31070e-05 -0.00000e+00 -3.77433e-27  6.31070e-05
9.351860438e-01  1.0815793e-04  1.00000e+00  6.33730e-05 -0.00000e+00 -3.82894e-27  6.33730e-05
9.353730810e-01  1.0689859e-04  1.00000e+00  6.36450e-05 -0.00000e+00 -3.88430e-27  6.36450e-05
9.355601556e-01  1.0366636e-04  1.00000e+00  6.39015e-05 -0.00000e+00 -3.93931e-27  6.39015e-05
9.357472676e-01  1.0114746e-04  1.00000e+00  6.41396e-05 -0.00000e+00 -3.99394e-27  6.41396e-05
9.359344171e-01  1.0001165e-04  1.00000e+00  6.43663e-05 -0.00000e+00 -4.04864e-27  6.43663e-05
9.361216039e-01  9.9121532e-05  1.00000e+00  6.45869e-05 -0.00000e+00 -4.10365e-27  6.45869e-05
9.363088283e-01  9.6723813e-05  1.00000e+00  6.47980e-05 -0.00000e+00 -4.15863e-27  6.47980e-05
9.364960900e-01  9.1838272e-05  1.00000e+00  6.49877e-05 -0.00000e+00 -4.21275e-27  6.49877e-05
9.366833892e-01  8.5111274e-05  1.00000e+00  6.51433e-05 -0.00000e+00 -4.26518e-27  6.51433e-05
9.368707259e-01  7.8753250e-05  1.00000e+00  6.52601e-05 -0.00000e+00 -4.31571e-27  6.52601e-05
9.370581001e-01  7.5721861e-05  1.00000e+00  6.53485e-05 -0.00000e+00 -4.36517e-27  6.53485e-05
9.372455117e-01  7.8690268e-05  1.00000e+00  6.54349e-05 -0.00000e+00 -4.41547e-27  6.54349e-05
9.374329608e-01  8.9262953e-05  1.00000e+00  6.55579e-05 -0.00000e+00 -4.46936e-27  6.55579e-05
9.376204474e-01  1.0766397e-04  1.00000e+00  6.57613e-05 -0.00000e+00 -4.52995e-27  6.57613e-05
9.378079715e-01  1.3283493e-04  1.00000e+00  6.60860e-05 -0.00000e+00 -4.60020e-27  6.60860e-05
9.379955331e-01  1.6265875e-04  1.00000e+00  6.65639e-05 -0.00000e+00 -4.68246e-27  6.65639e-05
9.381831322e-01  1.9420216e-04  1.00000e+00  6.72125e-05 -0.00000e+00 -4.77810e-27  6.72125e-05
9.383707688e-01  2.2394664e-04  1.00000e+00  6.80309e-05 -0.00000e+00 -4.88720e-27  6.80309e-05
9.385584430e-01  2.4810121e-04  1.00000e+00  6.89977e-05 -0.00000e+00 -5.00830e-27  6.89977e-05
9.387461546e-01  2.6313978e-04  1.00000e+00  7.00709e-05 -0.00000e+00 -5.13842e-27  7.00709e-05
9.389339039e-01  2.6648258e-04  1.00000e+00  7.11912e-05 -0.00000e+00 -5.27323e-27  7.11912e-05
9.391216907e-01  2.5712749e-04  1.00000e+00  7.22893e-05 -0.00000e+00 -5.40761e-27  7.22893e-05
9.393095150e-01  2.3602081e-04  1.00000e+00  7.32959e-05 -0.00000e+00 -5.53639e-27  7.32959e-05
9.394973769e-01  2.0591570e-04  1.00000e+00  7.41528e-05 -0.00000e+00 -5.65515e-27  7.41528e-05
9.396852764e-01  1.7077317e-04  1.00000e+00  7.48209e-05 -0.00000e+00 -5.76086e-27  7.48209e-05
9.398732134e-01  1.3485791e-04  1.00000e+00  7.52849e-05 -0.00000e+00 -5.85225e-27  7.52849e-05
9.400611881e-01  1.0185985e-04  1.00000e+00  7.55522e-05 -0.00000e+00 -5.92972e-27  7.55522e-05
9.402492003e-01  7.4275222e-05  1.00000e+00  7.56477e-05 -0.00000e+00 -5.99499e-27  7.56477e-05
9.404372502e-01  5.3167786e-05  1.00000e+00  7.56061e-05 -0.00000e+00 -6.05053e-27  7.56061e-05
9.406253376e-01  3.8251294e-05  1.00000e+00  7.54641e-05 -0.00000e+00 -6.09897e-27  7.54641e-05
9.408134627e-01  2.8206912e-05  1.00000e+00  7.52538e-05 -0.00000e+00 -6.14257e-27  7.52538e-05
9.410016254e-01  2.1026303e-05  1.00000e+00  7.49974e-05 -0.00000e+00 -6.18284e-27  7.49974e-05
9.411898257e-01  1.4429517e-05  1.00000e+00  7.47050e-05 -0.00000e+00 -6.22032e-27  7.47050e-05
9.413780637e-01  6.3712158e-06  1.00000e+00  7.43740e-05 -0.00000e+00 -6.25454e-27  7.43740e-05
9.415663393e-01 -4.3886081e-06  1.00000e+00  7.39927e-05 -0.00000e+00 -6.28429e-27  7.39927e-05
9.417546525e-01 -1.7771340e-05  1.00000e+00  7.35457e-05 -0.00000e+00 -6.30813e-27  7.35457e-05
9.419430035e-01 -3.2147968e-05  1.00000e+00  7.30226e-05 -0.00000e+00 -6.32514e-27  7.30226e-05
9.421313921e-01 -4.4644894e-05  1.00000e+00  7.24256e-05 -0.00000e+00 -6.33556e-27  7.24256e-05
9.423198183e-01 -5.2071650e-05  1.00000e+00  7.17746e-05 -0.00000e+00 -6.34124e-27  7.17746e-05
9.425082823e-01 -5.2132756e-05  1.00000e+00  7.11051e-05 -0.00000e+00 -6.34539e-27  7.11051e-05
9.426967840e-01 -4.4428883e-05  1.00000e+00  7.04605e-05 -0.00000e+00 -6.35193e-27  7.04605e-05
9.428853233e-01 -3.0696442e-05  1.00000e+00  6.98802e-05 -0.00000e+00 -6.36433e-27  6.98802e-05
9.430739004e-01 -1.4033631e-05  1.00000e+00  6.93892e-05 -0.00000e+00 -6.38479e-27  6.93892e-05
9.432625152e-01  2.5331319e-06  1.00000e+00  6.89947e-05 -0.00000e+00 -6.41395e-27  6.89947e-05
9.434511677e-01  1.7480333e-05  1.00000e+00  6.86905e-05 -0.00000e+00 -6.45136e-27  6.86905e-05
9.436398579e-01  3.1356685e-05  1.00000e+00  6.84677e-05 -0.00000e+00 -6.49648e-27  6.84677e-05
9.438285859e-01  4.6105281e-05  1.00000e+00  6.83250e-05 -0.00000e+00 -6.54961e-27  6.83250e-05
9.440173516e-01  6.3482209e-05  1.00000e+00  6.82719e-05 -0.00000e+00 -6.61208e-27  6.82719e-05
9.442061551e-01  8.3423396e-05  1.00000e+00  6.83237e-05 -0.00000e+00 -6.68563e-27  6.83237e-05
9.443949963e-01  1.0332356e-04  1.00000e+00  6.84881e-05 -0.00000e+00 -6.77104e-27  6.84881e-05
9.445838753e-01  1.1876533e-04  1.00000e+00  6.87526e-05 -0.00000e+00 -6.86698e-27  6.87526e-05
9.447727921e-01  1.2543082e-04  1.00000e+00  6.90793e-05 -0.00000e+00 -6.96949e-27  6.90793e-05
9.449617466e-01  1.2121857e-04  1.00000e+00  6.94119e-05 -0.00000e+00 -7.07284e-27  6.94119e-05
9.451507390e-01  1.0755702e-04  1.00000e+00  6.96918e-05 -0.00000e+00 -7.17118e-27  6.96918e-05
9.453397691e-01  8.9200443e-05  1.00000e+00  6.98784e-05 -0.00000e+00 -7.26065e-27  6.98784e-05
9.455288371e-01  7.2563872e-05  1.00000e+00  6.99634e-05 -0.00000e+00 -7.34077e-27  6.99634e-05
9.457179428e-01  6.3351819e-05  1.00000e+00  6.99735e-05 -0.00000e+00 -7.41464e-27  6.99735e-05
9.459070864e-01  6.4490980e-05  1.00000e+00  6.99600e-05 -0.00000e+00 -7.48785e-27  6.99600e-05
9.460962678e-01  7.5213166e-05  1.00000e+00  6.99804e-05 -0.00000e+00 -7.56644e-27  6.99804e-05
9.462854871e-01  9.1495853e-05  1.00000e+00  7.00781e-05 -0.00000e+00 -7.65484e-27  7.00781e-05
9.464747442e-01  1.0767365e-04  1.00000e+00  7.02685e-05 -0.00000e+00 -7.75437e-27  7.02685e-05
9.466640391e-01  1.1846296e-04  1.00000e+00  7.05352e-05 -0.00000e+00 -7.86298e-27  7.05352e-05
9.468533720e-01  1.2066343e-04  1.00000e+00  7.08380e-05 -0.00000e+00 -7.97602e-27  7.08380e-05
9.470427426e-01  1.1403881e-04  1.00000e+00  7.11266e-05 -0.00000e+00 -8.08794e-27  7.11266e-05
9.472321512e-01  1.0114983e-04  1.00000e+00  7.13579e-05 -0.00000e+00 -8.19402e-27  7.13579e-05
9.474215976e-01  8.6291771e-05  1.00000e+00  7.15087e-05 -0.00000e+00 -8.29189e-27  7.15087e-05
9.476110819e-01  7.3911885e-05  1.00000e+00  7.15809e-05 -0.00000e+00 -8.38201e-27  7.15809e-05
9.478006041e-01  6.7009009e-05  1.00000e+00  7.15980e-05 -0.00000e+00 -8.46724e-27  7.15980e-05
9.479901643e-01  6.6027861e-05  1.00000e+00  7.15933e-05 -0.00000e+00 -8.55142e-27  7.15933e-05
9.481797623e-01  6.8682099e-05  1.00000e+00  7.15946e-05 -0.00000e+00 -8.63756e-27  7.15946e-05
9.483693982e-01  7.0839455e-05  1.00000e+00  7.16116e-05 -0.00000e+00 -8.72634e-27  7.16116e-05
9.485590721e-01  6.8283032e-05  1.00000e+00  7.16292e-05 -0.00000e+00 -8.81548e-27  7.16292e-05
9.487487839e-01  5.8672472e-05  1.00000e+00  7.16135e-05 -0.00000e+00 -8.90050e-27  7.16135e-05
9.489385337e-01  4.3000911e-05  1.00000e+00  7.15266e-05 -0.00000e+00 -8.97665e-27  7.15266e-05
9.491283214e-01  2.5767172e-05  1.00000e+00  7.13460e-05 -0.00000e+00 -9.04140e-27  7.13460e-05
9.493181471e-01  1.3706219e-05  1.00000e+00  7.10813e-05 -0.00000e+00 -9.09652e-27  7.10813e-05
9.495080107e-01  1.3426340e-05  1.00000e+00  7.07805e-05 -0.00000e+00 -9.14874e-27  7.07805e-05
9.496979123e-01  2.8782790e-05  1.00000e+00  7.05218e-05 -0.00000e+00 -9.20861e-27  7.05218e-05
9.498878519e-01  5.9051065e-05  1.00000e+00  7.03921e-05 -0.00000e+00 -9.28769e-27  7.03921e-05
9.500778295e-01  9.8576255e-05  1.00000e+00  7.04603e-05 -0.00000e+00 -9.39490e-27  7.04603e-05
9.502678450e-01  1.3815295e-04  1.00000e+00  7.07527e-05 -0.00000e+00 -9.53336e-27  7.07527e-05
9.504578986e-01  1.6768634e-04  1.00000e+00  7.12405e-05 -0.00000e+00 -9.69869e-27  7.12405e-05
9.506479902e-01  1.7921997e-04  1.00000e+00  7.18434e-05 -0.00000e+00 -9.87961e-27  7.18434e-05
9.508381198e-01  1.6936431e-04  1.00000e+00  7.24490e-05 -0.00000e+00 -1.00606e-26  7.24490e-05
9.510282874e-01  1.4034589e-04  1.00000e+00  7.29420e-05 -0.00000e+00 -1.02258e-26  7.29420e-05
9.512184930e-01  9.9326074e-05  1.00000e+00  7.32342e-05 -0.00000e+00 -1.03633e-26  7.32342e-05
9.514087367e-01  5.6335895e-05  1.00000e+00  7.32867e-05 -0.00000e+00 -1.04681e-26  7.32867e-05
9.515990185e-01  2.1477044e-05  1.00000e+00  7.31181e-05 -0.00000e+00 -1.05434e-26  7.31181e-05
9.517893383e-01  2.2889493e-06  1.00000e+00  7.27970e-05 -0.00000e+00 -1.05992e-26  7.27970e-05
9.519796962e-01  2.0168889e-06  1.00000e+00  7.24224e-05 -0.00000e+00 -1.06501e-26  7.24224e-05
9.521700921e-01  1.9139806e-05  1.00000e+00  7.20975e-05 -0.00000e+00 -1.07107e-26  7.20975e-05
9.523605261e-01  4.8213033e-05  1.00000e+00  7.19052e-05 -0.00000e+00 -1.07931e-26  7.19052e-05
9.525509982e-01  8.1595157e-05  1.00000e+00  7.18909e-05 -0.00000e+00 -1.09035e-26  7.18909e-05
9.527415084e-01  1.1150147e-04  1.00000e+00  7.20557e-05 -0.00000e+00 -1.10419e-26  7.20557e-05
9.529320567e-01  1.3188708e-04  1.00000e+00  7.23619e-05 -0.00000e+00 -1.12022e-26  7.23619e-05
9.531226431e-01  1.3964538e-04  1.00000e+00  7.27457e-05 -0.00000e+00 -1.13747e-26  7.27457e-05
9.533132677e-01  1.3494924e-04  1.00000e+00  7.31358e-05 -0.00000e+00 -1.15486e-26  7.31358e-05
9.535039303e-01  1.2074304e-04  1.00000e+00  7.34700e-05 -0.00000e+00 -1.17145e-26  7.34700e-05
9.536946311e-01  1.0161532e-04  1.00000e+00  7.37079e-05 -0.00000e+00 -1.18663e-26  7.37079e-05
9.538853700e-01  8.2400247e-05  1.00000e+00  7.38361e-05 -0.00000e+00 -1.20021e-26  7.38361e-05
9.540761471e-01  6.6893212e-05  1.00000e+00  7.38659e-05 -0.00000e+00 -1.21240e-26  7.38659e-05
9.542669623e-01  5.7078864e-05  1.00000e+00  7.38245e-05 -0.00000e+00 -1.22362e-26  7.38245e-05
9.544578157e-01  5.2980897e-05  1.00000e+00  7.37450e-05 -0.00000e+00 -1.23440e-26  7.37450e-05
9.546487073e-01  5.3153781e-05  1.00000e+00  7.36556e-05 -0.00000e+00 -1.24518e-26  7.36556e-05
9.548396370e-01  5.5527121e-05  1.00000e+00  7.35747e-05 -0.00000e+00 -1.25622e-26  7.35747e-05
9.550306050e-01  5.8300215e-05  1.00000e+00  7.35091e-05 -0.00000e+00 -1.26763e-26  7.35091e-05
9.552216111e-01  6.0526017e-05  1.00000e+00  7.34580e-05 -0.00000e+00 -1.27937e-26  7.34580e-05
9.554126554e-01  6.2264863e-05  1.00000e+00  7.34179e-05 -0.00000e+00 -1.29141e-26  7.34179e-05
9.556037379e-01  6.4345266e-05  1.00000e+00  7.33881e-05 -0.00000e+00 -1.30375e-26  7.33881e-05
9.557948587e-01  6.7916474e-05  1.00000e+00  7.33735e-05 -0.00000e+00 -1.31651e-26  7.33735e-05
9.559860177e-01  7.3968036e-05  1.00000e+00  7.33852e-05 -0.00000e+00 -1.32991e-26  7.33852e-05
9.561772149e-01  8.2958532e-05  1.00000e+00  7.34383e-05 -0.00000e+00 -1.34425e-26  7.34383e-05
9.563684503e-01  9.4536719e-05  1.00000e+00  7.35484e-05 -0.00000e+00 -1.35984e-26  7.35484e-05
9.565597240e-01  1.0743100e-04  1.00000e+00  7.37264e-05 -0.00000e+00 -1.37690e-26  7.37264e-05
9.567510359e-01  1.1954502e-04  1.00000e+00  7.39739e-05 -0.00000e+00 -1.39544e-26  7.39739e-05
9.569423861e-01  1.2830670e-04  1.00000e+00  7.42793e-05 -0.00000e+00 -1.41525e-26  7.42793e-05
9.571337746e-01  1.3131965e-04  1.00000e+00  7.46168e-05 -0.00000e+00 -1.43582e-26  7.46168e-05
9.573252014e-01  1.2709509e-04  1.00000e+00  7.49500e-05 -0.00000e+00 -1.45643e-26  7.49500e-05
9.575166664e-01  1.1561831e-04  1.00000e+00  7.52378e-05 -0.00000e+00 -1.47628e-26  7.52378e-05
9.577081698e-01  9.8523172e-05  1.00000e+00  7.54442e-05 -0.00000e+00 -1.49466e-26  7.54442e-05
9.578997114e-01  7.8745870e-05  1.00000e+00  7.55461e-05 -0.00000e+00 -1.51112e-26  7.55461e-05
9.580912913e-01  5.9839991e-05  1.00000e+00  7.55387e-05 -0.00000e+00 -1.52557e-26  7.55387e-05
9.582829096e-01  4.5146747e-05  1.00000e+00  7.54368e-05 -0.00000e+00 -1.53832e-26  7.54368e-05
9.584745662e-01  3.7141903e-05  1.00000e+00  7.52715e-05 -0.00000e+00 -1.55001e-26  7.52715e-05
9.586662611e-01  3.7028987e-05  1.00000e+00  7.50841e-05 -0.00000e+00 -1.56147e-26  7.50841e-05
9.588579943e-01  4.4618589e-05  1.00000e+00  7.49184e-05 -0.00000e+00 -1.57362e-26  7.49184e-05
9.590497659e-01  5.8398909e-05  1.00000e+00  7.48133e-05 -0.00000e+00 -1.58727e-26  7.48133e-05
9.592415759e-01  7.5849613e-05  1.00000e+00  7.47963e-05 -0.00000e+00 -1.60298e-26  7.47963e-05
9.594334242e-01  9.3917353e-05  1.00000e+00  7.48791e-05 -0.00000e+00 -1.62102e-26  7.48791e-05
9.596253109e-01  1.0964136e-04  1.00000e+00  7.50562e-05 -0.00000e+00 -1.64125e-26  7.50562e-05
9.598172359e-01  1.2079167e-04  1.00000e+00  7.53077e-05 -0.00000e+00 -1.66326e-26  7.53077e-05
9.600091994e-01  1.2627726e-04  1.00000e+00  7.56042e-05 -0.00000e+00 -1.68643e-26  7.56042e-05
9.602012012e-01  1.2622395e-04  1.00000e+00  7.59142e-05 -0.00000e+00 -1.71006e-26  7.59142e-05
9.603932415e-01  1.2165573e-04  1.00000e+00  7.62094e-05 -0.00000e+00 -1.73356e-26  7.62094e-05
9.605853201e-01  1.1398505e-04  1.00000e+00  7.64687e-05 -0.00000e+00 -1.75646e-26  7.64687e-05
9.607774372e-01  1.0456536e-04  1.00000e+00  7.66789e-05 -0.00000e+00 -1.77847e-26  7.66789e-05
9.609695927e-01  9.4486461e-05  1.00000e+00  7.68338e-05 -0.00000e+00 -1.79943e-26  7.68338e-05
9.611617866e-01  8.4682640e-05  1.00000e+00  7.69324e-05 -0.00000e+00 -1.81931e-26  7.69324e-05
9.613540190e-01  7.6129623e-05  1.00000e+00  7.69794e-05 -0.00000e+00 -1.83820e-26  7.69794e-05
9.615462898e-01  6.9968113e-05  1.00000e+00  7.69848e-05 -0.00000e+00 -1.85634e-26  7.69848e-05
9.617385990e-01  6.7329693e-05  1.00000e+00  7.69652e-05 -0.00000e+00 -1.87413e-26  7.69652e-05
9.619309467e-01  6.8923698e-05  1.00000e+00  7.69425e-05 -0.00000e+00 -1.89211e-26  7.69425e-05
9.621233329e-01  7.4565846e-05  1.00000e+00  7.69401e-05 -0.00000e+00 -1.91087e-26  7.69401e-05
9.623157576e-01  8.2931452e-05  1.00000e+00  7.69771e-05 -0.00000e+00 -1.93085e-26  7.69771e-05
9.625082207e-01  9.1755228e-05  1.00000e+00  7.70626e-05 -0.00000e+00 -1.95228e-26  7.70626e-05
9.627007224e-01  9.8445907e-05  1.00000e+00  7.71916e-05 -0.00000e+00 -1.97499e-26  7.71916e-05
9.628932625e-01  1.0095681e-04  1.00000e+00  7.73463e-05 -0.00000e+00 -1.99850e-26  7.73463e-05
9.630858412e-01  9.8524444e-05  1.00000e+00  7.75006e-05 -0.00000e+00 -2.02215e-26  7.75006e-05
9.632784583e-01  9.1985303e-05  1.00000e+00  7.76288e-05 -0.00000e+00 -2.04528e-26  7.76288e-05
9.634711140e-01  8.3515081e-05  1.00000e+00  7.77137e-05 -0.00000e+00 -2.06747e-26  7.77137e-05
9.636638083e-01  7.5900990e-05  1.00000e+00  7.77526e-05 -0.00000e+00 -2.08868e-26  7.77526e-05
9.638565410e-01  7.1603022e-05  1.00000e+00  7.77573e-05 -0.00000e+00 -2.10927e-26  7.77573e-05
9.640493123e-01  7.1982064e-05  1.00000e+00  7.77507e-05 -0.00000e+00 -2.12988e-26  7.77507e-05
9.642421222e-01  7.6916900e-05  1.00000e+00  7.77590e-05 -0.00000e+00 -2.15122e-26  7.77590e-05
9.644349706e-01  8.4909435e-05  1.00000e+00  7.78036e-05 -0.00000e+00 -2.17386e-26  7.78036e-05
9.646278576e-01  9.3600454e-05  1.00000e+00  7.78952e-05 -0.00000e+00 -2.19808e-26  7.78952e-05
9.648207832e-01  1.0049113e-04  1.00000e+00  7.80305e-05 -0.00000e+00 -2.22374e-26  7.80305e-05
9.650137473e-01  1.0367908e-04  1.00000e+00  7.81936e-05 -0.00000e+00 -2.25038e-26  7.81936e-05
9.652067501e-01  1.0238466e-04  1.00000e+00  7.83614e-05 -0.00000e+00 -2.27733e-26  7.83614e-05
9.653997914e-01  9.7175843e-05  1.00000e+00  7.85100e-05 -0.00000e+00 -2.30393e-26  7.85100e-05
9.655928714e-01  8.9804563e-05  1.00000e+00  7.86222e-05 -0.00000e+00 -2.32968e-26  7.86222e-05
9.657859900e-01  8.2701675e-05  1.00000e+00  7.86927e-05 -0.00000e+00 -2.35449e-26  7.86927e-05
9.659791472e-01  7.8272649e-05  1.00000e+00  7.87301e-05 -0.00000e+00 -2.37863e-26  7.87301e-05
9.661723430e-01  7.8179003e-05  1.00000e+00  7.87540e-05 -0.00000e+00 -2.40274e-26  7.87540e-05
9.663655775e-01  8.2864075e-05  1.00000e+00  7.87905e-05 -0.00000e+00 -2.42761e-26  7.87905e-05
9.665588506e-01  9.1448993e-05  1.00000e+00  7.88637e-05 -0.00000e+00 -2.45400e-26  7.88637e-05
9.667521624e-01  1.0204306e-04  1.00000e+00  7.89904e-05 -0.00000e+00 -2.48239e-26  7.89904e-05
9.669455128e-01  1.1235080e-04  1.00000e+00  7.91750e-05 -0.00000e+00 -2.51293e-26  7.91750e-05
9.671389019e-01  1.2036821e-04  1.00000e+00  7.94099e-05 -0.00000e+00 -2.54535e-26  7.94099e-05
9.673323297e-01  1.2490856e-04  1.00000e+00  7.96787e-05 -0.00000e+00 -2.57915e-26  7.96787e-05
9.675257961e-01  1.2581800e-04  1.00000e+00  7.99611e-05 -0.00000e+00 -2.61369e-26  7.99611e-05
9.677193013e-01  1.2381679e-04  1.00000e+00  8.02387e-05 -0.00000e+00 -2.64840e-26  8.02387e-05
9.679128452e-01  1.2007427e-04  1.00000e+00  8.04985e-05 -0.00000e+00 -2.68290e-26  8.04985e-05
9.681064277e-01  1.1571325e-04  1.00000e+00  8.07342e-05 -0.00000e+00 -2.71698e-26  8.07342e-05
9.683000490e-01  1.1142532e-04  1.00000e+00  8.09448e-05 -0.00000e+00 -2.75062e-26  8.09448e-05
9.684937090e-01  1.0734626e-04  1.00000e+00  8.11312e-05 -0.00000e+00 -2.78383e-26  8.11312e-05
9.686874078e-01  1.0319957e-04  1.00000e+00  8.12943e-05 -0.00000e+00 -2.81662e-26  8.12943e-05
9.688811452e-01  9.8602107e-05  1.00000e+00  8.14326e-05 -0.00000e+00 -2.84889e-26  8.14326e-05
9.690749215e-01  9.3377520e-05  1.00000e+00  8.15432e-05 -0.00000e+00 -2.88051e-26  8.15432e-05
9.692687365e-01  8.7713199e-05  1.00000e+00  8.16232e-05 -0.00000e+00 -2.91137e-26  8.16232e-05
9.694625902e-01  8.2142893e-05  1.00000e+00  8.16715e-05 -0.00000e+00 -2.94143e-26  8.16715e-05
9.696564827e-01  7.7342920e-05  1.00000e+00  8.16907e-05 -0.00000e+00 -2.97075e-26  8.16907e-05
9.698504140e-01  7.3863217e-05  1.00000e+00  8.16869e-05 -0.00000e+00 -2.99956e-26  8.16869e-05
9.700443841e-01  7.1915072e-05  1.00000e+00  8.16680e-05 -0.00000e+00 -3.02815e-26  8.16680e-05
9.702383930e-01  7.1301005e-05  1.00000e+00  8.16424e-05 -0.00000e+00 -3.05680e-26  8.16424e-05
9.704324407e-01  7.1506072e-05  1.00000e+00  8.16160e-05 -0.00000e+00 -3.08571e-26  8.16160e-05
9.706265271e-01  7.1909656e-05  1.00000e+00  8.15917e-05 -0.00000e+00 -3.11497e-26  8.15917e-05
9.708206525e-01  7.2019814e-05  1.00000e+00  8.15691e-05 -0.00000e+00 -3.14456e-26  8.15691e-05
9.710148166e-01  7.1613544e-05  1.00000e+00  8.15459e-05 -0.00000e+00 -3.17438e-26  8.15459e-05
9.712090195e-01  7.0748757e-05  1.00000e+00  8.15193e-05 -0.00000e+00 -3.20432e-26  8.15193e-05
9.714032614e-01  6.9648890e-05  1.00000e+00  8.14873e-05 -0.00000e+00 -3.23432e-26  8.14873e-05
9.715975420e-01  6.8528401e-05  1.00000e+00  8.14494e-05 -0.00000e+00 -3.26435e-26  8.14494e-05
9.717918615e-01  6.7443113e-05  1.00000e+00  8.14055e-05 -0.00000e+00 -3.29442e-26  8.14055e-05
9.719862199e-01  6.6255434e-05  1.00000e+00  8.13558e-05 -0.00000e+00 -3.32452e-26  8.13558e-05
9.721806171e-01  6.4693709e-05  1.00000e+00  8.12990e-05 -0.00000e+00 -3.35457e-26  8.12990e-05
9.723750533e-01  6.2501695e-05  1.00000e+00  8.12323e-05 -0.00000e+00 -3.38445e-26  8.12323e-05
9.725695283e-01  5.9591824e-05  1.00000e+00  8.11519e-05 -0.00000e+00 -3.41398e-26  8.11519e-05
9.727640422e-01  5.6152744e-05  1.00000e+00  8.10545e-05 -0.00000e+00 -3.44301e-26  8.10545e-05
9.729585950e-01  5.2663727e-05  1.00000e+00  8.09382e-05 -0.00000e+00 -3.47147e-26  8.09382e-05
9.731531867e-01  4.9801019e-05  1.00000e+00  8.08048e-05 -0.00000e+00 -3.49944e-26  8.08048e-05
9.733478173e-01  4.8254246e-05  1.00000e+00  8.06596e-05 -0.00000e+00 -3.52715e-26  8.06596e-05
9.735424869e-01  4.8511923e-05  1.00000e+00  8.05114e-05 -0.00000e+00 -3.55502e-26  8.05114e-05
9.737371954e-01  5.0688635e-05  1.00000e+00  8.03706e-05 -0.00000e+00 -3.58350e-26  8.03706e-05
9.739319428e-01  5.4461376e-05  1.00000e+00  8.02471e-05 -0.00000e+00 -3.61303e-26  8.02471e-05
9.741267292e-01  5.9145783e-05  1.00000e+00  8.01478e-05 -0.00000e+00 -3.64393e-26  8.01478e-05
9.743215546e-01  6.3897418e-05  1.00000e+00  8.00752e-05 -0.00000e+00 -3.67631e-26  8.00752e-05
9.745164189e-01  6.7967165e-05  1.00000e+00  8.00276e-05 -0.00000e+00 -3.71008e-26  8.00276e-05
9.747113222e-01  7.0937969e-05  1.00000e+00  7.99996e-05 -0.00000e+00 -3.74503e-26  7.99996e-05
9.749062644e-01  7.2848118e-05  1.00000e+00  7.99852e-05 -0.00000e+00 -3.78089e-26  7.99852e-05
9.751012457e-01  7.4186516e-05  1.00000e+00  7.99794e-05 -0.00000e+00 -3.81747e-26  7.99794e-05
9.752962659e-01  7.5735915e-05  1.00000e+00  7.99811e-05 -0.00000e+00 -3.85478e-26  7.99811e-05
9.754913252e-01  7.8310369e-05  1.00000e+00  7.99938e-05 -0.00000e+00 -3.89303e-26  7.99938e-05
9.756864234e-01  8.2456973e-05  1.00000e+00  8.00247e-05 -0.00000e+00 -3.93261e-26  8.00247e-05
9.758815607e-01  8.8213698e-05  1.00000e+00  8.00826e-05 -0.00000e+00 -3.97401e-26  8.00826e-05
9.760767370e-01  9.5006206e-05  1.00000e+00  8.01749e-05 -0.00000e+00 -4.01760e-26  8.01749e-05
9.762719524e-01  1.0173171e-04  1.00000e+00  8.03044e-05 -0.00000e+00 -4.06352e-26  8.03044e-05
9.764672068e-01  1.0703676e-04  1.00000e+00  8.04668e-05 -0.00000e+00 -4.11156e-26  8.04668e-05
9.766625002e-01  1.0969714e-04  1.00000e+00  8.06509e-05 -0.00000e+00 -4.16112e-26  8.06509e-05
9.768578327e-01  1.0898804e-04  1.00000e+00  8.08396e-05 -0.00000e+00 -4.21131e-26  8.08396e-05
9.770532043e-01  1.0491453e-04  1.00000e+00  8.10143e-05 -0.00000e+00 -4.26118e-26  8.10143e-05
9.772486149e-01  9.8224026e-05  1.00000e+00  8.11582e-05 -0.00000e+00 -4.30985e-26  8.11582e-05
9.774440647e-01  9.0191252e-05  1.00000e+00  8.12604e-05 -0.00000e+00 -4.35676e-26  8.12604e-05
9.776395535e-01  8.2251428e-05  1.00000e+00  8.13178e-05 -0.00000e+00 -4.40174e-26  8.13178e-05
9.778350814e-01  7.5610517e-05  1.00000e+00  8.13344e-05 -0.00000e+00 -4.44504e-26  8.13344e-05
9.780306484e-01  7.0973193e-05  1.00000e+00  8.13198e-05 -0.00000e+00 -4.48713e-26  8.13198e-05
9.782262545e-01  6.8468629e-05  1.00000e+00  8.12857e-05 -0.00000e+00 -4.52864e-26  8.12857e-05
9.784218998e-01  6.7778765e-05  1.00000e+00  8.12432e-05 -0.00000e+00 -4.57015e-26  8.12432e-05
9.786175842e-01  6.8397813e-05  1.00000e+00  8.12009e-05 -0.00000e+00 -4.61210e-26  8.12009e-05
9.788133077e-01  6.9893232e-05  1.00000e+00  8.11647e-05 -0.00000e+00 -4.65483e-26  8.11647e-05
9.790090703e-01  7.2057966e-05  1.00000e+00  8.11388e-05 -0.00000e+00 -4.69858e-26  8.11388e-05
9.792048721e-01  7.4909340e-05  1.00000e+00  8.11266e-05 -0.00000e+00 -4.74356e-26  8.11266e-05
9.794007131e-01  7.8563708e-05  1.00000e+00  8.11322e-05 -0.00000e+00 -4.79007e-26  8.11322e-05
9.795965933e-01  8.3052505e-05  1.00000e+00  8.11601e-05 -0.00000e+00 -4.83839e-26  8.11601e-05
9.797925126e-01  8.8184374e-05  1.00000e+00  8.12142e-05 -0.00000e+00 -4.88881e-26  8.12142e-05
9.799884711e-01  9.3501894e-05  1.00000e+00  8.12969e-05 -0.00000e+00 -4.94148e-26  8.12969e-05
9.801844688e-01  9.8343223e-05  1.00000e+00  8.14073e-05 -0.00000e+00 -4.99637e-26  8.14073e-05
9.803805057e-01  1.0199499e-04  1.00000e+00  8.15408e-05 -0.00000e+00 -5.05321e-26  8.15408e-05
9.805765818e-01  1.0386242e-04  1.00000e+00  8.16889e-05 -0.00000e+00 -5.11147e-26  8.16889e-05
9.807726971e-01  1.0363110e-04  1.00000e+00  8.18409e-05 -0.00000e+00 -5.17050e-26  8.18409e-05
9.809688516e-01  1.0134587e-04  1.00000e+00  8.19853e-05 -0.00000e+00 -5.22957e-26  8.19853e-05
9.811650454e-01  9.7409143e-05  1.00000e+00  8.21117e-05 -0.00000e+00 -5.28803e-26  8.21117e-05
9.813612784e-01  9.2491558e-05  1.00000e+00  8.22129e-05 -0.00000e+00 -5.34544e-26  8.22129e-05
9.815575507e-01  8.7386929e-05  1.00000e+00  8.22859e-05 -0.00000e+00 -5.40159e-26  8.22859e-05
9.817538622e-01  8.2854763e-05  1.00000e+00  8.23319e-05 -0.00000e+00 -5.45656e-26  8.23319e-05
9.819502129e-01  7.9485481e-05  1.00000e+00  8.23557e-05 -0.00000e+00 -5.51069e-26  8.23557e-05
9.821466030e-01  7.7608328e-05  1.00000e+00  8.23650e-05 -0.00000e+00 -5.56444e-26  8.23650e-05
9.823430323e-01  7.7256132e-05  1.00000e+00  8.23681e-05 -0.00000e+00 -5.61840e-26  8.23681e-05
9.825395009e-01  7.8180136e-05  1.00000e+00  8.23729e-05 -0.00000e+00 -5.67306e-26  8.23729e-05
9.827360088e-01  7.9916038e-05  1.00000e+00  8.23852e-05 -0.00000e+00 -5.72881e-26  8.23852e-05
9.829325560e-01  8.1886891e-05  1.00000e+00  8.24078e-05 -0.00000e+00 -5.78583e-26  8.24078e-05
9.831291425e-01  8.3536359e-05  1.00000e+00  8.24404e-05 -0.00000e+00 -5.84409e-26  8.24404e-05
9.833257684e-01  8.4456185e-05  1.00000e+00  8.24800e-05 -0.00000e+00 -5.90338e-26  8.24800e-05
9.835224335e-01  8.4477405e-05  1.00000e+00  8.25220e-05 -0.00000e+00 -5.96337e-26  8.25220e-05
9.837191380e-01  8.3702042e-05  1.00000e+00  8.25617e-05 -0.00000e+00 -6.02374e-26  8.25617e-05
9.839158818e-01  8.2460116e-05  1.00000e+00  8.25956e-05 -0.00000e+00 -6.08424e-26  8.25956e-05
9.841126650e-01  8.1202165e-05  1.00000e+00  8.26222e-05 -0.00000e+00 -6.14480e-26  8.26222e-05
9.843094875e-01  8.0365269e-05  1.00000e+00  8.26428e-05 -0.00000e+00 -6.20553e-26  8.26428e-05
9.845063494e-01  8.0244125e-05  1.00000e+00  8.26605e-05 -0.00000e+00 -6.26668e-26  8.26605e-05
9.847032507e-01  8.0907920e-05  1.00000e+00  8.26797e-05 -0.00000e+00 -6.32859e-26  8.26797e-05
9.849001914e-01  8.2185594e-05  1.00000e+00  8.27041e-05 -0.00000e+00 -6.39155e-26  8.27041e-05
9.850971714e-01  8.3723716e-05  1.00000e+00  8.27363e-05 -0.00000e+00 -6.45574e-26  8.27363e-05
9.852941908e-01  8.5093660e-05  1.00000e+00  8.27765e-05 -0.00000e+00 -6.52117e-26  8.27765e-05
9.854912497e-01  8.5913668e-05  1.00000e+00  8.28226e-05 -0.00000e+00 -6.58769e-26  8.28226e-05
9.856883479e-01  8.5948636e-05  1.00000e+00  8.28709e-05 -0.00000e+00 -6.65498e-26  8.28709e-05
9.858854856e-01  8.5162028e-05  1.00000e+00  8.29169e-05 -0.00000e+00 -6.72270e-26  8.29169e-05
9.860826627e-01  8.3708631e-05  1.00000e+00  8.29565e-05 -0.00000e+00 -6.79051e-26  8.29565e-05
9.862798792e-01  8.1881506e-05  1.00000e+00  8.29869e-05 -0.00000e+00 -6.85821e-26  8.29869e-05
9.864771352e-01  8.0030729e-05  1.00000e+00  8.30069e-05 -0.00000e+00 -6.92570e-26  8.30069e-05
9.866744306e-01  7.8480409e-05  1.00000e+00  8.30173e-05 -0.00000e+00 -6.99307e-26  8.30173e-05
9.868717655e-01  7.7460749e-05  1.00000e+00  8.30207e-05 -0.00000e+00 -7.06051e-26  8.30207e-05
9.870691399e-01  7.7070543e-05  1.00000e+00  8.30201e-05 -0.00000e+00 -7.12831e-26  8.30201e-05
9.872665537e-01  7.7267866e-05  1.00000e+00  8.30191e-05 -0.00000e+00 -7.19676e-26  8.30191e-05
9.874640070e-01  7.7894647e-05  1.00000e+00  8.30204e-05 -0.00000e+00 -7.26608e-26  8.30204e-05
9.876614998e-01  7.8721969e-05  1.00000e+00  8.30257e-05 -0.00000e+00 -7.33643e-26  8.30257e-05
9.878590321e-01  7.9506988e-05  1.00000e+00  8.30356e-05 -0.00000e+00 -7.40784e-26  8.30356e-05
9.880566039e-01  8.0046274e-05  1.00000e+00  8.30490e-05 -0.00000e+00 -7.48024e-26  8.30490e-05
9.882542152e-01  8.0216630e-05  1.00000e+00  8.30645e-05 -0.00000e+00 -7.55347e-26  8.30645e-05
9.884518661e-01  7.9992054e-05  1.00000e+00  8.30796e-05 -0.00000e+00 -7.62735e-26  8.30796e-05
9.886495564e-01  7.9437568e-05  1.00000e+00  8.30926e-05 -0.00000e+00 -7.70171e-26  8.30926e-05
9.888472863e-01  7.8684354e-05  1.00000e+00  8.31019e-05 -0.00000e+00 -7.77642e-26  8.31019e-05
9.890450558e-01  7.7894081e-05  1.00000e+00  8.31069e-05 -0.00000e+00 -7.85142e-26  8.31069e-05
9.892428648e-01  7.7221777e-05  1.00000e+00  8.31078e-05 -0.00000e+00 -7.92676e-26  8.31078e-05
9.894407134e-01  7.6785535e-05  1.00000e+00  8.31056e-05 -0.00000e+00 -8.00253e-26  8.31056e-05
9.896386015e-01  7.6644502e-05  1.00000e+00  8.31019e-05 -0.00000e+00 -8.07888e-26  8.31019e-05
9.898365293e-01  7.6792727e-05  1.00000e+00  8.30982e-05 -0.00000e+00 -8.15598e-26  8.30982e-05
9.900344966e-01  7.7165430e-05  1.00000e+00  8.30960e-05 -0.00000e+00 -8.23397e-26  8.30960e-05
9.902325035e-01  7.7657700e-05  1.00000e+00  8.30962e-05 -0.00000e+00 -8.31293e-26  8.30962e-05
9.904305500e-01  7.8150551e-05  1.00000e+00  8.30992e-05 -0.00000e+00 -8.39292e-26  8.30992e-05
9.906286361e-01  7.8537866e-05  1.00000e+00  8.31045e-05 -0.00000e+00 -8.47389e-26  8.31045e-05
9.908267618e-01  7.8747212e-05  1.00000e+00  8.31116e-05 -0.00000e+00 -8.55578e-26  8.31116e-05
9.910249271e-01  7.8750482e-05  1.00000e+00  8.31191e-05 -0.00000e+00 -8.63848e-26  8.31191e-05
9.912231321e-01  7.8563643e-05  1.00000e+00  8.31262e-05 -0.00000e+00 -8.72189e-26  8.31262e-05
9.914213768e-01  7.8238206e-05  1.00000e+00  8.31318e-05 -0.00000e+00 -8.80592e-26  8.31318e-05
9.916196610e-01  7.7848542e-05  1.00000e+00  8.31354e-05 -0.00000e+00 -8.89052e-26  8.31354e-05
9.918179850e-01  7.7477699e-05  1.00000e+00  8.31369e-05 -0.00000e+00 -8.97570e-26  8.31369e-05
9.920163486e-01  7.7204241e-05  1.00000e+00  8.31366e-05 -0.00000e+00 -9.06149e-26  8.31366e-05
9.922147518e-01  7.7088120e-05  1.00000e+00  8.31352e-05 -0.00000e+00 -9.14798e-26  8.31352e-05
9.924131948e-01  7.7159883e-05  1.00000e+00  8.31337e-05 -0.00000e+00 -9.23528e-26  8.31337e-05
9.926116774e-01  7.7412870e-05  1.00000e+00  8.31331e-05 -0.00000e+00 -9.32352e-26  8.31331e-05
9.928101998e-01  7.7803158e-05  1.00000e+00  8.31343e-05 -0.00000e+00 -9.41279e-26  8.31343e-05
9.930087618e-01  7.8258524e-05  1.00000e+00  8.31378e-05 -0.00000e+00 -9.50318e-26  8.31378e-05
9.932073636e-01  7.8695216e-05  1.00000e+00  8.31437e-05 -0.00000e+00 -9.59470e-26  8.31437e-05
9.934060050e-01  7.9037846e-05  1.00000e+00  8.31518e-05 -0.00000e+00 -9.68732e-26  8.31518e-05
9.936046862e-01  7.9236176e-05  1.00000e+00  8.31614e-05 -0.00000e+00 -9.78096e-26  8.31614e-05
9.938034072e-01  7.9273764e-05  1.00000e+00  8.31715e-05 -0.00000e+00 -9.87555e-26  8.31715e-05
9.940021678e-01  7.9166640e-05  1.00000e+00  8.31815e-05 -0.00000e+00 -9.97099e-26  8.31815e-05
9.942009683e-01  7.8954191e-05  1.00000e+00  8.31904e-05 -0.00000e+00 -1.00672e-25  8.31904e-05
9.943998085e-01  7.8686194e-05  1.00000e+00  8.31981e-05 -0.00000e+00 -1.01642e-25  8.31981e-05
9.945986884e-01  7.8410980e-05  1.00000e+00  8.32042e-05 -0.00000e+00 -1.02618e-25  8.32042e-05
9.947976082e-01  7.8166543e-05  1.00000e+00  8.32088e-05 -0.00000e+00 -1.03603e-25  8.32088e-05
9.949965677e-01  7.7976290e-05  1.00000e+00  8.32123e-05 -0.00000e+00 -1.04595e-25  8.32123e-05
9.951955670e-01  7.7848182e-05  1.00000e+00  8.32148e-05 -0.00000e+00 -1.05595e-25  8.32148e-05
9.953946061e-01  7.7776612e-05  1.00000e+00  8.32169e-05 -0.00000e+00 -1.06604e-25  8.32169e-05
9.955936850e-01  7.7746099e-05  1.00000e+00  8.32186e-05 -0.00000e+00 -1.07622e-25  8.32186e-05
9.957928038e-01  7.7736545e-05  1.00000e+00  8.32203e-05 -0.00000e+00 -1.08649e-25  8.32203e-05
9.959919623e-01  7.7728502e-05  1.00000e+00  8.32219e-05 -0.00000e+00 -1.09687e-25  8.32219e-05
9.961911607e-01  7.7707793e-05  1.00000e+00  8.32234e-05 -0.00000e+00 -1.10733e-25  8.32234e-05
9.963903990e-01  7.7668149e-05  1.00000e+00  8.32248e-05 -0.00000e+00 -1.11789e-25  8.32248e-05
9.965896770e-01  7.7611293e-05  1.00000e+00  8.32259e-05 -0.00000e+00 -1.12855e-25  8.32259e-05
9.967889950e-01  7.7544678e-05  1.00000e+00  8.32267e-05 -0.00000e+00 -1.13930e-25  8.32267e-05
9.969883528e-01  7.7478093e-05  1.00000e+00  8.32271e-05 -0.00000e+00 -1.15015e-25  8.32271e-05
9.971877504e-01  7.7420126e-05  1.00000e+00  8.32272e-05 -0.00000e+00 -1.16109e-25  8.32272e-05
9.973871880e-01  7.7375353e-05  1.00000e+00  8.32270e-05 -0.00000e+00 -1.17213e-25  8.32270e-05
9.975866654e-01  7.7343342e-05  1.00000e+00  8.32266e-05 -0.00000e+00 -1.18327e-25  8.32266e-05
9.977861828e-01  7.7319393e-05  1.00000e+00  8.32261e-05 -0.00000e+00 -1.19452e-25  8.32261e-05
9.979857400e-01  7.7296844e-05  1.00000e+00  8.32254e-05 -0.00000e+00 -1.20586e-25  8.32254e-05
9.981853372e-01  7.7270957e-05  1.00000e+00  8.32247e-05 -0.00000e+00 -1.21731e-25  8.32247e-05
9.983849742e-01  7.7241731e-05  1.00000e+00  8.32238e-05 -0.00000e+00 -1.22887e-25  8.32238e-05
9.985846512e-01  7.7215828e-05  1.00000e+00  8.32227e-05 -0.00000e+00 -1.24053e-25  8.32227e-05
9.987843681e-01  7.7205186e-05  1.00000e+00  8.32216e-05 -0.00000e+00 -1.25229e-25  8.32216e-05
9.989841250e-01  7.7222263e-05  1.00000e+00  8.32205e-05 -0.00000e+00 -1.26417e-25  8.32205e-05
9.991839218e-01  7.7273286e-05  1.00000e+00  8.32196e-05 -0.00000e+00 -1.27616e-25  8.32196e-05
9.993837586e-01  7.7351526e-05  1.00000e+00  8.32190e-05 -0.00000e+00 -1.28826e-25  8.32190e-05
9.995836354e-01  7.7433668e-05  1.00000e+00  8.32190e-05 -0.00000e+00 -1.30049e-25  8.32190e-05
9.997835521e-01  7.7481745e-05  1.00000e+00  8.32193e-05 -0.00000e+00 -1.31284e-25  8.32193e-05
9.999835088e-01  7.7451250e-05  1.00000e+00  8.32196e-05 -0.00000e+00 -1.32530e-25  8.32196e-05
1.000183506e+00  7.7304779e-05  1.00000e+00  8.32196e-05 -0.00000e+00 -1.33786e-25  8.32196e-05
1.000383542e+00  7.7026842e-05  1.00000e+00  8.32183e-05 -0.00000e+00 -1.35053e-25  8.32183e-05
1.000583619e+00  7.6636224e-05  1.00000e+00  8.32153e-05 -0.00000e+00 -1.36328e-25  8.32153e-05
1.000783736e+00  7.6190174e-05  1.00000e+00  8.32100e-05 -0.00000e+00 -1.37610e-25  8.32100e-05
1.000983892e+00  7.5777675e-05  1.00000e+00  8.32024e-05 -0.00000e+00 -1.38901e-25  8.32024e-05
1.001184089e+00  7.5501273e-05  1.00000e+00  8.31929e-05 -0.00000e+00 -1.40201e-25  8.31929e-05
1.001384326e+00  7.5451028e-05  1.00000e+00  8.31825e-05 -0.00000e+00 -1.41512e-25  8.31825e-05
1.001584603e+00  7.5677451e-05  1.00000e+00  8.31727e-05 -0.00000e+00 -1.42835e-25  8.31727e-05
1.001784920e+00  7.6172560e-05  1.00000e+00  8.31649e-05 -0.00000e+00 -1.44175e-25  8.31649e-05
1.001985277e+00  7.6865697e-05  1.00000e+00  8.31603e-05 -0.00000e+00 -1.45533e-25  8.31603e-05
1.002185674e+00  7.7637901e-05  1.00000e+00  8.31598e-05 -0.00000e+00 -1.46911e-25  8.31598e-05
1.002386111e+00  7.8351459e-05  1.00000e+00  8.31634e-05 -0.00000e+00 -1.48309e-25  8.31634e-05
1.002586588e+00  7.8885643e-05  1.00000e+00  8.31705e-05 -0.00000e+00 -1.49726e-25  8.31705e-05
1.002787105e+00  7.9167757e-05  1.00000e+00  8.31797e-05 -0.00000e+00 -1.51160e-25  8.31797e-05
1.002987663e+00  7.9188817e-05  1.00000e+00  8.31897e-05 -0.00000e+00 -1.52608e-25  8.31897e-05
1.003188260e+00  7.8999576e-05  1.00000e+00  8.31992e-05 -0.00000e+00 -1.54068e-25  8.31992e-05
1.003388898e+00  7.8689236e-05  1.00000e+00  8.32073e-05 -0.00000e+00 -1.55539e-25  8.32073e-05
1.003589576e+00  7.8355137e-05  1.00000e+00  8.32135e-05 -0.00000e+00 -1.57021e-25  8.32135e-05
1.003790294e+00  7.8074554e-05  1.00000e+00  8.32180e-05 -0.00000e+00 -1.58513e-25  8.32180e-05
1.003991052e+00  7.7887721e-05  1.00000e+00  8.32213e-05 -0.00000e+00 -1.60016e-25  8.32213e-05
1.004191850e+00  7.7796213e-05  1.00000e+00  8.32238e-05 -0.00000e+00 -1.61533e-25  8.32238e-05
1.004392688e+00  7.7774269e-05  1.00000e+00  8.32259e-05 -0.00000e+00 -1.63062e-25  8.32259e-05
1.004593567e+00  7.7786648e-05  1.00000e+00  8.32281e-05 -0.00000e+00 -1.64606e-25  8.32281e-05
1.004794486e+00  7.7804215e-05  1.00000e+00  8.32304e-05 -0.00000e+00 -1.66165e-25  8.32304e-05
1.004995445e+00  7.7812075e-05  1.00000e+00  8.32327e-05 -0.00000e+00 -1.67738e-25  8.32327e-05
1.005196444e+00  7.7808754e-05  1.00000e+00  8.32350e-05 -0.00000e+00 -1.69326e-25  8.32350e-05
1.005397483e+00  7.7798931e-05  1.00000e+00  8.32373e-05 -0.00000e+00 -1.70928e-25  8.32373e-05
1.005598562e+00  7.7785472e-05  1.00000e+00  8.32395e-05 -0.00000e+00 -1.72545e-25  8.32395e-05
1.005799682e+00  7.7764700e-05  1.00000e+00  8.32417e-05 -0.00000e+00 -1.74177e-25  8.32417e-05
1.006000842e+00  7.7726429e-05  1.00000e+00  8.32436e-05 -0.00000e+00 -1.75823e-25  8.32436e-05
1.006202042e+00  7.7658293e-05  1.00000e+00  8.32453e-05 -0.00000e+00 -1.77484e-25  8.32453e-05
1.006403283e+00  7.7551509e-05  1.00000e+00  8.32465e-05 -0.00000e+00 -1.79159e-25  8.32465e-05
1.006604563e+00  7.7404394e-05  1.00000e+00  8.32471e-05 -0.00000e+00 -1.80849e-25  8.32471e-05
1.006805884e+00  7.7223627e-05  1.00000e+00  8.32467e-05 -0.00000e+00 -1.82551e-25  8.32467e-05
1.007007245e+00  7.7021777e-05  1.00000e+00  8.32454e-05 -0.00000e+00 -1.84268e-25  8.32454e-05
1.007208647e+00  7.6812806e-05  1.00000e+00  8.32429e-05 -0.00000e+00 -1.85997e-25  8.32429e-05
1.007410089e+00  7.6607842e-05  1.00000e+00  8.32393e-05 -0.00000e+00 -1.87740e-25  8.32393e-05
1.007611571e+00  7.6413042e-05  1.00000e+00  8.32347e-05 -0.00000e+00 -1.89496e-25  8.32347e-05
1.007813093e+00  7.6231223e-05  1.00000e+00  8.32291e-05 -0.00000e+00 -1.91267e-25  8.32291e-05
1.008014656e+00  7.6067145e-05  1.00000e+00  8.32226e-05 -0.00000e+00 -1.93051e-25  8.32226e-05
1.008216258e+00  7.5933961e-05  1.00000e+00  8.32153e-05 -0.00000e+00 -1.94850e-25  8.32153e-05
1.008417902e+00  7.5857677e-05  1.00000e+00  8.32075e-05 -0.00000e+00 -1.96664e-25  8.32075e-05
1.008619585e+00  7.5874825e-05  1.00000e+00  8.31996e-05 -0.00000e+00 -1.98495e-25  8.31996e-05
1.008821309e+00  7.6023539e-05  1.00000e+00  8.31921e-05 -0.00000e+00 -2.00343e-25  8.31921e-05
1.009023074e+00  7.6328814e-05  1.00000e+00  8.31859e-05 -0.00000e+00 -2.02212e-25  8.31859e-05
1.009224878e+00  7.6788321e-05  1.00000e+00  8.31817e-05 -0.00000e+00 -2.04104e-25  8.31817e-05
1.009426723e+00  7.7364657e-05  1.00000e+00  8.31805e-05 -0.00000e+00 -2.06020e-25  8.31805e-05
1.009628608e+00  7.7988237e-05  1.00000e+00  8.31825e-05 -0.00000e+00 -2.07962e-25  8.31825e-05
1.009830534e+00  7.8571132e-05  1.00000e+00  8.31878e-05 -0.00000e+00 -2.09930e-25  8.31878e-05
1.010032500e+00  7.9027608e-05  1.00000e+00  8.31959e-05 -0.00000e+00 -2.11923e-25  8.31959e-05
1.010234507e+00  7.9294436e-05  1.00000e+00  8.32059e-05 -0.00000e+00 -2.13939e-25  8.32059e-05
1.010436554e+00  7.9345383e-05  1.00000e+00  8.32168e-05 -0.00000e+00 -2.15976e-25  8.32168e-05
1.010638641e+00  7.9195610e-05  1.00000e+00  8.32274e-05 -0.00000e+00 -2.18030e-25  8.32274e-05
1.010840769e+00  7.8895986e-05  1.00000e+00  8.32367e-05 -0.00000e+00 -2.20100e-25  8.32367e-05
1.011042937e+00  7.8519883e-05  1.00000e+00  8.32441e-05 -0.00000e+00 -2.22183e-25  8.32441e-05
1.011245145e+00  7.8146146e-05  1.00000e+00  8.32494e-05 -0.00000e+00 -2.24281e-25  8.32494e-05
1.011447394e+00  7.7842434e-05  1.00000e+00  8.32528e-05 -0.00000e+00 -2.26393e-25  8.32528e-05
1.011649684e+00  7.7652438e-05  1.00000e+00  8.32549e-05 -0.00000e+00 -2.28520e-25  8.32549e-05
1.011852014e+00  7.7588906e-05  1.00000e+00  8.32563e-05 -0.00000e+00 -2.30666e-25  8.32563e-05
1.012054384e+00  7.7634362e-05  1.00000e+00  8.32577e-05 -0.00000e+00 -2.32832e-25  8.32577e-05
1.012256795e+00  7.7748532e-05  1.00000e+00  8.32595e-05 -0.00000e+00 -2.35019e-25  8.32595e-05
1.012459247e+00  7.7880782e-05  1.00000e+00  8.32620e-05 -0.00000e+00 -2.37228e-25  8.32620e-05
1.012661738e+00  7.7983477e-05  1.00000e+00  8.32651e-05 -0.00000e+00 -2.39459e-25  8.32651e-05
1.012864271e+00  7.8023396e-05  1.00000e+00  8.32686e-05 -0.00000e+00 -2.41712e-25  8.32686e-05
1.013066844e+00  7.7987665e-05  1.00000e+00  8.32722e-05 -0.00000e+00 -2.43985e-25  8.32722e-05
1.013269457e+00  7.7883718e-05  1.00000e+00  8.32753e-05 -0.00000e+00 -2.46278e-25  8.32753e-05
1.013472111e+00  7.7734370e-05  1.00000e+00  8.32778e-05 -0.00000e+00 -2.48590e-25  8.32778e-05
1.013674805e+00  7.7569940e-05  1.00000e+00  8.32793e-05 -0.00000e+00 -2.50920e-25  8.32793e-05
1.013877540e+00  7.7420438e-05  1.00000e+00  8.32801e-05 -0.00000e+00 -2.53269e-25  8.32801e-05
1.014080316e+00  7.7309471e-05  1.00000e+00  8.32801e-05 -0.00000e+00 -2.55637e-25  8.32801e-05
1.014283132e+00  7.7250829e-05  1.00000e+00  8.32796e-05 -0.00000e+00 -2.58026e-25  8.32796e-05
1.014485988e+00  7.7247995e-05  1.00000e+00  8.32791e-05 -0.00000e+00 -2.60437e-25  8.32791e-05
1.014688886e+00  7.7295447e-05  1.00000e+00  8.32786e-05 -0.00000e+00 -2.62870e-25  8.32786e-05
1.014891823e+00  7.7380646e-05  1.00000e+00  8.32785e-05 -0.00000e+00 -2.65326e-25  8.32785e-05
1.015094802e+00  7.7486326e-05  1.00000e+00  8.32789e-05 -0.00000e+00 -2.67807e-25  8.32789e-05
1.015297821e+00  7.7592676e-05  1.00000e+00  8.32800e-05 -0.00000e+00 -2.70312e-25  8.32800e-05
1.015500880e+00  7.7680415e-05  1.00000e+00  8.32815e-05 -0.00000e+00 -2.72842e-25  8.32815e-05
1.015703980e+00  7.7734110e-05  1.00000e+00  8.32835e-05 -0.00000e+00 -2.75397e-25  8.32835e-05
1.015907121e+00  7.7746136e-05  1.00000e+00  8.32856e-05 -0.00000e+00 -2.77975e-25  8.32856e-05
1.016110303e+00  7.7719129e-05  1.00000e+00  8.32877e-05 -0.00000e+00 -2.80576e-25  8.32877e-05
1.016313525e+00  7.7665519e-05  1.00000e+00  8.32895e-05 -0.00000e+00 -2.83201e-25  8.32895e-05
1.016516787e+00  7.7603270e-05  1.00000e+00  8.32910e-05 -0.00000e+00 -2.85848e-25  8.32910e-05
1.016720091e+00  7.7549102e-05  1.00000e+00  8.32922e-05 -0.00000e+00 -2.88518e-25  8.32922e-05
1.016923435e+00  7.7511202e-05  1.00000e+00  8.32932e-05 -0.00000e+00 -2.91212e-25  8.32932e-05
1.017126820e+00  7.7485249e-05  1.00000e+00  8.32940e-05 -0.00000e+00 -2.93930e-25  8.32940e-05
1.017330245e+00  7.7455317e-05  1.00000e+00  8.32947e-05 -0.00000e+00 -2.96673e-25  8.32947e-05
1.017533711e+00  7.7400235e-05  1.00000e+00  8.32951e-05 -0.00000e+00 -2.99439e-25  8.32951e-05
1.017737218e+00  7.7303543e-05  1.00000e+00  8.32952e-05 -0.00000e+00 -3.02230e-25  8.32952e-05
1.017940765e+00  7.7163156e-05  1.00000e+00  8.32946e-05 -0.00000e+00 -3.05043e-25  8.32946e-05
1.018144353e+00  7.6996974e-05  1.00000e+00  8.32932e-05 -0.00000e+00 -3.07878e-25  8.32932e-05
1.018347982e+00  7.6841299e-05  1.00000e+00  8.32909e-05 -0.00000e+00 -3.10737e-25  8.32909e-05
1.018551652e+00  7.6741506e-05  1.00000e+00  8.32880e-05 -0.00000e+00 -3.13619e-25  8.32880e-05
1.018755362e+00  7.6737430e-05  1.00000e+00  8.32847e-05 -0.00000e+00 -3.16526e-25  8.32847e-05
1.018959113e+00  7.6848622e-05  1.00000e+00  8.32818e-05 -0.00000e+00 -3.19461e-25  8.32818e-05
1.019162905e+00  7.7065086e-05  1.00000e+00  8.32798e-05 -0.00000e+00 -3.22427e-25  8.32798e-05
1.019366738e+00  7.7347759e-05  1.00000e+00  8.32792e-05 -0.00000e+00 -3.25425e-25  8.32792e-05
1.019570611e+00  7.7639179e-05  1.00000e+00  8.32801e-05 -0.00000e+00 -3.28456e-25  8.32801e-05
1.019774525e+00  7.7880256e-05  1.00000e+00  8.32825e-05 -0.00000e+00 -3.31521e-25  8.32825e-05
1.019978480e+00  7.8027449e-05  1.00000e+00  8.32859e-05 -0.00000e+00 -3.34618e-25  8.32859e-05
1.020182476e+00  7.8063366e-05  1.00000e+00  8.32899e-05 -0.00000e+00 -3.37745e-25  8.32899e-05
1.020386512e+00  7.7998332e-05  1.00000e+00  8.32937e-05 -0.00000e+00 -3.40899e-25  8.32937e-05
1.020590589e+00  7.7863128e-05  1.00000e+00  8.32970e-05 -0.00000e+00 -3.44080e-25  8.32970e-05
1.020794708e+00  7.7696537e-05  1.00000e+00  8.32994e-05 -0.00000e+00 -3.47286e-25  8.32994e-05
1.020998866e+00  7.7532555e-05  1.00000e+00  8.33010e-05 -0.00000e+00 -3.50517e-25  8.33010e-05
1.021203066e+00  7.7391308e-05  1.00000e+00  8.33017e-05 -0.00000e+00 -3.53775e-25  8.33017e-05
1.021407307e+00  7.7275977e-05  1.00000e+00  8.33017e-05 -0.00000e+00 -3.57059e-25  8.33017e-05
1.021611588e+00  7.7175666e-05  1.00000e+00  8.33012e-05 -0.00000e+00 -3.60371e-25  8.33012e-05
1.021815911e+00  7.7073078e-05  1.00000e+00  8.33001e-05 -0.00000e+00 -3.63711e-25  8.33001e-05
1.022020274e+00  7.6953970e-05  1.00000e+00  8.32985e-05 -0.00000e+00 -3.67078e-25  8.32985e-05
1.022224678e+00  7.6815495e-05  1.00000e+00  8.32962e-05 -0.00000e+00 -3.70472e-25  8.32962e-05
1.022429123e+00  7.6670989e-05  1.00000e+00  8.32931e-05 -0.00000e+00 -3.73894e-25  8.32931e-05
1.022633609e+00  7.6549182e-05  1.00000e+00  8.32894e-05 -0.00000e+00 -3.77344e-25  8.32894e-05
1.022838135e+00  7.6487947e-05  1.00000e+00  8.32851e-05 -0.00000e+00 -3.80823e-25  8.32851e-05
1.023042703e+00  7.6523776e-05  1.00000e+00  8.32808e-05 -0.00000e+00 -3.84333e-25  8.32808e-05
1.023247312e+00  7.6679629e-05  1.00000e+00  8.32771e-05 -0.00000e+00 -3.87878e-25  8.32771e-05
1.023451961e+00  7.6954959e-05  1.00000e+00  8.32745e-05 -0.00000e+00 -3.91461e-25  8.32745e-05
1.023656651e+00  7.7321335e-05  1.00000e+00  8.32736e-05 -0.00000e+00 -3.95085e-25  8.32736e-05
1.023861383e+00  7.7726352e-05  1.00000e+00  8.32749e-05 -0.00000e+00 -3.98752e-25  8.32749e-05
1.024066155e+00  7.8105081e-05  1.00000e+00  8.32783e-05 -0.00000e+00 -4.02462e-25  8.32783e-05
1.024270968e+00  7.8396878e-05  1.00000e+00  8.32835e-05 -0.00000e+00 -4.06215e-25  8.32835e-05
1.024475822e+00  7.8560990e-05  1.00000e+00  8.32900e-05 -0.00000e+00 -4.10007e-25  8.32900e-05
1.024680718e+00  7.8585935e-05  1.00000e+00  8.32969e-05 -0.00000e+00 -4.13836e-25  8.32969e-05
1.024885654e+00  7.8489191e-05  1.00000e+00  8.33036e-05 -0.00000e+00 -4.17698e-25  8.33036e-05
1.025090631e+00  7.8308019e-05  1.00000e+00  8.33095e-05 -0.00000e+00 -4.21591e-25  8.33095e-05
1.025295649e+00  7.8085701e-05  1.00000e+00  8.33143e-05 -0.00000e+00 -4.25514e-25  8.33143e-05
1.025500708e+00  7.7858910e-05  1.00000e+00  8.33178e-05 -0.00000e+00 -4.29466e-25  8.33178e-05
1.025705808e+00  7.7650625e-05  1.00000e+00  8.33202e-05 -0.00000e+00 -4.33447e-25  8.33202e-05
1.025910949e+00  7.7470211e-05  1.00000e+00  8.33215e-05 -0.00000e+00 -4.37460e-25  8.33215e-05
1.026116132e+00  7.7318931e-05  1.00000e+00  8.33219e-05 -0.00000e+00 -4.41504e-25  8.33219e-05
1.026321355e+00  7.7196956e-05  1.00000e+00  8.33217e-05 -0.00000e+00 -4.45581e-25  8.33217e-05
1.026526619e+00  7.7108172e-05  1.00000e+00  8.33208e-05 -0.00000e+00 -4.49692e-25  8.33208e-05
1.026731924e+00  7.7060611e-05  1.00000e+00  8.33196e-05 -0.00000e+00 -4.53838e-25  8.33196e-05
1.026937271e+00  7.7062699e-05  1.00000e+00  8.33183e-05 -0.00000e+00 -4.58022e-25  8.33183e-05
1.027142658e+00  7.7117804e-05  1.00000e+00  8.33171e-05 -0.00000e+00 -4.62244e-25  8.33171e-05
1.027348087e+00  7.7220294e-05  1.00000e+00  8.33164e-05 -0.00000e+00 -4.66507e-25  8.33164e-05
1.027553556e+00  7.7355193e-05  1.00000e+00  8.33164e-05 -0.00000e+00 -4.70812e-25  8.33164e-05
1.027759067e+00  7.7501798e-05  1.00000e+00  8.33171e-05 -0.00000e+00 -4.75161e-25  8.33171e-05
1.027964619e+00  7.7639481e-05  1.00000e+00  8.33185e-05 -0.00000e+00 -4.79553e-25  8.33185e-05
1.028170212e+00  7.7752720e-05  1.00000e+00  8.33207e-05 -0.00000e+00 -4.83989e-25  8.33207e-05
1.028375846e+00  7.7833718e-05  1.00000e+00  8.33234e-05 -0.00000e+00 -4.88467e-25  8.33234e-05
1.028581521e+00  7.7881560e-05  1.00000e+00  8.33264e-05 -0.00000e+00 -4.92988e-25  8.33264e-05
1.028787237e+00  7.7899536e-05  1.00000e+00  8.33296e-05 -0.00000e+00 -4.97551e-25  8.33296e-05
1.028992995e+00  7.7892237e-05  1.00000e+00  8.33328e-05 -0.00000e+00 -5.02155e-25  8.33328e-05
1.029198793e+00  7.7863658e-05  1.00000e+00  8.33359e-05 -0.00000e+00 -5.06800e-25  8.33359e-05
1.029404633e+00  7.7816914e-05  1.00000e+00  8.33388e-05 -0.00000e+00 -5.11486e-25  8.33388e-05
1.029610514e+00  7.7754969e-05  1.00000e+00  8.33414e-05 -0.00000e+00 -5.16212e-25  8.33414e-05
1.029816436e+00  7.7681753e-05  1.00000e+00  8.33436e-05 -0.00000e+00 -5.20978e-25  8.33436e-05
1.030022399e+00  7.7602819e-05  1.00000e+00  8.33454e-05 -0.00000e+00 -5.25785e-25  8.33454e-05
1.030228404e+00  7.7525468e-05  1.00000e+00  8.33468e-05 -0.00000e+00 -5.30632e-25  8.33468e-05
1.030434450e+00  7.7457993e-05  1.00000e+00  8.33478e-05 -0.00000e+00 -5.35521e-25  8.33478e-05
1.030640537e+00  7.7408350e-05  1.00000e+00  8.33485e-05 -0.00000e+00 -5.40452e-25  8.33485e-05
1.030846665e+00  7.7382383e-05  1.00000e+00  8.33489e-05 -0.00000e+00 -5.45426e-25  8.33489e-05
1.031052834e+00  7.7382032e-05  1.00000e+00  8.33494e-05 -0.00000e+00 -5.50445e-25  8.33494e-05
1.031259045e+00  7.7404340e-05  1.00000e+00  8.33498e-05 -0.00000e+00 -5.55509e-25  8.33498e-05
1.031465296e+00  7.7441688e-05  1.00000e+00  8.33505e-05 -0.00000e+00 -5.60620e-25  8.33505e-05
1.031671589e+00  7.7483495e-05  1.00000e+00  8.33514e-05 -0.00000e+00 -5.65778e-25  8.33514e-05
1.031877924e+00  7.7519019e-05  1.00000e+00  8.33524e-05 -0.00000e+00 -5.70985e-25  8.33524e-05
1.032084299e+00  7.7540268e-05  1.00000e+00  8.33537e-05 -0.00000e+00 -5.76239e-25  8.33537e-05
1.032290716e+00  7.7543973e-05  1.00000e+00  8.33550e-05 -0.00000e+00 -5.81541e-25  8.33550e-05
1.032497174e+00  7.7532049e-05  1.00000e+00  8.33563e-05 -0.00000e+00 -5.86890e-25  8.33563e-05
1.032703674e+00  7.7510262e-05  1.00000e+00  8.33575e-05 -0.00000e+00 -5.92287e-25  8.33575e-05
1.032910214e+00  7.7485784e-05  1.00000e+00  8.33586e-05 -0.00000e+00 -5.97731e-25  8.33586e-05
1.033116797e+00  7.7464656e-05  1.00000e+00  8.33595e-05 -0.00000e+00 -6.03223e-25  8.33595e-05
1.033323420e+00  7.7449952e-05  1.00000e+00  8.33604e-05 -0.00000e+00 -6.08764e-25  8.33604e-05
1.033530085e+00  7.7441296e-05  1.00000e+00  8.33612e-05 -0.00000e+00 -6.14355e-25  8.33612e-05
1.033736791e+00  7.7435598e-05  1.00000e+00  8.33619e-05 -0.00000e+00 -6.19995e-25  8.33619e-05
1.033943538e+00  7.7428469e-05  1.00000e+00  8.33627e-05 -0.00000e+00 -6.25686e-25  8.33627e-05
1.034150327e+00  7.7415649e-05  1.00000e+00  8.33634e-05 -0.00000e+00 -6.31427e-25  8.33634e-05
1.034357157e+00  7.7394021e-05  1.00000e+00  8.33640e-05 -0.00000e+00 -6.37219e-25  8.33640e-05
1.034564028e+00  7.7362013e-05  1.00000e+00  8.33644e-05 -0.00000e+00 -6.43063e-25  8.33644e-05
1.034770941e+00  7.7319527e-05  1.00000e+00  8.33647e-05 -0.00000e+00 -6.48956e-25  8.33647e-05
1.034977895e+00  7.7267775e-05  1.00000e+00  8.33647e-05 -0.00000e+00 -6.54901e-25  8.33647e-05
1.035184891e+00  7.7209216e-05  1.00000e+00  8.33645e-05 -0.00000e+00 -6.60897e-25  8.33645e-05
1.035391928e+00  7.7147677e-05  1.00000e+00  8.33639e-05 -0.00000e+00 -6.66943e-25  8.33639e-05
1.035599006e+00  7.7088520e-05  1.00000e+00  8.33630e-05 -0.00000e+00 -6.73042e-25  8.33630e-05
1.035806126e+00  7.7038554e-05  1.00000e+00  8.33619e-05 -0.00000e+00 -6.79192e-25  8.33619e-05
1.036013287e+00  7.7005458e-05  1.00000e+00  8.33605e-05 -0.00000e+00 -6.85396e-25  8.33605e-05
1.036220490e+00  7.6996475e-05  1.00000e+00  8.33590e-05 -0.00000e+00 -6.91655e-25  8.33590e-05
1.036427734e+00  7.7016670e-05  1.00000e+00  8.33576e-05 -0.00000e+00 -6.97970e-25  8.33576e-05
1.036635019e+00  7.7067076e-05  1.00000e+00  8.33563e-05 -0.00000e+00 -7.04343e-25  8.33563e-05
1.036842346e+00  7.7143469e-05  1.00000e+00  8.33555e-05 -0.00000e+00 -7.10777e-25  8.33555e-05
1.037049715e+00  7.7236374e-05  1.00000e+00  8.33550e-05 -0.00000e+00 -7.17272e-25  8.33550e-05
1.037257125e+00  7.7332599e-05  1.00000e+00  8.33552e-05 -0.00000e+00 -7.23829e-25  8.33552e-05
1.037464576e+00  7.7418054e-05  1.00000e+00  8.33558e-05 -0.00000e+00 -7.30450e-25  8.33558e-05
1.037672069e+00  7.7481032e-05  1.00000e+00  8.33568e-05 -0.00000e+00 -7.37133e-25  8.33568e-05
1.037879604e+00  7.7514972e-05  1.00000e+00  8.33580e-05 -0.00000e+00 -7.43877e-25  8.33580e-05
1.038087180e+00  7.7519690e-05  1.00000e+00  8.33594e-05 -0.00000e+00 -7.50683e-25  8.33594e-05
1.038294797e+00  7.7500861e-05  1.00000e+00  8.33607e-05 -0.00000e+00 -7.57550e-25  8.33607e-05
1.038502456e+00  7.7467863e-05  1.00000e+00  8.33619e-05 -0.00000e+00 -7.64476e-25  8.33619e-05
1.038710156e+00  7.7430809e-05  1.00000e+00  8.33629e-05 -0.00000e+00 -7.71462e-25  8.33629e-05
1.038917898e+00  7.7397752e-05  1.00000e+00  8.33638e-05 -0.00000e+00 -7.78509e-25  8.33638e-05
1.039125682e+00  7.7372774e-05  1.00000e+00  8.33644e-05 -0.00000e+00 -7.85618e-25  8.33644e-05
1.039333507e+00  7.7355267e-05  1.00000e+00  8.33650e-05 -0.00000e+00 -7.92789e-25  8.33650e-05
1.039541374e+00  7.7340164e-05  1.00000e+00  8.33655e-05 -0.00000e+00 -8.00023e-25  8.33655e-05
1.039749282e+00  7.7318696e-05  1.00000e+00  8.33659e-05 -0.00000e+00 -8.07322e-25  8.33659e-05
1.039957232e+00  7.7279197e-05  1.00000e+00  8.33661e-05 -0.00000e+00 -8.14683e-25  8.33661e-05
1.040165223e+00  7.7207858e-05  1.00000e+00  8.33661e-05 -0.00000e+00 -8.22107e-25  8.33661e-05
1.040373256e+00  7.7089751e-05  1.00000e+00  8.33655e-05 -0.00000e+00 -8.29592e-25  8.33655e-05
1.040581331e+00  7.6910677e-05  1.00000e+00  8.33642e-05 -0.00000e+00 -8.37135e-25  8.33642e-05
1.040789447e+00  7.6660272e-05  1.00000e+00  8.33618e-05 -0.00000e+00 -8.44733e-25  8.33618e-05
1.040997605e+00  7.6336248e-05  1.00000e+00  8.33579e-05 -0.00000e+00 -8.52383e-25  8.33579e-05
1.041205805e+00  7.5948702e-05  1.00000e+00  8.33521e-05 -0.00000e+00 -8.60081e-25  8.33521e-05
1.041414046e+00  7.5522754e-05  1.00000e+00  8.33442e-05 -0.00000e+00 -8.67824e-25  8.33442e-05
1.041622329e+00  7.5097699e-05  1.00000e+00  8.33340e-05 -0.00000e+00 -8.75611e-25  8.33340e-05
1.041830653e+00  7.4721618e-05  1.00000e+00  8.33218e-05 -0.00000e+00 -8.83445e-25  8.33218e-05
1.042039019e+00  7.4442080e-05  1.00000e+00  8.33078e-05 -0.00000e+00 -8.91331e-25  8.33078e-05
1.042247427e+00  7.4295357e-05  1.00000e+00  8.32928e-05 -0.00000e+00 -8.99275e-25  8.32928e-05
1.042455877e+00  7.4297492e-05  1.00000e+00  8.32775e-05 -0.00000e+00 -9.07285e-25  8.32775e-05
1.042664368e+00  7.4440343e-05  1.00000e+00  8.32626e-05 -0.00000e+00 -9.15373e-25  8.32626e-05
1.042872901e+00  7.4693990e-05  1.00000e+00  8.32489e-05 -0.00000e+00 -9.23544e-25  8.32489e-05
1.043081475e+00  7.5014594e-05  1.00000e+00  8.32368e-05 -0.00000e+00 -9.31805e-25  8.32368e-05
1.043290092e+00  7.5354926e-05  1.00000e+00  8.32266e-05 -0.00000e+00 -9.40159e-25  8.32266e-05
1.043498750e+00  7.5674174e-05  1.00000e+00  8.32182e-05 -0.00000e+00 -9.48607e-25  8.32182e-05
1.043707449e+00  7.5944358e-05  1.00000e+00  8.32114e-05 -0.00000e+00 -9.57147e-25  8.32114e-05
1.043916191e+00  7.6152299e-05  1.00000e+00  8.32059e-05 -0.00000e+00 -9.65777e-25  8.32059e-05
1.044124974e+00  7.6297746e-05  1.00000e+00  8.32014e-05 -0.00000e+00 -9.74494e-25  8.32014e-05
1.044333799e+00  7.6389256e-05  1.00000e+00  8.31975e-05 -0.00000e+00 -9.83295e-25  8.31975e-05
1.044542666e+00  7.6439599e-05  1.00000e+00  8.31941e-05 -0.00000e+00 -9.92178e-25  8.31941e-05
1.044751574e+00  7.6461998e-05  1.00000e+00  8.31908e-05 -0.00000e+00 -1.00114e-24  8.31908e-05
1.044960525e+00  7.6467715e-05  1.00000e+00  8.31877e-05 -0.00000e+00 -1.01019e-24  8.31877e-05
1.045169517e+00  7.6465067e-05  1.00000e+00  8.31846e-05 -0.00000e+00 -1.01931e-24  8.31846e-05
1.045378551e+00  7.6459312e-05  1.00000e+00  8.31814e-05 -0.00000e+00 -1.02851e-24  8.31814e-05
1.045587626e+00  7.6453104e-05  1.00000e+00  8.31783e-05 -0.00000e+00 -1.03780e-24  8.31783e-05
1.045796744e+00  7.6447071e-05  1.00000e+00  8.31752e-05 -0.00000e+00 -1.04717e-24  8.31752e-05
1.046005903e+00  7.6439089e-05  1.00000e+00  8.31720e-05 -0.00000e+00 -1.05662e-24  8.31720e-05
1.046215104e+00  7.6424605e-05  1.00000e+00  8.31689e-05 -0.00000e+00 -1.06615e-24  8.31689e-05
1.046424347e+00  7.6393793e-05  1.00000e+00  8.31657e-05 -0.00000e+00 -1.07576e-24  8.31657e-05
1.046633632e+00  7.6325468e-05  1.00000e+00  8.31624e-05 -0.00000e+00 -1.08546e-24  8.31624e-05
1.046842959e+00  7.6173809e-05  1.00000e+00  8.31589e-05 -0.00000e+00 -1.09524e-24  8.31589e-05
1.047052328e+00  7.5841154e-05  1.00000e+00  8.31552e-05 -0.00000e+00 -1.10511e-24  8.31552e-05
1.047261738e+00  7.5126019e-05  1.00000e+00  8.31512e-05 -0.00000e+00 -1.11504e-24  8.31512e-05
1.047471190e+00  7.3630500e-05  1.00000e+00  8.31466e-05 -0.00000e+00 -1.12505e-24  8.31466e-05
1.047680685e+00  7.0607571e-05  1.00000e+00  8.31413e-05 -0.00000e+00 -1.13512e-24  8.31413e-05
1.047890221e+00  6.4730436e-05  1.00000e+00  8.31354e-05 -0.00000e+00 -1.14523e-24  8.31354e-05
1.048099799e+00  5.3777849e-05  1.00000e+00  8.31288e-05 -0.00000e+00 -1.15536e-24  8.31288e-05
1.048309419e+00  3.4255446e-05  1.00000e+00  8.31218e-05 -0.00000e+00 -1.16545e-24  8.31218e-05
1.048519081e+00  1.0130931e-06  1.00000e+00  8.31150e-05 -0.00000e+00 -1.17546e-24  8.31150e-05
1.048728785e+00 -5.3036565e-05  1.00000e+00  8.31092e-05 -0.00000e+00 -1.18531e-24  8.31092e-05
1.048938530e+00 -1.3696130e-04  1.00000e+00  8.31056e-05 -0.00000e+00 -1.19488e-24  8.31056e-05
1.049148318e+00 -2.6148162e-04  1.00000e+00  8.31056e-05 -0.00000e+00 -1.20406e-24  8.31056e-05
1.049358148e+00 -4.3819796e-04  1.00000e+00  8.31107e-05 -0.00000e+00 -1.21272e-24  8.31107e-05
1.049568019e+00 -6.7840951e-04  1.00000e+00  8.31221e-05 -0.00000e+00 -1.22073e-24  8.31221e-05
1.049777933e+00 -9.9169698e-04  1.00000e+00  8.31410e-05 -0.00000e+00 -1.22797e-24  8.31410e-05
1.049987888e+00 -1.3845534e-03  1.00000e+00  8.31681e-05 -0.00000e+00 -1.23435e-24  8.31681e-05
