 Wave/freq Total
5.000000000e-01  6.4917701e-07
5.001000000e-01  6.4947554e-07
5.002000200e-01  6.4982439e-07
5.003000600e-01  6.5021984e-07
5.004001200e-01  6.5065618e-07
5.005002000e-01  6.5112656e-07
5.006003001e-01  6.5162381e-07
5.007004201e-01  6.5214115e-07
5.008005602e-01  6.5267270e-07
5.009007203e-01  6.5321371e-07
5.010009005e-01  6.5376059e-07
5.011011007e-01  6.5431074e-07
5.012013209e-01  6.5486241e-07
5.013015611e-01  6.5541442e-07
5.014018215e-01  6.5596596e-07
5.015021018e-01  6.5651641e-07
5.016024022e-01  6.5706522e-07
5.017027227e-01  6.5761182e-07
5.018030633e-01  6.5815559e-07
5.019034239e-01  6.5869585e-07
5.020038046e-01  6.5923186e-07
5.021042053e-01  6.5976287e-07
5.022046262e-01  6.6028811e-07
5.023050671e-01  6.6080685e-07
5.024055281e-01  6.6131840e-07
5.025060092e-01  6.6182216e-07
5.026065104e-01  6.6231761e-07
5.027070317e-01  6.6280428e-07
5.028075731e-01  6.6328176e-07
5.029081346e-01  6.6374964e-07
5.030087163e-01  6.6420745e-07
5.031093180e-01  6.6465464e-07
5.032099399e-01  6.6509055e-07
5.033105819e-01  6.6551444e-07
5.034112440e-01  6.6592554e-07
5.035119262e-01  6.6632308e-07
5.036126286e-01  6.6670634e-07
5.037133511e-01  6.6707468e-07
5.038140938e-01  6.6742758e-07
5.039148566e-01  6.6776458e-07
5.040156396e-01  6.6808531e-07
5.041164427e-01  6.6838944e-07
5.042172660e-01  6.6867665e-07
5.043181095e-01  6.6894665e-07
5.044189731e-01  6.6919914e-07
5.045198569e-01  6.6943385e-07
5.046207609e-01  6.6965053e-07
5.047216850e-01  6.6984897e-07
5.048226293e-01  6.7002900e-07
5.049235939e-01  6.7019051e-07
5.050245786e-01  6.7033340e-07
5.051255835e-01  6.7045762e-07
5.052266086e-01  6.7056312e-07
5.053276539e-01  6.7064987e-07
5.054287195e-01  6.7071784e-07
5.055298052e-01  6.7076702e-07
5.056309112e-01  6.7079747e-07
5.057320374e-01  6.7080932e-07
5.058331838e-01  6.7080277e-07
5.059343504e-01  6.7077818e-07
5.060355373e-01  6.7073598e-07
5.061367444e-01  6.7067670e-07
5.062379717e-01  6.7060094e-07
5.063392193e-01  6.7050931e-07
5.064404872e-01  6.7040242e-07
5.065417753e-01  6.7028081e-07
5.066430836e-01  6.7014503e-07
5.067444122e-01  6.6999555e-07
5.068457611e-01  6.6983283e-07
5.069471303e-01  6.6965736e-07
5.070485197e-01  6.6946966e-07
5.071499294e-01  6.6927034e-07
5.072513594e-01  6.6906008e-07
5.073528097e-01  6.6883966e-07
5.074542802e-01  6.6860994e-07
5.075557711e-01  6.6837184e-07
5.076572822e-01  6.6812632e-07
5.077588137e-01  6.6787434e-07
5.078603654e-01  6.6761687e-07
5.079619375e-01  6.6735483e-07
5.080635299e-01  6.6708915e-07
5.081651426e-01  6.6682072e-07
5.082667756e-01  6.6655043e-07
5.083684290e-01  6.6627913e-07
5.084701027e-01  6.6600767e-07
5.085717967e-01  6.6573686e-07
5.086735111e-01  6.6546745e-07
5.087752458e-01  6.6520016e-07
5.088770008e-01  6.6493566e-07
5.089787762e-01  6.6467454e-07
5.090805720e-01  6.6441742e-07
5.091823881e-01  6.6416490e-07
5.092842246e-01  6.6391759e-07
5.093860814e-01  6.6367617e-07
5.094879586e-01  6.6344136e-07
5.095898562e-01  6.6321389e-07
5.096917742e-01  6.6299449e-07
5.097937125e-01  6.6278384e-07
5.098956713e-01  6.6258251e-07
5.099976504e-01  6.6239101e-07
5.100996499e-01  6.6220972e-07
5.102016699e-01  6.6203895e-07
5.103037102e-01  6.6187900e-07
5.104057710e-01  6.6173014e-07
5.105078521e-01  6.6159264e-07
5.106099537e-01  6.6146678e-07
5.107120757e-01  6.6135282e-07
5.108142181e-01  6.6125100e-07
5.109163809e-01  6.6116150e-07
5.110185642e-01  6.6108449e-07
5.111207679e-01  6.6102010e-07
5.112229921e-01  6.6096842e-07
5.113252367e-01  6.6092955e-07
5.114275017e-01  6.6090349e-07
5.115297872e-01  6.6089025e-07
5.116320932e-01  6.6088973e-07
5.117344196e-01  6.6090177e-07
5.118367665e-01  6.6092615e-07
5.119391338e-01  6.6096257e-07
5.120415217e-01  6.6101070e-07
5.121439300e-01  6.6107015e-07
5.122463587e-01  6.6114049e-07
5.123488080e-01  6.6122128e-07
5.124512778e-01  6.6131205e-07
5.125537680e-01  6.6141231e-07
5.126562788e-01  6.6152156e-07
5.127588100e-01  6.6163930e-07
5.128613618e-01  6.6176502e-07
5.129639341e-01  6.6189820e-07
5.130665269e-01  6.6203831e-07
5.131691402e-01  6.6218479e-07
5.132717740e-01  6.6233709e-07
5.133744284e-01  6.6249461e-07
5.134771032e-01  6.6265674e-07
5.135797987e-01  6.6282287e-07
5.136825146e-01  6.6299238e-07
5.137852511e-01  6.6316464e-07
5.138880082e-01  6.6333905e-07
5.139907858e-01  6.6351500e-07
5.140935839e-01  6.6369195e-07
5.141964027e-01  6.6386940e-07
5.142992419e-01  6.6404690e-07
5.144021018e-01  6.6422408e-07
5.145049822e-01  6.6440061e-07
5.146078832e-01  6.6457621e-07
5.147108048e-01  6.6475057e-07
5.148137469e-01  6.6492341e-07
5.149167097e-01  6.6509439e-07
5.150196930e-01  6.6526321e-07
5.151226970e-01  6.6542957e-07
5.152257215e-01  6.6559322e-07
5.153287666e-01  6.6575399e-07
5.154318324e-01  6.6591180e-07
5.155349188e-01  6.6606667e-07
5.156380258e-01  6.6621866e-07
5.157411534e-01  6.6636790e-07
5.158443016e-01  6.6651450e-07
5.159474704e-01  6.6665857e-07
5.160506599e-01  6.6680018e-07
5.161538701e-01  6.6693938e-07
5.162571008e-01  6.6707618e-07
5.163603523e-01  6.6721060e-07
5.164636243e-01  6.6734267e-07
5.165669171e-01  6.6747242e-07
5.166702304e-01  6.6759992e-07
5.167735645e-01  6.6772525e-07
5.168769192e-01  6.6784850e-07
5.169802946e-01  6.6796984e-07
5.170836906e-01  6.6808944e-07
5.171871074e-01  6.6820755e-07
5.172905448e-01  6.6832443e-07
5.173940029e-01  6.6844043e-07
5.174974817e-01  6.6855587e-07
5.176009812e-01  6.6867112e-07
5.177045014e-01  6.6878651e-07
5.178080423e-01  6.6890238e-07
5.179116039e-01  6.6901903e-07
5.180151862e-01  6.6913674e-07
5.181187893e-01  6.6925577e-07
5.182224130e-01  6.6937633e-07
5.183260575e-01  6.6949860e-07
5.184297227e-01  6.6962275e-07
5.185334087e-01  6.6974893e-07
5.186371154e-01  6.6987731e-07
5.187408428e-01  6.7000807e-07
5.188445909e-01  6.7014142e-07
5.189483599e-01  6.7027761e-07
5.190521495e-01  6.7041690e-07
5.191559600e-01  6.7055960e-07
5.192597912e-01  6.7070604e-07
5.193636431e-01  6.7085659e-07
5.194675158e-01  6.7101163e-07
5.195714093e-01  6.7117158e-07
5.196753236e-01  6.7133679e-07
5.197792587e-01  6.7150759e-07
5.198832145e-01  6.7168424e-07
5.199871912e-01  6.7186692e-07
5.200911886e-01  6.7205579e-07
5.201952069e-01  6.7225096e-07
5.202992459e-01  6.7245260e-07
5.204033058e-01  6.7266088e-07
5.205073864e-01  6.7287601e-07
5.206114879e-01  6.7309827e-07
5.207156102e-01  6.7332792e-07
5.208197533e-01  6.7356526e-07
5.209239173e-01  6.7381053e-07
5.210281020e-01  6.7406395e-07
5.211323077e-01  6.7432570e-07
5.212365341e-01  6.7459587e-07
5.213407814e-01  6.7487448e-07
5.214450496e-01  6.7516148e-07
5.215493386e-01  6.7545680e-07
5.216536485e-01  6.7576030e-07
5.217579792e-01  6.7607188e-07
5.218623308e-01  6.7639142e-07
5.219667033e-01  6.7671886e-07
5.220710966e-01  6.7705414e-07
5.221755108e-01  6.7739722e-07
5.222799459e-01  6.7774810e-07
5.223844019e-01  6.7810675e-07
5.224888788e-01  6.7847315e-07
5.225933766e-01  6.7884725e-07
5.226978952e-01  6.7922893e-07
5.228024348e-01  6.7961803e-07
5.229069953e-01  6.8001431e-07
5.230115767e-01  6.8041752e-07
5.231161790e-01  6.8082735e-07
5.232208023e-01  6.8124356e-07
5.233254464e-01  6.8166592e-07
5.234301115e-01  6.8209428e-07
5.235347975e-01  6.8252856e-07
5.236395045e-01  6.8296873e-07
5.237442324e-01  6.8341477e-07
5.238489812e-01  6.8386667e-07
5.239537510e-01  6.8432434e-07
5.240585418e-01  6.8478759e-07
5.241633535e-01  6.8525617e-07
5.242681862e-01  6.8572971e-07
5.243730398e-01  6.8620779e-07
5.244779144e-01  6.8668995e-07
5.245828100e-01  6.8717577e-07
5.246877266e-01  6.8766485e-07
5.247926641e-01  6.8815692e-07
5.248976226e-01  6.8865172e-07
5.250026022e-01  6.8914909e-07
5.251076027e-01  6.8964889e-07
5.252126242e-01  6.9015097e-07
5.253176667e-01  6.9065517e-07
5.254227303e-01  6.9116135e-07
5.255278148e-01  6.9166936e-07
5.256329204e-01  6.9217905e-07
5.257380470e-01  6.9269034e-07
5.258431946e-01  6.9320312e-07
5.259483632e-01  6.9371732e-07
5.260535529e-01  6.9423281e-07
5.261587636e-01  6.9474944e-07
5.262639953e-01  6.9526698e-07
5.263692481e-01  6.9578509e-07
5.264745220e-01  6.9630340e-07
5.265798169e-01  6.9682145e-07
5.266851329e-01  6.9733880e-07
5.267904699e-01  6.9785503e-07
5.268958280e-01  6.9836981e-07
5.270012071e-01  6.9888287e-07
5.271066074e-01  6.9939407e-07
5.272120287e-01  6.9990331e-07
5.273174711e-01  7.0041055e-07
5.274229346e-01  7.0091575e-07
5.275284192e-01  7.0141885e-07
5.276339249e-01  7.0191975e-07
5.277394517e-01  7.0241830e-07
5.278449995e-01  7.0291430e-07
5.279505685e-01  7.0340750e-07
5.280561587e-01  7.0389761e-07
5.281617699e-01  7.0438429e-07
5.282674022e-01  7.0486718e-07
5.283730557e-01  7.0534592e-07
5.284787303e-01  7.0582015e-07
5.285844261e-01  7.0628956e-07
5.286901430e-01  7.0675389e-07
5.287958810e-01  7.0721296e-07
5.289016402e-01  7.0766665e-07
5.290074205e-01  7.0811487e-07
5.291132220e-01  7.0855754e-07
5.292190446e-01  7.0899456e-07
5.293248884e-01  7.0942573e-07
5.294307534e-01  7.0985084e-07
5.295366396e-01  7.1026958e-07
5.296425469e-01  7.1068163e-07
5.297484754e-01  7.1108666e-07
5.298544251e-01  7.1148435e-07
5.299603960e-01  7.1187443e-07
5.300663881e-01  7.1225667e-07
5.301724013e-01  7.1263089e-07
5.302784358e-01  7.1299694e-07
5.303844915e-01  7.1335466e-07
5.304905684e-01  7.1370388e-07
5.305966665e-01  7.1404438e-07
5.307027859e-01  7.1437590e-07
5.308089264e-01  7.1469815e-07
5.309150882e-01  7.1501083e-07
5.310212712e-01  7.1531370e-07
5.311274755e-01  7.1560658e-07
5.312337010e-01  7.1588938e-07
5.313399477e-01  7.1616209e-07
5.314462157e-01  7.1642476e-07
5.315525049e-01  7.1667746e-07
5.316588154e-01  7.1692024e-07
5.317651472e-01  7.1715309e-07
5.318715002e-01  7.1737591e-07
5.319778745e-01  7.1758854e-07
5.320842701e-01  7.1779076e-07
5.321906870e-01  7.1798232e-07
5.322971251e-01  7.1816302e-07
5.324035845e-01  7.1833268e-07
5.325100652e-01  7.1849120e-07
5.326165673e-01  7.1863854e-07
5.327230906e-01  7.1877469e-07
5.328296352e-01  7.1889970e-07
5.329362011e-01  7.1901360e-07
5.330427884e-01  7.1911648e-07
5.331493969e-01  7.1920841e-07
5.332560268e-01  7.1928946e-07
5.333626780e-01  7.1935970e-07
5.334693505e-01  7.1941920e-07
5.335760444e-01  7.1946800e-07
5.336827596e-01  7.1950620e-07
5.337894962e-01  7.1953389e-07
5.338962541e-01  7.1955124e-07
5.340030333e-01  7.1955853e-07
5.341098339e-01  7.1955610e-07
5.342166559e-01  7.1954441e-07
5.343234992e-01  7.1952400e-07
5.344303639e-01  7.1949543e-07
5.345372500e-01  7.1945931e-07
5.346441574e-01  7.1941626e-07
5.347510863e-01  7.1936687e-07
5.348580365e-01  7.1931173e-07
5.349650081e-01  7.1925140e-07
5.350720011e-01  7.1918646e-07
5.351790155e-01  7.1911743e-07
5.352860513e-01  7.1904488e-07
5.353931085e-01  7.1896932e-07
5.355001871e-01  7.1889131e-07
5.356072872e-01  7.1881142e-07
5.357144086e-01  7.1873022e-07
5.358215515e-01  7.1864831e-07
5.359287158e-01  7.1856632e-07
5.360359016e-01  7.1848485e-07
5.361431087e-01  7.1840452e-07
5.362503374e-01  7.1832592e-07
5.363575874e-01  7.1824964e-07
5.364648589e-01  7.1817624e-07
5.365721519e-01  7.1810630e-07
5.366794663e-01  7.1804041e-07
5.367868022e-01  7.1797914e-07
5.368941596e-01  7.1792308e-07
5.370015384e-01  7.1787281e-07
5.371089387e-01  7.1782883e-07
5.372163605e-01  7.1779166e-07
5.373238038e-01  7.1776171e-07
5.374312686e-01  7.1773939e-07
5.375387548e-01  7.1772502e-07
5.376462626e-01  7.1771891e-07
5.377537918e-01  7.1772134e-07
5.378613426e-01  7.1773257e-07
5.379689148e-01  7.1775286e-07
5.380765086e-01  7.1778245e-07
5.381841239e-01  7.1782155e-07
5.382917608e-01  7.1787038e-07
5.383994191e-01  7.1792907e-07
5.385070990e-01  7.1799774e-07
5.386148004e-01  7.1807641e-07
5.387225234e-01  7.1816507e-07
5.388302679e-01  7.1826365e-07
5.389380339e-01  7.1837205e-07
5.390458215e-01  7.1849017e-07
5.391536307e-01  7.1861789e-07
5.392614614e-01  7.1875511e-07
5.393693137e-01  7.1890175e-07
5.394771876e-01  7.1905772e-07
5.395850830e-01  7.1922294e-07
5.396930000e-01  7.1939727e-07
5.398009386e-01  7.1958054e-07
5.399088988e-01  7.1977245e-07
5.400168806e-01  7.1997268e-07
5.401248840e-01  7.2018076e-07
5.402329090e-01  7.2039622e-07
5.403409555e-01  7.2061853e-07
5.404490237e-01  7.2084715e-07
5.405571135e-01  7.2108159e-07
5.406652250e-01  7.2132134e-07
5.407733580e-01  7.2156596e-07
5.408815127e-01  7.2181500e-07
5.409896890e-01  7.2206805e-07
5.410978869e-01  7.2232471e-07
5.412061065e-01  7.2258461e-07
5.413143477e-01  7.2284740e-07
5.414226106e-01  7.2311276e-07
5.415308951e-01  7.2338035e-07
5.416392013e-01  7.2364986e-07
5.417475291e-01  7.2392096e-07
5.418558786e-01  7.2419329e-07
5.419642498e-01  7.2446649e-07
5.420726427e-01  7.2474018e-07
5.421810572e-01  7.2501400e-07
5.422894934e-01  7.2528759e-07
5.423979513e-01  7.2556061e-07
5.425064309e-01  7.2583274e-07
5.426149322e-01  7.2610367e-07
5.427234552e-01  7.2637312e-07
5.428319998e-01  7.2664081e-07
5.429405662e-01  7.2690650e-07
5.430491544e-01  7.2716992e-07
5.431577642e-01  7.2743084e-07
5.432663957e-01  7.2768900e-07
5.433750490e-01  7.2794413e-07
5.434837240e-01  7.2819598e-07
5.435924208e-01  7.2844426e-07
5.437011393e-01  7.2868872e-07
5.438098795e-01  7.2892914e-07
5.439186415e-01  7.2916533e-07
5.440274252e-01  7.2939716e-07
5.441362307e-01  7.2962452e-07
5.442450579e-01  7.2984737e-07
5.443539069e-01  7.3006568e-07
5.444627777e-01  7.3027944e-07
5.445716703e-01  7.3048865e-07
5.446805846e-01  7.3069333e-07
5.447895207e-01  7.3089352e-07
5.448984786e-01  7.3108926e-07
5.450074583e-01  7.3128060e-07
5.451164598e-01  7.3146757e-07
5.452254831e-01  7.3165022e-07
5.453345282e-01  7.3182857e-07
5.454435951e-01  7.3200265e-07
5.455526838e-01  7.3217250e-07
5.456617944e-01  7.3233818e-07
5.457709267e-01  7.3249977e-07
5.458800809e-01  7.3265739e-07
5.459892569e-01  7.3281119e-07
5.460984548e-01  7.3296133e-07
5.462076745e-01  7.3310802e-07
5.463169160e-01  7.3325145e-07
5.464261794e-01  7.3339178e-07
5.465354646e-01  7.3352918e-07
5.466447717e-01  7.3366379e-07
5.467541007e-01  7.3379570e-07
5.468634515e-01  7.3392504e-07
5.469728242e-01  7.3405189e-07
5.470822187e-01  7.3417640e-07
5.471916352e-01  7.3429869e-07
5.473010735e-01  7.3441890e-07
5.474105337e-01  7.3453718e-07
5.475200158e-01  7.3465361e-07
5.476295198e-01  7.3476825e-07
5.477390457e-01  7.3488116e-07
5.478485936e-01  7.3499233e-07
5.479581633e-01  7.3510179e-07
5.480677549e-01  7.3520960e-07
5.481773685e-01  7.3531588e-07
5.482870039e-01  7.3542079e-07
5.483966613e-01  7.3552455e-07
5.485063407e-01  7.3562742e-07
5.486160419e-01  7.3572967e-07
5.487257651e-01  7.3583155e-07
5.488355103e-01  7.3593332e-07
5.489452774e-01  7.3603517e-07
5.490550665e-01  7.3613728e-07
5.491648775e-01  7.3623976e-07
5.492747104e-01  7.3634268e-07
5.493845654e-01  7.3644607e-07
5.494944423e-01  7.3654992e-07
5.496043412e-01  7.3665422e-07
5.497142621e-01  7.3675898e-07
5.498242049e-01  7.3686423e-07
5.499341697e-01  7.3697008e-07
5.500441566e-01  7.3707666e-07
5.501541654e-01  7.3718415e-07
5.502641962e-01  7.3729273e-07
5.503742491e-01  7.3740256e-07
5.504843239e-01  7.3751378e-07
5.505944208e-01  7.3762649e-07
5.507045397e-01  7.3774075e-07
5.508146806e-01  7.3785660e-07
5.509248435e-01  7.3797406e-07
5.510350285e-01  7.3809311e-07
5.511452355e-01  7.3821374e-07
5.512554645e-01  7.3833591e-07
5.513657156e-01  7.3845962e-07
5.514759888e-01  7.3858486e-07
5.515862840e-01  7.3871170e-07
5.516966012e-01  7.3884022e-07
5.518069406e-01  7.3897058e-07
5.519173019e-01  7.3910292e-07
5.520276854e-01  7.3923743e-07
5.521380909e-01  7.3937423e-07
5.522485186e-01  7.3951341e-07
5.523589683e-01  7.3965502e-07
5.524694401e-01  7.3979901e-07
5.525799339e-01  7.3994534e-07
5.526904499e-01  7.4009392e-07
5.528009880e-01  7.4024470e-07
5.529115482e-01  7.4039769e-07
5.530221305e-01  7.4055292e-07
5.531327350e-01  7.4071049e-07
5.532433615e-01  7.4087054e-07
5.533540102e-01  7.4103323e-07
5.534646810e-01  7.4119874e-07
5.535753739e-01  7.4136726e-07
5.536860890e-01  7.4153895e-07
5.537968262e-01  7.4171397e-07
5.539075856e-01  7.4189244e-07
5.540183671e-01  7.4207446e-07
5.541291708e-01  7.4226011e-07
5.542399966e-01  7.4244946e-07
5.543508446e-01  7.4264259e-07
5.544617148e-01  7.4283963e-07
5.545726071e-01  7.4304075e-07
5.546835216e-01  7.4324618e-07
5.547944583e-01  7.4345615e-07
5.549054172e-01  7.4367091e-07
5.550163983e-01  7.4389065e-07
5.551274016e-01  7.4411551e-07
5.552384271e-01  7.4434554e-07
5.553494748e-01  7.4458076e-07
5.554605447e-01  7.4482113e-07
5.555716368e-01  7.4506664e-07
5.556827511e-01  7.4531735e-07
5.557938876e-01  7.4557334e-07
5.559050464e-01  7.4583478e-07
5.560162274e-01  7.4610190e-07
5.561274307e-01  7.4637490e-07
5.562386562e-01  7.4665395e-07
5.563499039e-01  7.4693918e-07
5.564611739e-01  7.4723064e-07
5.565724661e-01  7.4752833e-07
5.566837806e-01  7.4783221e-07
5.567951174e-01  7.4814223e-07
5.569064764e-01  7.4845833e-07
5.570178577e-01  7.4878048e-07
5.571292612e-01  7.4910860e-07
5.572406871e-01  7.4944265e-07
5.573521352e-01  7.4978252e-07
5.574636057e-01  7.5012810e-07
5.575750984e-01  7.5047924e-07
5.576866134e-01  7.5083578e-07
5.577981507e-01  7.5119754e-07
5.579097104e-01  7.5156434e-07
5.580212923e-01  7.5193603e-07
5.581328966e-01  7.5231249e-07
5.582445231e-01  7.5269364e-07
5.583561720e-01  7.5307940e-07
5.584678433e-01  7.5346966e-07
5.585795368e-01  7.5386430e-07
5.586912527e-01  7.5426312e-07
5.588029910e-01  7.5466587e-07
5.589147516e-01  7.5507226e-07
5.590265345e-01  7.5548197e-07
5.591383399e-01  7.5589471e-07
5.592501675e-01  7.5631014e-07
5.593620176e-01  7.5672798e-07
5.594738900e-01  7.5714790e-07
5.595857847e-01  7.5756957e-07
5.596977019e-01  7.5799267e-07
5.598096414e-01  7.5841690e-07
5.599216034e-01  7.5884195e-07
5.600335877e-01  7.5926757e-07
5.601455944e-01  7.5969352e-07
5.602576235e-01  7.6011956e-07
5.603696750e-01  7.6054542e-07
5.604817490e-01  7.6097079e-07
5.605938453e-01  7.6139531e-07
5.607059641e-01  7.6181859e-07
5.608181053e-01  7.6224025e-07
5.609302689e-01  7.6265991e-07
5.610424550e-01  7.6307727e-07
5.611546635e-01  7.6349208e-07
5.612668944e-01  7.6390412e-07
5.613791478e-01  7.6431322e-07
5.614914236e-01  7.6471922e-07
5.616037219e-01  7.6512195e-07
5.617160426e-01  7.6552120e-07
5.618283858e-01  7.6591674e-07
5.619407515e-01  7.6630831e-07
5.620531397e-01  7.6669565e-07
5.621655503e-01  7.6707848e-07
5.622779834e-01  7.6745658e-07
5.623904390e-01  7.6782973e-07
5.625029171e-01  7.6819778e-07
5.626154177e-01  7.6856063e-07
5.627279408e-01  7.6891822e-07
5.628404863e-01  7.6927052e-07
5.629530544e-01  7.6961753e-07
5.630656450e-01  7.6995928e-07
5.631782582e-01  7.7029578e-07
5.632908938e-01  7.7062705e-07
5.634035520e-01  7.7095311e-07
5.635162327e-01  7.7127397e-07
5.636289360e-01  7.7158966e-07
5.637416618e-01  7.7190021e-07
5.638544101e-01  7.7220565e-07
5.639671810e-01  7.7250606e-07
5.640799744e-01  7.7280151e-07
5.641927904e-01  7.7309213e-07
5.643056290e-01  7.7337804e-07
5.644184901e-01  7.7365941e-07
5.645313738e-01  7.7393640e-07
5.646442801e-01  7.7420919e-07
5.647572089e-01  7.7447796e-07
5.648701604e-01  7.7474286e-07
5.649831344e-01  7.7500403e-07
5.650961310e-01  7.7526157e-07
5.652091502e-01  7.7551552e-07
5.653221921e-01  7.7576594e-07
5.654352565e-01  7.7601284e-07
5.655483436e-01  7.7625627e-07
5.656614532e-01  7.7649632e-07
5.657745855e-01  7.7673310e-07
5.658877404e-01  7.7696681e-07
5.660009180e-01  7.7719765e-07
5.661141182e-01  7.7742586e-07
5.662273410e-01  7.7765165e-07
5.663405865e-01  7.7787525e-07
5.664538546e-01  7.7809689e-07
5.665671453e-01  7.7831678e-07
5.666804588e-01  7.7853514e-07
5.667937949e-01  7.7875221e-07
5.669071536e-01  7.7896821e-07
5.670205351e-01  7.7918333e-07
5.671339392e-01  7.7939773e-07
5.672473659e-01  7.7961153e-07
5.673608154e-01  7.7982481e-07
5.674742876e-01  7.8003765e-07
5.675877824e-01  7.8025013e-07
5.677013000e-01  7.8046235e-07
5.678148403e-01  7.8067445e-07
5.679284032e-01  7.8088658e-07
5.680419889e-01  7.8109888e-07
5.681555973e-01  7.8131148e-07
5.682692284e-01  7.8152444e-07
5.683828823e-01  7.8173779e-07
5.684965588e-01  7.8195148e-07
5.686102582e-01  7.8216547e-07
5.687239802e-01  7.8237972e-07
5.688377250e-01  7.8259417e-07
5.689514926e-01  7.8280884e-07
5.690652829e-01  7.8302373e-07
5.691790959e-01  7.8323887e-07
5.692929317e-01  7.8345427e-07
5.694067903e-01  7.8366989e-07
5.695206717e-01  7.8388567e-07
5.696345758e-01  7.8410144e-07
5.697485027e-01  7.8431701e-07
5.698624524e-01  7.8453210e-07
5.699764249e-01  7.8474643e-07
5.700904202e-01  7.8495967e-07
5.702044383e-01  7.8517153e-07
5.703184792e-01  7.8538173e-07
5.704325429e-01  7.8559003e-07
5.705466294e-01  7.8579621e-07
5.706607387e-01  7.8600007e-07
5.707748708e-01  7.8620140e-07
5.708890258e-01  7.8639999e-07
5.710032036e-01  7.8659561e-07
5.711174043e-01  7.8678800e-07
5.712316277e-01  7.8697689e-07
5.713458741e-01  7.8716198e-07
5.714601432e-01  7.8734294e-07
5.715744353e-01  7.8751943e-07
5.716887502e-01  7.8769109e-07
5.718030879e-01  7.8785755e-07
5.719174485e-01  7.8801844e-07
5.720318320e-01  7.8817342e-07
5.721462384e-01  7.8832219e-07
5.722606676e-01  7.8846448e-07
5.723751198e-01  7.8860009e-07
5.724895948e-01  7.8872887e-07
5.726040927e-01  7.8885068e-07
5.727186135e-01  7.8896537e-07
5.728331573e-01  7.8907276e-07
5.729477239e-01  7.8917263e-07
5.730623134e-01  7.8926473e-07
5.731769259e-01  7.8934877e-07
5.732915613e-01  7.8942450e-07
5.734062196e-01  7.8949167e-07
5.735209008e-01  7.8955006e-07
5.736356050e-01  7.8959954e-07
5.737503321e-01  7.8963998e-07
5.738650822e-01  7.8967130e-07
5.739798552e-01  7.8969349e-07
5.740946512e-01  7.8970653e-07
5.742094701e-01  7.8971045e-07
5.743243120e-01  7.8970530e-07
5.744391769e-01  7.8969115e-07
5.745540647e-01  7.8966808e-07
5.746689755e-01  7.8963619e-07
5.747839093e-01  7.8959558e-07
5.748988661e-01  7.8954636e-07
5.750138459e-01  7.8948867e-07
5.751288486e-01  7.8942262e-07
5.752438744e-01  7.8934837e-07
5.753589232e-01  7.8926606e-07
5.754739950e-01  7.8917585e-07
5.755890898e-01  7.8907795e-07
5.757042076e-01  7.8897257e-07
5.758193484e-01  7.8885999e-07
5.759345123e-01  7.8874052e-07
5.760496992e-01  7.8861451e-07
5.761649091e-01  7.8848232e-07
5.762801421e-01  7.8834430e-07
5.763953982e-01  7.8820077e-07
5.765106772e-01  7.8805196e-07
5.766259794e-01  7.8789808e-07
5.767413046e-01  7.8773925e-07
5.768566528e-01  7.8757557e-07
5.769720242e-01  7.8740711e-07
5.770874186e-01  7.8723398e-07
5.772028360e-01  7.8705630e-07
5.773182766e-01  7.8687432e-07
5.774337403e-01  7.8668836e-07
5.775492270e-01  7.8649887e-07
5.776647369e-01  7.8630649e-07
5.777802698e-01  7.8611202e-07
5.778958259e-01  7.8591644e-07
5.780114050e-01  7.8572093e-07
5.781270073e-01  7.8552672e-07
5.782426327e-01  7.8533495e-07
5.783582812e-01  7.8514636e-07
5.784739529e-01  7.8496099e-07
5.785896477e-01  7.8477787e-07
5.787053656e-01  7.8459492e-07
5.788211067e-01  7.8440907e-07
5.789368709e-01  7.8421678e-07
5.790526583e-01  7.8401476e-07
5.791684688e-01  7.8380069e-07
5.792843025e-01  7.8357388e-07
5.794001594e-01  7.8333542e-07
5.795160394e-01  7.8308793e-07
5.796319426e-01  7.8283492e-07
5.797478690e-01  7.8257999e-07
5.798638186e-01  7.8232614e-07
5.799797913e-01  7.8207530e-07
5.800957873e-01  7.8182826e-07
5.802118064e-01  7.8158485e-07
5.803278488e-01  7.8134436e-07
5.804439144e-01  7.8110587e-07
5.805600032e-01  7.8086859e-07
5.806761152e-01  7.8063202e-07
5.807922504e-01  7.8039597e-07
5.809084088e-01  7.8016054e-07
5.810245905e-01  7.7992600e-07
5.811407954e-01  7.7969272e-07
5.812570236e-01  7.7946109e-07
5.813732750e-01  7.7923146e-07
5.814895497e-01  7.7900415e-07
5.816058476e-01  7.7877944e-07
5.817221687e-01  7.7855759e-07
5.818385132e-01  7.7833884e-07
5.819548809e-01  7.7812341e-07
5.820712718e-01  7.7791150e-07
5.821876861e-01  7.7770327e-07
5.823041236e-01  7.7749882e-07
5.824205845e-01  7.7729824e-07
5.825370686e-01  7.7710152e-07
5.826535760e-01  7.7690867e-07
5.827701067e-01  7.7671962e-07
5.828866607e-01  7.7653431e-07
5.830032381e-01  7.7635265e-07
5.831198387e-01  7.7617457e-07
5.832364627e-01  7.7599998e-07
5.833531100e-01  7.7582881e-07
5.834697806e-01  7.7566101e-07
5.835864745e-01  7.7549657e-07
5.837031918e-01  7.7533551e-07
5.838199325e-01  7.7517789e-07
5.839366965e-01  7.7502379e-07
5.840534838e-01  7.7487325e-07
5.841702945e-01  7.7472634e-07
5.842871286e-01  7.7458309e-07
5.844039860e-01  7.7444350e-07
5.845208668e-01  7.7430759e-07
5.846377710e-01  7.7417537e-07
5.847546985e-01  7.7404688e-07
5.848716495e-01  7.7392215e-07
5.849886238e-01  7.7380126e-07
5.851056215e-01  7.7368429e-07
5.852226426e-01  7.7357131e-07
5.853396872e-01  7.7346240e-07
5.854567551e-01  7.7335763e-07
5.855738464e-01  7.7325703e-07
5.856909612e-01  7.7316065e-07
5.858080994e-01  7.7306850e-07
5.859252610e-01  7.7298058e-07
5.860424461e-01  7.7289686e-07
5.861596546e-01  7.7281733e-07
5.862768865e-01  7.7274195e-07
5.863941419e-01  7.7267070e-07
5.865114207e-01  7.7260358e-07
5.866287230e-01  7.7254060e-07
5.867460487e-01  7.7248181e-07
5.868633979e-01  7.7242728e-07
5.869807706e-01  7.7237714e-07
5.870981668e-01  7.7233149e-07
5.872155864e-01  7.7229048e-07
5.873330295e-01  7.7225420e-07
5.874504961e-01  7.7222273e-07
5.875679862e-01  7.7219612e-07
5.876854998e-01  7.7217440e-07
5.878030369e-01  7.7215757e-07
5.879205975e-01  7.7214564e-07
5.880381817e-01  7.7213866e-07
5.881557893e-01  7.7213663e-07
5.882734205e-01  7.7213961e-07
5.883910751e-01  7.7214761e-07
5.885087534e-01  7.7216066e-07
5.886264551e-01  7.7217876e-07
5.887441804e-01  7.7220195e-07
5.888619292e-01  7.7223026e-07
5.889797016e-01  7.7226378e-07
5.890974976e-01  7.7230264e-07
5.892153171e-01  7.7234703e-07
5.893331601e-01  7.7239714e-07
5.894510268e-01  7.7245322e-07
5.895689170e-01  7.7251549e-07
5.896868307e-01  7.7258416e-07
5.898047681e-01  7.7265941e-07
5.899227291e-01  7.7274141e-07
5.900407136e-01  7.7283030e-07
5.901587217e-01  7.7292627e-07
5.902767535e-01  7.7302949e-07
5.903948088e-01  7.7314022e-07
5.905128878e-01  7.7325868e-07
5.906309904e-01  7.7338514e-07
5.907491166e-01  7.7351980e-07
5.908672664e-01  7.7366285e-07
5.909854399e-01  7.7381441e-07
5.911036369e-01  7.7397457e-07
5.912218577e-01  7.7414341e-07
5.913401020e-01  7.7432099e-07
5.914583701e-01  7.7450738e-07
5.915766617e-01  7.7470261e-07
5.916949771e-01  7.7490669e-07
5.918133161e-01  7.7511959e-07
5.919316787e-01  7.7534120e-07
5.920500651e-01  7.7557139e-07
5.921684751e-01  7.7581001e-07
5.922869088e-01  7.7605692e-07
5.924053662e-01  7.7631205e-07
5.925238472e-01  7.7657534e-07
5.926423520e-01  7.7684680e-07
5.927608805e-01  7.7712643e-07
5.928794326e-01  7.7741418e-07
5.929980085e-01  7.7770991e-07
5.931166081e-01  7.7801339e-07
5.932352315e-01  7.7832427e-07
5.933538785e-01  7.7864214e-07
5.934725493e-01  7.7896655e-07
5.935912438e-01  7.7929709e-07
5.937099620e-01  7.7963335e-07
5.938287040e-01  7.7997495e-07
5.939474698e-01  7.8032154e-07
5.940662593e-01  7.8067268e-07
5.941850725e-01  7.8102792e-07
5.943039095e-01  7.8138672e-07
5.944227703e-01  7.8174855e-07
5.945416549e-01  7.8211289e-07
5.946605632e-01  7.8247929e-07
5.947794953e-01  7.8284743e-07
5.948984512e-01  7.8321709e-07
5.950174309e-01  7.8358811e-07
5.951364344e-01  7.8396041e-07
5.952554617e-01  7.8433390e-07
5.953745128e-01  7.8470842e-07
5.954935877e-01  7.8508378e-07
5.956126864e-01  7.8545969e-07
5.957318089e-01  7.8583583e-07
5.958509553e-01  7.8621186e-07
5.959701255e-01  7.8658745e-07
5.960893195e-01  7.8696233e-07
5.962085374e-01  7.8733623e-07
5.963277791e-01  7.8770893e-07
5.964470446e-01  7.8808020e-07
5.965663340e-01  7.8844979e-07
5.966856473e-01  7.8881742e-07
5.968049844e-01  7.8918276e-07
5.969243454e-01  7.8954549e-07
5.970437303e-01  7.8990526e-07
5.971631390e-01  7.9026174e-07
5.972825717e-01  7.9061460e-07
5.974020282e-01  7.9096350e-07
5.975215086e-01  7.9130810e-07
5.976410129e-01  7.9164803e-07
5.977605411e-01  7.9198294e-07
5.978800932e-01  7.9231247e-07
5.979996692e-01  7.9263632e-07
5.981192692e-01  7.9295418e-07
5.982388930e-01  7.9326581e-07
5.983585408e-01  7.9357099e-07
5.984782125e-01  7.9386948e-07
5.985979081e-01  7.9416106e-07
5.987176277e-01  7.9444550e-07
5.988373712e-01  7.9472254e-07
5.989571387e-01  7.9499196e-07
5.990769301e-01  7.9525353e-07
5.991967455e-01  7.9550704e-07
5.993165849e-01  7.9575228e-07
5.994364482e-01  7.9598906e-07
5.995563355e-01  7.9621718e-07
5.996762468e-01  7.9643640e-07
5.997961820e-01  7.9664649e-07
5.999161412e-01  7.9684723e-07
6.000361245e-01  7.9703841e-07
6.001561317e-01  7.9721983e-07
6.002761629e-01  7.9739135e-07
6.003962182e-01  7.9755287e-07
6.005162974e-01  7.9770430e-07
6.006364007e-01  7.9784560e-07
6.007565279e-01  7.9797670e-07
6.008766792e-01  7.9809756e-07
6.009968546e-01  7.9820812e-07
6.011170539e-01  7.9830833e-07
6.012372774e-01  7.9839814e-07
6.013575248e-01  7.9847754e-07
6.014777963e-01  7.9854655e-07
6.015980919e-01  7.9860522e-07
6.017184115e-01  7.9865364e-07
6.018387552e-01  7.9869189e-07
6.019591229e-01  7.9872002e-07
6.020795148e-01  7.9873805e-07
6.021999307e-01  7.9874594e-07
6.023203706e-01  7.9874363e-07
6.024408347e-01  7.9873100e-07
6.025613229e-01  7.9870796e-07
6.026818352e-01  7.9867443e-07
6.028023715e-01  7.9863039e-07
6.029229320e-01  7.9857587e-07
6.030435166e-01  7.9851096e-07
6.031641253e-01  7.9843580e-07
6.032847581e-01  7.9835057e-07
6.034054151e-01  7.9825547e-07
6.035260961e-01  7.9815071e-07
6.036468014e-01  7.9803652e-07
6.037675307e-01  7.9791310e-07
6.038882842e-01  7.9778065e-07
6.040090619e-01  7.9763932e-07
6.041298637e-01  7.9748922e-07
6.042506897e-01  7.9733044e-07
6.043715398e-01  7.9716301e-07
6.044924141e-01  7.9698694e-07
6.046133126e-01  7.9680219e-07
6.047342353e-01  7.9660875e-07
6.048551821e-01  7.9640660e-07
6.049761531e-01  7.9619576e-07
6.050971484e-01  7.9597630e-07
6.052181678e-01  7.9574835e-07
6.053392114e-01  7.9551210e-07
6.054602793e-01  7.9526774e-07
6.055813713e-01  7.9501551e-07
6.057024876e-01  7.9475558e-07
6.058236281e-01  7.9448811e-07
6.059447928e-01  7.9421325e-07
6.060659818e-01  7.9393110e-07
6.061871950e-01  7.9364177e-07
6.063084324e-01  7.9334538e-07
6.064296941e-01  7.9304204e-07
6.065509801e-01  7.9273193e-07
6.066722902e-01  7.9241518e-07
6.067936247e-01  7.9209198e-07
6.069149834e-01  7.9176248e-07
6.070363664e-01  7.9142686e-07
6.071577737e-01  7.9108531e-07
6.072792053e-01  7.9073803e-07
6.074006611e-01  7.9038525e-07
6.075221412e-01  7.9002723e-07
6.076436457e-01  7.8966424e-07
6.077651744e-01  7.8929657e-07
6.078867274e-01  7.8892449e-07
6.080083048e-01  7.8854825e-07
6.081299064e-01  7.8816810e-07
6.082515324e-01  7.8778423e-07
6.083731827e-01  7.8739684e-07
6.084948574e-01  7.8700610e-07
6.086165563e-01  7.8661219e-07
6.087382796e-01  7.8621527e-07
6.088600273e-01  7.8581546e-07
6.089817993e-01  7.8541289e-07
6.091035957e-01  7.8500767e-07
6.092254164e-01  7.8459991e-07
6.093472615e-01  7.8418974e-07
6.094691309e-01  7.8377734e-07
6.095910247e-01  7.8336295e-07
6.097129429e-01  7.8294686e-07
6.098348855e-01  7.8252935e-07
6.099568525e-01  7.8211074e-07
6.100788439e-01  7.8169125e-07
6.102008596e-01  7.8127110e-07
6.103228998e-01  7.8085038e-07
6.104449644e-01  7.8042917e-07
6.105670534e-01  7.8000751e-07
6.106891668e-01  7.7958545e-07
6.108113046e-01  7.7916306e-07
6.109334669e-01  7.7874046e-07
6.110556536e-01  7.7831780e-07
6.111778647e-01  7.7789522e-07
6.113001003e-01  7.7747288e-07
6.114223603e-01  7.7705086e-07
6.115446448e-01  7.7662923e-07
6.116669537e-01  7.7620804e-07
6.117892871e-01  7.7578730e-07
6.119116450e-01  7.7536705e-07
6.120340273e-01  7.7494734e-07
6.121564341e-01  7.7452825e-07
6.122788654e-01  7.7410989e-07
6.124013212e-01  7.7369234e-07
6.125238014e-01  7.7327571e-07
6.126463062e-01  7.7286008e-07
6.127688354e-01  7.7244554e-07
6.128913892e-01  7.7203217e-07
6.130139675e-01  7.7162005e-07
6.131365703e-01  7.7120929e-07
6.132591976e-01  7.7079997e-07
6.133818494e-01  7.7039221e-07
6.135045258e-01  7.6998606e-07
6.136272267e-01  7.6958158e-07
6.137499522e-01  7.6917880e-07
6.138727021e-01  7.6877774e-07
6.139954767e-01  7.6837838e-07
6.141182758e-01  7.6798077e-07
6.142410994e-01  7.6758491e-07
6.143639477e-01  7.6719087e-07
6.144868204e-01  7.6679872e-07
6.146097178e-01  7.6640853e-07
6.147326398e-01  7.6602036e-07
6.148555863e-01  7.6563426e-07
6.149785574e-01  7.6525022e-07
6.151015531e-01  7.6486822e-07
6.152245734e-01  7.6448819e-07
6.153476183e-01  7.6411004e-07
6.154706879e-01  7.6373371e-07
6.155937820e-01  7.6335914e-07
6.157169008e-01  7.6298630e-07
6.158400441e-01  7.6261520e-07
6.159632121e-01  7.6224591e-07
6.160864048e-01  7.6187851e-07
6.162096221e-01  7.6151307e-07
6.163328640e-01  7.6114969e-07
6.164561306e-01  7.6078846e-07
6.165794218e-01  7.6042946e-07
6.167027377e-01  7.6007275e-07
6.168260782e-01  7.5971839e-07
6.169494434e-01  7.5936645e-07
6.170728333e-01  7.5901697e-07
6.171962479e-01  7.5867003e-07
6.173196871e-01  7.5832566e-07
6.174431511e-01  7.5798392e-07
6.175666397e-01  7.5764486e-07
6.176901530e-01  7.5730852e-07
6.178136911e-01  7.5697495e-07
6.179372538e-01  7.5664418e-07
6.180608413e-01  7.5631623e-07
6.181844534e-01  7.5599111e-07
6.183080903e-01  7.5566877e-07
6.184317519e-01  7.5534917e-07
6.185554383e-01  7.5503222e-07
6.186791494e-01  7.5471785e-07
6.188028852e-01  7.5440598e-07
6.189266458e-01  7.5409655e-07
6.190504311e-01  7.5378952e-07
6.191742412e-01  7.5348489e-07
6.192980760e-01  7.5318265e-07
6.194219357e-01  7.5288280e-07
6.195458200e-01  7.5258532e-07
6.196697292e-01  7.5229013e-07
6.197936632e-01  7.5199716e-07
6.199176219e-01  7.5170628e-07
6.200416054e-01  7.5141736e-07
6.201656137e-01  7.5113028e-07
6.202896469e-01  7.5084492e-07
6.204137048e-01  7.5056120e-07
6.205377875e-01  7.5027904e-07
6.206618951e-01  7.4999838e-07
6.207860275e-01  7.4971913e-07
6.209101847e-01  7.4944122e-07
6.210343667e-01  7.4916457e-07
6.211585736e-01  7.4888909e-07
6.212828053e-01  7.4861471e-07
6.214070619e-01  7.4834134e-07
6.215313433e-01  7.4806890e-07
6.216556495e-01  7.4779729e-07
6.217799807e-01  7.4752638e-07
6.219043367e-01  7.4725605e-07
6.220287175e-01  7.4698614e-07
6.221531233e-01  7.4671652e-07
6.222775539e-01  7.4644707e-07
6.224020094e-01  7.4617771e-07
6.225264898e-01  7.4590842e-07
6.226509951e-01  7.4563919e-07
6.227755253e-01  7.4537004e-07
6.229000804e-01  7.4510099e-07
6.230246604e-01  7.4483203e-07
6.231492654e-01  7.4456310e-07
6.232738952e-01  7.4429412e-07
6.233985500e-01  7.4402496e-07
6.235232297e-01  7.4375545e-07
6.236479343e-01  7.4348544e-07
6.237726639e-01  7.4321474e-07
6.238974185e-01  7.4294322e-07
6.240221980e-01  7.4267073e-07
6.241470024e-01  7.4239719e-07
6.242718318e-01  7.4212253e-07
6.243966862e-01  7.4184673e-07
6.245215655e-01  7.4156976e-07
6.246464698e-01  7.4129163e-07
6.247713991e-01  7.4101230e-07
6.248963534e-01  7.4073174e-07
6.250213327e-01  7.4044988e-07
6.251463369e-01  7.4016665e-07
6.252713662e-01  7.3988199e-07
6.253964205e-01  7.3959585e-07
6.255214997e-01  7.3930824e-07
6.256466040e-01  7.3901916e-07
6.257717334e-01  7.3872879e-07
6.258968877e-01  7.3843756e-07
6.260220671e-01  7.3814647e-07
6.261472715e-01  7.3785763e-07
6.262725010e-01  7.3757504e-07
6.263977555e-01  7.3730579e-07
6.265230350e-01  7.3706134e-07
6.266483396e-01  7.3685882e-07
6.267736693e-01  7.3672139e-07
6.268990240e-01  7.3667710e-07
6.270244038e-01  7.3675521e-07
6.271498087e-01  7.3697971e-07
6.272752387e-01  7.3736078e-07
6.274006937e-01  7.3788585e-07
6.275261739e-01  7.3851367e-07
6.276516791e-01  7.3917413e-07
6.277772094e-01  7.3977611e-07
6.279027649e-01  7.4022282e-07
6.280283454e-01  7.4043134e-07
6.281539511e-01  7.4035091e-07
6.282795819e-01  7.3997461e-07
6.284052378e-01  7.3934038e-07
6.285309188e-01  7.3852125e-07
6.286566250e-01  7.3760794e-07
6.287823563e-01  7.3668906e-07
6.289081128e-01  7.3583440e-07
6.290338944e-01  7.3508541e-07
6.291597012e-01  7.3445378e-07
6.292855332e-01  7.3392690e-07
6.294113903e-01  7.3347720e-07
6.295372725e-01  7.3307213e-07
6.296631800e-01  7.3268216e-07
6.297891126e-01  7.3228555e-07
6.299150705e-01  7.3186983e-07
6.300410535e-01  7.3143082e-07
6.301670617e-01  7.3097017e-07
6.302930951e-01  7.3049258e-07
6.304191537e-01  7.3000332e-07
6.305452375e-01  7.2950658e-07
6.306713466e-01  7.2900469e-07
6.307974809e-01  7.2849823e-07
6.309236404e-01  7.2798670e-07
6.310498251e-01  7.2746955e-07
6.311760351e-01  7.2694703e-07
6.313022703e-01  7.2642074e-07
6.314285307e-01  7.2589357e-07
6.315548164e-01  7.2536927e-07
6.316811274e-01  7.2485170e-07
6.318074636e-01  7.2434410e-07
6.319338251e-01  7.2384869e-07
6.320602119e-01  7.2336642e-07
6.321866239e-01  7.2289716e-07
6.323130612e-01  7.2243999e-07
6.324395238e-01  7.2199349e-07
6.325660117e-01  7.2155602e-07
6.326925250e-01  7.2112591e-07
6.328190635e-01  7.2070156e-07
6.329456273e-01  7.2028157e-07
6.330722164e-01  7.1986476e-07
6.331988308e-01  7.1945028e-07
6.333254706e-01  7.1903759e-07
6.334521357e-01  7.1862642e-07
6.335788261e-01  7.1821665e-07
6.337055419e-01  7.1780820e-07
6.338322830e-01  7.1740092e-07
6.339590495e-01  7.1699453e-07
6.340858413e-01  7.1658859e-07
6.342126584e-01  7.1618259e-07
6.343395010e-01  7.1577604e-07
6.344663689e-01  7.1536851e-07
6.345932621e-01  7.1495970e-07
6.347201808e-01  7.1454947e-07
6.348471248e-01  7.1413778e-07
6.349740943e-01  7.1372467e-07
6.351010891e-01  7.1331019e-07
6.352281093e-01  7.1289442e-07
6.353551549e-01  7.1247739e-07
6.354822259e-01  7.1205914e-07
6.356093224e-01  7.1163971e-07
6.357364443e-01  7.1121915e-07
6.358635915e-01  7.1079755e-07
6.359907643e-01  7.1037501e-07
6.361179624e-01  7.0995166e-07
6.362451860e-01  7.0952765e-07
6.363724350e-01  7.0910312e-07
6.364997095e-01  7.0867817e-07
6.366270095e-01  7.0825290e-07
6.367543349e-01  7.0782731e-07
6.368816857e-01  7.0740135e-07
6.370090621e-01  7.0697491e-07
6.371364639e-01  7.0654784e-07
6.372638912e-01  7.0611992e-07
6.373913440e-01  7.0569099e-07
6.375188222e-01  7.0526085e-07
6.376463260e-01  7.0482933e-07
6.377738553e-01  7.0439630e-07
6.379014100e-01  7.0396160e-07
6.380289903e-01  7.0352511e-07
6.381565961e-01  7.0308669e-07
6.382842274e-01  7.0264625e-07
6.384118843e-01  7.0220377e-07
6.385395667e-01  7.0175928e-07
6.386672746e-01  7.0131288e-07
6.387950080e-01  7.0086475e-07
6.389227670e-01  7.0041510e-07
6.390505516e-01  6.9996415e-07
6.391783617e-01  6.9951208e-07
6.393061974e-01  6.9905907e-07
6.394340586e-01  6.9860526e-07
6.395619454e-01  6.9815078e-07
6.396898578e-01  6.9769574e-07
6.398177958e-01  6.9724033e-07
6.399457593e-01  6.9678473e-07
6.400737485e-01  6.9632920e-07
6.402017632e-01  6.9587401e-07
6.403298036e-01  6.9541946e-07
6.404578695e-01  6.9496586e-07
6.405859611e-01  6.9451353e-07
6.407140783e-01  6.9406277e-07
6.408422211e-01  6.9361386e-07
6.409703896e-01  6.9316705e-07
6.410985836e-01  6.9272260e-07
6.412268034e-01  6.9228074e-07
6.413550487e-01  6.9184166e-07
6.414833197e-01  6.9140556e-07
6.416116164e-01  6.9097259e-07
6.417399387e-01  6.9054289e-07
6.418682867e-01  6.9011657e-07
6.419966604e-01  6.8969371e-07
6.421250597e-01  6.8927437e-07
6.422534847e-01  6.8885859e-07
6.423819354e-01  6.8844638e-07
6.425104118e-01  6.8803771e-07
6.426389139e-01  6.8763253e-07
6.427674417e-01  6.8723078e-07
6.428959951e-01  6.8683234e-07
6.430245743e-01  6.8643711e-07
6.431531793e-01  6.8604496e-07
6.432818099e-01  6.8565570e-07
6.434104663e-01  6.8526914e-07
6.435391484e-01  6.8488504e-07
6.436678562e-01  6.8450312e-07
6.437965898e-01  6.8412312e-07
6.439253491e-01  6.8374475e-07
6.440541341e-01  6.8336775e-07
6.441829450e-01  6.8299185e-07
6.443117816e-01  6.8261677e-07
6.444406439e-01  6.8224225e-07
6.445695320e-01  6.8186799e-07
6.446984459e-01  6.8149369e-07
6.448273856e-01  6.8111912e-07
6.449563511e-01  6.8074407e-07
6.450853424e-01  6.8036845e-07
6.452143595e-01  6.7999225e-07
6.453434023e-01  6.7961553e-07
6.454724710e-01  6.7923840e-07
6.456015655e-01  6.7886093e-07
6.457306858e-01  6.7848320e-07
6.458598320e-01  6.7810517e-07
6.459890039e-01  6.7772680e-07
6.461182017e-01  6.7734802e-07
6.462474254e-01  6.7696879e-07
6.463766748e-01  6.7658914e-07
6.465059502e-01  6.7620924e-07
6.466352514e-01  6.7582933e-07
6.467645784e-01  6.7544977e-07
6.468939313e-01  6.7507097e-07
6.470233101e-01  6.7469335e-07
6.471527148e-01  6.7431727e-07
6.472821453e-01  6.7394302e-07
6.474116018e-01  6.7357076e-07
6.475410841e-01  6.7320055e-07
6.476705923e-01  6.7283236e-07
6.478001264e-01  6.7246610e-07
6.479296864e-01  6.7210164e-07
6.480592724e-01  6.7173889e-07
6.481888842e-01  6.7137779e-07
6.483185220e-01  6.7101832e-07
6.484481857e-01  6.7066054e-07
6.485778753e-01  6.7030449e-07
6.487075909e-01  6.6995025e-07
6.488373324e-01  6.6959787e-07
6.489670999e-01  6.6924735e-07
6.490968933e-01  6.6889863e-07
6.492267127e-01  6.6855158e-07
6.493565580e-01  6.6820602e-07
6.494864294e-01  6.6786173e-07
6.496163266e-01  6.6751852e-07
6.497462499e-01  6.6717622e-07
6.498761992e-01  6.6683471e-07
6.500061744e-01  6.6649395e-07
6.501361756e-01  6.6615395e-07
6.502662029e-01  6.6581473e-07
6.503962561e-01  6.6547633e-07
6.505263354e-01  6.6513875e-07
6.506564406e-01  6.6480195e-07
6.507865719e-01  6.6446582e-07
6.509167292e-01  6.6413015e-07
6.510469126e-01  6.6379466e-07
6.511771220e-01  6.6345899e-07
6.513073574e-01  6.6312265e-07
6.514376189e-01  6.6278512e-07
6.515679064e-01  6.6244586e-07
6.516982200e-01  6.6210437e-07
6.518285596e-01  6.6176028e-07
6.519589253e-01  6.6141336e-07
6.520893171e-01  6.6106363e-07
6.522197350e-01  6.6071124e-07
6.523501789e-01  6.6035651e-07
6.524806489e-01  6.5999978e-07
6.526111451e-01  6.5964140e-07
6.527416673e-01  6.5928161e-07
6.528722156e-01  6.5892057e-07
6.530027901e-01  6.5855832e-07
6.531333906e-01  6.5819481e-07
6.532640173e-01  6.5782996e-07
6.533946701e-01  6.5746369e-07
6.535253491e-01  6.5709597e-07
6.536560541e-01  6.5672685e-07
6.537867853e-01  6.5635644e-07
6.539175427e-01  6.5598492e-07
6.540483262e-01  6.5561252e-07
6.541791359e-01  6.5523944e-07
6.543099717e-01  6.5486586e-07
6.544408337e-01  6.5449193e-07
6.545717219e-01  6.5411777e-07
6.547026362e-01  6.5374349e-07
6.548335767e-01  6.5336923e-07
6.549645434e-01  6.5299513e-07
6.550955364e-01  6.5262133e-07
6.552265555e-01  6.5224794e-07
6.553576008e-01  6.5187497e-07
6.554886723e-01  6.5150232e-07
6.556197700e-01  6.5112980e-07
6.557508940e-01  6.5075717e-07
6.558820442e-01  6.5038419e-07
6.560132206e-01  6.5001068e-07
6.561444232e-01  6.4963658e-07
6.562756521e-01  6.4926197e-07
6.564069072e-01  6.4888703e-07
6.565381886e-01  6.4851198e-07
6.566694962e-01  6.4813707e-07
6.568008301e-01  6.4776251e-07
6.569321903e-01  6.4738844e-07
6.570635767e-01  6.4701495e-07
6.571949895e-01  6.4664209e-07
6.573264285e-01  6.4626986e-07
6.574578937e-01  6.4589830e-07
6.575893853e-01  6.4552742e-07
6.577209032e-01  6.4515725e-07
6.578524474e-01  6.4478782e-07
6.579840179e-01  6.4441916e-07
6.581156147e-01  6.4405128e-07
6.582472378e-01  6.4368419e-07
6.583788872e-01  6.4331790e-07
6.585105630e-01  6.4295240e-07
6.586422651e-01  6.4258771e-07
6.587739936e-01  6.4222383e-07
6.589057484e-01  6.4186077e-07
6.590375295e-01  6.4149853e-07
6.591693370e-01  6.4113710e-07
6.593011709e-01  6.4077646e-07
6.594330311e-01  6.4041661e-07
6.595649178e-01  6.4005756e-07
6.596968307e-01  6.3969932e-07
6.598287701e-01  6.3934193e-07
6.599607359e-01  6.3898546e-07
6.600927280e-01  6.3862994e-07
6.602247465e-01  6.3827543e-07
6.603567915e-01  6.3792193e-07
6.604888629e-01  6.3756939e-07
6.606209606e-01  6.3721770e-07
6.607530848e-01  6.3686671e-07
6.608852354e-01  6.3651621e-07
6.610174125e-01  6.3616600e-07
6.611496160e-01  6.3581589e-07
6.612818459e-01  6.3546576e-07
6.614141023e-01  6.3511549e-07
6.615463851e-01  6.3476502e-07
6.616786944e-01  6.3441426e-07
6.618110301e-01  6.3406311e-07
6.619433923e-01  6.3371142e-07
6.620757810e-01  6.3335902e-07
6.622081961e-01  6.3300564e-07
6.623406378e-01  6.3265104e-07
6.624731059e-01  6.3229490e-07
6.626056005e-01  6.3193691e-07
6.627381216e-01  6.3157674e-07
6.628706693e-01  6.3121404e-07
6.630032434e-01  6.3084851e-07
6.631358441e-01  6.3047986e-07
6.632684712e-01  6.3010785e-07
6.634011249e-01  6.2973229e-07
6.635338051e-01  6.2935304e-07
6.636665119e-01  6.2897001e-07
6.637992452e-01  6.2858316e-07
6.639320051e-01  6.2819246e-07
6.640647915e-01  6.2779793e-07
6.641976044e-01  6.2739961e-07
6.643304439e-01  6.2699757e-07
6.644633100e-01  6.2659193e-07
6.645962027e-01  6.2618283e-07
6.647291219e-01  6.2577044e-07
6.648620677e-01  6.2535496e-07
6.649950402e-01  6.2493664e-07
6.651280392e-01  6.2451577e-07
6.652610648e-01  6.2409266e-07
6.653941170e-01  6.2366765e-07
6.655271958e-01  6.2324109e-07
6.656603013e-01  6.2281331e-07
6.657934333e-01  6.2238458e-07
6.659265920e-01  6.2195513e-07
6.660597773e-01  6.2152508e-07
6.661929893e-01  6.2109450e-07
6.663262279e-01  6.2066338e-07
6.664594931e-01  6.2023167e-07
6.665927850e-01  6.1979932e-07
6.667261036e-01  6.1936633e-07
6.668594488e-01  6.1893272e-07
6.669928207e-01  6.1849860e-07
6.671262192e-01  6.1806411e-07
6.672596445e-01  6.1762943e-07
6.673930964e-01  6.1719470e-07
6.675265750e-01  6.1676004e-07
6.676600804e-01  6.1632548e-07
6.677936124e-01  6.1589100e-07
6.679271711e-01  6.1545654e-07
6.680607565e-01  6.1502199e-07
6.681943687e-01  6.1458729e-07
6.683280076e-01  6.1415238e-07
6.684616732e-01  6.1371727e-07
6.685953655e-01  6.1328203e-07
6.687290846e-01  6.1284676e-07
6.688628304e-01  6.1241161e-07
6.689966029e-01  6.1197670e-07
6.691304023e-01  6.1154216e-07
6.692642283e-01  6.1110810e-07
6.693980812e-01  6.1067459e-07
6.695319608e-01  6.1024167e-07
6.696658672e-01  6.0980937e-07
6.697998004e-01  6.0937769e-07
6.699337603e-01  6.0894664e-07
6.700677471e-01  6.0851620e-07
6.702017606e-01  6.0808639e-07
6.703358010e-01  6.0765720e-07
6.704698681e-01  6.0722865e-07
6.706039621e-01  6.0680078e-07
6.707380829e-01  6.0637363e-07
6.708722305e-01  6.0594726e-07
6.710064050e-01  6.0552177e-07
6.711406063e-01  6.0509724e-07
6.712748344e-01  6.0467377e-07
6.714090893e-01  6.0425144e-07
6.715433712e-01  6.0383034e-07
6.716776798e-01  6.0341057e-07
6.718120154e-01  6.0299221e-07
6.719463778e-01  6.0257535e-07
6.720807671e-01  6.0216010e-07
6.722151832e-01  6.0174654e-07
6.723496262e-01  6.0133473e-07
6.724840962e-01  6.0092472e-07
6.726185930e-01  6.0051649e-07
6.727531167e-01  6.0011001e-07
6.728876673e-01  5.9970524e-07
6.730222449e-01  5.9930212e-07
6.731568493e-01  5.9890062e-07
6.732914807e-01  5.9850073e-07
6.734261390e-01  5.9810245e-07
6.735608242e-01  5.9770582e-07
6.736955364e-01  5.9731086e-07
6.738302755e-01  5.9691757e-07
6.739650415e-01  5.9652591e-07
6.740998345e-01  5.9613580e-07
6.742346545e-01  5.9574714e-07
6.743695014e-01  5.9535977e-07
6.745043753e-01  5.9497357e-07
6.746392762e-01  5.9458841e-07
6.747742041e-01  5.9420420e-07
6.749091589e-01  5.9382082e-07
6.750441407e-01  5.9343821e-07
6.751791496e-01  5.9305625e-07
6.753141854e-01  5.9267484e-07
6.754492482e-01  5.9229387e-07
6.755843381e-01  5.9191322e-07
6.757194550e-01  5.9153282e-07
6.758545988e-01  5.9115263e-07
6.759897698e-01  5.9077267e-07
6.761249677e-01  5.9039297e-07
6.762601927e-01  5.9001361e-07
6.763954447e-01  5.8963468e-07
6.765307238e-01  5.8925627e-07
6.766660300e-01  5.8887849e-07
6.768013632e-01  5.8850143e-07
6.769367235e-01  5.8812522e-07
6.770721108e-01  5.8774996e-07
6.772075252e-01  5.8737579e-07
6.773429667e-01  5.8700284e-07
6.774784353e-01  5.8663127e-07
6.776139310e-01  5.8626124e-07
6.777494538e-01  5.8589294e-07
6.778850037e-01  5.8552657e-07
6.780205807e-01  5.8516236e-07
6.781561848e-01  5.8480054e-07
6.782918160e-01  5.8444136e-07
6.784274744e-01  5.8408507e-07
6.785631599e-01  5.8373194e-07
6.786988725e-01  5.8338220e-07
6.788346123e-01  5.8303608e-07
6.789703792e-01  5.8269380e-07
6.791061733e-01  5.8235552e-07
6.792419945e-01  5.8202139e-07
6.793778429e-01  5.8169152e-07
6.795137185e-01  5.8136601e-07
6.796496213e-01  5.8104493e-07
6.797855512e-01  5.8072832e-07
6.799215083e-01  5.8041622e-07
6.800574926e-01  5.8010866e-07
6.801935041e-01  5.7980564e-07
6.803295428e-01  5.7950716e-07
6.804656087e-01  5.7921317e-07
6.806017018e-01  5.7892364e-07
6.807378222e-01  5.7863851e-07
6.808739697e-01  5.7835771e-07
6.810101445e-01  5.7808116e-07
6.811463465e-01  5.7780875e-07
6.812825758e-01  5.7754039e-07
6.814188323e-01  5.7727595e-07
6.815551161e-01  5.7701532e-07
6.816914271e-01  5.7675836e-07
6.818277654e-01  5.7650496e-07
6.819641310e-01  5.7625495e-07
6.821005238e-01  5.7600818e-07
6.822369439e-01  5.7576444e-07
6.823733913e-01  5.7552348e-07
6.825098660e-01  5.7528500e-07
6.826463679e-01  5.7504861e-07
6.827828972e-01  5.7481388e-07
6.829194538e-01  5.7458031e-07
6.830560377e-01  5.7434734e-07
6.831926489e-01  5.7411440e-07
6.833292874e-01  5.7388092e-07
6.834659533e-01  5.7364637e-07
6.836026465e-01  5.7341025e-07
6.837393670e-01  5.7317213e-07
6.838761149e-01  5.7293161e-07
6.840128901e-01  5.7268835e-07
6.841496927e-01  5.7244206e-07
6.842865226e-01  5.7219257e-07
6.844233799e-01  5.7193982e-07
6.845602646e-01  5.7168412e-07
6.846971766e-01  5.7142680e-07
6.848341161e-01  5.7117111e-07
6.849710829e-01  5.7092422e-07
6.851080771e-01  5.7070060e-07
6.852450987e-01  5.7052706e-07
6.853821477e-01  5.7044983e-07
6.855192242e-01  5.7054250e-07
6.856563280e-01  5.7091306e-07
6.857934593e-01  5.7170620e-07
6.859306180e-01  5.7309595e-07
6.860678041e-01  5.7526464e-07
6.862050177e-01  5.7836645e-07
6.863422587e-01  5.8247949e-07
6.864795271e-01  5.8755701e-07
6.866168230e-01  5.9339255e-07
6.867541464e-01  5.9961513e-07
6.868914972e-01  6.0572357e-07
6.870288755e-01  6.1115845e-07
6.871662813e-01  6.1539700e-07
6.873037145e-01  6.1804784e-07
6.874411753e-01  6.1892135e-07
6.875786635e-01  6.1805869e-07
6.877161793e-01  6.1571473e-07
6.878537225e-01  6.1230290e-07
6.879912932e-01  6.0831727e-07
6.881288915e-01  6.0425010e-07
6.882665173e-01  6.0052015e-07
6.884041706e-01  5.9742199e-07
6.885418514e-01  5.9510138e-07
6.886795598e-01  5.9355752e-07
6.888172957e-01  5.9266852e-07
6.889550592e-01  5.9223328e-07
6.890928502e-01  5.9202057e-07
6.892306687e-01  5.9181498e-07
6.893685149e-01  5.9145107e-07
6.895063886e-01  5.9083065e-07
6.896442899e-01  5.8992283e-07
6.897822187e-01  5.8875082e-07
6.899201752e-01  5.8737160e-07
6.900581592e-01  5.8585521e-07
6.901961708e-01  5.8426806e-07
6.903342101e-01  5.8266253e-07
6.904722769e-01  5.8107282e-07
6.906103714e-01  5.7951520e-07
6.907484934e-01  5.7799119e-07
6.908866431e-01  5.7649233e-07
6.910248205e-01  5.7500556e-07
6.911630254e-01  5.7351866e-07
6.913012580e-01  5.7202477e-07
6.914395183e-01  5.7052514e-07
6.915778062e-01  5.6902942e-07
6.917161217e-01  5.6755322e-07
6.918544650e-01  5.6611393e-07
6.919928359e-01  5.6472616e-07
6.921312344e-01  5.6339846e-07
6.922696607e-01  5.6213232e-07
6.924081146e-01  5.6092349e-07
6.925465962e-01  5.5976475e-07
6.926851055e-01  5.5864887e-07
6.928236426e-01  5.5757059e-07
6.929622073e-01  5.5652727e-07
6.931007997e-01  5.5551828e-07
6.932394199e-01  5.5454406e-07
6.933780678e-01  5.5360521e-07
6.935167434e-01  5.5270209e-07
6.936554467e-01  5.5183486e-07
6.937941778e-01  5.5100380e-07
6.939329367e-01  5.5020923e-07
6.940717233e-01  5.4945153e-07
6.942105376e-01  5.4873075e-07
6.943493797e-01  5.4804630e-07
6.944882496e-01  5.4739680e-07
6.946271472e-01  5.4678022e-07
6.947660727e-01  5.4619409e-07
6.949050259e-01  5.4563586e-07
6.950440069e-01  5.4510319e-07
6.951830157e-01  5.4459394e-07
6.953220523e-01  5.4410607e-07
6.954611167e-01  5.4363743e-07
6.956002089e-01  5.4318555e-07
6.957393290e-01  5.4274763e-07
6.958784768e-01  5.4232063e-07
6.960176525e-01  5.4190167e-07
6.961568561e-01  5.4148836e-07
6.962960874e-01  5.4107912e-07
6.964353466e-01  5.4067331e-07
6.965746337e-01  5.4027116e-07
6.967139486e-01  5.3987349e-07
6.968532914e-01  5.3948138e-07
6.969926621e-01  5.3909578e-07
6.971320606e-01  5.3871732e-07
6.972714870e-01  5.3834615e-07
6.974109413e-01  5.3798201e-07
6.975504235e-01  5.3762431e-07
6.976899336e-01  5.3727231e-07
6.978294716e-01  5.3692530e-07
6.979690375e-01  5.3658264e-07
6.981086313e-01  5.3624387e-07
6.982482530e-01  5.3590861e-07
6.983879027e-01  5.3557656e-07
6.985275802e-01  5.3524743e-07
6.986672858e-01  5.3492086e-07
6.988070192e-01  5.3459649e-07
6.989467806e-01  5.3427393e-07
6.990865700e-01  5.3395291e-07
6.992263873e-01  5.3363332e-07
6.993662326e-01  5.3331524e-07
6.995061058e-01  5.3299898e-07
6.996460070e-01  5.3268499e-07
6.997859362e-01  5.3237377e-07
6.999258934e-01  5.3206579e-07
7.000658786e-01  5.3176141e-07
7.002058918e-01  5.3146080e-07
7.003459330e-01  5.3116401e-07
7.004860021e-01  5.3087094e-07
7.006260993e-01  5.3058150e-07
7.007662246e-01  5.3029562e-07
7.009063778e-01  5.3001334e-07
7.010465591e-01  5.2973476e-07
7.011867684e-01  5.2946003e-07
7.013270058e-01  5.2918928e-07
7.014672712e-01  5.2892254e-07
7.016075646e-01  5.2865972e-07
7.017478861e-01  5.2840063e-07
7.018882357e-01  5.2814498e-07
7.020286133e-01  5.2789248e-07
7.021690191e-01  5.2764283e-07
7.023094529e-01  5.2739578e-07
7.024499148e-01  5.2715111e-07
7.025904047e-01  5.2690867e-07
7.027309228e-01  5.2666836e-07
7.028714690e-01  5.2643021e-07
7.030120433e-01  5.2619438e-07
7.031526457e-01  5.2596114e-07
7.032932762e-01  5.2573085e-07
7.034339349e-01  5.2550379e-07
7.035746217e-01  5.2528014e-07
7.037153366e-01  5.2505984e-07
7.038560797e-01  5.2484264e-07
7.039968509e-01  5.2462817e-07
7.041376503e-01  5.2441603e-07
7.042784778e-01  5.2420597e-07
7.044193335e-01  5.2399787e-07
7.045602174e-01  5.2379181e-07
7.047011294e-01  5.2358795e-07
7.048420696e-01  5.2338643e-07
7.049830380e-01  5.2318729e-07
7.051240346e-01  5.2299039e-07
7.052650595e-01  5.2279548e-07
7.054061125e-01  5.2260221e-07
7.055471937e-01  5.2241027e-07
7.056883031e-01  5.2221942e-07
7.058294408e-01  5.2202957e-07
7.059706067e-01  5.2184071e-07
7.061118008e-01  5.2165291e-07
7.062530232e-01  5.2146628e-07
7.063942738e-01  5.2128085e-07
7.065355526e-01  5.2109663e-07
7.066768597e-01  5.2091359e-07
7.068181951e-01  5.2073165e-07
7.069595587e-01  5.2055078e-07
7.071009506e-01  5.2037093e-07
7.072423708e-01  5.2019210e-07
7.073838193e-01  5.2001429e-07
7.075252961e-01  5.1983748e-07
7.076668011e-01  5.1966162e-07
7.078083345e-01  5.1948665e-07
7.079498962e-01  5.1931252e-07
7.080914861e-01  5.1913920e-07
7.082331044e-01  5.1896673e-07
7.083747511e-01  5.1879523e-07
7.085164260e-01  5.1862488e-07
7.086581293e-01  5.1845594e-07
7.087998609e-01  5.1828876e-07
7.089416209e-01  5.1812379e-07
7.090834092e-01  5.1796160e-07
7.092252259e-01  5.1780297e-07
7.093670709e-01  5.1764876e-07
7.095089444e-01  5.1749987e-07
7.096508461e-01  5.1735702e-07
7.097927763e-01  5.1722045e-07
7.099347349e-01  5.1708970e-07
7.100767218e-01  5.1696350e-07
7.102187372e-01  5.1683982e-07
7.103607809e-01  5.1671620e-07
7.105028531e-01  5.1659030e-07
7.106449536e-01  5.1646040e-07
7.107870826e-01  5.1632580e-07
7.109292400e-01  5.1618700e-07
7.110714259e-01  5.1604549e-07
7.112136402e-01  5.1590333e-07
7.113558829e-01  5.1576267e-07
7.114981541e-01  5.1562530e-07
7.116404537e-01  5.1549244e-07
7.117827818e-01  5.1536472e-07
7.119251384e-01  5.1524229e-07
7.120675234e-01  5.1512507e-07
7.122099369e-01  5.1501290e-07
7.123523789e-01  5.1490564e-07
7.124948494e-01  5.1480329e-07
7.126373483e-01  5.1470586e-07
7.127798758e-01  5.1461340e-07
7.129224318e-01  5.1452592e-07
7.130650163e-01  5.1444334e-07
7.132076293e-01  5.1436547e-07
7.133502708e-01  5.1429203e-07
7.134929408e-01  5.1422263e-07
7.136356394e-01  5.1415682e-07
7.137783666e-01  5.1409404e-07
7.139211222e-01  5.1403372e-07
7.140639065e-01  5.1397522e-07
7.142067192e-01  5.1391797e-07
7.143495606e-01  5.1386148e-07
7.144924305e-01  5.1380544e-07
7.146353290e-01  5.1374983e-07
7.147782560e-01  5.1369492e-07
7.149212117e-01  5.1364117e-07
7.150641959e-01  5.1358900e-07
7.152072088e-01  5.1353842e-07
7.153502502e-01  5.1348854e-07
7.154933203e-01  5.1343726e-07
7.156364189e-01  5.1338111e-07
7.157795462e-01  5.1331558e-07
7.159227021e-01  5.1323579e-07
7.160658867e-01  5.1313746e-07
7.162090998e-01  5.1301777e-07
7.163523417e-01  5.1287599e-07
7.164956121e-01  5.1271343e-07
7.166389113e-01  5.1253299e-07
7.167822390e-01  5.1233826e-07
7.169255955e-01  5.1213263e-07
7.170689806e-01  5.1191869e-07
7.172123944e-01  5.1169796e-07
7.173558369e-01  5.1147108e-07
7.174993080e-01  5.1123815e-07
7.176428079e-01  5.1099915e-07
7.177863365e-01  5.1075414e-07
7.179298937e-01  5.1050326e-07
7.180734797e-01  5.1024648e-07
7.182170944e-01  5.0998325e-07
7.183607378e-01  5.0971238e-07
7.185044100e-01  5.0943201e-07
7.186481109e-01  5.0913991e-07
7.187918405e-01  5.0883408e-07
7.189355988e-01  5.0851327e-07
7.190793860e-01  5.0817748e-07
7.192232018e-01  5.0782815e-07
7.193670465e-01  5.0746799e-07
7.195109199e-01  5.0710054e-07
7.196548221e-01  5.0672946e-07
7.197987530e-01  5.0635774e-07
7.199427128e-01  5.0598706e-07
7.200867013e-01  5.0561737e-07
7.202307187e-01  5.0524698e-07
7.203747648e-01  5.0487305e-07
7.205188398e-01  5.0449257e-07
7.206629435e-01  5.0410335e-07
7.208070761e-01  5.0370497e-07
7.209512375e-01  5.0329919e-07
7.210954278e-01  5.0288986e-07
7.212396469e-01  5.0248228e-07
7.213838948e-01  5.0208226e-07
7.215281716e-01  5.0169514e-07
7.216724772e-01  5.0132510e-07
7.218168117e-01  5.0097479e-07
7.219611751e-01  5.0064536e-07
7.221055673e-01  5.0033681e-07
7.222499884e-01  5.0004836e-07
7.223944384e-01  4.9977881e-07
7.225389173e-01  4.9952673e-07
7.226834251e-01  4.9929054e-07
7.228279618e-01  4.9906840e-07
7.229725274e-01  4.9885810e-07
7.231171219e-01  4.9865697e-07
7.232617453e-01  4.9846194e-07
7.234063977e-01  4.9826972e-07
7.235510789e-01  4.9807707e-07
7.236957891e-01  4.9788119e-07
7.238405283e-01  4.9768003e-07
7.239852964e-01  4.9747239e-07
7.241300935e-01  4.9725806e-07
7.242749195e-01  4.9703766e-07
7.244197745e-01  4.9681253e-07
7.245646584e-01  4.9658447e-07
7.247095714e-01  4.9635543e-07
7.248545133e-01  4.9612720e-07
7.249994842e-01  4.9590101e-07
7.251444841e-01  4.9567733e-07
7.252895130e-01  4.9545585e-07
7.254345709e-01  4.9523570e-07
7.255796578e-01  4.9501584e-07
7.257247737e-01  4.9479549e-07
7.258699187e-01  4.9457438e-07
7.260150927e-01  4.9435267e-07
7.261602957e-01  4.9413076e-07
7.263055277e-01  4.9390894e-07
7.264507888e-01  4.9368723e-07
7.265960790e-01  4.9346530e-07
7.267413982e-01  4.9324266e-07
7.268867465e-01  4.9301877e-07
7.270321238e-01  4.9279307e-07
7.271775303e-01  4.9256493e-07
7.273229658e-01  4.9233343e-07
7.274684304e-01  4.9209734e-07
7.276139241e-01  4.9185529e-07
7.277594468e-01  4.9160624e-07
7.279049987e-01  4.9134996e-07
7.280505797e-01  4.9108748e-07
7.281961898e-01  4.9082110e-07
7.283418291e-01  4.9055404e-07
7.284874974e-01  4.9028969e-07
7.286331949e-01  4.9003076e-07
7.287789216e-01  4.8977864e-07
7.289246774e-01  4.8953321e-07
7.290704623e-01  4.8929310e-07
7.292162764e-01  4.8905638e-07
7.293621197e-01  4.8882136e-07
7.295079921e-01  4.8858719e-07
7.296538937e-01  4.8835412e-07
7.297998245e-01  4.8812331e-07
7.299457844e-01  4.8789639e-07
7.300917736e-01  4.8767482e-07
7.302377919e-01  4.8745953e-07
7.303838395e-01  4.8725067e-07
7.305299163e-01  4.8704778e-07
7.306760222e-01  4.8685007e-07
7.308221574e-01  4.8665673e-07
7.309683219e-01  4.8646717e-07
7.311145155e-01  4.8628108e-07
7.312607384e-01  4.8609839e-07
7.314069906e-01  4.8591912e-07
7.315532720e-01  4.8574328e-07
7.316995826e-01  4.8557086e-07
7.318459226e-01  4.8540184e-07
7.319922917e-01  4.8523634e-07
7.321386902e-01  4.8507464e-07
7.322851179e-01  4.8491727e-07
7.324315750e-01  4.8476489e-07
7.325780613e-01  4.8461820e-07
7.327245769e-01  4.8447777e-07
7.328711218e-01  4.8434393e-07
7.330176960e-01  4.8421668e-07
7.331642996e-01  4.8409575e-07
7.333109324e-01  4.8398065e-07
7.334575946e-01  4.8387084e-07
7.336042861e-01  4.8376580e-07
7.337510070e-01  4.8366516e-07
7.338977572e-01  4.8356873e-07
7.340445367e-01  4.8347642e-07
7.341913457e-01  4.8338822e-07
7.343381839e-01  4.8330403e-07
7.344850516e-01  4.8322363e-07
7.346319486e-01  4.8314668e-07
7.347788750e-01  4.8307273e-07
7.349258307e-01  4.8300135e-07
7.350728159e-01  4.8293213e-07
7.352198305e-01  4.8286480e-07
7.353668744e-01  4.8279918e-07
7.355139478e-01  4.8273513e-07
7.356610506e-01  4.8267247e-07
7.358081828e-01  4.8261093e-07
7.359553444e-01  4.8255009e-07
7.361025355e-01  4.8248945e-07
7.362497560e-01  4.8242844e-07
7.363970060e-01  4.8236649e-07
7.365442854e-01  4.8230317e-07
7.366915942e-01  4.8223819e-07
7.368389325e-01  4.8217148e-07
7.369863003e-01  4.8210319e-07
7.371336976e-01  4.8203371e-07
7.372811243e-01  4.8196360e-07
7.374285806e-01  4.8189360e-07
7.375760663e-01  4.8182448e-07
7.377235815e-01  4.8175700e-07
7.378711262e-01  4.8169178e-07
7.380187004e-01  4.8162928e-07
7.381663042e-01  4.8156975e-07
7.383139374e-01  4.8151325e-07
7.384616002e-01  4.8145972e-07
7.386092925e-01  4.8140906e-07
7.387570144e-01  4.8136120e-07
7.389047658e-01  4.8131613e-07
7.390525468e-01  4.8127389e-07
7.392003573e-01  4.8123460e-07
7.393481973e-01  4.8119836e-07
7.394960670e-01  4.8116529e-07
7.396439662e-01  4.8113546e-07
7.397918950e-01  4.8110893e-07
7.399398534e-01  4.8108576e-07
7.400878413e-01  4.8106603e-07
7.402358589e-01  4.8104986e-07
7.403839061e-01  4.8103742e-07
7.405319828e-01  4.8102890e-07
7.406800892e-01  4.8102450e-07
7.408282253e-01  4.8102436e-07
7.409763909e-01  4.8102861e-07
7.411245862e-01  4.8103732e-07
7.412728111e-01  4.8105051e-07
7.414210657e-01  4.8106822e-07
7.415693499e-01  4.8109047e-07
7.417176637e-01  4.8111734e-07
7.418660073e-01  4.8114888e-07
7.420143805e-01  4.8118520e-07
7.421627834e-01  4.8122632e-07
7.423112159e-01  4.8127227e-07
7.424596782e-01  4.8132296e-07
7.426081701e-01  4.8137830e-07
7.427566917e-01  4.8143810e-07
7.429052431e-01  4.8150219e-07
7.430538241e-01  4.8157035e-07
7.432024349e-01  4.8164236e-07
7.433510754e-01  4.8171799e-07
7.434997456e-01  4.8179693e-07
7.436484455e-01  4.8187882e-07
7.437971752e-01  4.8196323e-07
7.439459347e-01  4.8204965e-07
7.440947238e-01  4.8213755e-07
7.442435428e-01  4.8222640e-07
7.443923915e-01  4.8231568e-07
7.445412700e-01  4.8240497e-07
7.446901782e-01  4.8249389e-07
7.448391163e-01  4.8258210e-07
7.449880841e-01  4.8266928e-07
7.451370817e-01  4.8275499e-07
7.452861091e-01  4.8283870e-07
7.454351663e-01  4.8291969e-07
7.455842534e-01  4.8299709e-07
7.457333702e-01  4.8306987e-07
7.458825169e-01  4.8313698e-07
7.460316934e-01  4.8319735e-07
7.461808997e-01  4.8325000e-07
7.463301359e-01  4.8329409e-07
7.464794020e-01  4.8332891e-07
7.466286978e-01  4.8335389e-07
7.467780236e-01  4.8336856e-07
7.469273792e-01  4.8337255e-07
7.470767647e-01  4.8336552e-07
7.472261800e-01  4.8334712e-07
7.473756252e-01  4.8331702e-07
7.475251004e-01  4.8327483e-07
7.476746054e-01  4.8322010e-07
7.478241403e-01  4.8315235e-07
7.479737051e-01  4.8307101e-07
7.481232999e-01  4.8297551e-07
7.482729245e-01  4.8286528e-07
7.484225791e-01  4.8273980e-07
7.485722636e-01  4.8259864e-07
7.487219781e-01  4.8244149e-07
7.488717225e-01  4.8226818e-07
7.490214968e-01  4.8207865e-07
7.491713011e-01  4.8187296e-07
7.493211354e-01  4.8165126e-07
7.494709996e-01  4.8141378e-07
7.496208938e-01  4.8116086e-07
7.497708180e-01  4.8089290e-07
7.499207722e-01  4.8061041e-07
7.500707563e-01  4.8031399e-07
7.502207705e-01  4.8000431e-07
7.503708146e-01  4.7968213e-07
7.505208888e-01  4.7934826e-07
7.506709930e-01  4.7900354e-07
7.508211272e-01  4.7864889e-07
7.509712914e-01  4.7828526e-07
7.511214856e-01  4.7791367e-07
7.512717099e-01  4.7753520e-07
7.514219643e-01  4.7715098e-07
7.515722487e-01  4.7676221e-07
7.517225631e-01  4.7637008e-07
7.518729076e-01  4.7597582e-07
7.520232822e-01  4.7558058e-07
7.521736869e-01  4.7518543e-07
7.523241216e-01  4.7479133e-07
7.524745864e-01  4.7439911e-07
7.526250814e-01  4.7400947e-07
7.527756064e-01  4.7362302e-07
7.529261615e-01  4.7324028e-07
7.530767467e-01  4.7286179e-07
7.532273621e-01  4.7248805e-07
7.533780075e-01  4.7211959e-07
7.535286831e-01  4.7175696e-07
7.536793889e-01  4.7140066e-07
7.538301248e-01  4.7105118e-07
7.539808908e-01  4.7070887e-07
7.541316870e-01  4.7037400e-07
7.542825133e-01  4.7004668e-07
7.544333698e-01  4.6972686e-07
7.545842565e-01  4.6941438e-07
7.547351733e-01  4.6910897e-07
7.548861204e-01  4.6881032e-07
7.550370976e-01  4.6851812e-07
7.551881050e-01  4.6823214e-07
7.553391426e-01  4.6795222e-07
7.554902105e-01  4.6767835e-07
7.556413085e-01  4.6741064e-07
7.557924368e-01  4.6714931e-07
7.559435952e-01  4.6689460e-07
7.560947840e-01  4.6664678e-07
7.562460029e-01  4.6640604e-07
7.563972521e-01  4.6617252e-07
7.565485316e-01  4.6594633e-07
7.566998413e-01  4.6572767e-07
7.568511812e-01  4.6551698e-07
7.570025515e-01  4.6531542e-07
7.571539520e-01  4.6512576e-07
7.573053828e-01  4.6495423e-07
7.574568439e-01  4.6481382e-07
7.576083352e-01  4.6473010e-07
7.577598569e-01  4.6475037e-07
7.579114089e-01  4.6495698e-07
7.580629912e-01  4.6548392e-07
7.582146037e-01  4.6653442e-07
7.583662467e-01  4.6839397e-07
7.585179199e-01  4.7143079e-07
7.586696235e-01  4.7607514e-07
7.588213574e-01  4.8277096e-07
7.589731217e-01  4.9190047e-07
7.591249163e-01  5.0369220e-07
7.592767413e-01  5.1813261e-07
7.594285967e-01  5.3490636e-07
7.595804824e-01  5.5338731e-07
7.597323985e-01  5.7268944e-07
7.598843449e-01  5.9176937e-07
7.600363218e-01  6.0955662e-07
7.601883291e-01  6.2508010e-07
7.603403667e-01  6.3756497e-07
7.604924348e-01  6.4648604e-07
7.606445333e-01  6.5158157e-07
7.607966622e-01  6.5284170e-07
7.609488215e-01  6.5048822e-07
7.611010113e-01  6.4495700e-07
7.612532315e-01  6.3688205e-07
7.614054822e-01  6.2707054e-07
7.615577633e-01  6.1645563e-07
7.617100748e-01  6.0601719e-07
7.618624168e-01  5.9667310e-07
7.620147893e-01  5.8915904e-07
7.621671923e-01  5.8392372e-07
7.623196257e-01  5.8106866e-07
7.624720896e-01  5.8035182e-07
7.626245840e-01  5.8125617e-07
7.627771090e-01  5.8310522e-07
7.629296644e-01  5.8519628e-07
7.630822503e-01  5.8691883e-07
7.632348668e-01  5.8783375e-07
7.633875137e-01  5.8770342e-07
7.635401912e-01  5.8647657e-07
7.636928993e-01  5.8424169e-07
7.638456379e-01  5.8116684e-07
7.639984070e-01  5.7744315e-07
7.641512067e-01  5.7324313e-07
7.643040369e-01  5.6869877e-07
7.644568977e-01  5.6389801e-07
7.646097891e-01  5.5889423e-07
7.647627111e-01  5.5372165e-07
7.649156636e-01  5.4841016e-07
7.650686467e-01  5.4299588e-07
7.652216605e-01  5.3752607e-07
7.653747048e-01  5.3205896e-07
7.655277797e-01  5.2666008e-07
7.656808853e-01  5.2139675e-07
7.658340215e-01  5.1633177e-07
7.659871883e-01  5.1151711e-07
7.661403857e-01  5.0698879e-07
7.662936138e-01  5.0276385e-07
7.664468725e-01  4.9884071e-07
7.666001619e-01  4.9520275e-07
7.667534819e-01  4.9182510e-07
7.669068326e-01  4.8868211e-07
7.670602140e-01  4.8575381e-07
7.672136260e-01  4.8302943e-07
7.673670687e-01  4.8050683e-07
7.675205422e-01  4.7818931e-07
7.676740463e-01  4.7608100e-07
7.678275811e-01  4.7418233e-07
7.679811466e-01  4.7248755e-07
7.681347428e-01  4.7098437e-07
7.682883698e-01  4.6965500e-07
7.684420274e-01  4.6847852e-07
7.685957159e-01  4.6743336e-07
7.687494350e-01  4.6649892e-07
7.689031849e-01  4.6565677e-07
7.690569655e-01  4.6489117e-07
7.692107769e-01  4.6418885e-07
7.693646191e-01  4.6353871e-07
7.695184920e-01  4.6293176e-07
7.696723957e-01  4.6236111e-07
7.698263302e-01  4.6182211e-07
7.699802954e-01  4.6131273e-07
7.701342915e-01  4.6083375e-07
7.702883184e-01  4.6038841e-07
7.704423760e-01  4.5998151e-07
7.705964645e-01  4.5961836e-07
7.707505838e-01  4.5930354e-07
7.709047339e-01  4.5903984e-07
7.710589148e-01  4.5882779e-07
7.712131266e-01  4.5866569e-07
7.713673693e-01  4.5854997e-07
7.715216427e-01  4.5847569e-07
7.716759471e-01  4.5843716e-07
7.718302822e-01  4.5842841e-07
7.719846483e-01  4.5844363e-07
7.721390452e-01  4.5847749e-07
7.722934730e-01  4.5852546e-07
7.724479317e-01  4.5858407e-07
7.726024213e-01  4.5865107e-07
7.727569418e-01  4.5872534e-07
7.729114932e-01  4.5880670e-07
7.730660755e-01  4.5889562e-07
7.732206887e-01  4.5899284e-07
7.733753328e-01  4.5909902e-07
7.735300079e-01  4.5921456e-07
7.736847139e-01  4.5933947e-07
7.738394509e-01  4.5947343e-07
7.739942188e-01  4.5961589e-07
7.741490176e-01  4.5976613e-07
7.743038474e-01  4.5992342e-07
7.744587082e-01  4.6008704e-07
7.746135999e-01  4.6025628e-07
7.747685226e-01  4.6043047e-07
7.749234763e-01  4.6060891e-07
7.750784610e-01  4.6079094e-07
7.752334767e-01  4.6097587e-07
7.753885234e-01  4.6116306e-07
7.755436011e-01  4.6135191e-07
7.756987098e-01  4.6154181e-07
7.758538496e-01  4.6173219e-07
7.760090204e-01  4.6192240e-07
7.761642222e-01  4.6211172e-07
7.763194550e-01  4.6229934e-07
7.764747189e-01  4.6248431e-07
7.766300138e-01  4.6266561e-07
7.767853398e-01  4.6284219e-07
7.769406969e-01  4.6301295e-07
7.770960850e-01  4.6317686e-07
7.772515043e-01  4.6333292e-07
7.774069546e-01  4.6348019e-07
7.775624360e-01  4.6361778e-07
7.777179484e-01  4.6374485e-07
7.778734920e-01  4.6386059e-07
7.780290667e-01  4.6396424e-07
7.781846725e-01  4.6405506e-07
7.783403095e-01  4.6413234e-07
7.784959775e-01  4.6419541e-07
7.786516767e-01  4.6424366e-07
7.788074071e-01  4.6427657e-07
7.789631686e-01  4.6429372e-07
7.791189612e-01  4.6429487e-07
7.792747850e-01  4.6427997e-07
7.794306399e-01  4.6424916e-07
7.795865261e-01  4.6420279e-07
7.797424434e-01  4.6414134e-07
7.798983919e-01  4.6406549e-07
7.800543715e-01  4.6397614e-07
7.802103824e-01  4.6387462e-07
7.803664245e-01  4.6376310e-07
7.805224978e-01  4.6364497e-07
7.806786023e-01  4.6352537e-07
7.808347380e-01  4.6341133e-07
7.809909049e-01  4.6331139e-07
7.811471031e-01  4.6323437e-07
7.813033325e-01  4.6318730e-07
7.814595932e-01  4.6317268e-07
7.816158851e-01  4.6318592e-07
7.817722083e-01  4.6321380e-07
7.819285627e-01  4.6323515e-07
7.820849485e-01  4.6322384e-07
7.822413654e-01  4.6315392e-07
7.823978137e-01  4.6300543e-07
7.825542933e-01  4.6276897e-07
7.827108041e-01  4.6244775e-07
7.828673463e-01  4.6205620e-07
7.830239198e-01  4.6161584e-07
7.831805246e-01  4.6114988e-07
7.833371607e-01  4.6067828e-07
7.834938281e-01  4.6021467e-07
7.836505269e-01  4.5976560e-07
7.838072570e-01  4.5933175e-07
7.839640184e-01  4.5891018e-07
7.841208112e-01  4.5849677e-07
7.842776354e-01  4.5808800e-07
7.844344909e-01  4.5768186e-07
7.845913778e-01  4.5727805e-07
7.847482961e-01  4.5687760e-07
7.849052457e-01  4.5648236e-07
7.850622268e-01  4.5609447e-07
7.852192392e-01  4.5571601e-07
7.853762831e-01  4.5534873e-07
7.855333583e-01  4.5499397e-07
7.856904650e-01  4.5465255e-07
7.858476031e-01  4.5432480e-07
7.860047726e-01  4.5401057e-07
7.861619736e-01  4.5370938e-07
7.863192060e-01  4.5342064e-07
7.864764698e-01  4.5314390e-07
7.866337651e-01  4.5287922e-07
7.867910919e-01  4.5262744e-07
7.869484501e-01  4.5239044e-07
7.871058398e-01  4.5217120e-07
7.872632609e-01  4.5197350e-07
7.874207136e-01  4.5180127e-07
7.875781977e-01  4.5165750e-07
7.877357134e-01  4.5154283e-07
7.878932605e-01  4.5145425e-07
7.880508392e-01  4.5138443e-07
7.882084493e-01  4.5132197e-07
7.883660910e-01  4.5125307e-07
7.885237642e-01  4.5116406e-07
7.886814690e-01  4.5104428e-07
7.888392053e-01  4.5088835e-07
7.889969731e-01  4.5069705e-07
7.891547725e-01  4.5047651e-07
7.893126035e-01  4.5023612e-07
7.894704660e-01  4.4998589e-07
7.896283601e-01  4.4973416e-07
7.897862858e-01  4.4948636e-07
7.899442430e-01  4.4924487e-07
7.901022319e-01  4.4900968e-07
7.902602523e-01  4.4877955e-07
7.904183044e-01  4.4855298e-07
7.905763880e-01  4.4832883e-07
7.907345033e-01  4.4810659e-07
7.908926502e-01  4.4788632e-07
7.910508287e-01  4.4766842e-07
7.912090389e-01  4.4745347e-07
7.913672807e-01  4.4724202e-07
7.915255542e-01  4.4703452e-07
7.916838593e-01  4.4683131e-07
7.918421961e-01  4.4663257e-07
7.920005645e-01  4.4643839e-07
7.921589646e-01  4.4624873e-07
7.923173964e-01  4.4606349e-07
7.924758599e-01  4.4588244e-07
7.926343550e-01  4.4570528e-07
7.927928819e-01  4.4553158e-07
7.929514405e-01  4.4536084e-07
7.931100308e-01  4.4519253e-07
7.932686528e-01  4.4502617e-07
7.934273065e-01  4.4486149e-07
7.935859920e-01  4.4469847e-07
7.937447092e-01  4.4453747e-07
7.939034581e-01  4.4437909e-07
7.940622388e-01  4.4422416e-07
7.942210513e-01  4.4407349e-07
7.943798955e-01  4.4392774e-07
7.945387714e-01  4.4378730e-07
7.946976792e-01  4.4365221e-07
7.948566187e-01  4.4352226e-07
7.950155901e-01  4.4339701e-07
7.951745932e-01  4.4327599e-07
7.953336281e-01  4.4315871e-07
7.954926948e-01  4.4304474e-07
7.956517934e-01  4.4293372e-07
7.958109237e-01  4.4282523e-07
7.959700859e-01  4.4271889e-07
7.961292799e-01  4.4261428e-07
7.962885058e-01  4.4251104e-07
7.964477635e-01  4.4240893e-07
7.966070530e-01  4.4230791e-07
7.967663744e-01  4.4220813e-07
7.969257277e-01  4.4210991e-07
7.970851129e-01  4.4201365e-07
7.972445299e-01  4.4191971e-07
7.974039788e-01  4.4182840e-07
7.975634596e-01  4.4173987e-07
7.977229723e-01  4.4165416e-07
7.978825169e-01  4.4157117e-07
7.980420934e-01  4.4149075e-07
7.982017018e-01  4.4141272e-07
7.983613421e-01  4.4133692e-07
7.985210144e-01  4.4126318e-07
7.986807186e-01  4.4119140e-07
7.988404548e-01  4.4112148e-07
7.990002228e-01  4.4105332e-07
7.991600229e-01  4.4098677e-07
7.993198549e-01  4.4092165e-07
7.994797189e-01  4.4085772e-07
7.996396148e-01  4.4079474e-07
7.997995427e-01  4.4073245e-07
7.999595026e-01  4.4067069e-07
8.001194945e-01  4.4060935e-07
8.002795184e-01  4.4054840e-07
8.004395743e-01  4.4048789e-07
8.005996623e-01  4.4042793e-07
8.007597822e-01  4.4036866e-07
8.009199341e-01  4.4031026e-07
8.010801181e-01  4.4025295e-07
8.012403342e-01  4.4019694e-07
8.014005822e-01  4.4014251e-07
8.015608623e-01  4.4008994e-07
8.017211745e-01  4.4003949e-07
8.018815187e-01  4.3999145e-07
8.020418951e-01  4.3994602e-07
8.022023034e-01  4.3990337e-07
8.023627439e-01  4.3986354e-07
8.025232164e-01  4.3982649e-07
8.026837211e-01  4.3979214e-07
8.028442578e-01  4.3976039e-07
8.030048267e-01  4.3973115e-07
8.031654276e-01  4.3970442e-07
8.033260607e-01  4.3968023e-07
8.034867259e-01  4.3965867e-07
8.036474233e-01  4.3963986e-07
8.038081528e-01  4.3962392e-07
8.039689144e-01  4.3961098e-07
8.041297082e-01  4.3960112e-07
8.042905341e-01  4.3959447e-07
8.044513922e-01  4.3959116e-07
8.046122825e-01  4.3959140e-07
8.047732050e-01  4.3959549e-07
8.049341596e-01  4.3960385e-07
8.050951464e-01  4.3961701e-07
8.052561655e-01  4.3963560e-07
8.054172167e-01  4.3966021e-07
8.055783001e-01  4.3969140e-07
8.057394158e-01  4.3972960e-07
8.059005637e-01  4.3977510e-07
8.060617438e-01  4.3982805e-07
8.062229562e-01  4.3988853e-07
8.063842007e-01  4.3995657e-07
8.065454776e-01  4.4003219e-07
8.067067867e-01  4.4011539e-07
8.068681280e-01  4.4020615e-07
8.070295017e-01  4.4030435e-07
8.071909076e-01  4.4040978e-07
8.073523457e-01  4.4052209e-07
8.075138162e-01  4.4064083e-07
8.076753190e-01  4.4076544e-07
8.078368540e-01  4.4089532e-07
8.079984214e-01  4.4102986e-07
8.081600211e-01  4.4116845e-07
8.083216531e-01  4.4131056e-07
8.084833174e-01  4.4145572e-07
8.086450141e-01  4.4160352e-07
8.088067431e-01  4.4175360e-07
8.089685044e-01  4.4190558e-07
8.091302981e-01  4.4205906e-07
8.092921242e-01  4.4221360e-07
8.094539826e-01  4.4236873e-07
8.096158734e-01  4.4252406e-07
8.097777966e-01  4.4267932e-07
8.099397522e-01  4.4283447e-07
8.101017401e-01  4.4298969e-07
8.102637605e-01  4.4314538e-07
8.104258132e-01  4.4330198e-07
8.105878984e-01  4.4345993e-07
8.107500160e-01  4.4361949e-07
8.109121660e-01  4.4378073e-07
8.110743484e-01  4.4394352e-07
8.112365633e-01  4.4410762e-07
8.113988106e-01  4.4427274e-07
8.115610903e-01  4.4443866e-07
8.117234026e-01  4.4460524e-07
8.118857472e-01  4.4477242e-07
8.120481244e-01  4.4494021e-07
8.122105340e-01  4.4510858e-07
8.123729761e-01  4.4527747e-07
8.125354507e-01  4.4544666e-07
8.126979578e-01  4.4561579e-07
8.128604974e-01  4.4578430e-07
8.130230695e-01  4.4595149e-07
8.131856741e-01  4.4611654e-07
8.133483112e-01  4.4627867e-07
8.135109809e-01  4.4643725e-07
8.136736831e-01  4.4659194e-07
8.138364178e-01  4.4674275e-07
8.139991851e-01  4.4689006e-07
8.141619850e-01  4.4703447e-07
8.143248174e-01  4.4717668e-07
8.144876823e-01  4.4731729e-07
8.146505799e-01  4.4745667e-07
8.148135100e-01  4.4759495e-07
8.149764727e-01  4.4773196e-07
8.151394680e-01  4.4786729e-07
8.153024959e-01  4.4800024e-07
8.154655564e-01  4.4812977e-07
8.156286495e-01  4.4825427e-07
8.157917752e-01  4.4837140e-07
8.159549336e-01  4.4847801e-07
8.161181245e-01  4.4857026e-07
8.162813482e-01  4.4864410e-07
8.164446044e-01  4.4869600e-07
8.166078934e-01  4.4872371e-07
8.167712149e-01  4.4872682e-07
8.169345692e-01  4.4870694e-07
8.170979561e-01  4.4866715e-07
8.172613757e-01  4.4861115e-07
8.174248280e-01  4.4854225e-07
8.175883129e-01  4.4846250e-07
8.177518306e-01  4.4837249e-07
8.179153810e-01  4.4827161e-07
8.180789640e-01  4.4815873e-07
8.182425798e-01  4.4803301e-07
8.184062283e-01  4.4789430e-07
8.185699096e-01  4.4774320e-07
8.187336236e-01  4.4758074e-07
8.188973703e-01  4.4740773e-07
8.190611498e-01  4.4722431e-07
8.192249620e-01  4.4702967e-07
8.193888070e-01  4.4682207e-07
8.195526847e-01  4.4659916e-07
8.197165953e-01  4.4635846e-07
8.198805386e-01  4.4609796e-07
8.200445147e-01  4.4581687e-07
8.202085236e-01  4.4551604e-07
8.203725653e-01  4.4519831e-07
8.205366398e-01  4.4486830e-07
8.207007472e-01  4.4453185e-07
8.208648873e-01  4.4419521e-07
8.210290603e-01  4.4386423e-07
8.211932661e-01  4.4354383e-07
8.213575048e-01  4.4323788e-07
8.215217763e-01  4.4294928e-07
8.216860806e-01  4.4268017e-07
8.218504178e-01  4.4243176e-07
8.220147879e-01  4.4220380e-07
8.221791909e-01  4.4199376e-07
8.223436267e-01  4.4179601e-07
8.225080954e-01  4.4160152e-07
8.226725970e-01  4.4139853e-07
8.228371316e-01  4.4117418e-07
8.230016990e-01  4.4091697e-07
8.231662993e-01  4.4061918e-07
8.233309326e-01  4.4027875e-07
8.234955988e-01  4.3989975e-07
8.236602979e-01  4.3949145e-07
8.238250300e-01  4.3906621e-07
8.239897950e-01  4.3863696e-07
8.241545929e-01  4.3821495e-07
8.243194238e-01  4.3780847e-07
8.244842877e-01  4.3742250e-07
8.246491846e-01  4.3705919e-07
8.248141144e-01  4.3671864e-07
8.249790772e-01  4.3639960e-07
8.251440731e-01  4.3609984e-07
8.253091019e-01  4.3581629e-07
8.254741637e-01  4.3554524e-07
8.256392585e-01  4.3528263e-07
8.258043864e-01  4.3502477e-07
8.259695473e-01  4.3476912e-07
8.261347412e-01  4.3451496e-07
8.262999681e-01  4.3426369e-07
8.264652281e-01  4.3401844e-07
8.266305212e-01  4.3378322e-07
8.267958473e-01  4.3356177e-07
8.269612064e-01  4.3335638e-07
8.271265987e-01  4.3316721e-07
8.272920240e-01  4.3299212e-07
8.274574824e-01  4.3282718e-07
8.276229739e-01  4.3266756e-07
8.277884985e-01  4.3250861e-07
8.279540562e-01  4.3234668e-07
8.281196470e-01  4.3217953e-07
8.282852709e-01  4.3200633e-07
8.284509280e-01  4.3182723e-07
8.286166182e-01  4.3164296e-07
8.287823415e-01  4.3145448e-07
8.289480980e-01  4.3126286e-07
8.291138876e-01  4.3106935e-07
8.292797104e-01  4.3087554e-07
8.294455663e-01  4.3068339e-07
8.296114554e-01  4.3049507e-07
8.297773777e-01  4.3031264e-07
8.299433332e-01  4.3013762e-07
8.301093218e-01  4.2997065e-07
8.302753437e-01  4.2981142e-07
8.304413988e-01  4.2965882e-07
8.306074871e-01  4.2951143e-07
8.307736086e-01  4.2936803e-07
8.309397633e-01  4.2922800e-07
8.311059512e-01  4.2909149e-07
8.312721724e-01  4.2895915e-07
8.314384269e-01  4.2883173e-07
8.316047145e-01  4.2870953e-07
8.317710355e-01  4.2859210e-07
8.319373897e-01  4.2847822e-07
8.321037772e-01  4.2836629e-07
8.322701979e-01  4.2825486e-07
8.324366520e-01  4.2814322e-07
8.326031393e-01  4.2803166e-07
8.327696599e-01  4.2792143e-07
8.329362139e-01  4.2781431e-07
8.331028011e-01  4.2771210e-07
8.332694217e-01  4.2761599e-07
8.334360755e-01  4.2752632e-07
8.336027628e-01  4.2744252e-07
8.337694833e-01  4.2736330e-07
8.339362372e-01  4.2728713e-07
8.341030245e-01  4.2721255e-07
8.342698451e-01  4.2713856e-07
8.344366990e-01  4.2706474e-07
8.346035864e-01  4.2699128e-07
8.347705071e-01  4.2691884e-07
8.349374612e-01  4.2684840e-07
8.351044487e-01  4.2678101e-07
8.352714696e-01  4.2671760e-07
8.354385239e-01  4.2665887e-07
8.356056116e-01  4.2660521e-07
8.357727327e-01  4.2655666e-07
8.359398872e-01  4.2651295e-07
8.361070752e-01  4.2647358e-07
8.362742966e-01  4.2643791e-07
8.364415515e-01  4.2640525e-07
8.366088398e-01  4.2637492e-07
8.367761616e-01  4.2634634e-07
8.369435168e-01  4.2631903e-07
8.371109055e-01  4.2629265e-07
8.372783277e-01  4.2626692e-07
8.374457833e-01  4.2624168e-07
8.376132725e-01  4.2621684e-07
8.377807952e-01  4.2619238e-07
8.379483513e-01  4.2616834e-07
8.381159410e-01  4.2614486e-07
8.382835642e-01  4.2612214e-07
8.384512209e-01  4.2610044e-07
8.386189111e-01  4.2608005e-07
8.387866349e-01  4.2606123e-07
8.389543922e-01  4.2604410e-07
8.391221831e-01  4.2602863e-07
8.392900076e-01  4.2601465e-07
8.394578656e-01  4.2600184e-07
8.396257571e-01  4.2598989e-07
8.397936823e-01  4.2597861e-07
8.399616410e-01  4.2596804e-07
8.401296333e-01  4.2595851e-07
8.402976593e-01  4.2595061e-07
8.404657188e-01  4.2594504e-07
8.406338119e-01  4.2594247e-07
8.408019387e-01  4.2594331e-07
8.409700991e-01  4.2594764e-07
8.411382931e-01  4.2595516e-07
8.413065208e-01  4.2596526e-07
8.414747821e-01  4.2597720e-07
8.416430770e-01  4.2599025e-07
8.418114057e-01  4.2600391e-07
8.419797679e-01  4.2601800e-07
8.421481639e-01  4.2603271e-07
8.423165935e-01  4.2604856e-07
8.424850568e-01  4.2606631e-07
8.426535538e-01  4.2608678e-07
8.428220846e-01  4.2611075e-07
8.429906490e-01  4.2613878e-07
8.431592471e-01  4.2617113e-07
8.433278790e-01  4.2620772e-07
8.434965445e-01  4.2624812e-07
8.436652438e-01  4.2629166e-07
8.438339769e-01  4.2633744e-07
8.440027437e-01  4.2638454e-07
8.441715442e-01  4.2643211e-07
8.443403785e-01  4.2647953e-07
8.445092466e-01  4.2652648e-07
8.446781485e-01  4.2657305e-07
8.448470841e-01  4.2661965e-07
8.450160535e-01  4.2666701e-07
8.451850567e-01  4.2671601e-07
8.453540937e-01  4.2676755e-07
8.455231646e-01  4.2682240e-07
8.456922692e-01  4.2688111e-07
8.458614076e-01  4.2694400e-07
8.460305799e-01  4.2701122e-07
8.461997860e-01  4.2708288e-07
8.463690260e-01  4.2715921e-07
8.465382998e-01  4.2724069e-07
8.467076075e-01  4.2732807e-07
8.468769490e-01  4.2742229e-07
8.470463244e-01  4.2752431e-07
8.472157336e-01  4.2763493e-07
8.473851768e-01  4.2775461e-07
8.475546538e-01  4.2788339e-07
8.477241648e-01  4.2802092e-07
8.478937096e-01  4.2816658e-07
8.480632883e-01  4.2831965e-07
8.482329010e-01  4.2847946e-07
8.484025476e-01  4.2864546e-07
8.485722281e-01  4.2881730e-07
8.487419425e-01  4.2899477e-07
8.489116909e-01  4.2917775e-07
8.490814732e-01  4.2936619e-07
8.492512895e-01  4.2956010e-07
8.494211398e-01  4.2975951e-07
8.495910240e-01  4.2996451e-07
8.497609422e-01  4.3017519e-07
8.499308944e-01  4.3039160e-07
8.501008806e-01  4.3061361e-07
8.502709008e-01  4.3084087e-07
8.504409550e-01  4.3107267e-07
8.506110431e-01  4.3130796e-07
8.507811654e-01  4.3154538e-07
8.509513216e-01  4.3178333e-07
8.511215119e-01  4.3202010e-07
8.512917362e-01  4.3225398e-07
8.514619945e-01  4.3248329e-07
8.516322869e-01  4.3270637e-07
8.518026134e-01  4.3292157e-07
8.519729739e-01  4.3312712e-07
8.521433685e-01  4.3332108e-07
8.523137971e-01  4.3350131e-07
8.524842599e-01  4.3366551e-07
8.526547568e-01  4.3381128e-07
8.528252877e-01  4.3393632e-07
8.529958528e-01  4.3403860e-07
8.531664519e-01  4.3411662e-07
8.533370852e-01  4.3416956e-07
8.535077526e-01  4.3419746e-07
8.536784542e-01  4.3420119e-07
8.538491899e-01  4.3418237e-07
8.540199597e-01  4.3414316e-07
8.541907637e-01  4.3408600e-07
8.543616019e-01  4.3401336e-07
8.545324742e-01  4.3392752e-07
8.547033807e-01  4.3383052e-07
8.548743214e-01  4.3372403e-07
8.550452962e-01  4.3360944e-07
8.552163053e-01  4.3348784e-07
8.553873485e-01  4.3336006e-07
8.555584260e-01  4.3322674e-07
8.557295377e-01  4.3308831e-07
8.559006836e-01  4.3294514e-07
8.560718637e-01  4.3279760e-07
8.562430781e-01  4.3264614e-07
8.564143267e-01  4.3249141e-07
8.565856096e-01  4.3233423e-07
8.567569267e-01  4.3217554e-07
8.569282781e-01  4.3201631e-07
8.570996638e-01  4.3185733e-07
8.572710837e-01  4.3169906e-07
8.574425379e-01  4.3154154e-07
8.576140264e-01  4.3138435e-07
8.577855492e-01  4.3122669e-07
8.579571063e-01  4.3106756e-07
8.581286978e-01  4.3090590e-07
8.583003235e-01  4.3074076e-07
8.584719836e-01  4.3057147e-07
8.586436780e-01  4.3039763e-07
8.588154067e-01  4.3021916e-07
8.589871698e-01  4.3003621e-07
8.591589672e-01  4.2984907e-07
8.593307990e-01  4.2965813e-07
8.595026652e-01  4.2946377e-07
8.596745657e-01  4.2926638e-07
8.598465006e-01  4.2906629e-07
8.600184699e-01  4.2886382e-07
8.601904736e-01  4.2865926e-07
8.603625117e-01  4.2845291e-07
8.605345842e-01  4.2824503e-07
8.607066911e-01  4.2803585e-07
8.608788325e-01  4.2782555e-07
8.610510082e-01  4.2761418e-07
8.612232184e-01  4.2740176e-07
8.613954631e-01  4.2718817e-07
8.615677422e-01  4.2697324e-07
8.617400557e-01  4.2675678e-07
8.619124037e-01  4.2653864e-07
8.620847862e-01  4.2631876e-07
8.622572032e-01  4.2609731e-07
8.624296546e-01  4.2587466e-07
8.626021405e-01  4.2565146e-07
8.627746610e-01  4.2542861e-07
8.629472159e-01  4.2520719e-07
8.631198053e-01  4.2498836e-07
8.632924293e-01  4.2477324e-07
8.634650878e-01  4.2456285e-07
8.636377808e-01  4.2435795e-07
8.638105084e-01  4.2415905e-07
8.639832705e-01  4.2396635e-07
8.641560671e-01  4.2377987e-07
8.643288983e-01  4.2359942e-07
8.645017641e-01  4.2342476e-07
8.646746645e-01  4.2325560e-07
8.648475994e-01  4.2309170e-07
8.650205689e-01  4.2293282e-07
8.651935730e-01  4.2277872e-07
8.653666117e-01  4.2262911e-07
8.655396851e-01  4.2248360e-07
8.657127930e-01  4.2234169e-07
8.658859356e-01  4.2220276e-07
8.660591127e-01  4.2206615e-07
8.662323246e-01  4.2193134e-07
8.664055710e-01  4.2179821e-07
8.665788521e-01  4.2166747e-07
8.667521679e-01  4.2154138e-07
8.669255183e-01  4.2142472e-07
8.670989034e-01  4.2132617e-07
8.672723232e-01  4.2125980e-07
8.674457777e-01  4.2124637e-07
8.676192668e-01  4.2131346e-07
8.677927907e-01  4.2149351e-07
8.679663493e-01  4.2181889e-07
8.681399425e-01  4.2231374e-07
8.683135705e-01  4.2298386e-07
8.684872332e-01  4.2380729e-07
8.686609307e-01  4.2472937e-07
8.688346629e-01  4.2566578e-07
8.690084298e-01  4.2651485e-07
8.691822315e-01  4.2717731e-07
8.693560679e-01  4.2757817e-07
8.695299391e-01  4.2768382e-07
8.697038451e-01  4.2750864e-07
8.698777859e-01  4.2710873e-07
8.700517615e-01  4.2656519e-07
8.702257718e-01  4.2596287e-07
8.703998170e-01  4.2537149e-07
8.705738969e-01  4.2483424e-07
8.707480117e-01  4.2436590e-07
8.709221613e-01  4.2395862e-07
8.710963457e-01  4.2359193e-07
8.712705650e-01  4.2324282e-07
8.714448191e-01  4.2289312e-07
8.716191081e-01  4.2253302e-07
8.717934319e-01  4.2216109e-07
8.719677906e-01  4.2178220e-07
8.721421842e-01  4.2140456e-07
8.723166126e-01  4.2103715e-07
8.724910759e-01  4.2068801e-07
8.726655741e-01  4.2036334e-07
8.728401072e-01  4.2006715e-07
8.730146753e-01  4.1980130e-07
8.731892782e-01  4.1956556e-07
8.733639161e-01  4.1935774e-07
8.735385888e-01  4.1917406e-07
8.737132966e-01  4.1900973e-07
8.738880392e-01  4.1885979e-07
8.740628168e-01  4.1871998e-07
8.742376294e-01  4.1858750e-07
8.744124769e-01  4.1846132e-07
8.745873594e-01  4.1834193e-07
8.747622769e-01  4.1823081e-07
8.749372293e-01  4.1812955e-07
8.751122168e-01  4.1803911e-07
8.752872392e-01  4.1795950e-07
8.754622967e-01  4.1788970e-07
8.756373891e-01  4.1782799e-07
8.758125166e-01  4.1777242e-07
8.759876791e-01  4.1772125e-07
8.761628766e-01  4.1767319e-07
8.763381092e-01  4.1762749e-07
8.765133768e-01  4.1758387e-07
8.766886795e-01  4.1754243e-07
8.768640173e-01  4.1750343e-07
8.770393901e-01  4.1746719e-07
8.772147979e-01  4.1743404e-07
8.773902409e-01  4.1740423e-07
8.775657189e-01  4.1737790e-07
8.777412321e-01  4.1735507e-07
8.779167803e-01  4.1733565e-07
8.780923637e-01  4.1731943e-07
8.782679822e-01  4.1730614e-07
8.784436358e-01  4.1729547e-07
8.786193245e-01  4.1728717e-07
8.787950484e-01  4.1728109e-07
8.789708074e-01  4.1727718e-07
8.791466015e-01  4.1727551e-07
8.793224308e-01  4.1727625e-07
8.794982953e-01  4.1727953e-07
8.796741950e-01  4.1728547e-07
8.798501298e-01  4.1729408e-07
8.800260999e-01  4.1730531e-07
8.802021051e-01  4.1731903e-07
8.803781455e-01  4.1733513e-07
8.805542211e-01  4.1735358e-07
8.807303320e-01  4.1737439e-07
8.809064780e-01  4.1739764e-07
8.810826593e-01  4.1742341e-07
8.812588759e-01  4.1745170e-07
8.814351276e-01  4.1748238e-07
8.816114147e-01  4.1751513e-07
8.817877369e-01  4.1754951e-07
8.819640945e-01  4.1758501e-07
8.821404873e-01  4.1762116e-07
8.823169154e-01  4.1765759e-07
8.824933788e-01  4.1769408e-07
8.826698775e-01  4.1773047e-07
8.828464114e-01  4.1776655e-07
8.830229807e-01  4.1780193e-07
8.831995853e-01  4.1783593e-07
8.833762252e-01  4.1786763e-07
8.835529005e-01  4.1789600e-07
8.837296111e-01  4.1792010e-07
8.839063570e-01  4.1793941e-07
8.840831383e-01  4.1795399e-07
8.842599549e-01  4.1796456e-07
8.844368069e-01  4.1797246e-07
8.846136942e-01  4.1797941e-07
8.847906170e-01  4.1798729e-07
8.849675751e-01  4.1799784e-07
8.851445686e-01  4.1801248e-07
8.853215975e-01  4.1803217e-07
8.854986619e-01  4.1805739e-07
8.856757616e-01  4.1808821e-07
8.858528967e-01  4.1812431e-07
8.860300673e-01  4.1816506e-07
8.862072733e-01  4.1820946e-07
8.863845148e-01  4.1825617e-07
8.865617917e-01  4.1830348e-07
8.867391040e-01  4.1834942e-07
8.869164519e-01  4.1839187e-07
8.870938352e-01  4.1842889e-07
8.872712539e-01  4.1845893e-07
8.874487082e-01  4.1848108e-07
8.876261979e-01  4.1849519e-07
8.878037232e-01  4.1850176e-07
8.879812839e-01  4.1850187e-07
8.881588802e-01  4.1849685e-07
8.883365119e-01  4.1848813e-07
8.885141792e-01  4.1847691e-07
8.886918821e-01  4.1846408e-07
8.888696204e-01  4.1845007e-07
8.890473944e-01  4.1843485e-07
8.892252038e-01  4.1841790e-07
8.894030489e-01  4.1839838e-07
8.895809295e-01  4.1837523e-07
8.897588457e-01  4.1834733e-07
8.899367975e-01  4.1831371e-07
8.901147848e-01  4.1827368e-07
8.902928078e-01  4.1822697e-07
8.904708663e-01  4.1817383e-07
8.906489605e-01  4.1811506e-07
8.908270903e-01  4.1805207e-07
8.910052557e-01  4.1798674e-07
8.911834568e-01  4.1792140e-07
8.913616935e-01  4.1785862e-07
8.915399658e-01  4.1780106e-07
8.917182738e-01  4.1775128e-07
8.918966174e-01  4.1771155e-07
8.920749968e-01  4.1768372e-07
8.922534118e-01  4.1766905e-07
8.924318625e-01  4.1766812e-07
8.926103488e-01  4.1768072e-07
8.927888709e-01  4.1770583e-07
8.929674287e-01  4.1774175e-07
8.931460222e-01  4.1778634e-07
8.933246514e-01  4.1783736e-07
8.935033163e-01  4.1789294e-07
8.936820170e-01  4.1795192e-07
8.938607534e-01  4.1801403e-07
8.940395255e-01  4.1807990e-07
8.942183334e-01  4.1815069e-07
8.943971771e-01  4.1822775e-07
8.945760565e-01  4.1831210e-07
8.947549717e-01  4.1840412e-07
8.949339227e-01  4.1850341e-07
8.951129095e-01  4.1860889e-07
8.952919321e-01  4.1871901e-07
8.954709905e-01  4.1883205e-07
8.956500847e-01  4.1894633e-07
8.958292147e-01  4.1906025e-07
8.960083805e-01  4.1917224e-07
8.961875822e-01  4.1928062e-07
8.963668197e-01  4.1938352e-07
8.965460931e-01  4.1947903e-07
8.967254023e-01  4.1956555e-07
8.969047474e-01  4.1964227e-07
8.970841283e-01  4.1970971e-07
8.972635452e-01  4.1977008e-07
8.974429979e-01  4.1982725e-07
8.976224865e-01  4.1988636e-07
8.978020110e-01  4.1995277e-07
8.979815714e-01  4.2003075e-07
8.981611677e-01  4.2012191e-07
8.983407999e-01  4.2022396e-07
8.985204681e-01  4.2033018e-07
8.987001722e-01  4.2043011e-07
8.988799122e-01  4.2051142e-07
8.990596882e-01  4.2056259e-07
8.992395001e-01  4.2057579e-07
8.994193480e-01  4.2054875e-07
8.995992319e-01  4.2048512e-07
8.997791517e-01  4.2039319e-07
8.999591076e-01  4.2028338e-07
9.001390994e-01  4.2016555e-07
9.003191272e-01  4.2004714e-07
9.004991910e-01  4.1993259e-07
9.006792909e-01  4.1982381e-07
9.008594267e-01  4.1972130e-07
9.010395986e-01  4.1962499e-07
9.012198065e-01  4.1953440e-07
9.014000505e-01  4.1944829e-07
9.015803305e-01  4.1936394e-07
9.017606466e-01  4.1927682e-07
9.019409987e-01  4.1918080e-07
9.021213869e-01  4.1906896e-07
9.023018112e-01  4.1893488e-07
9.024822715e-01  4.1877391e-07
9.026627680e-01  4.1858419e-07
9.028433006e-01  4.1836722e-07
9.030238692e-01  4.1812783e-07
9.032044740e-01  4.1787363e-07
9.033851149e-01  4.1761389e-07
9.035657919e-01  4.1735818e-07
9.037465051e-01  4.1711500e-07
9.039272544e-01  4.1689059e-07
9.041080398e-01  4.1668843e-07
9.042888614e-01  4.1650927e-07
9.044697192e-01  4.1635178e-07
9.046506131e-01  4.1621341e-07
9.048315433e-01  4.1609136e-07
9.050125096e-01  4.1598323e-07
9.051935121e-01  4.1588752e-07
9.053745508e-01  4.1580366e-07
9.055556257e-01  4.1573202e-07
9.057367368e-01  4.1567367e-07
9.059178842e-01  4.1562997e-07
9.060990677e-01  4.1560208e-07
9.062802875e-01  4.1559022e-07
9.064615436e-01  4.1559301e-07
9.066428359e-01  4.1560698e-07
9.068241645e-01  4.1562659e-07
9.070055293e-01  4.1564487e-07
9.071869304e-01  4.1565464e-07
9.073683678e-01  4.1564989e-07
9.075498415e-01  4.1562704e-07
9.077313514e-01  4.1558551e-07
9.079128977e-01  4.1552740e-07
9.080944803e-01  4.1545654e-07
9.082760992e-01  4.1537715e-07
9.084577544e-01  4.1529275e-07
9.086394460e-01  4.1520547e-07
9.088211739e-01  4.1511613e-07
9.090029381e-01  4.1502464e-07
9.091847387e-01  4.1493077e-07
9.093665756e-01  4.1483454e-07
9.095484489e-01  4.1473645e-07
9.097303586e-01  4.1463722e-07
9.099123047e-01  4.1453741e-07
9.100942872e-01  4.1443715e-07
9.102763060e-01  4.1433615e-07
9.104583613e-01  4.1423407e-07
9.106404530e-01  4.1413108e-07
9.108225810e-01  4.1402825e-07
9.110047456e-01  4.1392765e-07
9.111869465e-01  4.1383192e-07
9.113691839e-01  4.1374349e-07
9.115514577e-01  4.1366392e-07
9.117337680e-01  4.1359357e-07
9.119161148e-01  4.1353188e-07
9.120984980e-01  4.1347808e-07
9.122809177e-01  4.1343194e-07
9.124633739e-01  4.1339397e-07
9.126458666e-01  4.1336497e-07
9.128283957e-01  4.1334486e-07
9.130109614e-01  4.1333147e-07
9.131935636e-01  4.1331985e-07
9.133762023e-01  4.1330278e-07
9.135588776e-01  4.1327239e-07
9.137415893e-01  4.1322256e-07
9.139243377e-01  4.1315117e-07
9.141071225e-01  4.1306142e-07
9.142899439e-01  4.1296152e-07
9.144728019e-01  4.1286274e-07
9.146556965e-01  4.1277636e-07
9.148386276e-01  4.1271039e-07
9.150215954e-01  4.1266723e-07
9.152045997e-01  4.1264291e-07
9.153876406e-01  4.1262842e-07
9.155707181e-01  4.1261244e-07
9.157538323e-01  4.1258492e-07
9.159369830e-01  4.1254007e-07
9.161201704e-01  4.1247796e-07
9.163033945e-01  4.1240422e-07
9.164866551e-01  4.1232803e-07
9.166699525e-01  4.1225907e-07
9.168532865e-01  4.1220457e-07
9.170366571e-01  4.1216725e-07
9.172200645e-01  4.1214473e-07
9.174035085e-01  4.1213054e-07
9.175869892e-01  4.1211613e-07
9.177705066e-01  4.1209324e-07
9.179540607e-01  4.1205599e-07
9.181376515e-01  4.1200197e-07
9.183212790e-01  4.1193242e-07
9.185049433e-01  4.1185145e-07
9.186886443e-01  4.1176488e-07
9.188723820e-01  4.1167907e-07
9.190561565e-01  4.1160009e-07
9.192399677e-01  4.1153344e-07
9.194238157e-01  4.1148426e-07
9.196077004e-01  4.1145770e-07
9.197916220e-01  4.1145919e-07
9.199755803e-01  4.1149413e-07
9.201595754e-01  4.1156691e-07
9.203436073e-01  4.1167920e-07
9.205276761e-01  4.1182801e-07
9.207117816e-01  4.1200429e-07
9.208959240e-01  4.1219279e-07
9.210801031e-01  4.1237375e-07
9.212643192e-01  4.1252626e-07
9.214485720e-01  4.1263249e-07
9.216328617e-01  4.1268169e-07
9.218171883e-01  4.1267250e-07
9.220015517e-01  4.1261307e-07
9.221859521e-01  4.1251860e-07
9.223703893e-01  4.1240745e-07
9.225548633e-01  4.1229680e-07
9.227393743e-01  4.1219918e-07
9.229239222e-01  4.1212074e-07
9.231085070e-01  4.1206135e-07
9.232931287e-01  4.1201618e-07
9.234777873e-01  4.1197798e-07
9.236624828e-01  4.1193930e-07
9.238472153e-01  4.1189420e-07
9.240319848e-01  4.1183904e-07
9.242167912e-01  4.1177258e-07
9.244016345e-01  4.1169551e-07
9.245865149e-01  4.1160981e-07
9.247714322e-01  4.1151804e-07
9.249563865e-01  4.1142291e-07
9.251413777e-01  4.1132697e-07
9.253264060e-01  4.1123251e-07
9.255114713e-01  4.1114154e-07
9.256965736e-01  4.1105581e-07
9.258817129e-01  4.1097687e-07
9.260668892e-01  4.1090612e-07
9.262521026e-01  4.1084501e-07
9.264373530e-01  4.1079512e-07
9.266226405e-01  4.1075821e-07
9.268079650e-01  4.1073603e-07
9.269933266e-01  4.1072988e-07
9.271787253e-01  4.1074001e-07
9.273641610e-01  4.1076506e-07
9.275496339e-01  4.1080182e-07
9.277351438e-01  4.1084551e-07
9.279206908e-01  4.1089054e-07
9.281062750e-01  4.1093180e-07
9.282918962e-01  4.1096588e-07
9.284775546e-01  4.1099210e-07
9.286632501e-01  4.1101295e-07
9.288489828e-01  4.1103387e-07
9.290347526e-01  4.1106251e-07
9.292205595e-01  4.1110781e-07
9.294064036e-01  4.1117919e-07
9.295922849e-01  4.1128608e-07
9.297782034e-01  4.1143759e-07
9.299641590e-01  4.1164228e-07
9.301501518e-01  4.1190748e-07
9.303361819e-01  4.1223804e-07
9.305222491e-01  4.1263465e-07
9.307083535e-01  4.1309202e-07
9.308944952e-01  4.1359778e-07
9.310806741e-01  4.1413263e-07
9.312668903e-01  4.1467221e-07
9.314531436e-01  4.1519027e-07
9.316394343e-01  4.1566281e-07
9.318257621e-01  4.1607184e-07
9.320121273e-01  4.1640823e-07
9.321985297e-01  4.1667284e-07
9.323849694e-01  4.1687625e-07
9.325714464e-01  4.1703704e-07
9.327579607e-01  4.1717934e-07
9.329445123e-01  4.1732958e-07
9.331311012e-01  4.1751257e-07
9.333177274e-01  4.1774690e-07
9.335043910e-01  4.1804024e-07
9.336910919e-01  4.1838567e-07
9.338778301e-01  4.1876062e-07
9.340646056e-01  4.1912989e-07
9.342514186e-01  4.1945296e-07
9.344382688e-01  4.1969402e-07
9.346251565e-01  4.1983160e-07
9.348120815e-01  4.1986412e-07
9.349990439e-01  4.1980901e-07
9.351860438e-01  4.1969564e-07
9.353730810e-01  4.1955500e-07
9.355601556e-01  4.1941074e-07
9.357472676e-01  4.1927518e-07
9.359344171e-01  4.1915125e-07
9.361216039e-01  4.1903820e-07
9.363088283e-01  4.1893740e-07
9.364960900e-01  4.1885469e-07
9.366833892e-01  4.1879831e-07
9.368707259e-01  4.1877392e-07
9.370581001e-01  4.1877952e-07
9.372455117e-01  4.1880308e-07
9.374329608e-01  4.1882367e-07
9.376204474e-01  4.1881540e-07
9.378079715e-01  4.1875235e-07
9.379955331e-01  4.1861296e-07
9.381831322e-01  4.1838314e-07
9.383707688e-01  4.1805813e-07
9.385584430e-01  4.1764347e-07
9.387461546e-01  4.1715528e-07
9.389339039e-01  4.1661930e-07
9.391216907e-01  4.1606852e-07
9.393095150e-01  4.1553920e-07
9.394973769e-01  4.1506586e-07
9.396852764e-01  4.1467649e-07
9.398732134e-01  4.1438909e-07
9.400611881e-01  4.1421045e-07
9.402492003e-01  4.1413722e-07
9.404372502e-01  4.1415862e-07
9.406253376e-01  4.1425988e-07
9.408134627e-01  4.1442570e-07
9.410016254e-01  4.1464293e-07
9.411898257e-01  4.1490267e-07
9.413780637e-01  4.1520127e-07
9.415663393e-01  4.1554003e-07
9.417546525e-01  4.1592301e-07
9.419430035e-01  4.1635332e-07
9.421313921e-01  4.1682846e-07
9.423198183e-01  4.1733658e-07
9.425082823e-01  4.1785571e-07
9.426967840e-01  4.1835682e-07
9.428853233e-01  4.1881028e-07
9.430739004e-01  4.1919321e-07
9.432625152e-01  4.1949432e-07
9.434511677e-01  4.1971400e-07
9.436398579e-01  4.1985944e-07
9.438285859e-01  4.1993769e-07
9.440173516e-01  4.1995036e-07
9.442061551e-01  4.1989348e-07
9.443949963e-01  4.1976260e-07
9.445838753e-01  4.1956066e-07
9.447727921e-01  4.1930376e-07
9.449617466e-01  4.1902112e-07
9.451507390e-01  4.1874821e-07
9.453397691e-01  4.1851540e-07
9.455288371e-01  4.1833709e-07
9.457179428e-01  4.1820624e-07
9.459070864e-01  4.1809669e-07
9.460962678e-01  4.1797270e-07
9.462854871e-01  4.1780184e-07
9.464747442e-01  4.1756638e-07
9.466640391e-01  4.1726917e-07
9.468533720e-01  4.1693226e-07
9.470427426e-01  4.1658926e-07
9.472321512e-01  4.1627451e-07
9.474215976e-01  4.1601275e-07
9.476110819e-01  4.1581284e-07
9.478006041e-01  4.1566712e-07
9.479901643e-01  4.1555645e-07
9.481797623e-01  4.1545895e-07
9.483693982e-01  4.1535928e-07
9.485590721e-01  4.1525489e-07
9.487487839e-01  4.1515685e-07
9.489385337e-01  4.1508427e-07
9.491283214e-01  4.1505454e-07
9.493181471e-01  4.1507288e-07
9.495080107e-01  4.1512554e-07
9.496979123e-01  4.1517993e-07
9.498878519e-01  4.1519225e-07
9.500778295e-01  4.1512045e-07
9.502678450e-01  4.1493822e-07
9.504578986e-01  4.1464507e-07
9.506479902e-01  4.1426908e-07
9.508381198e-01  4.1386082e-07
9.510282874e-01  4.1348062e-07
9.512184930e-01  4.1318269e-07
9.514087367e-01  4.1300100e-07
9.515990185e-01  4.1294101e-07
9.517893383e-01  4.1297927e-07
9.519796962e-01  4.1307061e-07
9.521700921e-01  4.1316055e-07
9.523605261e-01  4.1319925e-07
9.525509982e-01  4.1315310e-07
9.527415084e-01  4.1301140e-07
9.529320567e-01  4.1278670e-07
9.531226431e-01  4.1250947e-07
9.533132677e-01  4.1221910e-07
9.535039303e-01  4.1195383e-07
9.536946311e-01  4.1174216e-07
9.538853700e-01  4.1159777e-07
9.540761471e-01  4.1151871e-07
9.542669623e-01  4.1149046e-07
9.544578157e-01  4.1149163e-07
9.546487073e-01  4.1150039e-07
9.548396370e-01  4.1149971e-07
9.550306050e-01  4.1148028e-07
9.552216111e-01  4.1144066e-07
9.554126554e-01  4.1138500e-07
9.556037379e-01  4.1131989e-07
9.557948587e-01  4.1125105e-07
9.559860177e-01  4.1118120e-07
9.561772149e-01  4.1110929e-07
9.563684503e-01  4.1103109e-07
9.565597240e-01  4.1094087e-07
9.567510359e-01  4.1083369e-07
9.569423861e-01  4.1070768e-07
9.571337746e-01  4.1056543e-07
9.573252014e-01  4.1041427e-07
9.575166664e-01  4.1026480e-07
9.577081698e-01  4.1012843e-07
9.578997114e-01  4.1001447e-07
9.580912913e-01  4.0992799e-07
9.582829096e-01  4.0986880e-07
9.584745662e-01  4.0983201e-07
9.586662611e-01  4.0980937e-07
9.588579943e-01  4.0979120e-07
9.590497659e-01  4.0976812e-07
9.592415759e-01  4.0973255e-07
9.594334242e-01  4.0967973e-07
9.596253109e-01  4.0960816e-07
9.598172359e-01  4.0951933e-07
9.600091994e-01  4.0941694e-07
9.602012012e-01  4.0930563e-07
9.603932415e-01  4.0919002e-07
9.605853201e-01  4.0907430e-07
9.607774372e-01  4.0896251e-07
9.609695927e-01  4.0885917e-07
9.611617866e-01  4.0876942e-07
9.613540190e-01  4.0869834e-07
9.615462898e-01  4.0864940e-07
9.617385990e-01  4.0862258e-07
9.619309467e-01  4.0861329e-07
9.621233329e-01  4.0861277e-07
9.623157576e-01  4.0861023e-07
9.625082207e-01  4.0859610e-07
9.627007224e-01  4.0856507e-07
9.628932625e-01  4.0851781e-07
9.630858412e-01  4.0846046e-07
9.632784583e-01  4.0840232e-07
9.634711140e-01  4.0835230e-07
9.636638083e-01  4.0831577e-07
9.638565410e-01  4.0829273e-07
9.640493123e-01  4.0827805e-07
9.642421222e-01  4.0826336e-07
9.644349706e-01  4.0824006e-07
9.646278576e-01  4.0820217e-07
9.648207832e-01  4.0814829e-07
9.650137473e-01  4.0808201e-07
9.652067501e-01  4.0801079e-07
9.653997914e-01  4.0794368e-07
9.655928714e-01  4.0788843e-07
9.657859900e-01  4.0784907e-07
9.659791472e-01  4.0782446e-07
9.661723430e-01  4.0780845e-07
9.663655775e-01  4.0779151e-07
9.665588506e-01  4.0776337e-07
9.667521624e-01  4.0771579e-07
9.669455128e-01  4.0764460e-07
9.671389019e-01  4.0755045e-07
9.673323297e-01  4.0743805e-07
9.675257961e-01  4.0731441e-07
9.677193013e-01  4.0718675e-07
9.679128452e-01  4.0706077e-07
9.681064277e-01  4.0693990e-07
9.683000490e-01  4.0682559e-07
9.684937090e-01  4.0671826e-07
9.686874078e-01  4.0661843e-07
9.688811452e-01  4.0652749e-07
9.690749215e-01  4.0644772e-07
9.692687365e-01  4.0638169e-07
9.694625902e-01  4.0633126e-07
9.696564827e-01  4.0629671e-07
9.698504140e-01  4.0627635e-07
9.700443841e-01  4.0626675e-07
9.702383930e-01  4.0626358e-07
9.704324407e-01  4.0626261e-07
9.706265271e-01  4.0626064e-07
9.708206525e-01  4.0625593e-07
9.710148166e-01  4.0624816e-07
9.712090195e-01  4.0623786e-07
9.714032614e-01  4.0622585e-07
9.715975420e-01  4.0621278e-07
9.717918615e-01  4.0619902e-07
9.719862199e-01  4.0618492e-07
9.721806171e-01  4.0617121e-07
9.723750533e-01  4.0615936e-07
9.725695283e-01  4.0615154e-07
9.727640422e-01  4.0615034e-07
9.729585950e-01  4.0615813e-07
9.731531867e-01  4.0617629e-07
9.733478173e-01  4.0620462e-07
9.735424869e-01  4.0624100e-07
9.737371954e-01  4.0628160e-07
9.739319428e-01  4.0632153e-07
9.741267292e-01  4.0635579e-07
9.743215546e-01  4.0638031e-07
9.745164189e-01  4.0639271e-07
9.747113222e-01  4.0639259e-07
9.749062644e-01  4.0638125e-07
9.751012457e-01  4.0636092e-07
9.752962659e-01  4.0633375e-07
9.754913252e-01  4.0630092e-07
9.756864234e-01  4.0626224e-07
9.758815607e-01  4.0621630e-07
9.760767370e-01  4.0616128e-07
9.762719524e-01  4.0609606e-07
9.764672068e-01  4.0602123e-07
9.766625002e-01  4.0593962e-07
9.768578327e-01  4.0585611e-07
9.770532043e-01  4.0577668e-07
9.772486149e-01  4.0570716e-07
9.774440647e-01  4.0565184e-07
9.776395535e-01  4.0561272e-07
9.778350814e-01  4.0558920e-07
9.780306484e-01  4.0557868e-07
9.782262545e-01  4.0557740e-07
9.784218998e-01  4.0558147e-07
9.786175842e-01  4.0558758e-07
9.788133077e-01  4.0559330e-07
9.790090703e-01  4.0559688e-07
9.792048721e-01  4.0559686e-07
9.794007131e-01  4.0559175e-07
9.795965933e-01  4.0557990e-07
9.797925126e-01  4.0555973e-07
9.799884711e-01  4.0553019e-07
9.801844688e-01  4.0549119e-07
9.803805057e-01  4.0544389e-07
9.805765818e-01  4.0539069e-07
9.807726971e-01  4.0533486e-07
9.809688516e-01  4.0527999e-07
9.811650454e-01  4.0522933e-07
9.813612784e-01  4.0518528e-07
9.815575507e-01  4.0514904e-07
9.817538622e-01  4.0512054e-07
9.819502129e-01  4.0509870e-07
9.821466030e-01  4.0508173e-07
9.823430323e-01  4.0506754e-07
9.825395009e-01  4.0505420e-07
9.827360088e-01  4.0504016e-07
9.829325560e-01  4.0502457e-07
9.831291425e-01  4.0500732e-07
9.833257684e-01  4.0498900e-07
9.835224335e-01  4.0497073e-07
9.837191380e-01  4.0495390e-07
9.839158818e-01  4.0493981e-07
9.841126650e-01  4.0492940e-07
9.843094875e-01  4.0492305e-07
9.845063494e-01  4.0492056e-07
9.847032507e-01  4.0492133e-07
9.849001914e-01  4.0492456e-07
9.850971714e-01  4.0492957e-07
9.852941908e-01  4.0493603e-07
9.854912497e-01  4.0494406e-07
9.856883479e-01  4.0495421e-07
9.858854856e-01  4.0496729e-07
9.860826627e-01  4.0498421e-07
9.862798792e-01  4.0500575e-07
9.864771352e-01  4.0503243e-07
9.866744306e-01  4.0506439e-07
9.868717655e-01  4.0510146e-07
9.870691399e-01  4.0514314e-07
9.872665537e-01  4.0518874e-07
9.874640070e-01  4.0523746e-07
9.876614998e-01  4.0528849e-07
9.878590321e-01  4.0534113e-07
9.880566039e-01  4.0539487e-07
9.882542152e-01  4.0544956e-07
9.884518661e-01  4.0550551e-07
9.886495564e-01  4.0556371e-07
9.888472863e-01  4.0562597e-07
9.890450558e-01  4.0569504e-07
9.892428648e-01  4.0577465e-07
9.894407134e-01  4.0586933e-07
9.896386015e-01  4.0598410e-07
9.898365293e-01  4.0612369e-07
9.900344966e-01  4.0629160e-07
9.902325035e-01  4.0648886e-07
9.904305500e-01  4.0671272e-07
9.906286361e-01  4.0695576e-07
9.908267618e-01  4.0720563e-07
9.910249271e-01  4.0744595e-07
9.912231321e-01  4.0765829e-07
9.914213768e-01  4.0782517e-07
9.916196610e-01  4.0793331e-07
9.918179850e-01  4.0797631e-07
9.920163486e-01  4.0795597e-07
9.922147518e-01  4.0788181e-07
9.924131948e-01  4.0776885e-07
9.926116774e-01  4.0763446e-07
9.928101998e-01  4.0749490e-07
9.930087618e-01  4.0736281e-07
9.932073636e-01  4.0724579e-07
9.934060050e-01  4.0714646e-07
9.936046862e-01  4.0706340e-07
9.938034072e-01  4.0699256e-07
9.940021678e-01  4.0692872e-07
9.942009683e-01  4.0686652e-07
9.943998085e-01  4.0680118e-07
9.945986884e-01  4.0672895e-07
9.947976082e-01  4.0664724e-07
9.949965677e-01  4.0655476e-07
9.951955670e-01  4.0645150e-07
9.953946061e-01  4.0633859e-07
9.955936850e-01  4.0621798e-07
9.957928038e-01  4.0609214e-07
9.959919623e-01  4.0596377e-07
9.961911607e-01  4.0583552e-07
9.963903990e-01  4.0570996e-07
9.965896770e-01  4.0558939e-07
9.967889950e-01  4.0547573e-07
9.969883528e-01  4.0537022e-07
9.971877504e-01  4.0527320e-07
9.973871880e-01  4.0518402e-07
9.975866654e-01  4.0510125e-07
9.977861828e-01  4.0502315e-07
9.979857400e-01  4.0494823e-07
9.981853372e-01  4.0487566e-07
9.983849742e-01  4.0480541e-07
9.985846512e-01  4.0473796e-07
9.987843681e-01  4.0467391e-07
9.989841250e-01  4.0461347e-07
9.991839218e-01  4.0455631e-07
9.993837586e-01  4.0450166e-07
9.995836354e-01  4.0444863e-07
9.997835521e-01  4.0439667e-07
9.999835088e-01  4.0434586e-07
1.000183506e+00  4.0429689e-07
1.000383542e+00  4.0425082e-07
1.000583619e+00  4.0420862e-07
1.000783736e+00  4.0417077e-07
1.000983892e+00  4.0413696e-07
1.001184089e+00  4.0410617e-07
1.001384326e+00  4.0407687e-07
1.001584603e+00  4.0404752e-07
1.001784920e+00  4.0401697e-07
1.001985277e+00  4.0398480e-07
1.002185674e+00  4.0395135e-07
1.002386111e+00  4.0391759e-07
1.002586588e+00  4.0388472e-07
1.002787105e+00  4.0385379e-07
1.002987663e+00  4.0382532e-07
1.003188260e+00  4.0379921e-07
1.003388898e+00  4.0377473e-07
1.003589576e+00  4.0375083e-07
1.003790294e+00  4.0372650e-07
1.003991052e+00  4.0370106e-07
1.004191850e+00  4.0367436e-07
1.004392688e+00  4.0364684e-07
1.004593567e+00  4.0361938e-07
1.004794486e+00  4.0359300e-07
1.004995445e+00  4.0356864e-07
1.005196444e+00  4.0354682e-07
1.005397483e+00  4.0352761e-07
1.005598562e+00  4.0351053e-07
1.005799682e+00  4.0349474e-07
1.006000842e+00  4.0347924e-07
1.006202042e+00  4.0346310e-07
1.006403283e+00  4.0344568e-07
1.006604563e+00  4.0342672e-07
1.006805884e+00  4.0340639e-07
1.007007245e+00  4.0338515e-07
1.007208647e+00  4.0336367e-07
1.007410089e+00  4.0334270e-07
1.007611571e+00  4.0332292e-07
1.007813093e+00  4.0330484e-07
1.008014656e+00  4.0328881e-07
1.008216258e+00  4.0327490e-07
1.008417902e+00  4.0326291e-07
1.008619585e+00  4.0325236e-07
1.008821309e+00  4.0324258e-07
1.009023074e+00  4.0323276e-07
1.009224878e+00  4.0322210e-07
1.009426723e+00  4.0320999e-07
1.009628608e+00  4.0319607e-07
1.009830534e+00  4.0318033e-07
1.010032500e+00  4.0316307e-07
1.010234507e+00  4.0314489e-07
1.010436554e+00  4.0312654e-07
1.010638641e+00  4.0310881e-07
1.010840769e+00  4.0309241e-07
1.011042937e+00  4.0307786e-07
1.011245145e+00  4.0306536e-07
1.011447394e+00  4.0305482e-07
1.011649684e+00  4.0304582e-07
1.011852014e+00  4.0303770e-07
1.012054384e+00  4.0302967e-07
1.012256795e+00  4.0302096e-07
1.012459247e+00  4.0301093e-07
1.012661738e+00  4.0299920e-07
1.012864271e+00  4.0298564e-07
1.013066844e+00  4.0297038e-07
1.013269457e+00  4.0295370e-07
1.013472111e+00  4.0293598e-07
1.013674805e+00  4.0291757e-07
1.013877540e+00  4.0289882e-07
1.014080316e+00  4.0288000e-07
1.014283132e+00  4.0286135e-07
1.014485988e+00  4.0284305e-07
1.014688886e+00  4.0282526e-07
1.014891823e+00  4.0280805e-07
1.015094802e+00  4.0279144e-07
1.015297821e+00  4.0277536e-07
1.015500880e+00  4.0275968e-07
1.015703980e+00  4.0274423e-07
1.015907121e+00  4.0272888e-07
1.016110303e+00  4.0271353e-07
1.016313525e+00  4.0269815e-07
1.016516787e+00  4.0268279e-07
1.016720091e+00  4.0266749e-07
1.016923435e+00  4.0265233e-07
1.017126820e+00  4.0263734e-07
1.017330245e+00  4.0262253e-07
1.017533711e+00  4.0260790e-07
1.017737218e+00  4.0259344e-07
1.017940765e+00  4.0257916e-07
1.018144353e+00  4.0256510e-07
1.018347982e+00  4.0255131e-07
1.018551652e+00  4.0253785e-07
1.018755362e+00  4.0252470e-07
1.018959113e+00  4.0251179e-07
1.019162905e+00  4.0249901e-07
1.019366738e+00  4.0248620e-07
1.019570611e+00  4.0247323e-07
1.019774525e+00  4.0246007e-07
1.019978480e+00  4.0244673e-07
1.020182476e+00  4.0243334e-07
1.020386512e+00  4.0242007e-07
1.020590589e+00  4.0240706e-07
1.020794708e+00  4.0239440e-07
1.020998866e+00  4.0238206e-07
1.021203066e+00  4.0236996e-07
1.021407307e+00  4.0235796e-07
1.021611588e+00  4.0234593e-07
1.021815911e+00  4.0233382e-07
1.022020274e+00  4.0232165e-07
1.022224678e+00  4.0230952e-07
1.022429123e+00  4.0229756e-07
1.022633609e+00  4.0228586e-07
1.022838135e+00  4.0227444e-07
1.023042703e+00  4.0226321e-07
1.023247312e+00  4.0225198e-07
1.023451961e+00  4.0224051e-07
1.023656651e+00  4.0222859e-07
1.023861383e+00  4.0221606e-07
1.024066155e+00  4.0220291e-07
1.024270968e+00  4.0218922e-07
1.024475822e+00  4.0217518e-07
1.024680718e+00  4.0216103e-07
1.024885654e+00  4.0214700e-07
1.025090631e+00  4.0213328e-07
1.025295649e+00  4.0211998e-07
1.025500708e+00  4.0210715e-07
1.025705808e+00  4.0209479e-07
1.025910949e+00  4.0208289e-07
1.026116132e+00  4.0207143e-07
1.026321355e+00  4.0206038e-07
1.026526619e+00  4.0204971e-07
1.026731924e+00  4.0203933e-07
1.026937271e+00  4.0202912e-07
1.027142658e+00  4.0201891e-07
1.027348087e+00  4.0200852e-07
1.027553556e+00  4.0199779e-07
1.027759067e+00  4.0198663e-07
1.027964619e+00  4.0197504e-07
1.028170212e+00  4.0196311e-07
1.028375846e+00  4.0195099e-07
1.028581521e+00  4.0193886e-07
1.028787237e+00  4.0192686e-07
1.028992995e+00  4.0191510e-07
1.029198793e+00  4.0190360e-07
1.029404633e+00  4.0189235e-07
1.029610514e+00  4.0188127e-07
1.029816436e+00  4.0187029e-07
1.030022399e+00  4.0185932e-07
1.030228404e+00  4.0184834e-07
1.030434450e+00  4.0183734e-07
1.030640537e+00  4.0182634e-07
1.030846665e+00  4.0181538e-07
1.031052834e+00  4.0180450e-07
1.031259045e+00  4.0179374e-07
1.031465296e+00  4.0178311e-07
1.031671589e+00  4.0177261e-07
1.031877924e+00  4.0176221e-07
1.032084299e+00  4.0175189e-07
1.032290716e+00  4.0174164e-07
1.032497174e+00  4.0173146e-07
1.032703674e+00  4.0172137e-07
1.032910214e+00  4.0171151e-07
1.033116797e+00  4.0170222e-07
1.033323420e+00  4.0169435e-07
1.033530085e+00  4.0168969e-07
1.033736791e+00  4.0169187e-07
1.033943538e+00  4.0170760e-07
1.034150327e+00  4.0174861e-07
1.034357157e+00  4.0183388e-07
1.034564028e+00  4.0199187e-07
1.034770941e+00  4.0226174e-07
1.034977895e+00  4.0269227e-07
1.035184891e+00  4.0333710e-07
1.035391928e+00  4.0424549e-07
1.035599006e+00  4.0544914e-07
1.035806126e+00  4.0694739e-07
1.036013287e+00  4.0869509e-07
1.036220490e+00  4.1059780e-07
1.036427734e+00  4.1251820e-07
1.036635019e+00  4.1429468e-07
1.036842346e+00  4.1576894e-07
1.037049715e+00  4.1681611e-07
1.037257125e+00  4.1736938e-07
1.037464576e+00  4.1743206e-07
1.037672069e+00  4.1707373e-07
1.037879604e+00  4.1641201e-07
1.038087180e+00  4.1558529e-07
1.038294797e+00  4.1472410e-07
1.038502456e+00  4.1392851e-07
1.038710156e+00  4.1325620e-07
1.038917898e+00  4.1272228e-07
1.039125682e+00  4.1230848e-07
1.039333507e+00  4.1197716e-07
1.039541374e+00  4.1168521e-07
1.039749282e+00  4.1139437e-07
1.039957232e+00  4.1107642e-07
1.040165223e+00  4.1071406e-07
1.040373256e+00  4.1029937e-07
1.040581331e+00  4.0983153e-07
1.040789447e+00  4.0931522e-07
1.040997605e+00  4.0875957e-07
1.041205805e+00  4.0817735e-07
1.041414046e+00  4.0758379e-07
1.041622329e+00  4.0699489e-07
1.041830653e+00  4.0642557e-07
1.042039019e+00  4.0588797e-07
1.042247427e+00  4.0539053e-07
1.042455877e+00  4.0493789e-07
1.042664368e+00  4.0453141e-07
1.042872901e+00  4.0417014e-07
1.043081475e+00  4.0385185e-07
1.043290092e+00  4.0357390e-07
1.043498750e+00  4.0333373e-07
1.043707449e+00  4.0312918e-07
1.043916191e+00  4.0295840e-07
1.044124974e+00  4.0281978e-07
1.044333799e+00  4.0271167e-07
1.044542666e+00  4.0263223e-07
1.044751574e+00  4.0257928e-07
1.044960525e+00  4.0255019e-07
1.045169517e+00  4.0254183e-07
1.045378551e+00  4.0255053e-07
1.045587626e+00  4.0257237e-07
1.045796744e+00  4.0260368e-07
1.046005903e+00  4.0264214e-07
1.046215104e+00  4.0268868e-07
1.046424347e+00  4.0275038e-07
1.046633632e+00  4.0284450e-07
1.046842959e+00  4.0300317e-07
1.047052328e+00  4.0327817e-07
1.047261738e+00  4.0374383e-07
1.047471190e+00  4.0449592e-07
1.047680685e+00  4.0564396e-07
1.047890221e+00  4.0729524e-07
1.048099799e+00  4.0953148e-07
1.048309419e+00  4.1238226e-07
1.048519081e+00  4.1580239e-07
1.048728785e+00  4.1966189e-07
1.048938530e+00  4.2375502e-07
1.049148318e+00  4.2782928e-07
1.049358148e+00  4.3162852e-07
1.049568019e+00  4.3493856e-07
1.049777933e+00  4.3762240e-07
1.049987888e+00  4.3963562e-07
