# ------------------------------------------------------------------------
# Radiance spectrum
# NASA-GSFC Planetary Spectrum Generator (PSG) (Villanueva et al. 2018, 2022)
# Synthesized on Thu May 14 04:34:59 2026
# Doppler velocities [km/s] (vobs,vrot+vorb,vwidth,vrfl,vstr): 29.78000,-0.00000,0.00000,-0.00000,-0.00000
# ------------------------------------------------------------------------
# Spectra synthesized with the Planetary and Universal Model of Atmospheric Scattering (PUMAS, Villanueva et al. 2018, 2022)
# Single scattering radiative transfer method
# Radiative transfer took 4.896 seconds
# ------------------------------------------------------------------------
# Spectral unit: Wavelength [um]
# Radiance unit: Contrast [radiance ratio w.r.t. parent star]
# Wave/freq Total Stellar Earth-like-Prototype-(PLATO-strict-mid-transit,-2 Transit
5.000000000e-01  6.6848322e-04  1.00000e+00  7.49179e-05  7.49179e-05
5.001000000e-01  5.0926398e-04  1.00000e+00  7.49309e-05  7.49309e-05
5.002000200e-01  3.8208648e-04  1.00000e+00  7.49411e-05  7.49411e-05
5.003000600e-01  2.8442254e-04  1.00000e+00  7.49488e-05  7.49488e-05
5.004001200e-01  2.1247361e-04  1.00000e+00  7.49542e-05  7.49542e-05
5.005002000e-01  1.6171934e-04  1.00000e+00  7.49578e-05  7.49578e-05
5.006003001e-01  1.2749040e-04  1.00000e+00  7.49598e-05  7.49598e-05
5.007004201e-01  1.0545039e-04  1.00000e+00  7.49608e-05  7.49608e-05
5.008005602e-01  9.1915404e-05  1.00000e+00  7.49609e-05  7.49609e-05
5.009007203e-01  8.3994604e-05  1.00000e+00  7.49604e-05  7.49604e-05
5.010009005e-01  7.9579834e-05  1.00000e+00  7.49596e-05  7.49596e-05
5.011011007e-01  7.7236701e-05  1.00000e+00  7.49585e-05  7.49585e-05
5.012013209e-01  7.6052165e-05  1.00000e+00  7.49571e-05  7.49571e-05
5.013015611e-01  7.5481503e-05  1.00000e+00  7.49556e-05  7.49556e-05
5.014018215e-01  7.5219694e-05  1.00000e+00  7.49540e-05  7.49540e-05
5.015021018e-01  7.5106195e-05  1.00000e+00  7.49524e-05  7.49524e-05
5.016024022e-01  7.5061297e-05  1.00000e+00  7.49508e-05  7.49508e-05
5.017027227e-01  7.5047287e-05  1.00000e+00  7.49493e-05  7.49493e-05
5.018030633e-01  7.5046629e-05  1.00000e+00  7.49478e-05  7.49478e-05
5.019034239e-01  7.5050735e-05  1.00000e+00  7.49464e-05  7.49464e-05
5.020038046e-01  7.5054835e-05  1.00000e+00  7.49452e-05  7.49452e-05
5.021042053e-01  7.5055915e-05  1.00000e+00  7.49439e-05  7.49439e-05
5.022046262e-01  7.5051994e-05  1.00000e+00  7.49427e-05  7.49427e-05
5.023050671e-01  7.5042418e-05  1.00000e+00  7.49415e-05  7.49415e-05
5.024055281e-01  7.5027360e-05  1.00000e+00  7.49401e-05  7.49401e-05
5.025060092e-01  7.5007464e-05  1.00000e+00  7.49386e-05  7.49386e-05
5.026065104e-01  7.4983316e-05  1.00000e+00  7.49368e-05  7.49368e-05
5.027070317e-01  7.4955026e-05  1.00000e+00  7.49348e-05  7.49348e-05
5.028075731e-01  7.4922223e-05  1.00000e+00  7.49324e-05  7.49324e-05
5.029081346e-01  7.4884604e-05  1.00000e+00  7.49297e-05  7.49297e-05
5.030087163e-01  7.4842927e-05  1.00000e+00  7.49266e-05  7.49266e-05
5.031093180e-01  7.4800061e-05  1.00000e+00  7.49230e-05  7.49230e-05
5.032099399e-01  7.4761511e-05  1.00000e+00  7.49190e-05  7.49190e-05
5.033105819e-01  7.4734982e-05  1.00000e+00  7.49146e-05  7.49146e-05
5.034112440e-01  7.4728921e-05  1.00000e+00  7.49101e-05  7.49101e-05
5.035119262e-01  7.4750403e-05  1.00000e+00  7.49058e-05  7.49058e-05
5.036126286e-01  7.4803180e-05  1.00000e+00  7.49019e-05  7.49019e-05
5.037133511e-01  7.4886604e-05  1.00000e+00  7.48989e-05  7.48989e-05
5.038140938e-01  7.4995861e-05  1.00000e+00  7.48970e-05  7.48970e-05
5.039148566e-01  7.5123207e-05  1.00000e+00  7.48966e-05  7.48966e-05
5.040156396e-01  7.5259668e-05  1.00000e+00  7.48976e-05  7.48976e-05
5.041164427e-01  7.5396310e-05  1.00000e+00  7.49003e-05  7.49003e-05
5.042172660e-01  7.5524901e-05  1.00000e+00  7.49044e-05  7.49044e-05
5.043181095e-01  7.5637982e-05  1.00000e+00  7.49099e-05  7.49099e-05
5.044189731e-01  7.5728919e-05  1.00000e+00  7.49165e-05  7.49165e-05
5.045198569e-01  7.5792342e-05  1.00000e+00  7.49239e-05  7.49239e-05
5.046207609e-01  7.5825019e-05  1.00000e+00  7.49318e-05  7.49318e-05
5.047216850e-01  7.5826747e-05  1.00000e+00  7.49398e-05  7.49398e-05
5.048226293e-01  7.5800796e-05  1.00000e+00  7.49476e-05  7.49476e-05
5.049235939e-01  7.5753537e-05  1.00000e+00  7.49549e-05  7.49549e-05
5.050245786e-01  7.5693396e-05  1.00000e+00  7.49614e-05  7.49614e-05
5.051255835e-01  7.5629598e-05  1.00000e+00  7.49671e-05  7.49671e-05
5.052266086e-01  7.5571087e-05  1.00000e+00  7.49721e-05  7.49721e-05
5.053276539e-01  7.5525784e-05  1.00000e+00  7.49764e-05  7.49764e-05
5.054287195e-01  7.5500042e-05  1.00000e+00  7.49802e-05  7.49802e-05
5.055298052e-01  7.5498037e-05  1.00000e+00  7.49839e-05  7.49839e-05
5.056309112e-01  7.5520910e-05  1.00000e+00  7.49876e-05  7.49876e-05
5.057320374e-01  7.5565974e-05  1.00000e+00  7.49916e-05  7.49916e-05
5.058331838e-01  7.5626550e-05  1.00000e+00  7.49963e-05  7.49963e-05
5.059343504e-01  7.5692776e-05  1.00000e+00  7.50016e-05  7.50016e-05
5.060355373e-01  7.5753680e-05  1.00000e+00  7.50075e-05  7.50075e-05
5.061367444e-01  7.5800028e-05  1.00000e+00  7.50140e-05  7.50140e-05
5.062379717e-01  7.5826853e-05  1.00000e+00  7.50209e-05  7.50209e-05
5.063392193e-01  7.5834876e-05  1.00000e+00  7.50279e-05  7.50279e-05
5.064404872e-01  7.5829994e-05  1.00000e+00  7.50348e-05  7.50348e-05
5.065417753e-01  7.5821074e-05  1.00000e+00  7.50416e-05  7.50416e-05
5.066430836e-01  7.5816820e-05  1.00000e+00  7.50482e-05  7.50482e-05
5.067444122e-01  7.5823010e-05  1.00000e+00  7.50547e-05  7.50547e-05
5.068457611e-01  7.5841144e-05  1.00000e+00  7.50613e-05  7.50613e-05
5.069471303e-01  7.5868843e-05  1.00000e+00  7.50681e-05  7.50681e-05
5.070485197e-01  7.5901637e-05  1.00000e+00  7.50752e-05  7.50752e-05
5.071499294e-01  7.5935199e-05  1.00000e+00  7.50825e-05  7.50825e-05
5.072513594e-01  7.5967040e-05  1.00000e+00  7.50902e-05  7.50902e-05
5.073528097e-01  7.5997070e-05  1.00000e+00  7.50981e-05  7.50981e-05
5.074542802e-01  7.6026997e-05  1.00000e+00  7.51063e-05  7.51063e-05
5.075557711e-01  7.6058987e-05  1.00000e+00  7.51147e-05  7.51147e-05
5.076572822e-01  7.6094264e-05  1.00000e+00  7.51235e-05  7.51235e-05
5.077588137e-01  7.6132219e-05  1.00000e+00  7.51325e-05  7.51325e-05
5.078603654e-01  7.6170344e-05  1.00000e+00  7.51419e-05  7.51419e-05
5.079619375e-01  7.6205002e-05  1.00000e+00  7.51517e-05  7.51517e-05
5.080635299e-01  7.6232643e-05  1.00000e+00  7.51616e-05  7.51616e-05
5.081651426e-01  7.6251047e-05  1.00000e+00  7.51718e-05  7.51718e-05
5.082667756e-01  7.6259948e-05  1.00000e+00  7.51820e-05  7.51820e-05
5.083684290e-01  7.6260953e-05  1.00000e+00  7.51921e-05  7.51921e-05
5.084701027e-01  7.6256675e-05  1.00000e+00  7.52021e-05  7.52021e-05
5.085717967e-01  7.6249633e-05  1.00000e+00  7.52120e-05  7.52120e-05
5.086735111e-01  7.6241418e-05  1.00000e+00  7.52216e-05  7.52216e-05
5.087752458e-01  7.6232538e-05  1.00000e+00  7.52311e-05  7.52311e-05
5.088770008e-01  7.6222915e-05  1.00000e+00  7.52404e-05  7.52404e-05
5.089787762e-01  7.6212697e-05  1.00000e+00  7.52495e-05  7.52495e-05
5.090805720e-01  7.6202794e-05  1.00000e+00  7.52583e-05  7.52583e-05
5.091823881e-01  7.6194827e-05  1.00000e+00  7.52670e-05  7.52670e-05
5.092842246e-01  7.6190483e-05  1.00000e+00  7.52756e-05  7.52756e-05
5.093860814e-01  7.6190630e-05  1.00000e+00  7.52840e-05  7.52840e-05
5.094879586e-01  7.6194722e-05  1.00000e+00  7.52924e-05  7.52924e-05
5.095898562e-01  7.6200850e-05  1.00000e+00  7.53008e-05  7.53008e-05
5.096917742e-01  7.6206433e-05  1.00000e+00  7.53092e-05  7.53092e-05
5.097937125e-01  7.6209168e-05  1.00000e+00  7.53175e-05  7.53175e-05
5.098956713e-01  7.6207823e-05  1.00000e+00  7.53258e-05  7.53258e-05
5.099976504e-01  7.6202494e-05  1.00000e+00  7.53340e-05  7.53340e-05
5.100996499e-01  7.6194223e-05  1.00000e+00  7.53420e-05  7.53420e-05
5.102016699e-01  7.6184330e-05  1.00000e+00  7.53499e-05  7.53499e-05
5.103037102e-01  7.6173775e-05  1.00000e+00  7.53576e-05  7.53576e-05
5.104057710e-01  7.6162844e-05  1.00000e+00  7.53651e-05  7.53651e-05
5.105078521e-01  7.6151324e-05  1.00000e+00  7.53724e-05  7.53724e-05
5.106099537e-01  7.6138914e-05  1.00000e+00  7.53796e-05  7.53796e-05
5.107120757e-01  7.6125633e-05  1.00000e+00  7.53865e-05  7.53865e-05
5.108142181e-01  7.6111958e-05  1.00000e+00  7.53932e-05  7.53932e-05
5.109163809e-01  7.6098632e-05  1.00000e+00  7.53998e-05  7.53998e-05
5.110185642e-01  7.6086304e-05  1.00000e+00  7.54061e-05  7.54061e-05
5.111207679e-01  7.6075157e-05  1.00000e+00  7.54123e-05  7.54123e-05
5.112229921e-01  7.6064813e-05  1.00000e+00  7.54183e-05  7.54183e-05
5.113252367e-01  7.6054508e-05  1.00000e+00  7.54241e-05  7.54241e-05
5.114275017e-01  7.6043453e-05  1.00000e+00  7.54298e-05  7.54298e-05
5.115297872e-01  7.6031182e-05  1.00000e+00  7.54354e-05  7.54354e-05
5.116320932e-01  7.6017745e-05  1.00000e+00  7.54407e-05  7.54407e-05
5.117344196e-01  7.6003646e-05  1.00000e+00  7.54459e-05  7.54459e-05
5.118367665e-01  7.5989624e-05  1.00000e+00  7.54509e-05  7.54509e-05
5.119391338e-01  7.5976376e-05  1.00000e+00  7.54557e-05  7.54557e-05
5.120415217e-01  7.5964347e-05  1.00000e+00  7.54603e-05  7.54603e-05
5.121439300e-01  7.5953652e-05  1.00000e+00  7.54648e-05  7.54648e-05
5.122463587e-01  7.5944121e-05  1.00000e+00  7.54691e-05  7.54691e-05
5.123488080e-01  7.5935420e-05  1.00000e+00  7.54733e-05  7.54733e-05
5.124512778e-01  7.5927189e-05  1.00000e+00  7.54774e-05  7.54774e-05
5.125537680e-01  7.5919149e-05  1.00000e+00  7.54814e-05  7.54814e-05
5.126562788e-01  7.5911162e-05  1.00000e+00  7.54853e-05  7.54853e-05
5.127588100e-01  7.5903238e-05  1.00000e+00  7.54891e-05  7.54891e-05
5.128613618e-01  7.5895495e-05  1.00000e+00  7.54928e-05  7.54928e-05
5.129639341e-01  7.5888106e-05  1.00000e+00  7.54963e-05  7.54963e-05
5.130665269e-01  7.5881233e-05  1.00000e+00  7.54998e-05  7.54998e-05
5.131691402e-01  7.5874988e-05  1.00000e+00  7.55032e-05  7.55032e-05
5.132717740e-01  7.5869415e-05  1.00000e+00  7.55065e-05  7.55065e-05
5.133744284e-01  7.5864509e-05  1.00000e+00  7.55097e-05  7.55097e-05
5.134771032e-01  7.5860252e-05  1.00000e+00  7.55129e-05  7.55129e-05
5.135797987e-01  7.5856633e-05  1.00000e+00  7.55160e-05  7.55160e-05
5.136825146e-01  7.5853671e-05  1.00000e+00  7.55191e-05  7.55191e-05
5.137852511e-01  7.5851398e-05  1.00000e+00  7.55221e-05  7.55221e-05
5.138880082e-01  7.5849842e-05  1.00000e+00  7.55251e-05  7.55251e-05
5.139907858e-01  7.5848994e-05  1.00000e+00  7.55280e-05  7.55280e-05
5.140935839e-01  7.5848805e-05  1.00000e+00  7.55310e-05  7.55310e-05
5.141964027e-01  7.5849196e-05  1.00000e+00  7.55339e-05  7.55339e-05
5.142992419e-01  7.5850080e-05  1.00000e+00  7.55368e-05  7.55368e-05
5.144021018e-01  7.5851398e-05  1.00000e+00  7.55397e-05  7.55397e-05
5.145049822e-01  7.5853127e-05  1.00000e+00  7.55426e-05  7.55426e-05
5.146078832e-01  7.5855283e-05  1.00000e+00  7.55455e-05  7.55455e-05
5.147108048e-01  7.5857897e-05  1.00000e+00  7.55484e-05  7.55484e-05
5.148137469e-01  7.5860988e-05  1.00000e+00  7.55514e-05  7.55514e-05
5.149167097e-01  7.5864541e-05  1.00000e+00  7.55543e-05  7.55543e-05
5.150196930e-01  7.5868498e-05  1.00000e+00  7.55573e-05  7.55573e-05
5.151226970e-01  7.5872759e-05  1.00000e+00  7.55603e-05  7.55603e-05
5.152257215e-01  7.5877208e-05  1.00000e+00  7.55633e-05  7.55633e-05
5.153287666e-01  7.5881731e-05  1.00000e+00  7.55664e-05  7.55664e-05
5.154318324e-01  7.5886239e-05  1.00000e+00  7.55695e-05  7.55695e-05
5.155349188e-01  7.5890678e-05  1.00000e+00  7.55726e-05  7.55726e-05
5.156380258e-01  7.5895033e-05  1.00000e+00  7.55758e-05  7.55758e-05
5.157411534e-01  7.5899311e-05  1.00000e+00  7.55789e-05  7.55789e-05
5.158443016e-01  7.5903533e-05  1.00000e+00  7.55821e-05  7.55821e-05
5.159474704e-01  7.5907718e-05  1.00000e+00  7.55854e-05  7.55854e-05
5.160506599e-01  7.5911872e-05  1.00000e+00  7.55886e-05  7.55886e-05
5.161538701e-01  7.5915988e-05  1.00000e+00  7.55919e-05  7.55919e-05
5.162571008e-01  7.5920049e-05  1.00000e+00  7.55952e-05  7.55952e-05
5.163603523e-01  7.5924031e-05  1.00000e+00  7.55985e-05  7.55985e-05
5.164636243e-01  7.5927916e-05  1.00000e+00  7.56018e-05  7.56018e-05
5.165669171e-01  7.5931687e-05  1.00000e+00  7.56052e-05  7.56052e-05
5.166702304e-01  7.5935332e-05  1.00000e+00  7.56086e-05  7.56086e-05
5.167735645e-01  7.5938838e-05  1.00000e+00  7.56120e-05  7.56120e-05
5.168769192e-01  7.5942185e-05  1.00000e+00  7.56154e-05  7.56154e-05
5.169802946e-01  7.5945347e-05  1.00000e+00  7.56188e-05  7.56188e-05
5.170836906e-01  7.5948289e-05  1.00000e+00  7.56222e-05  7.56222e-05
5.171871074e-01  7.5950975e-05  1.00000e+00  7.56257e-05  7.56257e-05
5.172905448e-01  7.5953368e-05  1.00000e+00  7.56291e-05  7.56291e-05
5.173940029e-01  7.5955436e-05  1.00000e+00  7.56326e-05  7.56326e-05
5.174974817e-01  7.5957152e-05  1.00000e+00  7.56360e-05  7.56360e-05
5.176009812e-01  7.5958491e-05  1.00000e+00  7.56394e-05  7.56394e-05
5.177045014e-01  7.5959437e-05  1.00000e+00  7.56429e-05  7.56429e-05
5.178080423e-01  7.5959984e-05  1.00000e+00  7.56463e-05  7.56463e-05
5.179116039e-01  7.5960145e-05  1.00000e+00  7.56497e-05  7.56497e-05
5.180151862e-01  7.5959952e-05  1.00000e+00  7.56531e-05  7.56531e-05
5.181187893e-01  7.5959447e-05  1.00000e+00  7.56564e-05  7.56564e-05
5.182224130e-01  7.5958673e-05  1.00000e+00  7.56598e-05  7.56598e-05
5.183260575e-01  7.5957655e-05  1.00000e+00  7.56631e-05  7.56631e-05
5.184297227e-01  7.5956392e-05  1.00000e+00  7.56664e-05  7.56664e-05
5.185334087e-01  7.5954854e-05  1.00000e+00  7.56696e-05  7.56696e-05
5.186371154e-01  7.5952992e-05  1.00000e+00  7.56728e-05  7.56728e-05
5.187408428e-01  7.5950754e-05  1.00000e+00  7.56760e-05  7.56760e-05
5.188445909e-01  7.5948091e-05  1.00000e+00  7.56791e-05  7.56791e-05
5.189483599e-01  7.5944962e-05  1.00000e+00  7.56822e-05  7.56822e-05
5.190521495e-01  7.5941333e-05  1.00000e+00  7.56852e-05  7.56852e-05
5.191559600e-01  7.5937172e-05  1.00000e+00  7.56882e-05  7.56882e-05
5.192597912e-01  7.5932453e-05  1.00000e+00  7.56911e-05  7.56911e-05
5.193636431e-01  7.5927169e-05  1.00000e+00  7.56940e-05  7.56940e-05
5.194675158e-01  7.5921336e-05  1.00000e+00  7.56968e-05  7.56968e-05
5.195714093e-01  7.5915009e-05  1.00000e+00  7.56995e-05  7.56995e-05
5.196753236e-01  7.5908268e-05  1.00000e+00  7.57021e-05  7.57021e-05
5.197792587e-01  7.5901204e-05  1.00000e+00  7.57047e-05  7.57047e-05
5.198832145e-01  7.5893895e-05  1.00000e+00  7.57071e-05  7.57071e-05
5.199871912e-01  7.5886376e-05  1.00000e+00  7.57095e-05  7.57095e-05
5.200911886e-01  7.5878635e-05  1.00000e+00  7.57118e-05  7.57118e-05
5.201952069e-01  7.5870610e-05  1.00000e+00  7.57140e-05  7.57140e-05
5.202992459e-01  7.5862213e-05  1.00000e+00  7.57162e-05  7.57162e-05
5.204033058e-01  7.5853351e-05  1.00000e+00  7.57182e-05  7.57182e-05
5.205073864e-01  7.5843953e-05  1.00000e+00  7.57201e-05  7.57201e-05
5.206114879e-01  7.5833986e-05  1.00000e+00  7.57220e-05  7.57220e-05
5.207156102e-01  7.5823463e-05  1.00000e+00  7.57237e-05  7.57237e-05
5.208197533e-01  7.5812442e-05  1.00000e+00  7.57253e-05  7.57253e-05
5.209239173e-01  7.5801011e-05  1.00000e+00  7.57268e-05  7.57268e-05
5.210281020e-01  7.5789277e-05  1.00000e+00  7.57282e-05  7.57282e-05
5.211323077e-01  7.5777345e-05  1.00000e+00  7.57295e-05  7.57295e-05
5.212365341e-01  7.5765303e-05  1.00000e+00  7.57306e-05  7.57306e-05
5.213407814e-01  7.5753207e-05  1.00000e+00  7.57317e-05  7.57317e-05
5.214450496e-01  7.5741072e-05  1.00000e+00  7.57326e-05  7.57326e-05
5.215493386e-01  7.5728877e-05  1.00000e+00  7.57334e-05  7.57334e-05
5.216536485e-01  7.5716576e-05  1.00000e+00  7.57341e-05  7.57341e-05
5.217579792e-01  7.5704110e-05  1.00000e+00  7.57347e-05  7.57347e-05
5.218623308e-01  7.5691430e-05  1.00000e+00  7.57351e-05  7.57351e-05
5.219667033e-01  7.5678505e-05  1.00000e+00  7.57355e-05  7.57355e-05
5.220710966e-01  7.5665318e-05  1.00000e+00  7.57357e-05  7.57357e-05
5.221755108e-01  7.5651872e-05  1.00000e+00  7.57358e-05  7.57358e-05
5.222799459e-01  7.5638166e-05  1.00000e+00  7.57358e-05  7.57358e-05
5.223844019e-01  7.5624194e-05  1.00000e+00  7.57357e-05  7.57357e-05
5.224888788e-01  7.5609936e-05  1.00000e+00  7.57354e-05  7.57354e-05
5.225933766e-01  7.5595363e-05  1.00000e+00  7.57350e-05  7.57350e-05
5.226978952e-01  7.5580449e-05  1.00000e+00  7.57345e-05  7.57345e-05
5.228024348e-01  7.5565183e-05  1.00000e+00  7.57339e-05  7.57339e-05
5.229069953e-01  7.5549579e-05  1.00000e+00  7.57331e-05  7.57331e-05
5.230115767e-01  7.5533675e-05  1.00000e+00  7.57322e-05  7.57322e-05
5.231161790e-01  7.5517526e-05  1.00000e+00  7.57312e-05  7.57312e-05
5.232208023e-01  7.5501196e-05  1.00000e+00  7.57300e-05  7.57300e-05
5.233254464e-01  7.5484756e-05  1.00000e+00  7.57287e-05  7.57287e-05
5.234301115e-01  7.5468312e-05  1.00000e+00  7.57272e-05  7.57272e-05
5.235347975e-01  7.5452041e-05  1.00000e+00  7.57256e-05  7.57256e-05
5.236395045e-01  7.5436231e-05  1.00000e+00  7.57239e-05  7.57239e-05
5.237442324e-01  7.5421279e-05  1.00000e+00  7.57221e-05  7.57221e-05
5.238489812e-01  7.5407650e-05  1.00000e+00  7.57201e-05  7.57201e-05
5.239537510e-01  7.5395761e-05  1.00000e+00  7.57181e-05  7.57181e-05
5.240585418e-01  7.5385862e-05  1.00000e+00  7.57159e-05  7.57159e-05
5.241633535e-01  7.5377933e-05  1.00000e+00  7.57138e-05  7.57138e-05
5.242681862e-01  7.5371652e-05  1.00000e+00  7.57116e-05  7.57116e-05
5.243730398e-01  7.5366462e-05  1.00000e+00  7.57094e-05  7.57094e-05
5.244779144e-01  7.5361718e-05  1.00000e+00  7.57072e-05  7.57072e-05
5.245828100e-01  7.5356849e-05  1.00000e+00  7.57050e-05  7.57050e-05
5.246877266e-01  7.5351502e-05  1.00000e+00  7.57027e-05  7.57027e-05
5.247926641e-01  7.5345600e-05  1.00000e+00  7.57005e-05  7.57005e-05
5.248976226e-01  7.5339284e-05  1.00000e+00  7.56982e-05  7.56982e-05
5.250026022e-01  7.5332788e-05  1.00000e+00  7.56960e-05  7.56960e-05
5.251076027e-01  7.5326266e-05  1.00000e+00  7.56937e-05  7.56937e-05
5.252126242e-01  7.5319661e-05  1.00000e+00  7.56913e-05  7.56913e-05
5.253176667e-01  7.5312657e-05  1.00000e+00  7.56890e-05  7.56890e-05
5.254227303e-01  7.5304743e-05  1.00000e+00  7.56866e-05  7.56866e-05
5.255278148e-01  7.5295366e-05  1.00000e+00  7.56841e-05  7.56841e-05
5.256329204e-01  7.5284107e-05  1.00000e+00  7.56816e-05  7.56816e-05
5.257380470e-01  7.5270829e-05  1.00000e+00  7.56791e-05  7.56791e-05
5.258431946e-01  7.5255737e-05  1.00000e+00  7.56764e-05  7.56764e-05
5.259483632e-01  7.5239353e-05  1.00000e+00  7.56736e-05  7.56736e-05
5.260535529e-01  7.5222435e-05  1.00000e+00  7.56707e-05  7.56707e-05
5.261587636e-01  7.5205857e-05  1.00000e+00  7.56676e-05  7.56676e-05
5.262639953e-01  7.5190505e-05  1.00000e+00  7.56644e-05  7.56644e-05
5.263692481e-01  7.5177175e-05  1.00000e+00  7.56612e-05  7.56612e-05
5.264745220e-01  7.5166489e-05  1.00000e+00  7.56578e-05  7.56578e-05
5.265798169e-01  7.5158806e-05  1.00000e+00  7.56544e-05  7.56544e-05
5.266851329e-01  7.5154159e-05  1.00000e+00  7.56510e-05  7.56510e-05
5.267904699e-01  7.5152222e-05  1.00000e+00  7.56477e-05  7.56477e-05
5.268958280e-01  7.5152342e-05  1.00000e+00  7.56443e-05  7.56443e-05
5.270012071e-01  7.5153633e-05  1.00000e+00  7.56411e-05  7.56411e-05
5.271066074e-01  7.5155139e-05  1.00000e+00  7.56379e-05  7.56379e-05
5.272120287e-01  7.5156000e-05  1.00000e+00  7.56347e-05  7.56347e-05
5.273174711e-01  7.5155609e-05  1.00000e+00  7.56316e-05  7.56316e-05
5.274229346e-01  7.5153692e-05  1.00000e+00  7.56286e-05  7.56286e-05
5.275284192e-01  7.5150303e-05  1.00000e+00  7.56255e-05  7.56255e-05
5.276339249e-01  7.5145746e-05  1.00000e+00  7.56225e-05  7.56225e-05
5.277394517e-01  7.5140460e-05  1.00000e+00  7.56195e-05  7.56195e-05
5.278449995e-01  7.5134904e-05  1.00000e+00  7.56164e-05  7.56164e-05
5.279505685e-01  7.5129492e-05  1.00000e+00  7.56134e-05  7.56134e-05
5.280561587e-01  7.5124570e-05  1.00000e+00  7.56103e-05  7.56103e-05
5.281617699e-01  7.5120427e-05  1.00000e+00  7.56073e-05  7.56073e-05
5.282674022e-01  7.5117308e-05  1.00000e+00  7.56042e-05  7.56042e-05
5.283730557e-01  7.5115408e-05  1.00000e+00  7.56012e-05  7.56012e-05
5.284787303e-01  7.5114843e-05  1.00000e+00  7.55982e-05  7.55982e-05
5.285844261e-01  7.5115625e-05  1.00000e+00  7.55952e-05  7.55952e-05
5.286901430e-01  7.5117648e-05  1.00000e+00  7.55923e-05  7.55923e-05
5.287958810e-01  7.5120704e-05  1.00000e+00  7.55895e-05  7.55895e-05
5.289016402e-01  7.5124529e-05  1.00000e+00  7.55868e-05  7.55868e-05
5.290074205e-01  7.5128855e-05  1.00000e+00  7.55841e-05  7.55841e-05
5.291132220e-01  7.5133462e-05  1.00000e+00  7.55815e-05  7.55815e-05
5.292190446e-01  7.5138216e-05  1.00000e+00  7.55791e-05  7.55791e-05
5.293248884e-01  7.5143082e-05  1.00000e+00  7.55767e-05  7.55767e-05
5.294307534e-01  7.5148116e-05  1.00000e+00  7.55744e-05  7.55744e-05
5.295366396e-01  7.5153432e-05  1.00000e+00  7.55721e-05  7.55721e-05
5.296425469e-01  7.5159162e-05  1.00000e+00  7.55700e-05  7.55700e-05
5.297484754e-01  7.5165415e-05  1.00000e+00  7.55680e-05  7.55680e-05
5.298544251e-01  7.5172265e-05  1.00000e+00  7.55661e-05  7.55661e-05
5.299603960e-01  7.5179759e-05  1.00000e+00  7.55642e-05  7.55642e-05
5.300663881e-01  7.5187949e-05  1.00000e+00  7.55625e-05  7.55625e-05
5.301724013e-01  7.5196921e-05  1.00000e+00  7.55609e-05  7.55609e-05
5.302784358e-01  7.5206798e-05  1.00000e+00  7.55594e-05  7.55594e-05
5.303844915e-01  7.5217700e-05  1.00000e+00  7.55581e-05  7.55581e-05
5.304905684e-01  7.5229693e-05  1.00000e+00  7.55569e-05  7.55569e-05
5.305966665e-01  7.5242729e-05  1.00000e+00  7.55558e-05  7.55558e-05
5.307027859e-01  7.5256634e-05  1.00000e+00  7.55550e-05  7.55550e-05
5.308089264e-01  7.5271132e-05  1.00000e+00  7.55542e-05  7.55542e-05
5.309150882e-01  7.5285920e-05  1.00000e+00  7.55537e-05  7.55537e-05
5.310212712e-01  7.5300747e-05  1.00000e+00  7.55533e-05  7.55533e-05
5.311274755e-01  7.5315476e-05  1.00000e+00  7.55530e-05  7.55530e-05
5.312337010e-01  7.5330109e-05  1.00000e+00  7.55530e-05  7.55530e-05
5.313399477e-01  7.5344768e-05  1.00000e+00  7.55531e-05  7.55531e-05
5.314462157e-01  7.5359647e-05  1.00000e+00  7.55533e-05  7.55533e-05
5.315525049e-01  7.5374956e-05  1.00000e+00  7.55537e-05  7.55537e-05
5.316588154e-01  7.5390872e-05  1.00000e+00  7.55543e-05  7.55543e-05
5.317651472e-01  7.5407514e-05  1.00000e+00  7.55550e-05  7.55550e-05
5.318715002e-01  7.5424937e-05  1.00000e+00  7.55560e-05  7.55560e-05
5.319778745e-01  7.5443152e-05  1.00000e+00  7.55571e-05  7.55571e-05
5.320842701e-01  7.5462153e-05  1.00000e+00  7.55583e-05  7.55583e-05
5.321906870e-01  7.5481944e-05  1.00000e+00  7.55598e-05  7.55598e-05
5.322971251e-01  7.5502550e-05  1.00000e+00  7.55615e-05  7.55615e-05
5.324035845e-01  7.5524015e-05  1.00000e+00  7.55634e-05  7.55634e-05
5.325100652e-01  7.5546381e-05  1.00000e+00  7.55655e-05  7.55655e-05
5.326165673e-01  7.5569671e-05  1.00000e+00  7.55678e-05  7.55678e-05
5.327230906e-01  7.5593879e-05  1.00000e+00  7.55703e-05  7.55703e-05
5.328296352e-01  7.5618970e-05  1.00000e+00  7.55731e-05  7.55731e-05
5.329362011e-01  7.5644893e-05  1.00000e+00  7.55761e-05  7.55761e-05
5.330427884e-01  7.5671598e-05  1.00000e+00  7.55793e-05  7.55793e-05
5.331493969e-01  7.5699049e-05  1.00000e+00  7.55828e-05  7.55828e-05
5.332560268e-01  7.5727224e-05  1.00000e+00  7.55866e-05  7.55866e-05
5.333626780e-01  7.5756099e-05  1.00000e+00  7.55906e-05  7.55906e-05
5.334693505e-01  7.5785625e-05  1.00000e+00  7.55948e-05  7.55948e-05
5.335760444e-01  7.5815695e-05  1.00000e+00  7.55994e-05  7.55994e-05
5.336827596e-01  7.5846119e-05  1.00000e+00  7.56042e-05  7.56042e-05
5.337894962e-01  7.5876608e-05  1.00000e+00  7.56093e-05  7.56093e-05
5.338962541e-01  7.5906786e-05  1.00000e+00  7.56146e-05  7.56146e-05
5.340030333e-01  7.5936217e-05  1.00000e+00  7.56202e-05  7.56202e-05
5.341098339e-01  7.5964447e-05  1.00000e+00  7.56260e-05  7.56260e-05
5.342166559e-01  7.5991057e-05  1.00000e+00  7.56321e-05  7.56321e-05
5.343234992e-01  7.6015700e-05  1.00000e+00  7.56383e-05  7.56383e-05
5.344303639e-01  7.6038131e-05  1.00000e+00  7.56448e-05  7.56448e-05
5.345372500e-01  7.6058212e-05  1.00000e+00  7.56514e-05  7.56514e-05
5.346441574e-01  7.6075910e-05  1.00000e+00  7.56581e-05  7.56581e-05
5.347510863e-01  7.6091275e-05  1.00000e+00  7.56650e-05  7.56650e-05
5.348580365e-01  7.6104418e-05  1.00000e+00  7.56719e-05  7.56719e-05
5.349650081e-01  7.6115481e-05  1.00000e+00  7.56789e-05  7.56789e-05
5.350720011e-01  7.6124613e-05  1.00000e+00  7.56860e-05  7.56860e-05
5.351790155e-01  7.6131957e-05  1.00000e+00  7.56930e-05  7.56930e-05
5.352860513e-01  7.6137634e-05  1.00000e+00  7.57001e-05  7.57001e-05
5.353931085e-01  7.6141747e-05  1.00000e+00  7.57071e-05  7.57071e-05
5.355001871e-01  7.6144389e-05  1.00000e+00  7.57142e-05  7.57142e-05
5.356072872e-01  7.6145652e-05  1.00000e+00  7.57212e-05  7.57212e-05
5.357144086e-01  7.6145644e-05  1.00000e+00  7.57281e-05  7.57281e-05
5.358215515e-01  7.6144491e-05  1.00000e+00  7.57350e-05  7.57350e-05
5.359287158e-01  7.6142334e-05  1.00000e+00  7.57418e-05  7.57418e-05
5.360359016e-01  7.6139312e-05  1.00000e+00  7.57485e-05  7.57485e-05
5.361431087e-01  7.6135542e-05  1.00000e+00  7.57551e-05  7.57551e-05
5.362503374e-01  7.6131105e-05  1.00000e+00  7.57617e-05  7.57617e-05
5.363575874e-01  7.6126033e-05  1.00000e+00  7.57681e-05  7.57681e-05
5.364648589e-01  7.6120309e-05  1.00000e+00  7.57745e-05  7.57745e-05
5.365721519e-01  7.6113886e-05  1.00000e+00  7.57807e-05  7.57807e-05
5.366794663e-01  7.6106691e-05  1.00000e+00  7.57868e-05  7.57868e-05
5.367868022e-01  7.6098643e-05  1.00000e+00  7.57928e-05  7.57928e-05
5.368941596e-01  7.6089660e-05  1.00000e+00  7.57987e-05  7.57987e-05
5.370015384e-01  7.6079673e-05  1.00000e+00  7.58045e-05  7.58045e-05
5.371089387e-01  7.6068652e-05  1.00000e+00  7.58101e-05  7.58101e-05
5.372163605e-01  7.6056626e-05  1.00000e+00  7.58155e-05  7.58155e-05
5.373238038e-01  7.6043697e-05  1.00000e+00  7.58208e-05  7.58208e-05
5.374312686e-01  7.6030025e-05  1.00000e+00  7.58259e-05  7.58259e-05
5.375387548e-01  7.6015787e-05  1.00000e+00  7.58309e-05  7.58309e-05
5.376462626e-01  7.6001117e-05  1.00000e+00  7.58357e-05  7.58357e-05
5.377537918e-01  7.5986073e-05  1.00000e+00  7.58403e-05  7.58403e-05
5.378613426e-01  7.5970625e-05  1.00000e+00  7.58447e-05  7.58447e-05
5.379689148e-01  7.5954702e-05  1.00000e+00  7.58490e-05  7.58490e-05
5.380765086e-01  7.5938249e-05  1.00000e+00  7.58530e-05  7.58530e-05
5.381841239e-01  7.5921282e-05  1.00000e+00  7.58569e-05  7.58569e-05
5.382917608e-01  7.5903911e-05  1.00000e+00  7.58606e-05  7.58606e-05
5.383994191e-01  7.5886313e-05  1.00000e+00  7.58641e-05  7.58641e-05
5.385070990e-01  7.5868666e-05  1.00000e+00  7.58675e-05  7.58675e-05
5.386148004e-01  7.5851073e-05  1.00000e+00  7.58706e-05  7.58706e-05
5.387225234e-01  7.5833494e-05  1.00000e+00  7.58736e-05  7.58736e-05
5.388302679e-01  7.5815724e-05  1.00000e+00  7.58763e-05  7.58763e-05
5.389380339e-01  7.5797420e-05  1.00000e+00  7.58789e-05  7.58789e-05
5.390458215e-01  7.5778199e-05  1.00000e+00  7.58813e-05  7.58813e-05
5.391536307e-01  7.5757743e-05  1.00000e+00  7.58836e-05  7.58836e-05
5.392614614e-01  7.5735937e-05  1.00000e+00  7.58856e-05  7.58856e-05
5.393693137e-01  7.5712934e-05  1.00000e+00  7.58873e-05  7.58873e-05
5.394771876e-01  7.5689123e-05  1.00000e+00  7.58889e-05  7.58889e-05
5.395850830e-01  7.5664980e-05  1.00000e+00  7.58902e-05  7.58902e-05
5.396930000e-01  7.5640851e-05  1.00000e+00  7.58913e-05  7.58913e-05
5.398009386e-01  7.5616743e-05  1.00000e+00  7.58922e-05  7.58922e-05
5.399088988e-01  7.5592233e-05  1.00000e+00  7.58928e-05  7.58928e-05
5.400168806e-01  7.5566582e-05  1.00000e+00  7.58932e-05  7.58932e-05
5.401248840e-01  7.5539073e-05  1.00000e+00  7.58934e-05  7.58934e-05
5.402329090e-01  7.5509470e-05  1.00000e+00  7.58933e-05  7.58933e-05
5.403409555e-01  7.5478481e-05  1.00000e+00  7.58929e-05  7.58929e-05
5.404490237e-01  7.5447961e-05  1.00000e+00  7.58923e-05  7.58923e-05
5.405571135e-01  7.5420754e-05  1.00000e+00  7.58914e-05  7.58914e-05
5.406652250e-01  7.5400109e-05  1.00000e+00  7.58902e-05  7.58902e-05
5.407733580e-01  7.5388844e-05  1.00000e+00  7.58890e-05  7.58890e-05
5.408815127e-01  7.5388509e-05  1.00000e+00  7.58877e-05  7.58877e-05
5.409896890e-01  7.5398879e-05  1.00000e+00  7.58865e-05  7.58865e-05
5.410978869e-01  7.5417940e-05  1.00000e+00  7.58855e-05  7.58855e-05
5.412061065e-01  7.5442403e-05  1.00000e+00  7.58847e-05  7.58847e-05
5.413143477e-01  7.5468546e-05  1.00000e+00  7.58842e-05  7.58842e-05
5.414226106e-01  7.5493137e-05  1.00000e+00  7.58840e-05  7.58840e-05
5.415308951e-01  7.5514152e-05  1.00000e+00  7.58840e-05  7.58840e-05
5.416392013e-01  7.5531071e-05  1.00000e+00  7.58843e-05  7.58843e-05
5.417475291e-01  7.5544718e-05  1.00000e+00  7.58847e-05  7.58847e-05
5.418558786e-01  7.5556641e-05  1.00000e+00  7.58852e-05  7.58852e-05
5.419642498e-01  7.5568276e-05  1.00000e+00  7.58859e-05  7.58859e-05
5.420726427e-01  7.5580128e-05  1.00000e+00  7.58867e-05  7.58867e-05
5.421810572e-01  7.5591297e-05  1.00000e+00  7.58877e-05  7.58877e-05
5.422894934e-01  7.5599554e-05  1.00000e+00  7.58887e-05  7.58887e-05
5.423979513e-01  7.5601953e-05  1.00000e+00  7.58898e-05  7.58898e-05
5.425064309e-01  7.5595788e-05  1.00000e+00  7.58909e-05  7.58909e-05
5.426149322e-01  7.5579563e-05  1.00000e+00  7.58918e-05  7.58918e-05
5.427234552e-01  7.5553654e-05  1.00000e+00  7.58926e-05  7.58926e-05
5.428319998e-01  7.5520479e-05  1.00000e+00  7.58931e-05  7.58931e-05
5.429405662e-01  7.5484212e-05  1.00000e+00  7.58933e-05  7.58933e-05
5.430491544e-01  7.5450121e-05  1.00000e+00  7.58931e-05  7.58931e-05
5.431577642e-01  7.5423687e-05  1.00000e+00  7.58926e-05  7.58926e-05
5.432663957e-01  7.5409621e-05  1.00000e+00  7.58919e-05  7.58919e-05
5.433750490e-01  7.5410875e-05  1.00000e+00  7.58912e-05  7.58912e-05
5.434837240e-01  7.5427866e-05  1.00000e+00  7.58906e-05  7.58906e-05
5.435924208e-01  7.5458122e-05  1.00000e+00  7.58903e-05  7.58903e-05
5.437011393e-01  7.5496630e-05  1.00000e+00  7.58903e-05  7.58903e-05
5.438098795e-01  7.5536846e-05  1.00000e+00  7.58907e-05  7.58907e-05
5.439186415e-01  7.5572195e-05  1.00000e+00  7.58916e-05  7.58916e-05
5.440274252e-01  7.5597594e-05  1.00000e+00  7.58927e-05  7.58927e-05
5.441362307e-01  7.5610519e-05  1.00000e+00  7.58940e-05  7.58940e-05
5.442450579e-01  7.5611321e-05  1.00000e+00  7.58953e-05  7.58953e-05
5.443539069e-01  7.5602773e-05  1.00000e+00  7.58967e-05  7.58967e-05
5.444627777e-01  7.5589032e-05  1.00000e+00  7.58979e-05  7.58979e-05
5.445716703e-01  7.5574414e-05  1.00000e+00  7.58990e-05  7.58990e-05
5.446805846e-01  7.5562263e-05  1.00000e+00  7.58999e-05  7.58999e-05
5.447895207e-01  7.5554229e-05  1.00000e+00  7.59008e-05  7.59008e-05
5.448984786e-01  7.5550065e-05  1.00000e+00  7.59016e-05  7.59016e-05
5.450074583e-01  7.5548060e-05  1.00000e+00  7.59023e-05  7.59023e-05
5.451164598e-01  7.5545956e-05  1.00000e+00  7.59031e-05  7.59031e-05
5.452254831e-01  7.5542037e-05  1.00000e+00  7.59038e-05  7.59038e-05
5.453345282e-01  7.5536017e-05  1.00000e+00  7.59045e-05  7.59045e-05
5.454435951e-01  7.5529351e-05  1.00000e+00  7.59051e-05  7.59051e-05
5.455526838e-01  7.5524827e-05  1.00000e+00  7.59057e-05  7.59057e-05
5.456617944e-01  7.5525650e-05  1.00000e+00  7.59062e-05  7.59062e-05
5.457709267e-01  7.5534397e-05  1.00000e+00  7.59069e-05  7.59069e-05
5.458800809e-01  7.5552247e-05  1.00000e+00  7.59076e-05  7.59076e-05
5.459892569e-01  7.5578716e-05  1.00000e+00  7.59086e-05  7.59086e-05
5.460984548e-01  7.5611881e-05  1.00000e+00  7.59098e-05  7.59098e-05
5.462076745e-01  7.5648899e-05  1.00000e+00  7.59115e-05  7.59115e-05
5.463169160e-01  7.5686588e-05  1.00000e+00  7.59134e-05  7.59134e-05
5.464261794e-01  7.5721941e-05  1.00000e+00  7.59158e-05  7.59158e-05
5.465354646e-01  7.5752482e-05  1.00000e+00  7.59184e-05  7.59184e-05
5.466447717e-01  7.5776500e-05  1.00000e+00  7.59213e-05  7.59213e-05
5.467541007e-01  7.5793138e-05  1.00000e+00  7.59244e-05  7.59244e-05
5.468634515e-01  7.5802343e-05  1.00000e+00  7.59276e-05  7.59276e-05
5.469728242e-01  7.5804713e-05  1.00000e+00  7.59308e-05  7.59308e-05
5.470822187e-01  7.5801309e-05  1.00000e+00  7.59340e-05  7.59340e-05
5.471916352e-01  7.5793501e-05  1.00000e+00  7.59371e-05  7.59371e-05
5.473010735e-01  7.5782880e-05  1.00000e+00  7.59402e-05  7.59402e-05
5.474105337e-01  7.5771206e-05  1.00000e+00  7.59431e-05  7.59431e-05
5.475200158e-01  7.5760285e-05  1.00000e+00  7.59458e-05  7.59458e-05
5.476295198e-01  7.5751729e-05  1.00000e+00  7.59485e-05  7.59485e-05
5.477390457e-01  7.5746625e-05  1.00000e+00  7.59511e-05  7.59511e-05
5.478485936e-01  7.5745229e-05  1.00000e+00  7.59536e-05  7.59536e-05
5.479581633e-01  7.5746879e-05  1.00000e+00  7.59562e-05  7.59562e-05
5.480677549e-01  7.5750178e-05  1.00000e+00  7.59587e-05  7.59587e-05
5.481773685e-01  7.5753449e-05  1.00000e+00  7.59613e-05  7.59613e-05
5.482870039e-01  7.5755247e-05  1.00000e+00  7.59639e-05  7.59639e-05
5.483966613e-01  7.5754751e-05  1.00000e+00  7.59664e-05  7.59664e-05
5.485063407e-01  7.5751897e-05  1.00000e+00  7.59690e-05  7.59690e-05
5.486160419e-01  7.5747202e-05  1.00000e+00  7.59715e-05  7.59715e-05
5.487257651e-01  7.5741472e-05  1.00000e+00  7.59739e-05  7.59739e-05
5.488355103e-01  7.5735508e-05  1.00000e+00  7.59763e-05  7.59763e-05
5.489452774e-01  7.5729933e-05  1.00000e+00  7.59786e-05  7.59786e-05
5.490550665e-01  7.5725209e-05  1.00000e+00  7.59809e-05  7.59809e-05
5.491648775e-01  7.5721706e-05  1.00000e+00  7.59831e-05  7.59831e-05
5.492747104e-01  7.5719777e-05  1.00000e+00  7.59853e-05  7.59853e-05
5.493845654e-01  7.5719710e-05  1.00000e+00  7.59875e-05  7.59875e-05
5.494944423e-01  7.5721619e-05  1.00000e+00  7.59897e-05  7.59897e-05
5.496043412e-01  7.5725296e-05  1.00000e+00  7.59918e-05  7.59918e-05
5.497142621e-01  7.5730128e-05  1.00000e+00  7.59941e-05  7.59941e-05
5.498242049e-01  7.5735160e-05  1.00000e+00  7.59964e-05  7.59964e-05
5.499341697e-01  7.5739275e-05  1.00000e+00  7.59987e-05  7.59987e-05
5.500441566e-01  7.5741446e-05  1.00000e+00  7.60010e-05  7.60010e-05
5.501541654e-01  7.5740983e-05  1.00000e+00  7.60033e-05  7.60033e-05
5.502641962e-01  7.5737693e-05  1.00000e+00  7.60057e-05  7.60057e-05
5.503742491e-01  7.5731914e-05  1.00000e+00  7.60079e-05  7.60079e-05
5.504843239e-01  7.5724430e-05  1.00000e+00  7.60101e-05  7.60101e-05
5.505944208e-01  7.5716296e-05  1.00000e+00  7.60123e-05  7.60123e-05
5.507045397e-01  7.5708606e-05  1.00000e+00  7.60143e-05  7.60143e-05
5.508146806e-01  7.5702265e-05  1.00000e+00  7.60163e-05  7.60163e-05
5.509248435e-01  7.5697811e-05  1.00000e+00  7.60182e-05  7.60182e-05
5.510350285e-01  7.5695333e-05  1.00000e+00  7.60201e-05  7.60201e-05
5.511452355e-01  7.5694486e-05  1.00000e+00  7.60219e-05  7.60219e-05
5.512554645e-01  7.5694608e-05  1.00000e+00  7.60238e-05  7.60238e-05
5.513657156e-01  7.5694879e-05  1.00000e+00  7.60256e-05  7.60256e-05
5.514759888e-01  7.5694490e-05  1.00000e+00  7.60275e-05  7.60275e-05
5.515862840e-01  7.5692784e-05  1.00000e+00  7.60293e-05  7.60293e-05
5.516966012e-01  7.5689341e-05  1.00000e+00  7.60312e-05  7.60312e-05
5.518069406e-01  7.5684022e-05  1.00000e+00  7.60330e-05  7.60330e-05
5.519173019e-01  7.5676969e-05  1.00000e+00  7.60347e-05  7.60347e-05
5.520276854e-01  7.5668581e-05  1.00000e+00  7.60363e-05  7.60363e-05
5.521380909e-01  7.5659424e-05  1.00000e+00  7.60379e-05  7.60379e-05
5.522485186e-01  7.5650134e-05  1.00000e+00  7.60394e-05  7.60394e-05
5.523589683e-01  7.5641266e-05  1.00000e+00  7.60408e-05  7.60408e-05
5.524694401e-01  7.5633188e-05  1.00000e+00  7.60421e-05  7.60421e-05
5.525799339e-01  7.5626002e-05  1.00000e+00  7.60434e-05  7.60434e-05
5.526904499e-01  7.5619560e-05  1.00000e+00  7.60446e-05  7.60446e-05
5.528009880e-01  7.5613541e-05  1.00000e+00  7.60457e-05  7.60457e-05
5.529115482e-01  7.5607576e-05  1.00000e+00  7.60468e-05  7.60468e-05
5.530221305e-01  7.5601360e-05  1.00000e+00  7.60478e-05  7.60478e-05
5.531327350e-01  7.5594715e-05  1.00000e+00  7.60488e-05  7.60488e-05
5.532433615e-01  7.5587593e-05  1.00000e+00  7.60498e-05  7.60498e-05
5.533540102e-01  7.5580035e-05  1.00000e+00  7.60506e-05  7.60506e-05
5.534646810e-01  7.5572107e-05  1.00000e+00  7.60514e-05  7.60514e-05
5.535753739e-01  7.5563861e-05  1.00000e+00  7.60522e-05  7.60522e-05
5.536860890e-01  7.5555320e-05  1.00000e+00  7.60528e-05  7.60528e-05
5.537968262e-01  7.5546489e-05  1.00000e+00  7.60535e-05  7.60535e-05
5.539075856e-01  7.5537379e-05  1.00000e+00  7.60540e-05  7.60540e-05
5.540183671e-01  7.5528021e-05  1.00000e+00  7.60544e-05  7.60544e-05
5.541291708e-01  7.5518457e-05  1.00000e+00  7.60548e-05  7.60548e-05
5.542399966e-01  7.5508726e-05  1.00000e+00  7.60551e-05  7.60551e-05
5.543508446e-01  7.5498835e-05  1.00000e+00  7.60554e-05  7.60554e-05
5.544617148e-01  7.5488751e-05  1.00000e+00  7.60555e-05  7.60555e-05
5.545726071e-01  7.5478392e-05  1.00000e+00  7.60556e-05  7.60556e-05
5.546835216e-01  7.5467651e-05  1.00000e+00  7.60556e-05  7.60556e-05
5.547944583e-01  7.5456421e-05  1.00000e+00  7.60555e-05  7.60555e-05
5.549054172e-01  7.5444627e-05  1.00000e+00  7.60553e-05  7.60553e-05
5.550163983e-01  7.5432250e-05  1.00000e+00  7.60550e-05  7.60550e-05
5.551274016e-01  7.5419332e-05  1.00000e+00  7.60547e-05  7.60547e-05
5.552384271e-01  7.5405966e-05  1.00000e+00  7.60542e-05  7.60542e-05
5.553494748e-01  7.5392265e-05  1.00000e+00  7.60536e-05  7.60536e-05
5.554605447e-01  7.5378322e-05  1.00000e+00  7.60530e-05  7.60530e-05
5.555716368e-01  7.5364182e-05  1.00000e+00  7.60522e-05  7.60522e-05
5.556827511e-01  7.5349820e-05  1.00000e+00  7.60513e-05  7.60513e-05
5.557938876e-01  7.5335153e-05  1.00000e+00  7.60503e-05  7.60503e-05
5.559050464e-01  7.5320062e-05  1.00000e+00  7.60492e-05  7.60492e-05
5.560162274e-01  7.5304431e-05  1.00000e+00  7.60480e-05  7.60480e-05
5.561274307e-01  7.5288184e-05  1.00000e+00  7.60467e-05  7.60467e-05
5.562386562e-01  7.5271307e-05  1.00000e+00  7.60452e-05  7.60452e-05
5.563499039e-01  7.5253855e-05  1.00000e+00  7.60436e-05  7.60436e-05
5.564611739e-01  7.5235942e-05  1.00000e+00  7.60419e-05  7.60419e-05
5.565724661e-01  7.5217724e-05  1.00000e+00  7.60401e-05  7.60401e-05
5.566837806e-01  7.5199368e-05  1.00000e+00  7.60381e-05  7.60381e-05
5.567951174e-01  7.5181034e-05  1.00000e+00  7.60360e-05  7.60360e-05
5.569064764e-01  7.5162850e-05  1.00000e+00  7.60337e-05  7.60337e-05
5.570178577e-01  7.5144900e-05  1.00000e+00  7.60314e-05  7.60314e-05
5.571292612e-01  7.5127221e-05  1.00000e+00  7.60289e-05  7.60289e-05
5.572406871e-01  7.5109799e-05  1.00000e+00  7.60263e-05  7.60263e-05
5.573521352e-01  7.5092580e-05  1.00000e+00  7.60235e-05  7.60235e-05
5.574636057e-01  7.5075476e-05  1.00000e+00  7.60207e-05  7.60207e-05
5.575750984e-01  7.5058392e-05  1.00000e+00  7.60177e-05  7.60177e-05
5.576866134e-01  7.5041234e-05  1.00000e+00  7.60147e-05  7.60147e-05
5.577981507e-01  7.5023942e-05  1.00000e+00  7.60115e-05  7.60115e-05
5.579097104e-01  7.5006499e-05  1.00000e+00  7.60082e-05  7.60082e-05
5.580212923e-01  7.4988946e-05  1.00000e+00  7.60048e-05  7.60048e-05
5.581328966e-01  7.4971377e-05  1.00000e+00  7.60013e-05  7.60013e-05
5.582445231e-01  7.4953931e-05  1.00000e+00  7.59977e-05  7.59977e-05
5.583561720e-01  7.4936763e-05  1.00000e+00  7.59940e-05  7.59940e-05
5.584678433e-01  7.4920006e-05  1.00000e+00  7.59901e-05  7.59901e-05
5.585795368e-01  7.4903745e-05  1.00000e+00  7.59862e-05  7.59862e-05
5.586912527e-01  7.4887998e-05  1.00000e+00  7.59822e-05  7.59822e-05
5.588029910e-01  7.4872715e-05  1.00000e+00  7.59781e-05  7.59781e-05
5.589147516e-01  7.4857814e-05  1.00000e+00  7.59739e-05  7.59739e-05
5.590265345e-01  7.4843220e-05  1.00000e+00  7.59696e-05  7.59696e-05
5.591383399e-01  7.4828912e-05  1.00000e+00  7.59652e-05  7.59652e-05
5.592501675e-01  7.4814936e-05  1.00000e+00  7.59608e-05  7.59608e-05
5.593620176e-01  7.4801399e-05  1.00000e+00  7.59563e-05  7.59563e-05
5.594738900e-01  7.4788419e-05  1.00000e+00  7.59518e-05  7.59518e-05
5.595857847e-01  7.4776066e-05  1.00000e+00  7.59472e-05  7.59472e-05
5.596977019e-01  7.4764318e-05  1.00000e+00  7.59425e-05  7.59425e-05
5.598096414e-01  7.4753050e-05  1.00000e+00  7.59378e-05  7.59378e-05
5.599216034e-01  7.4742061e-05  1.00000e+00  7.59331e-05  7.59331e-05
5.600335877e-01  7.4731153e-05  1.00000e+00  7.59283e-05  7.59283e-05
5.601455944e-01  7.4720211e-05  1.00000e+00  7.59234e-05  7.59234e-05
5.602576235e-01  7.4709267e-05  1.00000e+00  7.59186e-05  7.59186e-05
5.603696750e-01  7.4698523e-05  1.00000e+00  7.59137e-05  7.59137e-05
5.604817490e-01  7.4688312e-05  1.00000e+00  7.59087e-05  7.59087e-05
5.605938453e-01  7.4679007e-05  1.00000e+00  7.59038e-05  7.59038e-05
5.607059641e-01  7.4670910e-05  1.00000e+00  7.58988e-05  7.58988e-05
5.608181053e-01  7.4664157e-05  1.00000e+00  7.58938e-05  7.58938e-05
5.609302689e-01  7.4658661e-05  1.00000e+00  7.58888e-05  7.58888e-05
5.610424550e-01  7.4654126e-05  1.00000e+00  7.58838e-05  7.58838e-05
5.611546635e-01  7.4650133e-05  1.00000e+00  7.58788e-05  7.58788e-05
5.612668944e-01  7.4646261e-05  1.00000e+00  7.58739e-05  7.58739e-05
5.613791478e-01  7.4642213e-05  1.00000e+00  7.58690e-05  7.58690e-05
5.614914236e-01  7.4637900e-05  1.00000e+00  7.58641e-05  7.58641e-05
5.616037219e-01  7.4633446e-05  1.00000e+00  7.58592e-05  7.58592e-05
5.617160426e-01  7.4629134e-05  1.00000e+00  7.58544e-05  7.58544e-05
5.618283858e-01  7.4625290e-05  1.00000e+00  7.58496e-05  7.58496e-05
5.619407515e-01  7.4622184e-05  1.00000e+00  7.58447e-05  7.58447e-05
5.620531397e-01  7.4619959e-05  1.00000e+00  7.58400e-05  7.58400e-05
5.621655503e-01  7.4618623e-05  1.00000e+00  7.58352e-05  7.58352e-05
5.622779834e-01  7.4618084e-05  1.00000e+00  7.58306e-05  7.58306e-05
5.623904390e-01  7.4618203e-05  1.00000e+00  7.58259e-05  7.58259e-05
5.625029171e-01  7.4618829e-05  1.00000e+00  7.58214e-05  7.58214e-05
5.626154177e-01  7.4619810e-05  1.00000e+00  7.58168e-05  7.58168e-05
5.627279408e-01  7.4620971e-05  1.00000e+00  7.58124e-05  7.58124e-05
5.628404863e-01  7.4622098e-05  1.00000e+00  7.58080e-05  7.58080e-05
5.629530544e-01  7.4622934e-05  1.00000e+00  7.58037e-05  7.58037e-05
5.630656450e-01  7.4623214e-05  1.00000e+00  7.57994e-05  7.57994e-05
5.631782582e-01  7.4622724e-05  1.00000e+00  7.57952e-05  7.57952e-05
5.632908938e-01  7.4621365e-05  1.00000e+00  7.57911e-05  7.57911e-05
5.634035520e-01  7.4619197e-05  1.00000e+00  7.57869e-05  7.57869e-05
5.635162327e-01  7.4616447e-05  1.00000e+00  7.57828e-05  7.57828e-05
5.636289360e-01  7.4613454e-05  1.00000e+00  7.57787e-05  7.57787e-05
5.637416618e-01  7.4610587e-05  1.00000e+00  7.57747e-05  7.57747e-05
5.638544101e-01  7.4608135e-05  1.00000e+00  7.57706e-05  7.57706e-05
5.639671810e-01  7.4606223e-05  1.00000e+00  7.57666e-05  7.57666e-05
5.640799744e-01  7.4604771e-05  1.00000e+00  7.57626e-05  7.57626e-05
5.641927904e-01  7.4603514e-05  1.00000e+00  7.57587e-05  7.57587e-05
5.643056290e-01  7.4602085e-05  1.00000e+00  7.57548e-05  7.57548e-05
5.644184901e-01  7.4600123e-05  1.00000e+00  7.57509e-05  7.57509e-05
5.645313738e-01  7.4597379e-05  1.00000e+00  7.57471e-05  7.57471e-05
5.646442801e-01  7.4593771e-05  1.00000e+00  7.57433e-05  7.57433e-05
5.647572089e-01  7.4589383e-05  1.00000e+00  7.57395e-05  7.57395e-05
5.648701604e-01  7.4584390e-05  1.00000e+00  7.57357e-05  7.57357e-05
5.649831344e-01  7.4578968e-05  1.00000e+00  7.57318e-05  7.57318e-05
5.650961310e-01  7.4573195e-05  1.00000e+00  7.57280e-05  7.57280e-05
5.652091502e-01  7.4567005e-05  1.00000e+00  7.57242e-05  7.57242e-05
5.653221921e-01  7.4560187e-05  1.00000e+00  7.57204e-05  7.57204e-05
5.654352565e-01  7.4552458e-05  1.00000e+00  7.57165e-05  7.57165e-05
5.655483436e-01  7.4543535e-05  1.00000e+00  7.57127e-05  7.57127e-05
5.656614532e-01  7.4533244e-05  1.00000e+00  7.57088e-05  7.57088e-05
5.657745855e-01  7.4521576e-05  1.00000e+00  7.57048e-05  7.57048e-05
5.658877404e-01  7.4508705e-05  1.00000e+00  7.57008e-05  7.57008e-05
5.660009180e-01  7.4494953e-05  1.00000e+00  7.56967e-05  7.56967e-05
5.661141182e-01  7.4480681e-05  1.00000e+00  7.56925e-05  7.56925e-05
5.662273410e-01  7.4466166e-05  1.00000e+00  7.56882e-05  7.56882e-05
5.663405865e-01  7.4451477e-05  1.00000e+00  7.56839e-05  7.56839e-05
5.664538546e-01  7.4436377e-05  1.00000e+00  7.56795e-05  7.56795e-05
5.665671453e-01  7.4420337e-05  1.00000e+00  7.56750e-05  7.56750e-05
5.666804588e-01  7.4402610e-05  1.00000e+00  7.56704e-05  7.56704e-05
5.667937949e-01  7.4382411e-05  1.00000e+00  7.56657e-05  7.56657e-05
5.669071536e-01  7.4359027e-05  1.00000e+00  7.56608e-05  7.56608e-05
5.670205351e-01  7.4331910e-05  1.00000e+00  7.56558e-05  7.56558e-05
5.671339392e-01  7.4300563e-05  1.00000e+00  7.56505e-05  7.56505e-05
5.672473659e-01  7.4264456e-05  1.00000e+00  7.56451e-05  7.56451e-05
5.673608154e-01  7.4222867e-05  1.00000e+00  7.56393e-05  7.56393e-05
5.674742876e-01  7.4174945e-05  1.00000e+00  7.56332e-05  7.56332e-05
5.675877824e-01  7.4120035e-05  1.00000e+00  7.56267e-05  7.56267e-05
5.677013000e-01  7.4058154e-05  1.00000e+00  7.56197e-05  7.56197e-05
5.678148403e-01  7.3990518e-05  1.00000e+00  7.56123e-05  7.56123e-05
5.679284032e-01  7.3919788e-05  1.00000e+00  7.56042e-05  7.56042e-05
5.680419889e-01  7.3849963e-05  1.00000e+00  7.55957e-05  7.55957e-05
5.681555973e-01  7.3785895e-05  1.00000e+00  7.55866e-05  7.55866e-05
5.682692284e-01  7.3732688e-05  1.00000e+00  7.55770e-05  7.55770e-05
5.683828823e-01  7.3695099e-05  1.00000e+00  7.55672e-05  7.55672e-05
5.684965588e-01  7.3677029e-05  1.00000e+00  7.55572e-05  7.55572e-05
5.686102582e-01  7.3680984e-05  1.00000e+00  7.55472e-05  7.55472e-05
5.687239802e-01  7.3707392e-05  1.00000e+00  7.55375e-05  7.55375e-05
5.688377250e-01  7.3753850e-05  1.00000e+00  7.55283e-05  7.55283e-05
5.689514926e-01  7.3814710e-05  1.00000e+00  7.55196e-05  7.55196e-05
5.690652829e-01  7.3881556e-05  1.00000e+00  7.55116e-05  7.55116e-05
5.691790959e-01  7.3944862e-05  1.00000e+00  7.55043e-05  7.55043e-05
5.692929317e-01  7.3996587e-05  1.00000e+00  7.54976e-05  7.54976e-05
5.694067903e-01  7.4032807e-05  1.00000e+00  7.54914e-05  7.54914e-05
5.695206717e-01  7.4055138e-05  1.00000e+00  7.54856e-05  7.54856e-05
5.696345758e-01  7.4070090e-05  1.00000e+00  7.54799e-05  7.54799e-05
5.697485027e-01  7.4086334e-05  1.00000e+00  7.54745e-05  7.54745e-05
5.698624524e-01  7.4110803e-05  1.00000e+00  7.54693e-05  7.54693e-05
5.699764249e-01  7.4145371e-05  1.00000e+00  7.54645e-05  7.54645e-05
5.700904202e-01  7.4185462e-05  1.00000e+00  7.54600e-05  7.54600e-05
5.702044383e-01  7.4221325e-05  1.00000e+00  7.54560e-05  7.54560e-05
5.703184792e-01  7.4241342e-05  1.00000e+00  7.54522e-05  7.54522e-05
5.704325429e-01  7.4235982e-05  1.00000e+00  7.54486e-05  7.54486e-05
5.705466294e-01  7.4200793e-05  1.00000e+00  7.54449e-05  7.54449e-05
5.706607387e-01  7.4137424e-05  1.00000e+00  7.54408e-05  7.54408e-05
5.707748708e-01  7.4052519e-05  1.00000e+00  7.54360e-05  7.54360e-05
5.708890258e-01  7.3955355e-05  1.00000e+00  7.54305e-05  7.54305e-05
5.710032036e-01  7.3855270e-05  1.00000e+00  7.54241e-05  7.54241e-05
5.711174043e-01  7.3759847e-05  1.00000e+00  7.54169e-05  7.54169e-05
5.712316277e-01  7.3674403e-05  1.00000e+00  7.54090e-05  7.54090e-05
5.713458741e-01  7.3602456e-05  1.00000e+00  7.54004e-05  7.54004e-05
5.714601432e-01  7.3546720e-05  1.00000e+00  7.53913e-05  7.53913e-05
5.715744353e-01  7.3509792e-05  1.00000e+00  7.53820e-05  7.53820e-05
5.716887502e-01  7.3494158e-05  1.00000e+00  7.53724e-05  7.53724e-05
5.718030879e-01  7.3501363e-05  1.00000e+00  7.53630e-05  7.53630e-05
5.719174485e-01  7.3530856e-05  1.00000e+00  7.53538e-05  7.53538e-05
5.720318320e-01  7.3579066e-05  1.00000e+00  7.53450e-05  7.53450e-05
5.721462384e-01  7.3639498e-05  1.00000e+00  7.53369e-05  7.53369e-05
5.722606676e-01  7.3703924e-05  1.00000e+00  7.53293e-05  7.53293e-05
5.723751198e-01  7.3764353e-05  1.00000e+00  7.53225e-05  7.53225e-05
5.724895948e-01  7.3815030e-05  1.00000e+00  7.53162e-05  7.53162e-05
5.726040927e-01  7.3853533e-05  1.00000e+00  7.53104e-05  7.53104e-05
5.727186135e-01  7.3880616e-05  1.00000e+00  7.53049e-05  7.53049e-05
5.728331573e-01  7.3898921e-05  1.00000e+00  7.52997e-05  7.52997e-05
5.729477239e-01  7.3911353e-05  1.00000e+00  7.52947e-05  7.52947e-05
5.730623134e-01  7.3919881e-05  1.00000e+00  7.52898e-05  7.52898e-05
5.731769259e-01  7.3925307e-05  1.00000e+00  7.52851e-05  7.52851e-05
5.732915613e-01  7.3927912e-05  1.00000e+00  7.52804e-05  7.52804e-05
5.734062196e-01  7.3928414e-05  1.00000e+00  7.52758e-05  7.52758e-05
5.735209008e-01  7.3928533e-05  1.00000e+00  7.52713e-05  7.52713e-05
5.736356050e-01  7.3930886e-05  1.00000e+00  7.52668e-05  7.52668e-05
5.737503321e-01  7.3938312e-05  1.00000e+00  7.52624e-05  7.52624e-05
5.738650822e-01  7.3953141e-05  1.00000e+00  7.52582e-05  7.52582e-05
5.739798552e-01  7.3976804e-05  1.00000e+00  7.52541e-05  7.52541e-05
5.740946512e-01  7.4009938e-05  1.00000e+00  7.52504e-05  7.52504e-05
5.742094701e-01  7.4052609e-05  1.00000e+00  7.52471e-05  7.52471e-05
5.743243120e-01  7.4104357e-05  1.00000e+00  7.52442e-05  7.52442e-05
5.744391769e-01  7.4163814e-05  1.00000e+00  7.52418e-05  7.52418e-05
5.745540647e-01  7.4228198e-05  1.00000e+00  7.52400e-05  7.52400e-05
5.746689755e-01  7.4293251e-05  1.00000e+00  7.52389e-05  7.52389e-05
5.747839093e-01  7.4353886e-05  1.00000e+00  7.52383e-05  7.52383e-05
5.748988661e-01  7.4405631e-05  1.00000e+00  7.52382e-05  7.52382e-05
5.750138459e-01  7.4446141e-05  1.00000e+00  7.52386e-05  7.52386e-05
5.751288486e-01  7.4476097e-05  1.00000e+00  7.52393e-05  7.52393e-05
5.752438744e-01  7.4498959e-05  1.00000e+00  7.52402e-05  7.52402e-05
5.753589232e-01  7.4519643e-05  1.00000e+00  7.52413e-05  7.52413e-05
5.754739950e-01  7.4542726e-05  1.00000e+00  7.52426e-05  7.52426e-05
5.755890898e-01  7.4571049e-05  1.00000e+00  7.52441e-05  7.52441e-05
5.757042076e-01  7.4605150e-05  1.00000e+00  7.52459e-05  7.52459e-05
5.758193484e-01  7.4643614e-05  1.00000e+00  7.52480e-05  7.52480e-05
5.759345123e-01  7.4684011e-05  1.00000e+00  7.52505e-05  7.52505e-05
5.760496992e-01  7.4723813e-05  1.00000e+00  7.52533e-05  7.52533e-05
5.761649091e-01  7.4761041e-05  1.00000e+00  7.52564e-05  7.52564e-05
5.762801421e-01  7.4794559e-05  1.00000e+00  7.52598e-05  7.52598e-05
5.763953982e-01  7.4824166e-05  1.00000e+00  7.52635e-05  7.52635e-05
5.765106772e-01  7.4850683e-05  1.00000e+00  7.52674e-05  7.52674e-05
5.766259794e-01  7.4875986e-05  1.00000e+00  7.52715e-05  7.52715e-05
5.767413046e-01  7.4902954e-05  1.00000e+00  7.52758e-05  7.52758e-05
5.768566528e-01  7.4935138e-05  1.00000e+00  7.52804e-05  7.52804e-05
5.769720242e-01  7.4975924e-05  1.00000e+00  7.52852e-05  7.52852e-05
5.770874186e-01  7.5027587e-05  1.00000e+00  7.52905e-05  7.52905e-05
5.772028360e-01  7.5090354e-05  1.00000e+00  7.52962e-05  7.52962e-05
5.773182766e-01  7.5161846e-05  1.00000e+00  7.53024e-05  7.53024e-05
5.774337403e-01  7.5237140e-05  1.00000e+00  7.53093e-05  7.53093e-05
5.775492270e-01  7.5309419e-05  1.00000e+00  7.53167e-05  7.53167e-05
5.776647369e-01  7.5371038e-05  1.00000e+00  7.53248e-05  7.53248e-05
5.777802698e-01  7.5414811e-05  1.00000e+00  7.53332e-05  7.53332e-05
5.778958259e-01  7.5435409e-05  1.00000e+00  7.53419e-05  7.53419e-05
5.780114050e-01  7.5430944e-05  1.00000e+00  7.53505e-05  7.53505e-05
5.781270073e-01  7.5404648e-05  1.00000e+00  7.53590e-05  7.53590e-05
5.782426327e-01  7.5366449e-05  1.00000e+00  7.53671e-05  7.53671e-05
5.783582812e-01  7.5333540e-05  1.00000e+00  7.53748e-05  7.53748e-05
5.784739529e-01  7.5329097e-05  1.00000e+00  7.53823e-05  7.53823e-05
5.785896477e-01  7.5378340e-05  1.00000e+00  7.53900e-05  7.53900e-05
5.787053656e-01  7.5502230e-05  1.00000e+00  7.53983e-05  7.53983e-05
5.788211067e-01  7.5710444e-05  1.00000e+00  7.54080e-05  7.54080e-05
5.789368709e-01  7.5996095e-05  1.00000e+00  7.54198e-05  7.54198e-05
5.790526583e-01  7.6334732e-05  1.00000e+00  7.54343e-05  7.54343e-05
5.791684688e-01  7.6688773e-05  1.00000e+00  7.54518e-05  7.54518e-05
5.792843025e-01  7.7016394e-05  1.00000e+00  7.54722e-05  7.54722e-05
5.794001594e-01  7.7281975e-05  1.00000e+00  7.54950e-05  7.54950e-05
5.795160394e-01  7.7464513e-05  1.00000e+00  7.55197e-05  7.55197e-05
5.796319426e-01  7.7561252e-05  1.00000e+00  7.55453e-05  7.55453e-05
5.797478690e-01  7.7585703e-05  1.00000e+00  7.55713e-05  7.55713e-05
5.798638186e-01  7.7561460e-05  1.00000e+00  7.55970e-05  7.55970e-05
5.799797913e-01  7.7514441e-05  1.00000e+00  7.56222e-05  7.56222e-05
5.800957873e-01  7.7466214e-05  1.00000e+00  7.56468e-05  7.56468e-05
5.802118064e-01  7.7430207e-05  1.00000e+00  7.56707e-05  7.56707e-05
5.803278488e-01  7.7411082e-05  1.00000e+00  7.56943e-05  7.56943e-05
5.804439144e-01  7.7406549e-05  1.00000e+00  7.57175e-05  7.57175e-05
5.805600032e-01  7.7410369e-05  1.00000e+00  7.57405e-05  7.57405e-05
5.806761152e-01  7.7415345e-05  1.00000e+00  7.57634e-05  7.57634e-05
5.807922504e-01  7.7415528e-05  1.00000e+00  7.57861e-05  7.57861e-05
5.809084088e-01  7.7407370e-05  1.00000e+00  7.58086e-05  7.58086e-05
5.810245905e-01  7.7389865e-05  1.00000e+00  7.58308e-05  7.58308e-05
5.811407954e-01  7.7364003e-05  1.00000e+00  7.58526e-05  7.58526e-05
5.812570236e-01  7.7331877e-05  1.00000e+00  7.58740e-05  7.58740e-05
5.813732750e-01  7.7295788e-05  1.00000e+00  7.58949e-05  7.58949e-05
5.814895497e-01  7.7257584e-05  1.00000e+00  7.59153e-05  7.59153e-05
5.816058476e-01  7.7218379e-05  1.00000e+00  7.59352e-05  7.59352e-05
5.817221687e-01  7.7178519e-05  1.00000e+00  7.59546e-05  7.59546e-05
5.818385132e-01  7.7137914e-05  1.00000e+00  7.59735e-05  7.59735e-05
5.819548809e-01  7.7096349e-05  1.00000e+00  7.59919e-05  7.59919e-05
5.820712718e-01  7.7053755e-05  1.00000e+00  7.60097e-05  7.60097e-05
5.821876861e-01  7.7010350e-05  1.00000e+00  7.60271e-05  7.60271e-05
5.823041236e-01  7.6966620e-05  1.00000e+00  7.60439e-05  7.60439e-05
5.824205845e-01  7.6923204e-05  1.00000e+00  7.60602e-05  7.60602e-05
5.825370686e-01  7.6880771e-05  1.00000e+00  7.60760e-05  7.60760e-05
5.826535760e-01  7.6839892e-05  1.00000e+00  7.60913e-05  7.60913e-05
5.827701067e-01  7.6800999e-05  1.00000e+00  7.61061e-05  7.61061e-05
5.828866607e-01  7.6764327e-05  1.00000e+00  7.61205e-05  7.61205e-05
5.830032381e-01  7.6729967e-05  1.00000e+00  7.61345e-05  7.61345e-05
5.831198387e-01  7.6697811e-05  1.00000e+00  7.61480e-05  7.61480e-05
5.832364627e-01  7.6667625e-05  1.00000e+00  7.61612e-05  7.61612e-05
5.833531100e-01  7.6639055e-05  1.00000e+00  7.61741e-05  7.61741e-05
5.834697806e-01  7.6611689e-05  1.00000e+00  7.61866e-05  7.61866e-05
5.835864745e-01  7.6585141e-05  1.00000e+00  7.61987e-05  7.61987e-05
5.837031918e-01  7.6559115e-05  1.00000e+00  7.62106e-05  7.62106e-05
5.838199325e-01  7.6533447e-05  1.00000e+00  7.62221e-05  7.62221e-05
5.839366965e-01  7.6508133e-05  1.00000e+00  7.62333e-05  7.62333e-05
5.840534838e-01  7.6483256e-05  1.00000e+00  7.62442e-05  7.62442e-05
5.841702945e-01  7.6458909e-05  1.00000e+00  7.62549e-05  7.62549e-05
5.842871286e-01  7.6435150e-05  1.00000e+00  7.62652e-05  7.62652e-05
5.844039860e-01  7.6411969e-05  1.00000e+00  7.62753e-05  7.62753e-05
5.845208668e-01  7.6389334e-05  1.00000e+00  7.62851e-05  7.62851e-05
5.846377710e-01  7.6367187e-05  1.00000e+00  7.62946e-05  7.62946e-05
5.847546985e-01  7.6345408e-05  1.00000e+00  7.63039e-05  7.63039e-05
5.848716495e-01  7.6323678e-05  1.00000e+00  7.63129e-05  7.63129e-05
5.849886238e-01  7.6301338e-05  1.00000e+00  7.63216e-05  7.63216e-05
5.851056215e-01  7.6277345e-05  1.00000e+00  7.63301e-05  7.63301e-05
5.852226426e-01  7.6250430e-05  1.00000e+00  7.63384e-05  7.63384e-05
5.853396872e-01  7.6219502e-05  1.00000e+00  7.63463e-05  7.63463e-05
5.854567551e-01  7.6184151e-05  1.00000e+00  7.63539e-05  7.63539e-05
5.855738464e-01  7.6145033e-05  1.00000e+00  7.63611e-05  7.63611e-05
5.856909612e-01  7.6103828e-05  1.00000e+00  7.63679e-05  7.63679e-05
5.858080994e-01  7.6062782e-05  1.00000e+00  7.63743e-05  7.63743e-05
5.859252610e-01  7.6023956e-05  1.00000e+00  7.63803e-05  7.63803e-05
5.860424461e-01  7.5988375e-05  1.00000e+00  7.63860e-05  7.63860e-05
5.861596546e-01  7.5955528e-05  1.00000e+00  7.63913e-05  7.63913e-05
5.862768865e-01  7.5923377e-05  1.00000e+00  7.63963e-05  7.63963e-05
5.863941419e-01  7.5888666e-05  1.00000e+00  7.64010e-05  7.64010e-05
5.865114207e-01  7.5847740e-05  1.00000e+00  7.64054e-05  7.64054e-05
5.866287230e-01  7.5797022e-05  1.00000e+00  7.64093e-05  7.64093e-05
5.867460487e-01  7.5733354e-05  1.00000e+00  7.64128e-05  7.64128e-05
5.868633979e-01  7.5653995e-05  1.00000e+00  7.64156e-05  7.64156e-05
5.869807706e-01  7.5556382e-05  1.00000e+00  7.64176e-05  7.64176e-05
5.870981668e-01  7.5437904e-05  1.00000e+00  7.64187e-05  7.64187e-05
5.872155864e-01  7.5295864e-05  1.00000e+00  7.64187e-05  7.64187e-05
5.873330295e-01  7.5127776e-05  1.00000e+00  7.64174e-05  7.64174e-05
5.874504961e-01  7.4932249e-05  1.00000e+00  7.64145e-05  7.64145e-05
5.875679862e-01  7.4710330e-05  1.00000e+00  7.64099e-05  7.64099e-05
5.876854998e-01  7.4467016e-05  1.00000e+00  7.64033e-05  7.64033e-05
5.878030369e-01  7.4212314e-05  1.00000e+00  7.63946e-05  7.63946e-05
5.879205975e-01  7.3961669e-05  1.00000e+00  7.63838e-05  7.63838e-05
5.880381817e-01  7.3734983e-05  1.00000e+00  7.63711e-05  7.63711e-05
5.881557893e-01  7.3554256e-05  1.00000e+00  7.63567e-05  7.63567e-05
5.882734205e-01  7.3440382e-05  1.00000e+00  7.63411e-05  7.63411e-05
5.883910751e-01  7.3409381e-05  1.00000e+00  7.63251e-05  7.63251e-05
5.885087534e-01  7.3468920e-05  1.00000e+00  7.63093e-05  7.63093e-05
5.886264551e-01  7.3615721e-05  1.00000e+00  7.62946e-05  7.62946e-05
5.887441804e-01  7.3834537e-05  1.00000e+00  7.62817e-05  7.62817e-05
5.888619292e-01  7.4099291e-05  1.00000e+00  7.62709e-05  7.62709e-05
5.889797016e-01  7.4377071e-05  1.00000e+00  7.62627e-05  7.62627e-05
5.890974976e-01  7.4634668e-05  1.00000e+00  7.62569e-05  7.62569e-05
5.892153171e-01  7.4847122e-05  1.00000e+00  7.62532e-05  7.62532e-05
5.893331601e-01  7.5005556e-05  1.00000e+00  7.62511e-05  7.62511e-05
5.894510268e-01  7.5121606e-05  1.00000e+00  7.62503e-05  7.62503e-05
5.895689170e-01  7.5225226e-05  1.00000e+00  7.62504e-05  7.62504e-05
5.896868307e-01  7.5355120e-05  1.00000e+00  7.62515e-05  7.62515e-05
5.898047681e-01  7.5544013e-05  1.00000e+00  7.62540e-05  7.62540e-05
5.899227291e-01  7.5803363e-05  1.00000e+00  7.62584e-05  7.62584e-05
5.900407136e-01  7.6114114e-05  1.00000e+00  7.62652e-05  7.62652e-05
5.901587217e-01  7.6428469e-05  1.00000e+00  7.62748e-05  7.62748e-05
5.902767535e-01  7.6682817e-05  1.00000e+00  7.62867e-05  7.62867e-05
5.903948088e-01  7.6817516e-05  1.00000e+00  7.63004e-05  7.63004e-05
5.905128878e-01  7.6795616e-05  1.00000e+00  7.63144e-05  7.63144e-05
5.906309904e-01  7.6613327e-05  1.00000e+00  7.63274e-05  7.63274e-05
5.907491166e-01  7.6298295e-05  1.00000e+00  7.63382e-05  7.63382e-05
5.908672664e-01  7.5897326e-05  1.00000e+00  7.63458e-05  7.63458e-05
5.909854399e-01  7.5460255e-05  1.00000e+00  7.63498e-05  7.63498e-05
5.911036369e-01  7.5027379e-05  1.00000e+00  7.63500e-05  7.63500e-05
5.912218577e-01  7.4625202e-05  1.00000e+00  7.63466e-05  7.63466e-05
5.913401020e-01  7.4271183e-05  1.00000e+00  7.63400e-05  7.63400e-05
5.914583701e-01  7.3982631e-05  1.00000e+00  7.63307e-05  7.63307e-05
5.915766617e-01  7.3783734e-05  1.00000e+00  7.63193e-05  7.63193e-05
5.916949771e-01  7.3705749e-05  1.00000e+00  7.63069e-05  7.63069e-05
5.918133161e-01  7.3779040e-05  1.00000e+00  7.62946e-05  7.62946e-05
5.919316787e-01  7.4020405e-05  1.00000e+00  7.62837e-05  7.62837e-05
5.920500651e-01  7.4421371e-05  1.00000e+00  7.62758e-05  7.62758e-05
5.921684751e-01  7.4942729e-05  1.00000e+00  7.62718e-05  7.62718e-05
5.922869088e-01  7.5518488e-05  1.00000e+00  7.62727e-05  7.62727e-05
5.924053662e-01  7.6068498e-05  1.00000e+00  7.62785e-05  7.62785e-05
5.925238472e-01  7.6515600e-05  1.00000e+00  7.62886e-05  7.62886e-05
5.926423520e-01  7.6801699e-05  1.00000e+00  7.63018e-05  7.63018e-05
5.927608805e-01  7.6897963e-05  1.00000e+00  7.63165e-05  7.63165e-05
5.928794326e-01  7.6806056e-05  1.00000e+00  7.63312e-05  7.63312e-05
5.929980085e-01  7.6550575e-05  1.00000e+00  7.63443e-05  7.63443e-05
5.931166081e-01  7.6166805e-05  1.00000e+00  7.63545e-05  7.63545e-05
5.932352315e-01  7.5688897e-05  1.00000e+00  7.63609e-05  7.63609e-05
5.933538785e-01  7.5144025e-05  1.00000e+00  7.63630e-05  7.63630e-05
5.934725493e-01  7.4554585e-05  1.00000e+00  7.63602e-05  7.63602e-05
5.935912438e-01  7.3946734e-05  1.00000e+00  7.63523e-05  7.63523e-05
5.937099620e-01  7.3359772e-05  1.00000e+00  7.63393e-05  7.63393e-05
5.938287040e-01  7.2849566e-05  1.00000e+00  7.63218e-05  7.63218e-05
5.939474698e-01  7.2482550e-05  1.00000e+00  7.63006e-05  7.63006e-05
5.940662593e-01  7.2321140e-05  1.00000e+00  7.62774e-05  7.62774e-05
5.941850725e-01  7.2405644e-05  1.00000e+00  7.62540e-05  7.62540e-05
5.943039095e-01  7.2740352e-05  1.00000e+00  7.62326e-05  7.62326e-05
5.944227703e-01  7.3288873e-05  1.00000e+00  7.62152e-05  7.62152e-05
5.945416549e-01  7.3980417e-05  1.00000e+00  7.62033e-05  7.62033e-05
5.946605632e-01  7.4723948e-05  1.00000e+00  7.61977e-05  7.61977e-05
5.947794953e-01  7.5425147e-05  1.00000e+00  7.61983e-05  7.61983e-05
5.948984512e-01  7.6002162e-05  1.00000e+00  7.62045e-05  7.62045e-05
5.950174309e-01  7.6397912e-05  1.00000e+00  7.62148e-05  7.62148e-05
5.951364344e-01  7.6587382e-05  1.00000e+00  7.62275e-05  7.62275e-05
5.952554617e-01  7.6579798e-05  1.00000e+00  7.62410e-05  7.62410e-05
5.953745128e-01  7.6414688e-05  1.00000e+00  7.62535e-05  7.62535e-05
5.954935877e-01  7.6151316e-05  1.00000e+00  7.62641e-05  7.62641e-05
5.956126864e-01  7.5853098e-05  1.00000e+00  7.62722e-05  7.62722e-05
5.957318089e-01  7.5570797e-05  1.00000e+00  7.62777e-05  7.62777e-05
5.958509553e-01  7.5330858e-05  1.00000e+00  7.62810e-05  7.62810e-05
5.959701255e-01  7.5133405e-05  1.00000e+00  7.62825e-05  7.62825e-05
5.960893195e-01  7.4960749e-05  1.00000e+00  7.62823e-05  7.62823e-05
5.962085374e-01  7.4792762e-05  1.00000e+00  7.62808e-05  7.62808e-05
5.963277791e-01  7.4621644e-05  1.00000e+00  7.62778e-05  7.62778e-05
5.964470446e-01  7.4458918e-05  1.00000e+00  7.62735e-05  7.62735e-05
5.965663340e-01  7.4331543e-05  1.00000e+00  7.62679e-05  7.62679e-05
5.966856473e-01  7.4269261e-05  1.00000e+00  7.62616e-05  7.62616e-05
5.968049844e-01  7.4290052e-05  1.00000e+00  7.62551e-05  7.62551e-05
5.969243454e-01  7.4390861e-05  1.00000e+00  7.62493e-05  7.62493e-05
5.970437303e-01  7.4547885e-05  1.00000e+00  7.62446e-05  7.62446e-05
5.971631390e-01  7.4725931e-05  1.00000e+00  7.62414e-05  7.62414e-05
5.972825717e-01  7.4891731e-05  1.00000e+00  7.62398e-05  7.62398e-05
5.974020282e-01  7.5024371e-05  1.00000e+00  7.62394e-05  7.62394e-05
5.975215086e-01  7.5118516e-05  1.00000e+00  7.62400e-05  7.62400e-05
5.976410129e-01  7.5180182e-05  1.00000e+00  7.62412e-05  7.62412e-05
5.977605411e-01  7.5218555e-05  1.00000e+00  7.62429e-05  7.62429e-05
5.978800932e-01  7.5238601e-05  1.00000e+00  7.62448e-05  7.62448e-05
5.979996692e-01  7.5238564e-05  1.00000e+00  7.62468e-05  7.62468e-05
5.981192692e-01  7.5212799e-05  1.00000e+00  7.62487e-05  7.62487e-05
5.982388930e-01  7.5157641e-05  1.00000e+00  7.62503e-05  7.62503e-05
5.983585408e-01  7.5076648e-05  1.00000e+00  7.62512e-05  7.62512e-05
5.984782125e-01  7.4982441e-05  1.00000e+00  7.62514e-05  7.62514e-05
5.985979081e-01  7.4894165e-05  1.00000e+00  7.62509e-05  7.62509e-05
5.987176277e-01  7.4831590e-05  1.00000e+00  7.62497e-05  7.62497e-05
5.988373712e-01  7.4808979e-05  1.00000e+00  7.62481e-05  7.62481e-05
5.989571387e-01  7.4830647e-05  1.00000e+00  7.62466e-05  7.62466e-05
5.990769301e-01  7.4890047e-05  1.00000e+00  7.62454e-05  7.62454e-05
5.991967455e-01  7.4972379e-05  1.00000e+00  7.62448e-05  7.62448e-05
5.993165849e-01  7.5059584e-05  1.00000e+00  7.62450e-05  7.62450e-05
5.994364482e-01  7.5135843e-05  1.00000e+00  7.62459e-05  7.62459e-05
5.995563355e-01  7.5191586e-05  1.00000e+00  7.62474e-05  7.62474e-05
5.996762468e-01  7.5225005e-05  1.00000e+00  7.62492e-05  7.62492e-05
5.997961820e-01  7.5240764e-05  1.00000e+00  7.62512e-05  7.62512e-05
5.999161412e-01  7.5246920e-05  1.00000e+00  7.62533e-05  7.62533e-05
6.000361245e-01  7.5251219e-05  1.00000e+00  7.62554e-05  7.62554e-05
6.001561317e-01  7.5258404e-05  1.00000e+00  7.62576e-05  7.62576e-05
6.002761629e-01  7.5269226e-05  1.00000e+00  7.62598e-05  7.62598e-05
6.003962182e-01  7.5281053e-05  1.00000e+00  7.62621e-05  7.62621e-05
6.005162974e-01  7.5289818e-05  1.00000e+00  7.62644e-05  7.62644e-05
6.006364007e-01  7.5291972e-05  1.00000e+00  7.62668e-05  7.62668e-05
6.007565279e-01  7.5286060e-05  1.00000e+00  7.62692e-05  7.62692e-05
6.008766792e-01  7.5273330e-05  1.00000e+00  7.62715e-05  7.62715e-05
6.009968546e-01  7.5257371e-05  1.00000e+00  7.62736e-05  7.62736e-05
6.011170539e-01  7.5243124e-05  1.00000e+00  7.62756e-05  7.62756e-05
6.012372774e-01  7.5235562e-05  1.00000e+00  7.62775e-05  7.62775e-05
6.013575248e-01  7.5238448e-05  1.00000e+00  7.62794e-05  7.62794e-05
6.014777963e-01  7.5253380e-05  1.00000e+00  7.62813e-05  7.62813e-05
6.015980919e-01  7.5279463e-05  1.00000e+00  7.62834e-05  7.62834e-05
6.017184115e-01  7.5313627e-05  1.00000e+00  7.62857e-05  7.62857e-05
6.018387552e-01  7.5351515e-05  1.00000e+00  7.62883e-05  7.62883e-05
6.019591229e-01  7.5388712e-05  1.00000e+00  7.62912e-05  7.62912e-05
6.020795148e-01  7.5421916e-05  1.00000e+00  7.62944e-05  7.62944e-05
6.021999307e-01  7.5449699e-05  1.00000e+00  7.62978e-05  7.62978e-05
6.023203706e-01  7.5472593e-05  1.00000e+00  7.63014e-05  7.63014e-05
6.024408347e-01  7.5492581e-05  1.00000e+00  7.63052e-05  7.63052e-05
6.025613229e-01  7.5512236e-05  1.00000e+00  7.63091e-05  7.63091e-05
6.026818352e-01  7.5533785e-05  1.00000e+00  7.63131e-05  7.63131e-05
6.028023715e-01  7.5558503e-05  1.00000e+00  7.63173e-05  7.63173e-05
6.029229320e-01  7.5586454e-05  1.00000e+00  7.63217e-05  7.63217e-05
6.030435166e-01  7.5616700e-05  1.00000e+00  7.63263e-05  7.63263e-05
6.031641253e-01  7.5647725e-05  1.00000e+00  7.63311e-05  7.63311e-05
6.032847581e-01  7.5677978e-05  1.00000e+00  7.63362e-05  7.63362e-05
6.034054151e-01  7.5706294e-05  1.00000e+00  7.63414e-05  7.63414e-05
6.035260961e-01  7.5732166e-05  1.00000e+00  7.63469e-05  7.63469e-05
6.036468014e-01  7.5755766e-05  1.00000e+00  7.63525e-05  7.63525e-05
6.037675307e-01  7.5777814e-05  1.00000e+00  7.63582e-05  7.63582e-05
6.038882842e-01  7.5799309e-05  1.00000e+00  7.63641e-05  7.63641e-05
6.040090619e-01  7.5821274e-05  1.00000e+00  7.63702e-05  7.63702e-05
6.041298637e-01  7.5844516e-05  1.00000e+00  7.63763e-05  7.63763e-05
6.042506897e-01  7.5869490e-05  1.00000e+00  7.63827e-05  7.63827e-05
6.043715398e-01  7.5896276e-05  1.00000e+00  7.63892e-05  7.63892e-05
6.044924141e-01  7.5924595e-05  1.00000e+00  7.63958e-05  7.63958e-05
6.046133126e-01  7.5953936e-05  1.00000e+00  7.64027e-05  7.64027e-05
6.047342353e-01  7.5983676e-05  1.00000e+00  7.64097e-05  7.64097e-05
6.048551821e-01  7.6013202e-05  1.00000e+00  7.64170e-05  7.64170e-05
6.049761531e-01  7.6042012e-05  1.00000e+00  7.64244e-05  7.64244e-05
6.050971484e-01  7.6069771e-05  1.00000e+00  7.64321e-05  7.64321e-05
6.052181678e-01  7.6096322e-05  1.00000e+00  7.64398e-05  7.64398e-05
6.053392114e-01  7.6121659e-05  1.00000e+00  7.64478e-05  7.64478e-05
6.054602793e-01  7.6145882e-05  1.00000e+00  7.64559e-05  7.64559e-05
6.055813713e-01  7.6169147e-05  1.00000e+00  7.64641e-05  7.64641e-05
6.057024876e-01  7.6191627e-05  1.00000e+00  7.64724e-05  7.64724e-05
6.058236281e-01  7.6213506e-05  1.00000e+00  7.64809e-05  7.64809e-05
6.059447928e-01  7.6234972e-05  1.00000e+00  7.64895e-05  7.64895e-05
6.060659818e-01  7.6256229e-05  1.00000e+00  7.64982e-05  7.64982e-05
6.061871950e-01  7.6277487e-05  1.00000e+00  7.65070e-05  7.65070e-05
6.063084324e-01  7.6298948e-05  1.00000e+00  7.65159e-05  7.65159e-05
6.064296941e-01  7.6320770e-05  1.00000e+00  7.65250e-05  7.65250e-05
6.065509801e-01  7.6343034e-05  1.00000e+00  7.65341e-05  7.65341e-05
6.066722902e-01  7.6365719e-05  1.00000e+00  7.65434e-05  7.65434e-05
6.067936247e-01  7.6388700e-05  1.00000e+00  7.65527e-05  7.65527e-05
6.069149834e-01  7.6411757e-05  1.00000e+00  7.65623e-05  7.65623e-05
6.070363664e-01  7.6434610e-05  1.00000e+00  7.65719e-05  7.65719e-05
6.071577737e-01  7.6456951e-05  1.00000e+00  7.65816e-05  7.65816e-05
6.072792053e-01  7.6478483e-05  1.00000e+00  7.65915e-05  7.65915e-05
6.074006611e-01  7.6498956e-05  1.00000e+00  7.66014e-05  7.66014e-05
6.075221412e-01  7.6518193e-05  1.00000e+00  7.66114e-05  7.66114e-05
6.076436457e-01  7.6536113e-05  1.00000e+00  7.66215e-05  7.66215e-05
6.077651744e-01  7.6552740e-05  1.00000e+00  7.66317e-05  7.66317e-05
6.078867274e-01  7.6568196e-05  1.00000e+00  7.66420e-05  7.66420e-05
6.080083048e-01  7.6582680e-05  1.00000e+00  7.66523e-05  7.66523e-05
6.081299064e-01  7.6596431e-05  1.00000e+00  7.66626e-05  7.66626e-05
6.082515324e-01  7.6609689e-05  1.00000e+00  7.66729e-05  7.66729e-05
6.083731827e-01  7.6622666e-05  1.00000e+00  7.66833e-05  7.66833e-05
6.084948574e-01  7.6635531e-05  1.00000e+00  7.66938e-05  7.66938e-05
6.086165563e-01  7.6648405e-05  1.00000e+00  7.67042e-05  7.67042e-05
6.087382796e-01  7.6661374e-05  1.00000e+00  7.67147e-05  7.67147e-05
6.088600273e-01  7.6674496e-05  1.00000e+00  7.67252e-05  7.67252e-05
6.089817993e-01  7.6687799e-05  1.00000e+00  7.67358e-05  7.67358e-05
6.091035957e-01  7.6701271e-05  1.00000e+00  7.67463e-05  7.67463e-05
6.092254164e-01  7.6714840e-05  1.00000e+00  7.67570e-05  7.67570e-05
6.093472615e-01  7.6728371e-05  1.00000e+00  7.67676e-05  7.67676e-05
6.094691309e-01  7.6741671e-05  1.00000e+00  7.67783e-05  7.67783e-05
6.095910247e-01  7.6754514e-05  1.00000e+00  7.67890e-05  7.67890e-05
6.097129429e-01  7.6766686e-05  1.00000e+00  7.67998e-05  7.67998e-05
6.098348855e-01  7.6778015e-05  1.00000e+00  7.68105e-05  7.68105e-05
6.099568525e-01  7.6788407e-05  1.00000e+00  7.68213e-05  7.68213e-05
6.100788439e-01  7.6797842e-05  1.00000e+00  7.68321e-05  7.68321e-05
6.102008596e-01  7.6806359e-05  1.00000e+00  7.68429e-05  7.68429e-05
6.103228998e-01  7.6814024e-05  1.00000e+00  7.68536e-05  7.68536e-05
6.104449644e-01  7.6820902e-05  1.00000e+00  7.68644e-05  7.68644e-05
6.105670534e-01  7.6827038e-05  1.00000e+00  7.68751e-05  7.68751e-05
6.106891668e-01  7.6832464e-05  1.00000e+00  7.68858e-05  7.68858e-05
6.108113046e-01  7.6837221e-05  1.00000e+00  7.68965e-05  7.68965e-05
6.109334669e-01  7.6841384e-05  1.00000e+00  7.69071e-05  7.69071e-05
6.110556536e-01  7.6845083e-05  1.00000e+00  7.69177e-05  7.69177e-05
6.111778647e-01  7.6848496e-05  1.00000e+00  7.69282e-05  7.69282e-05
6.113001003e-01  7.6851814e-05  1.00000e+00  7.69387e-05  7.69387e-05
6.114223603e-01  7.6855198e-05  1.00000e+00  7.69492e-05  7.69492e-05
6.115446448e-01  7.6858731e-05  1.00000e+00  7.69596e-05  7.69596e-05
6.116669537e-01  7.6862392e-05  1.00000e+00  7.69699e-05  7.69699e-05
6.117892871e-01  7.6866065e-05  1.00000e+00  7.69803e-05  7.69803e-05
6.119116450e-01  7.6869585e-05  1.00000e+00  7.69905e-05  7.69905e-05
6.120340273e-01  7.6872799e-05  1.00000e+00  7.70008e-05  7.70008e-05
6.121564341e-01  7.6875627e-05  1.00000e+00  7.70110e-05  7.70110e-05
6.122788654e-01  7.6878093e-05  1.00000e+00  7.70211e-05  7.70211e-05
6.124013212e-01  7.6880316e-05  1.00000e+00  7.70312e-05  7.70312e-05
6.125238014e-01  7.6882457e-05  1.00000e+00  7.70412e-05  7.70412e-05
6.126463062e-01  7.6884649e-05  1.00000e+00  7.70512e-05  7.70512e-05
6.127688354e-01  7.6886945e-05  1.00000e+00  7.70612e-05  7.70612e-05
6.128913892e-01  7.6889286e-05  1.00000e+00  7.70711e-05  7.70711e-05
6.130139675e-01  7.6891526e-05  1.00000e+00  7.70809e-05  7.70809e-05
6.131365703e-01  7.6893474e-05  1.00000e+00  7.70907e-05  7.70907e-05
6.132591976e-01  7.6894959e-05  1.00000e+00  7.71005e-05  7.71005e-05
6.133818494e-01  7.6895859e-05  1.00000e+00  7.71102e-05  7.71102e-05
6.135045258e-01  7.6896118e-05  1.00000e+00  7.71198e-05  7.71198e-05
6.136272267e-01  7.6895728e-05  1.00000e+00  7.71293e-05  7.71293e-05
6.137499522e-01  7.6894708e-05  1.00000e+00  7.71388e-05  7.71388e-05
6.138727021e-01  7.6893088e-05  1.00000e+00  7.71483e-05  7.71483e-05
6.139954767e-01  7.6890905e-05  1.00000e+00  7.71576e-05  7.71576e-05
6.141182758e-01  7.6888216e-05  1.00000e+00  7.71669e-05  7.71669e-05
6.142410994e-01  7.6885112e-05  1.00000e+00  7.71761e-05  7.71761e-05
6.143639477e-01  7.6881720e-05  1.00000e+00  7.71852e-05  7.71852e-05
6.144868204e-01  7.6878204e-05  1.00000e+00  7.71942e-05  7.71942e-05
6.146097178e-01  7.6874743e-05  1.00000e+00  7.72031e-05  7.72031e-05
6.147326398e-01  7.6871508e-05  1.00000e+00  7.72119e-05  7.72119e-05
6.148555863e-01  7.6868632e-05  1.00000e+00  7.72207e-05  7.72207e-05
6.149785574e-01  7.6866190e-05  1.00000e+00  7.72293e-05  7.72293e-05
6.151015531e-01  7.6864181e-05  1.00000e+00  7.72379e-05  7.72379e-05
6.152245734e-01  7.6862527e-05  1.00000e+00  7.72465e-05  7.72465e-05
6.153476183e-01  7.6861082e-05  1.00000e+00  7.72549e-05  7.72549e-05
6.154706879e-01  7.6859664e-05  1.00000e+00  7.72633e-05  7.72633e-05
6.155937820e-01  7.6858079e-05  1.00000e+00  7.72717e-05  7.72717e-05
6.157169008e-01  7.6856156e-05  1.00000e+00  7.72799e-05  7.72799e-05
6.158400441e-01  7.6853766e-05  1.00000e+00  7.72881e-05  7.72881e-05
6.159632121e-01  7.6850825e-05  1.00000e+00  7.72963e-05  7.72963e-05
6.160864048e-01  7.6847291e-05  1.00000e+00  7.73043e-05  7.73043e-05
6.162096221e-01  7.6843143e-05  1.00000e+00  7.73123e-05  7.73123e-05
6.163328640e-01  7.6838371e-05  1.00000e+00  7.73202e-05  7.73202e-05
6.164561306e-01  7.6832970e-05  1.00000e+00  7.73280e-05  7.73280e-05
6.165794218e-01  7.6826945e-05  1.00000e+00  7.73357e-05  7.73357e-05
6.167027377e-01  7.6820325e-05  1.00000e+00  7.73433e-05  7.73433e-05
6.168260782e-01  7.6813182e-05  1.00000e+00  7.73507e-05  7.73507e-05
6.169494434e-01  7.6805635e-05  1.00000e+00  7.73581e-05  7.73581e-05
6.170728333e-01  7.6797846e-05  1.00000e+00  7.73654e-05  7.73654e-05
6.171962479e-01  7.6789996e-05  1.00000e+00  7.73726e-05  7.73726e-05
6.173196871e-01  7.6782251e-05  1.00000e+00  7.73797e-05  7.73797e-05
6.174431511e-01  7.6774735e-05  1.00000e+00  7.73867e-05  7.73867e-05
6.175666397e-01  7.6767507e-05  1.00000e+00  7.73935e-05  7.73935e-05
6.176901530e-01  7.6760549e-05  1.00000e+00  7.74003e-05  7.74003e-05
6.178136911e-01  7.6753779e-05  1.00000e+00  7.74070e-05  7.74070e-05
6.179372538e-01  7.6747063e-05  1.00000e+00  7.74136e-05  7.74136e-05
6.180608413e-01  7.6740244e-05  1.00000e+00  7.74201e-05  7.74201e-05
6.181844534e-01  7.6733165e-05  1.00000e+00  7.74265e-05  7.74265e-05
6.183080903e-01  7.6725689e-05  1.00000e+00  7.74328e-05  7.74328e-05
6.184317519e-01  7.6717717e-05  1.00000e+00  7.74390e-05  7.74390e-05
6.185554383e-01  7.6709190e-05  1.00000e+00  7.74451e-05  7.74451e-05
6.186791494e-01  7.6700093e-05  1.00000e+00  7.74511e-05  7.74511e-05
6.188028852e-01  7.6690445e-05  1.00000e+00  7.74570e-05  7.74570e-05
6.189266458e-01  7.6680299e-05  1.00000e+00  7.74628e-05  7.74628e-05
6.190504311e-01  7.6669734e-05  1.00000e+00  7.74685e-05  7.74685e-05
6.191742412e-01  7.6658851e-05  1.00000e+00  7.74740e-05  7.74740e-05
6.192980760e-01  7.6647769e-05  1.00000e+00  7.74795e-05  7.74795e-05
6.194219357e-01  7.6636612e-05  1.00000e+00  7.74848e-05  7.74848e-05
6.195458200e-01  7.6625493e-05  1.00000e+00  7.74900e-05  7.74900e-05
6.196697292e-01  7.6614502e-05  1.00000e+00  7.74951e-05  7.74951e-05
6.197936632e-01  7.6603693e-05  1.00000e+00  7.75000e-05  7.75000e-05
6.199176219e-01  7.6593079e-05  1.00000e+00  7.75049e-05  7.75049e-05
6.200416054e-01  7.6582637e-05  1.00000e+00  7.75097e-05  7.75097e-05
6.201656137e-01  7.6572325e-05  1.00000e+00  7.75143e-05  7.75143e-05
6.202896469e-01  7.6562083e-05  1.00000e+00  7.75189e-05  7.75189e-05
6.204137048e-01  7.6551848e-05  1.00000e+00  7.75233e-05  7.75233e-05
6.205377875e-01  7.6541561e-05  1.00000e+00  7.75277e-05  7.75277e-05
6.206618951e-01  7.6531168e-05  1.00000e+00  7.75319e-05  7.75319e-05
6.207860275e-01  7.6520633e-05  1.00000e+00  7.75360e-05  7.75360e-05
6.209101847e-01  7.6509943e-05  1.00000e+00  7.75401e-05  7.75401e-05
6.210343667e-01  7.6499121e-05  1.00000e+00  7.75440e-05  7.75440e-05
6.211585736e-01  7.6488222e-05  1.00000e+00  7.75478e-05  7.75478e-05
6.212828053e-01  7.6477331e-05  1.00000e+00  7.75515e-05  7.75515e-05
6.214070619e-01  7.6466539e-05  1.00000e+00  7.75551e-05  7.75551e-05
6.215313433e-01  7.6455930e-05  1.00000e+00  7.75587e-05  7.75587e-05
6.216556495e-01  7.6445559e-05  1.00000e+00  7.75621e-05  7.75621e-05
6.217799807e-01  7.6435440e-05  1.00000e+00  7.75654e-05  7.75654e-05
6.219043367e-01  7.6425543e-05  1.00000e+00  7.75686e-05  7.75686e-05
6.220287175e-01  7.6415794e-05  1.00000e+00  7.75718e-05  7.75718e-05
6.221531233e-01  7.6406076e-05  1.00000e+00  7.75748e-05  7.75748e-05
6.222775539e-01  7.6396236e-05  1.00000e+00  7.75778e-05  7.75778e-05
6.224020094e-01  7.6386104e-05  1.00000e+00  7.75807e-05  7.75807e-05
6.225264898e-01  7.6375517e-05  1.00000e+00  7.75834e-05  7.75834e-05
6.226509951e-01  7.6364361e-05  1.00000e+00  7.75861e-05  7.75861e-05
6.227755253e-01  7.6352613e-05  1.00000e+00  7.75887e-05  7.75887e-05
6.229000804e-01  7.6340373e-05  1.00000e+00  7.75912e-05  7.75912e-05
6.230246604e-01  7.6327873e-05  1.00000e+00  7.75936e-05  7.75936e-05
6.231492654e-01  7.6315455e-05  1.00000e+00  7.75959e-05  7.75959e-05
6.232738952e-01  7.6303518e-05  1.00000e+00  7.75980e-05  7.75980e-05
6.233985500e-01  7.6292450e-05  1.00000e+00  7.76001e-05  7.76001e-05
6.235232297e-01  7.6282555e-05  1.00000e+00  7.76021e-05  7.76021e-05
6.236479343e-01  7.6274013e-05  1.00000e+00  7.76040e-05  7.76040e-05
6.237726639e-01  7.6266851e-05  1.00000e+00  7.76059e-05  7.76059e-05
6.238974185e-01  7.6260987e-05  1.00000e+00  7.76077e-05  7.76077e-05
6.240221980e-01  7.6256273e-05  1.00000e+00  7.76094e-05  7.76094e-05
6.241470024e-01  7.6252576e-05  1.00000e+00  7.76111e-05  7.76111e-05
6.242718318e-01  7.6249830e-05  1.00000e+00  7.76128e-05  7.76128e-05
6.243966862e-01  7.6248022e-05  1.00000e+00  7.76145e-05  7.76145e-05
6.245215655e-01  7.6247143e-05  1.00000e+00  7.76161e-05  7.76161e-05
6.246464698e-01  7.6247053e-05  1.00000e+00  7.76178e-05  7.76178e-05
6.247713991e-01  7.6247369e-05  1.00000e+00  7.76195e-05  7.76195e-05
6.248963534e-01  7.6247404e-05  1.00000e+00  7.76211e-05  7.76211e-05
6.250213327e-01  7.6246260e-05  1.00000e+00  7.76228e-05  7.76228e-05
6.251463369e-01  7.6242982e-05  1.00000e+00  7.76244e-05  7.76244e-05
6.252713662e-01  7.6236592e-05  1.00000e+00  7.76260e-05  7.76260e-05
6.253964205e-01  7.6225783e-05  1.00000e+00  7.76275e-05  7.76275e-05
6.255214997e-01  7.6209384e-05  1.00000e+00  7.76289e-05  7.76289e-05
6.256466040e-01  7.6184726e-05  1.00000e+00  7.76302e-05  7.76302e-05
6.257717334e-01  7.6144436e-05  1.00000e+00  7.76312e-05  7.76312e-05
6.258968877e-01  7.6071684e-05  1.00000e+00  7.76318e-05  7.76318e-05
6.260220671e-01  7.5933590e-05  1.00000e+00  7.76316e-05  7.76316e-05
6.261472715e-01  7.5670376e-05  1.00000e+00  7.76299e-05  7.76299e-05
6.262725010e-01  7.5184521e-05  1.00000e+00  7.76253e-05  7.76253e-05
6.263977555e-01  7.4332382e-05  1.00000e+00  7.76156e-05  7.76156e-05
6.265230350e-01  7.2927086e-05  1.00000e+00  7.75973e-05  7.75973e-05
6.266483396e-01  7.0760737e-05  1.00000e+00  7.75652e-05  7.75652e-05
6.267736693e-01  6.7657947e-05  1.00000e+00  7.75126e-05  7.75126e-05
6.268990240e-01  6.3555910e-05  1.00000e+00  7.74321e-05  7.74321e-05
6.270244038e-01  5.8603356e-05  1.00000e+00  7.73164e-05  7.73164e-05
6.271498087e-01  5.3237514e-05  1.00000e+00  7.71605e-05  7.71605e-05
6.272752387e-01  4.8201894e-05  1.00000e+00  7.69642e-05  7.69642e-05
6.274006937e-01  4.4461121e-05  1.00000e+00  7.67342e-05  7.67342e-05
6.275261739e-01  4.3003955e-05  1.00000e+00  7.64848e-05  7.64848e-05
6.276516791e-01  4.4574866e-05  1.00000e+00  7.62374e-05  7.62374e-05
6.277772094e-01  4.9409609e-05  1.00000e+00  7.60172e-05  7.60172e-05
6.279027649e-01  5.7080436e-05  1.00000e+00  7.58483e-05  7.58483e-05
6.280283454e-01  6.6524994e-05  1.00000e+00  7.57491e-05  7.57491e-05
6.281539511e-01  7.6268691e-05  1.00000e+00  7.57272e-05  7.57272e-05
6.282795819e-01  8.4782491e-05  1.00000e+00  7.57784e-05  7.57784e-05
6.284052378e-01  9.0858977e-05  1.00000e+00  7.58873e-05  7.58873e-05
6.285309188e-01  9.3882567e-05  1.00000e+00  7.60315e-05  7.60315e-05
6.286566250e-01  9.3918198e-05  1.00000e+00  7.61864e-05  7.61864e-05
6.287823563e-01  9.1608002e-05  1.00000e+00  7.63307e-05  7.63307e-05
6.289081128e-01  8.7930750e-05  1.00000e+00  7.64497e-05  7.64497e-05
6.290338944e-01  8.3918595e-05  1.00000e+00  7.65368e-05  7.65368e-05
6.291597012e-01  8.0418475e-05  1.00000e+00  7.65933e-05  7.65933e-05
6.292855332e-01  7.7954513e-05  1.00000e+00  7.66257e-05  7.66257e-05
6.294113903e-01  7.6703507e-05  1.00000e+00  7.66431e-05  7.66431e-05
6.295372725e-01  7.6559255e-05  1.00000e+00  7.66551e-05  7.66551e-05
6.296631800e-01  7.7242398e-05  1.00000e+00  7.66693e-05  7.66693e-05
6.297891126e-01  7.8413397e-05  1.00000e+00  7.66908e-05  7.66908e-05
6.299150705e-01  7.9759801e-05  1.00000e+00  7.67223e-05  7.67223e-05
6.300410535e-01  8.1046652e-05  1.00000e+00  7.67640e-05  7.67640e-05
6.301670617e-01  8.2132545e-05  1.00000e+00  7.68148e-05  7.68148e-05
6.302930951e-01  8.2960314e-05  1.00000e+00  7.68727e-05  7.68727e-05
6.304191537e-01  8.3534296e-05  1.00000e+00  7.69357e-05  7.69357e-05
6.305452375e-01  8.3893053e-05  1.00000e+00  7.70019e-05  7.70019e-05
6.306713466e-01  8.4085374e-05  1.00000e+00  7.70696e-05  7.70696e-05
6.307974809e-01  8.4151806e-05  1.00000e+00  7.71379e-05  7.71379e-05
6.309236404e-01  8.4116348e-05  1.00000e+00  7.72057e-05  7.72057e-05
6.310498251e-01  8.3987718e-05  1.00000e+00  7.72724e-05  7.72724e-05
6.311760351e-01  8.3766983e-05  1.00000e+00  7.73371e-05  7.73371e-05
6.313022703e-01  8.3456117e-05  1.00000e+00  7.73993e-05  7.73993e-05
6.314285307e-01  8.3066241e-05  1.00000e+00  7.74582e-05  7.74582e-05
6.315548164e-01  8.2620331e-05  1.00000e+00  7.75134e-05  7.75134e-05
6.316811274e-01  8.2151046e-05  1.00000e+00  7.75646e-05  7.75646e-05
6.318074636e-01  8.1693637e-05  1.00000e+00  7.76117e-05  7.76117e-05
6.319338251e-01  8.1279055e-05  1.00000e+00  7.76550e-05  7.76550e-05
6.320602119e-01  8.0925829e-05  1.00000e+00  7.76950e-05  7.76950e-05
6.321866239e-01  8.0638897e-05  1.00000e+00  7.77322e-05  7.77322e-05
6.323130612e-01  8.0408637e-05  1.00000e+00  7.77671e-05  7.77671e-05
6.324395238e-01  8.0217419e-05  1.00000e+00  7.78001e-05  7.78001e-05
6.325660117e-01  8.0045370e-05  1.00000e+00  7.78315e-05  7.78315e-05
6.326925250e-01  7.9876227e-05  1.00000e+00  7.78613e-05  7.78613e-05
6.328190635e-01  7.9702551e-05  1.00000e+00  7.78895e-05  7.78895e-05
6.329456273e-01  7.9524252e-05  1.00000e+00  7.79162e-05  7.79162e-05
6.330722164e-01  7.9347327e-05  1.00000e+00  7.79413e-05  7.79413e-05
6.331988308e-01  7.9180233e-05  1.00000e+00  7.79648e-05  7.79648e-05
6.333254706e-01  7.9028954e-05  1.00000e+00  7.79869e-05  7.79869e-05
6.334521357e-01  7.8896365e-05  1.00000e+00  7.80078e-05  7.80078e-05
6.335788261e-01  7.8782761e-05  1.00000e+00  7.80275e-05  7.80275e-05
6.337055419e-01  7.8686402e-05  1.00000e+00  7.80463e-05  7.80463e-05
6.338322830e-01  7.8606306e-05  1.00000e+00  7.80642e-05  7.80642e-05
6.339590495e-01  7.8543369e-05  1.00000e+00  7.80815e-05  7.80815e-05
6.340858413e-01  7.8499301e-05  1.00000e+00  7.80982e-05  7.80982e-05
6.342126584e-01  7.8476047e-05  1.00000e+00  7.81146e-05  7.81146e-05
6.343395010e-01  7.8474109e-05  1.00000e+00  7.81307e-05  7.81307e-05
6.344663689e-01  7.8491330e-05  1.00000e+00  7.81468e-05  7.81468e-05
6.345932621e-01  7.8522641e-05  1.00000e+00  7.81629e-05  7.81629e-05
6.347201808e-01  7.8560886e-05  1.00000e+00  7.81792e-05  7.81792e-05
6.348471248e-01  7.8598143e-05  1.00000e+00  7.81957e-05  7.81957e-05
6.349740943e-01  7.8627218e-05  1.00000e+00  7.82124e-05  7.82124e-05
6.351010891e-01  7.8642931e-05  1.00000e+00  7.82291e-05  7.82291e-05
6.352281093e-01  7.8643135e-05  1.00000e+00  7.82457e-05  7.82457e-05
6.353551549e-01  7.8629066e-05  1.00000e+00  7.82622e-05  7.82622e-05
6.354822259e-01  7.8604695e-05  1.00000e+00  7.82784e-05  7.82784e-05
6.356093224e-01  7.8575817e-05  1.00000e+00  7.82942e-05  7.82942e-05
6.357364443e-01  7.8548343e-05  1.00000e+00  7.83098e-05  7.83098e-05
6.358635915e-01  7.8526643e-05  1.00000e+00  7.83250e-05  7.83250e-05
6.359907643e-01  7.8512277e-05  1.00000e+00  7.83400e-05  7.83400e-05
6.361179624e-01  7.8503823e-05  1.00000e+00  7.83548e-05  7.83548e-05
6.362451860e-01  7.8497830e-05  1.00000e+00  7.83694e-05  7.83694e-05
6.363724350e-01  7.8490613e-05  1.00000e+00  7.83839e-05  7.83839e-05
6.364997095e-01  7.8480135e-05  1.00000e+00  7.83982e-05  7.83982e-05
6.366270095e-01  7.8467133e-05  1.00000e+00  7.84124e-05  7.84124e-05
6.367543349e-01  7.8454949e-05  1.00000e+00  7.84263e-05  7.84263e-05
6.368816857e-01  7.8448087e-05  1.00000e+00  7.84401e-05  7.84401e-05
6.370090621e-01  7.8450167e-05  1.00000e+00  7.84537e-05  7.84537e-05
6.371364639e-01  7.8462150e-05  1.00000e+00  7.84673e-05  7.84673e-05
6.372638912e-01  7.8481695e-05  1.00000e+00  7.84809e-05  7.84809e-05
6.373913440e-01  7.8503817e-05  1.00000e+00  7.84946e-05  7.84946e-05
6.375188222e-01  7.8522657e-05  1.00000e+00  7.85084e-05  7.85084e-05
6.376463260e-01  7.8533484e-05  1.00000e+00  7.85222e-05  7.85222e-05
6.377738553e-01  7.8534125e-05  1.00000e+00  7.85359e-05  7.85359e-05
6.379014100e-01  7.8525380e-05  1.00000e+00  7.85496e-05  7.85496e-05
6.380289903e-01  7.8510327e-05  1.00000e+00  7.85630e-05  7.85630e-05
6.381565961e-01  7.8492963e-05  1.00000e+00  7.85762e-05  7.85762e-05
6.382842274e-01  7.8476850e-05  1.00000e+00  7.85892e-05  7.85892e-05
6.384118843e-01  7.8464255e-05  1.00000e+00  7.86020e-05  7.86020e-05
6.385395667e-01  7.8455985e-05  1.00000e+00  7.86146e-05  7.86146e-05
6.386672746e-01  7.8451754e-05  1.00000e+00  7.86271e-05  7.86271e-05
6.387950080e-01  7.8450756e-05  1.00000e+00  7.86394e-05  7.86394e-05
6.389227670e-01  7.8452101e-05  1.00000e+00  7.86517e-05  7.86517e-05
6.390505516e-01  7.8454988e-05  1.00000e+00  7.86639e-05  7.86639e-05
6.391783617e-01  7.8458682e-05  1.00000e+00  7.86761e-05  7.86761e-05
6.393061974e-01  7.8462435e-05  1.00000e+00  7.86882e-05  7.86882e-05
6.394340586e-01  7.8465505e-05  1.00000e+00  7.87003e-05  7.87003e-05
6.395619454e-01  7.8467251e-05  1.00000e+00  7.87123e-05  7.87123e-05
6.396898578e-01  7.8467258e-05  1.00000e+00  7.87242e-05  7.87242e-05
6.398177958e-01  7.8465389e-05  1.00000e+00  7.87360e-05  7.87360e-05
6.399457593e-01  7.8461747e-05  1.00000e+00  7.87478e-05  7.87478e-05
6.400737485e-01  7.8456619e-05  1.00000e+00  7.87594e-05  7.87594e-05
6.402017632e-01  7.8450443e-05  1.00000e+00  7.87709e-05  7.87709e-05
6.403298036e-01  7.8443812e-05  1.00000e+00  7.87823e-05  7.87823e-05
6.404578695e-01  7.8437448e-05  1.00000e+00  7.87935e-05  7.87935e-05
6.405859611e-01  7.8432074e-05  1.00000e+00  7.88047e-05  7.88047e-05
6.407140783e-01  7.8428194e-05  1.00000e+00  7.88157e-05  7.88157e-05
6.408422211e-01  7.8425814e-05  1.00000e+00  7.88266e-05  7.88266e-05
6.409703896e-01  7.8424362e-05  1.00000e+00  7.88375e-05  7.88375e-05
6.410985836e-01  7.8422775e-05  1.00000e+00  7.88482e-05  7.88482e-05
6.412268034e-01  7.8419861e-05  1.00000e+00  7.88589e-05  7.88589e-05
6.413550487e-01  7.8414657e-05  1.00000e+00  7.88695e-05  7.88695e-05
6.414833197e-01  7.8406677e-05  1.00000e+00  7.88800e-05  7.88800e-05
6.416116164e-01  7.8395901e-05  1.00000e+00  7.88903e-05  7.88903e-05
6.417399387e-01  7.8382576e-05  1.00000e+00  7.89005e-05  7.89005e-05
6.418682867e-01  7.8366972e-05  1.00000e+00  7.89105e-05  7.89105e-05
6.419966604e-01  7.8349286e-05  1.00000e+00  7.89203e-05  7.89203e-05
6.421250597e-01  7.8329719e-05  1.00000e+00  7.89300e-05  7.89300e-05
6.422534847e-01  7.8308664e-05  1.00000e+00  7.89394e-05  7.89394e-05
6.423819354e-01  7.8286880e-05  1.00000e+00  7.89485e-05  7.89485e-05
6.425104118e-01  7.8265548e-05  1.00000e+00  7.89575e-05  7.89575e-05
6.426389139e-01  7.8246150e-05  1.00000e+00  7.89662e-05  7.89662e-05
6.427674417e-01  7.8230209e-05  1.00000e+00  7.89748e-05  7.89748e-05
6.428959951e-01  7.8218928e-05  1.00000e+00  7.89832e-05  7.89832e-05
6.430245743e-01  7.8212765e-05  1.00000e+00  7.89915e-05  7.89915e-05
6.431531793e-01  7.8211121e-05  1.00000e+00  7.89997e-05  7.89997e-05
6.432818099e-01  7.8212165e-05  1.00000e+00  7.90079e-05  7.90079e-05
6.434104663e-01  7.8213093e-05  1.00000e+00  7.90160e-05  7.90160e-05
6.435391484e-01  7.8210750e-05  1.00000e+00  7.90241e-05  7.90241e-05
6.436678562e-01  7.8202606e-05  1.00000e+00  7.90321e-05  7.90321e-05
6.437965898e-01  7.8187498e-05  1.00000e+00  7.90400e-05  7.90400e-05
6.439253491e-01  7.8166038e-05  1.00000e+00  7.90476e-05  7.90476e-05
6.440541341e-01  7.8140259e-05  1.00000e+00  7.90551e-05  7.90551e-05
6.441829450e-01  7.8112629e-05  1.00000e+00  7.90623e-05  7.90623e-05
6.443117816e-01  7.8084764e-05  1.00000e+00  7.90692e-05  7.90692e-05
6.444406439e-01  7.8056362e-05  1.00000e+00  7.90759e-05  7.90759e-05
6.445695320e-01  7.8024757e-05  1.00000e+00  7.90823e-05  7.90823e-05
6.446984459e-01  7.7985529e-05  1.00000e+00  7.90885e-05  7.90885e-05
6.448273856e-01  7.7933643e-05  1.00000e+00  7.90942e-05  7.90942e-05
6.449563511e-01  7.7865284e-05  1.00000e+00  7.90995e-05  7.90995e-05
6.450853424e-01  7.7779267e-05  1.00000e+00  7.91041e-05  7.91041e-05
6.452143595e-01  7.7677922e-05  1.00000e+00  7.91080e-05  7.91080e-05
6.453434023e-01  7.7566854e-05  1.00000e+00  7.91111e-05  7.91111e-05
6.454724710e-01  7.7453524e-05  1.00000e+00  7.91133e-05  7.91133e-05
6.456015655e-01  7.7345286e-05  1.00000e+00  7.91146e-05  7.91146e-05
6.457306858e-01  7.7247297e-05  1.00000e+00  7.91152e-05  7.91152e-05
6.458598320e-01  7.7160544e-05  1.00000e+00  7.91150e-05  7.91150e-05
6.459890039e-01  7.7081100e-05  1.00000e+00  7.91142e-05  7.91142e-05
6.461182017e-01  7.7000377e-05  1.00000e+00  7.91129e-05  7.91129e-05
6.462474254e-01  7.6906528e-05  1.00000e+00  7.91109e-05  7.91109e-05
6.463766748e-01  7.6787236e-05  1.00000e+00  7.91082e-05  7.91082e-05
6.465059502e-01  7.6633321e-05  1.00000e+00  7.91044e-05  7.91044e-05
6.466352514e-01  7.6442877e-05  1.00000e+00  7.90994e-05  7.90994e-05
6.467645784e-01  7.6225349e-05  1.00000e+00  7.90928e-05  7.90928e-05
6.468939313e-01  7.6003547e-05  1.00000e+00  7.90847e-05  7.90847e-05
6.470233101e-01  7.5813069e-05  1.00000e+00  7.90750e-05  7.90750e-05
6.471527148e-01  7.5696780e-05  1.00000e+00  7.90642e-05  7.90642e-05
6.472821453e-01  7.5695688e-05  1.00000e+00  7.90530e-05  7.90530e-05
6.474116018e-01  7.5837396e-05  1.00000e+00  7.90425e-05  7.90425e-05
6.475410841e-01  7.6126548e-05  1.00000e+00  7.90336e-05  7.90336e-05
6.476705923e-01  7.6540973e-05  1.00000e+00  7.90276e-05  7.90276e-05
6.478001264e-01  7.7035589e-05  1.00000e+00  7.90251e-05  7.90251e-05
6.479296864e-01  7.7552950e-05  1.00000e+00  7.90265e-05  7.90265e-05
6.480592724e-01  7.8036678e-05  1.00000e+00  7.90318e-05  7.90318e-05
6.481888842e-01  7.8442990e-05  1.00000e+00  7.90404e-05  7.90404e-05
6.483185220e-01  7.8747165e-05  1.00000e+00  7.90517e-05  7.90517e-05
6.484481857e-01  7.8944625e-05  1.00000e+00  7.90649e-05  7.90649e-05
6.485778753e-01  7.9048374e-05  1.00000e+00  7.90791e-05  7.90791e-05
6.487075909e-01  7.9084941e-05  1.00000e+00  7.90937e-05  7.90937e-05
6.488373324e-01  7.9089926e-05  1.00000e+00  7.91084e-05  7.91084e-05
6.489670999e-01  7.9102672e-05  1.00000e+00  7.91230e-05  7.91230e-05
6.490968933e-01  7.9158775e-05  1.00000e+00  7.91377e-05  7.91377e-05
6.492267127e-01  7.9281439e-05  1.00000e+00  7.91530e-05  7.91530e-05
6.493565580e-01  7.9473394e-05  1.00000e+00  7.91694e-05  7.91694e-05
6.494864294e-01  7.9712379e-05  1.00000e+00  7.91874e-05  7.91874e-05
6.496163266e-01  7.9954003e-05  1.00000e+00  7.92071e-05  7.92071e-05
6.497462499e-01  8.0141064e-05  1.00000e+00  7.92283e-05  7.92283e-05
6.498761992e-01  8.0217461e-05  1.00000e+00  7.92504e-05  7.92504e-05
6.500061744e-01  8.0141597e-05  1.00000e+00  7.92724e-05  7.92724e-05
6.501361756e-01  7.9894694e-05  1.00000e+00  7.92930e-05  7.92930e-05
6.502662029e-01  7.9481949e-05  1.00000e+00  7.93110e-05  7.93110e-05
6.503962561e-01  7.8927611e-05  1.00000e+00  7.93252e-05  7.93252e-05
6.505263354e-01  7.8268128e-05  1.00000e+00  7.93346e-05  7.93346e-05
6.506564406e-01  7.7547612e-05  1.00000e+00  7.93388e-05  7.93388e-05
6.507865719e-01  7.6817943e-05  1.00000e+00  7.93374e-05  7.93374e-05
6.509167292e-01  7.6142377e-05  1.00000e+00  7.93307e-05  7.93307e-05
6.510469126e-01  7.5597210e-05  1.00000e+00  7.93194e-05  7.93194e-05
6.511771220e-01  7.5266236e-05  1.00000e+00  7.93048e-05  7.93048e-05
6.513073574e-01  7.5225682e-05  1.00000e+00  7.92889e-05  7.92889e-05
6.514376189e-01  7.5521691e-05  1.00000e+00  7.92740e-05  7.92740e-05
6.515679064e-01  7.6148739e-05  1.00000e+00  7.92627e-05  7.92627e-05
6.516982200e-01  7.7039122e-05  1.00000e+00  7.92574e-05  7.92574e-05
6.518285596e-01  7.8069996e-05  1.00000e+00  7.92594e-05  7.92594e-05
6.519589253e-01  7.9088382e-05  1.00000e+00  7.92692e-05  7.92692e-05
6.520893171e-01  7.9946534e-05  1.00000e+00  7.92862e-05  7.92862e-05
6.522197350e-01  8.0534957e-05  1.00000e+00  7.93085e-05  7.93085e-05
6.523501789e-01  8.0803789e-05  1.00000e+00  7.93340e-05  7.93340e-05
6.524806489e-01  8.0766094e-05  1.00000e+00  7.93601e-05  7.93601e-05
6.526111451e-01  8.0486078e-05  1.00000e+00  7.93849e-05  7.93849e-05
6.527416673e-01  8.0057241e-05  1.00000e+00  7.94067e-05  7.94067e-05
6.528722156e-01  7.9578814e-05  1.00000e+00  7.94249e-05  7.94249e-05
6.530027901e-01  7.9135331e-05  1.00000e+00  7.94394e-05  7.94394e-05
6.531333906e-01  7.8781963e-05  1.00000e+00  7.94508e-05  7.94508e-05
6.532640173e-01  7.8537811e-05  1.00000e+00  7.94599e-05  7.94599e-05
6.533946701e-01  7.8387744e-05  1.00000e+00  7.94675e-05  7.94675e-05
6.535253491e-01  7.8292467e-05  1.00000e+00  7.94741e-05  7.94741e-05
6.536560541e-01  7.8204769e-05  1.00000e+00  7.94800e-05  7.94800e-05
6.537867853e-01  7.8087417e-05  1.00000e+00  7.94851e-05  7.94851e-05
6.539175427e-01  7.7926386e-05  1.00000e+00  7.94892e-05  7.94892e-05
6.540483262e-01  7.7735021e-05  1.00000e+00  7.94919e-05  7.94919e-05
6.541791359e-01  7.7547565e-05  1.00000e+00  7.94931e-05  7.94931e-05
6.543099717e-01  7.7405558e-05  1.00000e+00  7.94931e-05  7.94931e-05
6.544408337e-01  7.7342764e-05  1.00000e+00  7.94923e-05  7.94923e-05
6.545717219e-01  7.7375177e-05  1.00000e+00  7.94914e-05  7.94914e-05
6.547026362e-01  7.7498591e-05  1.00000e+00  7.94911e-05  7.94911e-05
6.548335767e-01  7.7693264e-05  1.00000e+00  7.94920e-05  7.94920e-05
6.549645434e-01  7.7932260e-05  1.00000e+00  7.94946e-05  7.94946e-05
6.550955364e-01  7.8188471e-05  1.00000e+00  7.94991e-05  7.94991e-05
6.552265555e-01  7.8438849e-05  1.00000e+00  7.95054e-05  7.95054e-05
6.553576008e-01  7.8664987e-05  1.00000e+00  7.95135e-05  7.95135e-05
6.554886723e-01  7.8852721e-05  1.00000e+00  7.95231e-05  7.95231e-05
6.556197700e-01  7.8992005e-05  1.00000e+00  7.95339e-05  7.95339e-05
6.557508940e-01  7.9078085e-05  1.00000e+00  7.95455e-05  7.95455e-05
6.558820442e-01  7.9112504e-05  1.00000e+00  7.95574e-05  7.95574e-05
6.560132206e-01  7.9102845e-05  1.00000e+00  7.95694e-05  7.95694e-05
6.561444232e-01  7.9060288e-05  1.00000e+00  7.95811e-05  7.95811e-05
6.562756521e-01  7.8996199e-05  1.00000e+00  7.95923e-05  7.95923e-05
6.564069072e-01  7.8919202e-05  1.00000e+00  7.96029e-05  7.96029e-05
6.565381886e-01  7.8834962e-05  1.00000e+00  7.96128e-05  7.96128e-05
6.566694962e-01  7.8748448e-05  1.00000e+00  7.96221e-05  7.96221e-05
6.568008301e-01  7.8667148e-05  1.00000e+00  7.96306e-05  7.96306e-05
6.569321903e-01  7.8602737e-05  1.00000e+00  7.96385e-05  7.96385e-05
6.570635767e-01  7.8569434e-05  1.00000e+00  7.96461e-05  7.96461e-05
6.571949895e-01  7.8579089e-05  1.00000e+00  7.96534e-05  7.96534e-05
6.573264285e-01  7.8635434e-05  1.00000e+00  7.96610e-05  7.96610e-05
6.574578937e-01  7.8730421e-05  1.00000e+00  7.96691e-05  7.96691e-05
6.575893853e-01  7.8844875e-05  1.00000e+00  7.96780e-05  7.96780e-05
6.577209032e-01  7.8954021e-05  1.00000e+00  7.96876e-05  7.96876e-05
6.578524474e-01  7.9035603e-05  1.00000e+00  7.96980e-05  7.96980e-05
6.579840179e-01  7.9077164e-05  1.00000e+00  7.97087e-05  7.97087e-05
6.581156147e-01  7.9079458e-05  1.00000e+00  7.97195e-05  7.97195e-05
6.582472378e-01  7.9054836e-05  1.00000e+00  7.97302e-05  7.97302e-05
6.583788872e-01  7.9021258e-05  1.00000e+00  7.97405e-05  7.97405e-05
6.585105630e-01  7.8994484e-05  1.00000e+00  7.97506e-05  7.97506e-05
6.586422651e-01  7.8982292e-05  1.00000e+00  7.97605e-05  7.97605e-05
6.587739936e-01  7.8982478e-05  1.00000e+00  7.97702e-05  7.97702e-05
6.589057484e-01  7.8985195e-05  1.00000e+00  7.97799e-05  7.97799e-05
6.590375295e-01  7.8978241e-05  1.00000e+00  7.97896e-05  7.97896e-05
6.591693370e-01  7.8952850e-05  1.00000e+00  7.97991e-05  7.97991e-05
6.593011709e-01  7.8907352e-05  1.00000e+00  7.98082e-05  7.98082e-05
6.594330311e-01  7.8847903e-05  1.00000e+00  7.98169e-05  7.98169e-05
6.595649178e-01  7.8785886e-05  1.00000e+00  7.98251e-05  7.98251e-05
6.596968307e-01  7.8733921e-05  1.00000e+00  7.98328e-05  7.98328e-05
6.598287701e-01  7.8701660e-05  1.00000e+00  7.98402e-05  7.98402e-05
6.599607359e-01  7.8693042e-05  1.00000e+00  7.98473e-05  7.98473e-05
6.600927280e-01  7.8705505e-05  1.00000e+00  7.98545e-05  7.98545e-05
6.602247465e-01  7.8731422e-05  1.00000e+00  7.98617e-05  7.98617e-05
6.603567915e-01  7.8760666e-05  1.00000e+00  7.98691e-05  7.98691e-05
6.604888629e-01  7.8783804e-05  1.00000e+00  7.98767e-05  7.98767e-05
6.606209606e-01  7.8794672e-05  1.00000e+00  7.98844e-05  7.98844e-05
6.607530848e-01  7.8791465e-05  1.00000e+00  7.98920e-05  7.98920e-05
6.608852354e-01  7.8776582e-05  1.00000e+00  7.98995e-05  7.98995e-05
6.610174125e-01  7.8755021e-05  1.00000e+00  7.99069e-05  7.99069e-05
6.611496160e-01  7.8732266e-05  1.00000e+00  7.99140e-05  7.99140e-05
6.612818459e-01  7.8712360e-05  1.00000e+00  7.99210e-05  7.99210e-05
6.614141023e-01  7.8696949e-05  1.00000e+00  7.99278e-05  7.99278e-05
6.615463851e-01  7.8685295e-05  1.00000e+00  7.99344e-05  7.99344e-05
6.616786944e-01  7.8675288e-05  1.00000e+00  7.99409e-05  7.99409e-05
6.618110301e-01  7.8664647e-05  1.00000e+00  7.99473e-05  7.99473e-05
6.619433923e-01  7.8652058e-05  1.00000e+00  7.99536e-05  7.99536e-05
6.620757810e-01  7.8637683e-05  1.00000e+00  7.99598e-05  7.99598e-05
6.622081961e-01  7.8623083e-05  1.00000e+00  7.99658e-05  7.99658e-05
6.623406378e-01  7.8610649e-05  1.00000e+00  7.99717e-05  7.99717e-05
6.624731059e-01  7.8602861e-05  1.00000e+00  7.99774e-05  7.99774e-05
6.626056005e-01  7.8601544e-05  1.00000e+00  7.99831e-05  7.99831e-05
6.627381216e-01  7.8607376e-05  1.00000e+00  7.99888e-05  7.99888e-05
6.628706693e-01  7.8619650e-05  1.00000e+00  7.99946e-05  7.99946e-05
6.630032434e-01  7.8636403e-05  1.00000e+00  8.00004e-05  8.00004e-05
6.631358441e-01  7.8654793e-05  1.00000e+00  8.00063e-05  8.00063e-05
6.632684712e-01  7.8671799e-05  1.00000e+00  8.00123e-05  8.00123e-05
6.634011249e-01  7.8684956e-05  1.00000e+00  8.00183e-05  8.00183e-05
6.635338051e-01  7.8693032e-05  1.00000e+00  8.00245e-05  8.00245e-05
6.636665119e-01  7.8696414e-05  1.00000e+00  8.00306e-05  8.00306e-05
6.637992452e-01  7.8697009e-05  1.00000e+00  8.00367e-05  8.00367e-05
6.639320051e-01  7.8697696e-05  1.00000e+00  8.00428e-05  8.00428e-05
6.640647915e-01  7.8701443e-05  1.00000e+00  8.00488e-05  8.00488e-05
6.641976044e-01  7.8710355e-05  1.00000e+00  8.00549e-05  8.00549e-05
6.643304439e-01  7.8725025e-05  1.00000e+00  8.00610e-05  8.00610e-05
6.644633100e-01  7.8744370e-05  1.00000e+00  8.00672e-05  8.00672e-05
6.645962027e-01  7.8766070e-05  1.00000e+00  8.00735e-05  8.00735e-05
6.647291219e-01  7.8787348e-05  1.00000e+00  8.00800e-05  8.00800e-05
6.648620677e-01  7.8805795e-05  1.00000e+00  8.00865e-05  8.00865e-05
6.649950402e-01  7.8819929e-05  1.00000e+00  8.00931e-05  8.00931e-05
6.651280392e-01  7.8829344e-05  1.00000e+00  8.00998e-05  8.00998e-05
6.652610648e-01  7.8834511e-05  1.00000e+00  8.01065e-05  8.01065e-05
6.653941170e-01  7.8836422e-05  1.00000e+00  8.01132e-05  8.01132e-05
6.655271958e-01  7.8836270e-05  1.00000e+00  8.01199e-05  8.01199e-05
6.656603013e-01  7.8835263e-05  1.00000e+00  8.01265e-05  8.01265e-05
6.657934333e-01  7.8834529e-05  1.00000e+00  8.01331e-05  8.01331e-05
6.659265920e-01  7.8835043e-05  1.00000e+00  8.01396e-05  8.01396e-05
6.660597773e-01  7.8837504e-05  1.00000e+00  8.01461e-05  8.01461e-05
6.661929893e-01  7.8842188e-05  1.00000e+00  8.01526e-05  8.01526e-05
6.663262279e-01  7.8848864e-05  1.00000e+00  8.01591e-05  8.01591e-05
6.664594931e-01  7.8856839e-05  1.00000e+00  8.01656e-05  8.01656e-05
6.665927850e-01  7.8865158e-05  1.00000e+00  8.01722e-05  8.01722e-05
6.667261036e-01  7.8872883e-05  1.00000e+00  8.01787e-05  8.01787e-05
6.668594488e-01  7.8879343e-05  1.00000e+00  8.01853e-05  8.01853e-05
6.669928207e-01  7.8884250e-05  1.00000e+00  8.01919e-05  8.01919e-05
6.671262192e-01  7.8887654e-05  1.00000e+00  8.01985e-05  8.01985e-05
6.672596445e-01  7.8889794e-05  1.00000e+00  8.02051e-05  8.02051e-05
6.673930964e-01  7.8890943e-05  1.00000e+00  8.02116e-05  8.02116e-05
6.675265750e-01  7.8891308e-05  1.00000e+00  8.02182e-05  8.02182e-05
6.676600804e-01  7.8891063e-05  1.00000e+00  8.02247e-05  8.02247e-05
6.677936124e-01  7.8890436e-05  1.00000e+00  8.02311e-05  8.02311e-05
6.679271711e-01  7.8889785e-05  1.00000e+00  8.02375e-05  8.02375e-05
6.680607565e-01  7.8889598e-05  1.00000e+00  8.02439e-05  8.02439e-05
6.681943687e-01  7.8890388e-05  1.00000e+00  8.02502e-05  8.02502e-05
6.683280076e-01  7.8892528e-05  1.00000e+00  8.02565e-05  8.02565e-05
6.684616732e-01  7.8896101e-05  1.00000e+00  8.02628e-05  8.02628e-05
6.685953655e-01  7.8900850e-05  1.00000e+00  8.02692e-05  8.02692e-05
6.687290846e-01  7.8906231e-05  1.00000e+00  8.02755e-05  8.02755e-05
6.688628304e-01  7.8911586e-05  1.00000e+00  8.02818e-05  8.02818e-05
6.689966029e-01  7.8916326e-05  1.00000e+00  8.02881e-05  8.02881e-05
6.691304023e-01  7.8920086e-05  1.00000e+00  8.02944e-05  8.02944e-05
6.692642283e-01  7.8922778e-05  1.00000e+00  8.03007e-05  8.03007e-05
6.693980812e-01  7.8924559e-05  1.00000e+00  8.03070e-05  8.03070e-05
6.695319608e-01  7.8925733e-05  1.00000e+00  8.03133e-05  8.03133e-05
6.696658672e-01  7.8926635e-05  1.00000e+00  8.03195e-05  8.03195e-05
6.697998004e-01  7.8927520e-05  1.00000e+00  8.03257e-05  8.03257e-05
6.699337603e-01  7.8928503e-05  1.00000e+00  8.03319e-05  8.03319e-05
6.700677471e-01  7.8929543e-05  1.00000e+00  8.03381e-05  8.03381e-05
6.702017606e-01  7.8930482e-05  1.00000e+00  8.03442e-05  8.03442e-05
6.703358010e-01  7.8931102e-05  1.00000e+00  8.03504e-05  8.03504e-05
6.704698681e-01  7.8931217e-05  1.00000e+00  8.03565e-05  8.03565e-05
6.706039621e-01  7.8930749e-05  1.00000e+00  8.03625e-05  8.03625e-05
6.707380829e-01  7.8929766e-05  1.00000e+00  8.03685e-05  8.03685e-05
6.708722305e-01  7.8928482e-05  1.00000e+00  8.03745e-05  8.03745e-05
6.710064050e-01  7.8927204e-05  1.00000e+00  8.03805e-05  8.03805e-05
6.711406063e-01  7.8926261e-05  1.00000e+00  8.03864e-05  8.03864e-05
6.712748344e-01  7.8925915e-05  1.00000e+00  8.03922e-05  8.03922e-05
6.714090893e-01  7.8926311e-05  1.00000e+00  8.03981e-05  8.03981e-05
6.715433712e-01  7.8927454e-05  1.00000e+00  8.04039e-05  8.04039e-05
6.716776798e-01  7.8929226e-05  1.00000e+00  8.04097e-05  8.04097e-05
6.718120154e-01  7.8931442e-05  1.00000e+00  8.04155e-05  8.04155e-05
6.719463778e-01  7.8933897e-05  1.00000e+00  8.04213e-05  8.04213e-05
6.720807671e-01  7.8936408e-05  1.00000e+00  8.04271e-05  8.04271e-05
6.722151832e-01  7.8938834e-05  1.00000e+00  8.04328e-05  8.04328e-05
6.723496262e-01  7.8941072e-05  1.00000e+00  8.04386e-05  8.04386e-05
6.724840962e-01  7.8943052e-05  1.00000e+00  8.04443e-05  8.04443e-05
6.726185930e-01  7.8944722e-05  1.00000e+00  8.04500e-05  8.04500e-05
6.727531167e-01  7.8946052e-05  1.00000e+00  8.04557e-05  8.04557e-05
6.728876673e-01  7.8947035e-05  1.00000e+00  8.04614e-05  8.04614e-05
6.730222449e-01  7.8947697e-05  1.00000e+00  8.04671e-05  8.04671e-05
6.731568493e-01  7.8948101e-05  1.00000e+00  8.04728e-05  8.04728e-05
6.732914807e-01  7.8948335e-05  1.00000e+00  8.04784e-05  8.04784e-05
6.734261390e-01  7.8948503e-05  1.00000e+00  8.04840e-05  8.04840e-05
6.735608242e-01  7.8948711e-05  1.00000e+00  8.04896e-05  8.04896e-05
6.736955364e-01  7.8949048e-05  1.00000e+00  8.04951e-05  8.04951e-05
6.738302755e-01  7.8949581e-05  1.00000e+00  8.05006e-05  8.05006e-05
6.739650415e-01  7.8950345e-05  1.00000e+00  8.05061e-05  8.05061e-05
6.740998345e-01  7.8951337e-05  1.00000e+00  8.05116e-05  8.05116e-05
6.742346545e-01  7.8952516e-05  1.00000e+00  8.05171e-05  8.05171e-05
6.743695014e-01  7.8953808e-05  1.00000e+00  8.05225e-05  8.05225e-05
6.745043753e-01  7.8955123e-05  1.00000e+00  8.05280e-05  8.05280e-05
6.746392762e-01  7.8956374e-05  1.00000e+00  8.05334e-05  8.05334e-05
6.747742041e-01  7.8957502e-05  1.00000e+00  8.05388e-05  8.05388e-05
6.749091589e-01  7.8958496e-05  1.00000e+00  8.05442e-05  8.05442e-05
6.750441407e-01  7.8959399e-05  1.00000e+00  8.05496e-05  8.05496e-05
6.751791496e-01  7.8960301e-05  1.00000e+00  8.05549e-05  8.05549e-05
6.753141854e-01  7.8961325e-05  1.00000e+00  8.05602e-05  8.05602e-05
6.754492482e-01  7.8962591e-05  1.00000e+00  8.05656e-05  8.05656e-05
6.755843381e-01  7.8964191e-05  1.00000e+00  8.05709e-05  8.05709e-05
6.757194550e-01  7.8966160e-05  1.00000e+00  8.05761e-05  8.05761e-05
6.758545988e-01  7.8968462e-05  1.00000e+00  8.05814e-05  8.05814e-05
6.759897698e-01  7.8970991e-05  1.00000e+00  8.05867e-05  8.05867e-05
6.761249677e-01  7.8973593e-05  1.00000e+00  8.05920e-05  8.05920e-05
6.762601927e-01  7.8976100e-05  1.00000e+00  8.05972e-05  8.05972e-05
6.763954447e-01  7.8978370e-05  1.00000e+00  8.06025e-05  8.06025e-05
6.765307238e-01  7.8980313e-05  1.00000e+00  8.06077e-05  8.06077e-05
6.766660300e-01  7.8981895e-05  1.00000e+00  8.06129e-05  8.06129e-05
6.768013632e-01  7.8983123e-05  1.00000e+00  8.06182e-05  8.06182e-05
6.769367235e-01  7.8984012e-05  1.00000e+00  8.06234e-05  8.06234e-05
6.770721108e-01  7.8984556e-05  1.00000e+00  8.06285e-05  8.06285e-05
6.772075252e-01  7.8984713e-05  1.00000e+00  8.06337e-05  8.06337e-05
6.773429667e-01  7.8984422e-05  1.00000e+00  8.06388e-05  8.06388e-05
6.774784353e-01  7.8983636e-05  1.00000e+00  8.06439e-05  8.06439e-05
6.776139310e-01  7.8982365e-05  1.00000e+00  8.06490e-05  8.06490e-05
6.777494538e-01  7.8980712e-05  1.00000e+00  8.06541e-05  8.06541e-05
6.778850037e-01  7.8978867e-05  1.00000e+00  8.06591e-05  8.06591e-05
6.780205807e-01  7.8977068e-05  1.00000e+00  8.06641e-05  8.06641e-05
6.781561848e-01  7.8975510e-05  1.00000e+00  8.06690e-05  8.06690e-05
6.782918160e-01  7.8974257e-05  1.00000e+00  8.06739e-05  8.06739e-05
6.784274744e-01  7.8973177e-05  1.00000e+00  8.06788e-05  8.06788e-05
6.785631599e-01  7.8971939e-05  1.00000e+00  8.06837e-05  8.06837e-05
6.786988725e-01  7.8970079e-05  1.00000e+00  8.06885e-05  8.06885e-05
6.788346123e-01  7.8967125e-05  1.00000e+00  8.06933e-05  8.06933e-05
6.789703792e-01  7.8962750e-05  1.00000e+00  8.06980e-05  8.06980e-05
6.791061733e-01  7.8956864e-05  1.00000e+00  8.07027e-05  8.07027e-05
6.792419945e-01  7.8949670e-05  1.00000e+00  8.07074e-05  8.07074e-05
6.793778429e-01  7.8941604e-05  1.00000e+00  8.07119e-05  8.07119e-05
6.795137185e-01  7.8933244e-05  1.00000e+00  8.07164e-05  8.07164e-05
6.796496213e-01  7.8925173e-05  1.00000e+00  8.07208e-05  8.07208e-05
6.797855512e-01  7.8917867e-05  1.00000e+00  8.07252e-05  8.07252e-05
6.799215083e-01  7.8911619e-05  1.00000e+00  8.07295e-05  8.07295e-05
6.800574926e-01  7.8906500e-05  1.00000e+00  8.07337e-05  8.07337e-05
6.801935041e-01  7.8902358e-05  1.00000e+00  8.07379e-05  8.07379e-05
6.803295428e-01  7.8898832e-05  1.00000e+00  8.07420e-05  8.07420e-05
6.804656087e-01  7.8895413e-05  1.00000e+00  8.07461e-05  8.07461e-05
6.806017018e-01  7.8891533e-05  1.00000e+00  8.07502e-05  8.07502e-05
6.807378222e-01  7.8886700e-05  1.00000e+00  8.07542e-05  8.07542e-05
6.808739697e-01  7.8880643e-05  1.00000e+00  8.07581e-05  8.07581e-05
6.810101445e-01  7.8873408e-05  1.00000e+00  8.07621e-05  8.07621e-05
6.811463465e-01  7.8865360e-05  1.00000e+00  8.07659e-05  8.07659e-05
6.812825758e-01  7.8857075e-05  1.00000e+00  8.07697e-05  8.07697e-05
6.814188323e-01  7.8849174e-05  1.00000e+00  8.07734e-05  8.07734e-05
6.815551161e-01  7.8842185e-05  1.00000e+00  8.07770e-05  8.07770e-05
6.816914271e-01  7.8836483e-05  1.00000e+00  8.07806e-05  8.07806e-05
6.818277654e-01  7.8832355e-05  1.00000e+00  8.07841e-05  8.07841e-05
6.819641310e-01  7.8830087e-05  1.00000e+00  8.07877e-05  8.07877e-05
6.821005238e-01  7.8830000e-05  1.00000e+00  8.07911e-05  8.07911e-05
6.822369439e-01  7.8832359e-05  1.00000e+00  8.07946e-05  8.07946e-05
6.823733913e-01  7.8837159e-05  1.00000e+00  8.07981e-05  8.07981e-05
6.825098660e-01  7.8843901e-05  1.00000e+00  8.08017e-05  8.08017e-05
6.826463679e-01  7.8851485e-05  1.00000e+00  8.08053e-05  8.08053e-05
6.827828972e-01  7.8858315e-05  1.00000e+00  8.08089e-05  8.08089e-05
6.829194538e-01  7.8862665e-05  1.00000e+00  8.08125e-05  8.08125e-05
6.830560377e-01  7.8863141e-05  1.00000e+00  8.08162e-05  8.08162e-05
6.831926489e-01  7.8859177e-05  1.00000e+00  8.08198e-05  8.08198e-05
6.833292874e-01  7.8851338e-05  1.00000e+00  8.08234e-05  8.08234e-05
6.834659533e-01  7.8841344e-05  1.00000e+00  8.08269e-05  8.08269e-05
6.836026465e-01  7.8831777e-05  1.00000e+00  8.08303e-05  8.08303e-05
6.837393670e-01  7.8825492e-05  1.00000e+00  8.08336e-05  8.08336e-05
6.838761149e-01  7.8824865e-05  1.00000e+00  8.08369e-05  8.08369e-05
6.840128901e-01  7.8831036e-05  1.00000e+00  8.08402e-05  8.08402e-05
6.841496927e-01  7.8840325e-05  1.00000e+00  8.08436e-05  8.08436e-05
6.842865226e-01  7.8843444e-05  1.00000e+00  8.08469e-05  8.08469e-05
6.844233799e-01  7.8827774e-05  1.00000e+00  8.08503e-05  8.08503e-05
6.845602646e-01  7.8758473e-05  1.00000e+00  8.08533e-05  8.08533e-05
6.846971766e-01  7.8568878e-05  1.00000e+00  8.08555e-05  8.08555e-05
6.848341161e-01  7.8130766e-05  1.00000e+00  8.08555e-05  8.08555e-05
6.849710829e-01  7.7205447e-05  1.00000e+00  8.08509e-05  8.08509e-05
6.851080771e-01  7.5384500e-05  1.00000e+00  8.08369e-05  8.08369e-05
6.852450987e-01  7.2018620e-05  1.00000e+00  8.08051e-05  8.08051e-05
6.853821477e-01  6.6171492e-05  1.00000e+00  8.07414e-05  8.07414e-05
6.855192242e-01  5.6645842e-05  1.00000e+00  8.06244e-05  8.06244e-05
6.856563280e-01  4.2124832e-05  1.00000e+00  8.04236e-05  8.04236e-05
6.857934593e-01  2.1488856e-05  1.00000e+00  8.00999e-05  8.00999e-05
6.859306180e-01 -5.7066443e-06  1.00000e+00  7.96086e-05  7.96086e-05
6.860678041e-01 -3.8694276e-05  1.00000e+00  7.89060e-05  7.89060e-05
6.862050177e-01 -7.5049870e-05  1.00000e+00  7.79600e-05  7.79600e-05
6.863422587e-01 -1.1060953e-04  1.00000e+00  7.67620e-05  7.67620e-05
6.864795271e-01 -1.3988504e-04  1.00000e+00  7.53383e-05  7.53383e-05
6.866168230e-01 -1.5704317e-04  1.00000e+00  7.37559e-05  7.37559e-05
6.867541464e-01 -1.5724344e-04  1.00000e+00  7.21201e-05  7.21201e-05
6.868914972e-01 -1.3796047e-04  1.00000e+00  7.05623e-05  7.05623e-05
6.870288755e-01 -9.9869191e-05  1.00000e+00  6.92200e-05  6.92200e-05
6.871662813e-01 -4.6954921e-05  1.00000e+00  6.82131e-05  6.82131e-05
6.873037145e-01  1.4191931e-05  1.00000e+00  6.76226e-05  6.76226e-05
6.874411753e-01  7.5687987e-05  1.00000e+00  6.74764e-05  6.74764e-05
6.875786635e-01  1.2990266e-04  1.00000e+00  6.77463e-05  6.77463e-05
6.877161793e-01  1.7081356e-04  1.00000e+00  6.83554e-05  6.83554e-05
6.878537225e-01  1.9490156e-04  1.00000e+00  6.91927e-05  6.91927e-05
6.879912932e-01  2.0148749e-04  1.00000e+00  7.01332e-05  7.01332e-05
6.881288915e-01  1.9253328e-04  1.00000e+00  7.10574e-05  7.10574e-05
6.882665173e-01  1.7203188e-04  1.00000e+00  7.18683e-05  7.18683e-05
6.884041706e-01  1.4513978e-04  1.00000e+00  7.25025e-05  7.25025e-05
6.885418514e-01  1.1719746e-04  1.00000e+00  7.29348e-05  7.29348e-05
6.886795598e-01  9.2807720e-05  1.00000e+00  7.31761e-05  7.31761e-05
6.888172957e-01  7.5143868e-05  1.00000e+00  7.32651e-05  7.32651e-05
6.889550592e-01  6.5606745e-05  1.00000e+00  7.32564e-05  7.32564e-05
6.890928502e-01  6.3879887e-05  1.00000e+00  7.32082e-05  7.32082e-05
6.892306687e-01  6.8336887e-05  1.00000e+00  7.31710e-05  7.31710e-05
6.893685149e-01  7.6656725e-05  1.00000e+00  7.31804e-05  7.31804e-05
6.895063886e-01  8.6463883e-05  1.00000e+00  7.32552e-05  7.32552e-05
6.896442899e-01  9.5831083e-05  1.00000e+00  7.33982e-05  7.33982e-05
6.897822187e-01  1.0354908e-04  1.00000e+00  7.36012e-05  7.36012e-05
6.899201752e-01  1.0915887e-04  1.00000e+00  7.38500e-05  7.38500e-05
6.900581592e-01  1.1279247e-04  1.00000e+00  7.41297e-05  7.41297e-05
6.901961708e-01  1.1492094e-04  1.00000e+00  7.44275e-05  7.44275e-05
6.903342101e-01  1.1612157e-04  1.00000e+00  7.47347e-05  7.47347e-05
6.904722769e-01  1.1689852e-04  1.00000e+00  7.50465e-05  7.50465e-05
6.906103714e-01  1.1758262e-04  1.00000e+00  7.53612e-05  7.53612e-05
6.907484934e-01  1.1831202e-04  1.00000e+00  7.56787e-05  7.56787e-05
6.908866431e-01  1.1905140e-04  1.00000e+00  7.59992e-05  7.59992e-05
6.910248205e-01  1.1964372e-04  1.00000e+00  7.63223e-05  7.63223e-05
6.911630254e-01  1.1987255e-04  1.00000e+00  7.66462e-05  7.66462e-05
6.913012580e-01  1.1952505e-04  1.00000e+00  7.69675e-05  7.69675e-05
6.914395183e-01  1.1845987e-04  1.00000e+00  7.72817e-05  7.72817e-05
6.915778062e-01  1.1665579e-04  1.00000e+00  7.75835e-05  7.75835e-05
6.917161217e-01  1.1422220e-04  1.00000e+00  7.78681e-05  7.78681e-05
6.918544650e-01  1.1138471e-04  1.00000e+00  7.81320e-05  7.81320e-05
6.919928359e-01  1.0841533e-04  1.00000e+00  7.83734e-05  7.83734e-05
6.921312344e-01  1.0557032e-04  1.00000e+00  7.85924e-05  7.85924e-05
6.922696607e-01  1.0302327e-04  1.00000e+00  7.87908e-05  7.87908e-05
6.924081146e-01  1.0083818e-04  1.00000e+00  7.89712e-05  7.89712e-05
6.925465962e-01  9.8981378e-05  1.00000e+00  7.91360e-05  7.91360e-05
6.926851055e-01  9.7354611e-05  1.00000e+00  7.92875e-05  7.92875e-05
6.928236426e-01  9.5846464e-05  1.00000e+00  7.94270e-05  7.94270e-05
6.929622073e-01  9.4362083e-05  1.00000e+00  7.95550e-05  7.95550e-05
6.931007997e-01  9.2838435e-05  1.00000e+00  7.96715e-05  7.96715e-05
6.932394199e-01  9.1257160e-05  1.00000e+00  7.97764e-05  7.97764e-05
6.933780678e-01  8.9637737e-05  1.00000e+00  7.98692e-05  7.98692e-05
6.935167434e-01  8.8037728e-05  1.00000e+00  7.99500e-05  7.99500e-05
6.936554467e-01  8.6552694e-05  1.00000e+00  8.00193e-05  8.00193e-05
6.937941778e-01  8.5296333e-05  1.00000e+00  8.00784e-05  8.00784e-05
6.939329367e-01  8.4373587e-05  1.00000e+00  8.01294e-05  8.01294e-05
6.940717233e-01  8.3850794e-05  1.00000e+00  8.01750e-05  8.01750e-05
6.942105376e-01  8.3724121e-05  1.00000e+00  8.02180e-05  8.02180e-05
6.943493797e-01  8.3907882e-05  1.00000e+00  8.02610e-05  8.02610e-05
6.944882496e-01  8.4251173e-05  1.00000e+00  8.03057e-05  8.03057e-05
6.946271472e-01  8.4570819e-05  1.00000e+00  8.03525e-05  8.03525e-05
6.947660727e-01  8.4695970e-05  1.00000e+00  8.04008e-05  8.04008e-05
6.949050259e-01  8.4516248e-05  1.00000e+00  8.04486e-05  8.04486e-05
6.950440069e-01  8.4014742e-05  1.00000e+00  8.04937e-05  8.04937e-05
6.951830157e-01  8.3277729e-05  1.00000e+00  8.05341e-05  8.05341e-05
6.953220523e-01  8.2478191e-05  1.00000e+00  8.05687e-05  8.05687e-05
6.954611167e-01  8.1833722e-05  1.00000e+00  8.05979e-05  8.05979e-05
6.956002089e-01  8.1547187e-05  1.00000e+00  8.06236e-05  8.06236e-05
6.957393290e-01  8.1741292e-05  1.00000e+00  8.06487e-05  8.06487e-05
6.958784768e-01  8.2418746e-05  1.00000e+00  8.06767e-05  8.06767e-05
6.960176525e-01  8.3452613e-05  1.00000e+00  8.07106e-05  8.07106e-05
6.961568561e-01  8.4619434e-05  1.00000e+00  8.07522e-05  8.07522e-05
6.962960874e-01  8.5656302e-05  1.00000e+00  8.08014e-05  8.08014e-05
6.964353466e-01  8.6333498e-05  1.00000e+00  8.08565e-05  8.08565e-05
6.965746337e-01  8.6508494e-05  1.00000e+00  8.09142e-05  8.09142e-05
6.967139486e-01  8.6151456e-05  1.00000e+00  8.09710e-05  8.09710e-05
6.968532914e-01  8.5334569e-05  1.00000e+00  8.10232e-05  8.10232e-05
6.969926621e-01  8.4196660e-05  1.00000e+00  8.10681e-05  8.10681e-05
6.971320606e-01  8.2894903e-05  1.00000e+00  8.11040e-05  8.11040e-05
6.972714870e-01  8.1563874e-05  1.00000e+00  8.11305e-05  8.11305e-05
6.974109413e-01  8.0290642e-05  1.00000e+00  8.11476e-05  8.11476e-05
6.975504235e-01  7.9110474e-05  1.00000e+00  8.11560e-05  8.11560e-05
6.976899336e-01  7.8021512e-05  1.00000e+00  8.11563e-05  8.11563e-05
6.978294716e-01  7.7007319e-05  1.00000e+00  8.11494e-05  8.11494e-05
6.979690375e-01  7.6062966e-05  1.00000e+00  8.11356e-05  8.11356e-05
6.981086313e-01  7.5211392e-05  1.00000e+00  8.11156e-05  8.11156e-05
6.982482530e-01  7.4508963e-05  1.00000e+00  8.10903e-05  8.10903e-05
6.983879027e-01  7.4035860e-05  1.00000e+00  8.10610e-05  8.10610e-05
6.985275802e-01  7.3873045e-05  1.00000e+00  8.10296e-05  8.10296e-05
6.986672858e-01  7.4074248e-05  1.00000e+00  8.09986e-05  8.09986e-05
6.988070192e-01  7.4640552e-05  1.00000e+00  8.09705e-05  8.09705e-05
6.989467806e-01  7.5510264e-05  1.00000e+00  8.09476e-05  8.09476e-05
6.990865700e-01  7.6565380e-05  1.00000e+00  8.09317e-05  8.09317e-05
6.992263873e-01  7.7657822e-05  1.00000e+00  8.09236e-05  8.09236e-05
6.993662326e-01  7.8642602e-05  1.00000e+00  8.09229e-05  8.09229e-05
6.995061058e-01  7.9410051e-05  1.00000e+00  8.09284e-05  8.09284e-05
6.996460070e-01  7.9906860e-05  1.00000e+00  8.09383e-05  8.09383e-05
6.997859362e-01  8.0139903e-05  1.00000e+00  8.09507e-05  8.09507e-05
6.999258934e-01  8.0165009e-05  1.00000e+00  8.09639e-05  8.09639e-05
7.000658786e-01  8.0064243e-05  1.00000e+00  8.09767e-05  8.09767e-05
7.002058918e-01  7.9920557e-05  1.00000e+00  8.09885e-05  8.09885e-05
7.003459330e-01  7.9794714e-05  1.00000e+00  8.09993e-05  8.09993e-05
7.004860021e-01  7.9711789e-05  1.00000e+00  8.10094e-05  8.10094e-05
7.006260993e-01  7.9660529e-05  1.00000e+00  8.10189e-05  8.10189e-05
7.007662246e-01  7.9605161e-05  1.00000e+00  8.10280e-05  8.10280e-05
7.009063778e-01  7.9505465e-05  1.00000e+00  8.10365e-05  8.10365e-05
7.010465591e-01  7.9337277e-05  1.00000e+00  8.10441e-05  8.10441e-05
7.011867684e-01  7.9104594e-05  1.00000e+00  8.10502e-05  8.10502e-05
7.013270058e-01  7.8838641e-05  1.00000e+00  8.10546e-05  8.10546e-05
7.014672712e-01  7.8585646e-05  1.00000e+00  8.10571e-05  8.10571e-05
7.016075646e-01  7.8389578e-05  1.00000e+00  8.10580e-05  8.10580e-05
7.017478861e-01  7.8281343e-05  1.00000e+00  8.10578e-05  8.10578e-05
7.018882357e-01  7.8278350e-05  1.00000e+00  8.10573e-05  8.10573e-05
7.020286133e-01  7.8392203e-05  1.00000e+00  8.10571e-05  8.10571e-05
7.021690191e-01  7.8637390e-05  1.00000e+00  8.10582e-05  8.10582e-05
7.023094529e-01  7.9028984e-05  1.00000e+00  8.10615e-05  8.10615e-05
7.024499148e-01  7.9568240e-05  1.00000e+00  8.10681e-05  8.10681e-05
7.025904047e-01  8.0222200e-05  1.00000e+00  8.10787e-05  8.10787e-05
7.027309228e-01  8.0910347e-05  1.00000e+00  8.10941e-05  8.10941e-05
7.028714690e-01  8.1511965e-05  1.00000e+00  8.11139e-05  8.11139e-05
7.030120433e-01  8.1897747e-05  1.00000e+00  8.11372e-05  8.11372e-05
7.031526457e-01  8.1975025e-05  1.00000e+00  8.11619e-05  8.11619e-05
7.032932762e-01  8.1725988e-05  1.00000e+00  8.11859e-05  8.11859e-05
7.034339349e-01  8.1221494e-05  1.00000e+00  8.12071e-05  8.12071e-05
7.035746217e-01  8.0599547e-05  1.00000e+00  8.12242e-05  8.12242e-05
7.037153366e-01  8.0017242e-05  1.00000e+00  8.12368e-05  8.12368e-05
7.038560797e-01  7.9595128e-05  1.00000e+00  8.12459e-05  8.12459e-05
7.039968509e-01  7.9378709e-05  1.00000e+00  8.12526e-05  8.12526e-05
7.041376503e-01  7.9332591e-05  1.00000e+00  8.12585e-05  8.12585e-05
7.042784778e-01  7.9367174e-05  1.00000e+00  8.12643e-05  8.12643e-05
7.044193335e-01  7.9384768e-05  1.00000e+00  8.12704e-05  8.12704e-05
7.045602174e-01  7.9322919e-05  1.00000e+00  8.12763e-05  8.12763e-05
7.047011294e-01  7.9177615e-05  1.00000e+00  8.12814e-05  8.12814e-05
7.048420696e-01  7.8998078e-05  1.00000e+00  8.12854e-05  8.12854e-05
7.049830380e-01  7.8859240e-05  1.00000e+00  8.12881e-05  8.12881e-05
7.051240346e-01  7.8825858e-05  1.00000e+00  8.12903e-05  8.12903e-05
7.052650595e-01  7.8925857e-05  1.00000e+00  8.12927e-05  8.12927e-05
7.054061125e-01  7.9141304e-05  1.00000e+00  8.12961e-05  8.12961e-05
7.055471937e-01  7.9419126e-05  1.00000e+00  8.13014e-05  8.13014e-05
7.056883031e-01  7.9694196e-05  1.00000e+00  8.13085e-05  8.13085e-05
7.058294408e-01  7.9912729e-05  1.00000e+00  8.13174e-05  8.13174e-05
7.059706067e-01  8.0048026e-05  1.00000e+00  8.13274e-05  8.13274e-05
7.061118008e-01  8.0101758e-05  1.00000e+00  8.13380e-05  8.13380e-05
7.062530232e-01  8.0095000e-05  1.00000e+00  8.13487e-05  8.13487e-05
7.063942738e-01  8.0053548e-05  1.00000e+00  8.13592e-05  8.13592e-05
7.065355526e-01  7.9995311e-05  1.00000e+00  8.13693e-05  8.13693e-05
7.066768597e-01  7.9924971e-05  1.00000e+00  8.13789e-05  8.13789e-05
7.068181951e-01  7.9837095e-05  1.00000e+00  8.13879e-05  8.13879e-05
7.069595587e-01  7.9725157e-05  1.00000e+00  8.13961e-05  8.13961e-05
7.071009506e-01  7.9591083e-05  1.00000e+00  8.14035e-05  8.14035e-05
7.072423708e-01  7.9450487e-05  1.00000e+00  8.14098e-05  8.14098e-05
7.073838193e-01  7.9329997e-05  1.00000e+00  8.14152e-05  8.14152e-05
7.075252961e-01  7.9258566e-05  1.00000e+00  8.14199e-05  8.14199e-05
7.076668011e-01  7.9255408e-05  1.00000e+00  8.14243e-05  8.14243e-05
7.078083345e-01  7.9320884e-05  1.00000e+00  8.14289e-05  8.14289e-05
7.079498962e-01  7.9434475e-05  1.00000e+00  8.14341e-05  8.14341e-05
7.080914861e-01  7.9561091e-05  1.00000e+00  8.14402e-05  8.14402e-05
7.082331044e-01  7.9662928e-05  1.00000e+00  8.14470e-05  8.14470e-05
7.083747511e-01  7.9712114e-05  1.00000e+00  8.14543e-05  8.14543e-05
7.085164260e-01  7.9698208e-05  1.00000e+00  8.14617e-05  8.14617e-05
7.086581293e-01  7.9628453e-05  1.00000e+00  8.14688e-05  8.14688e-05
7.087998609e-01  7.9521714e-05  1.00000e+00  8.14753e-05  8.14753e-05
7.089416209e-01  7.9399707e-05  1.00000e+00  8.14809e-05  8.14809e-05
7.090834092e-01  7.9279866e-05  1.00000e+00  8.14856e-05  8.14856e-05
7.092252259e-01  7.9172628e-05  1.00000e+00  8.14895e-05  8.14895e-05
7.093670709e-01  7.9082996e-05  1.00000e+00  8.14928e-05  8.14928e-05
7.095089444e-01  7.9013736e-05  1.00000e+00  8.14955e-05  8.14955e-05
7.096508461e-01  7.8968063e-05  1.00000e+00  8.14977e-05  8.14977e-05
7.097927763e-01  7.8950036e-05  1.00000e+00  8.14998e-05  8.14998e-05
7.099347349e-01  7.8963114e-05  1.00000e+00  8.15018e-05  8.15018e-05
7.100767218e-01  7.9007815e-05  1.00000e+00  8.15040e-05  8.15040e-05
7.102187372e-01  7.9080396e-05  1.00000e+00  8.15067e-05  8.15067e-05
7.103607809e-01  7.9172744e-05  1.00000e+00  8.15099e-05  8.15099e-05
7.105028531e-01  7.9273416e-05  1.00000e+00  8.15137e-05  8.15137e-05
7.106449536e-01  7.9369272e-05  1.00000e+00  8.15183e-05  8.15183e-05
7.107870826e-01  7.9447275e-05  1.00000e+00  8.15234e-05  8.15234e-05
7.109292400e-01  7.9496350e-05  1.00000e+00  8.15289e-05  8.15289e-05
7.110714259e-01  7.9509178e-05  1.00000e+00  8.15347e-05  8.15347e-05
7.112136402e-01  7.9483786e-05  1.00000e+00  8.15404e-05  8.15404e-05
7.113558829e-01  7.9424004e-05  1.00000e+00  8.15457e-05  8.15457e-05
7.114981541e-01  7.9338694e-05  1.00000e+00  8.15506e-05  8.15506e-05
7.116404537e-01  7.9239204e-05  1.00000e+00  8.15548e-05  8.15548e-05
7.117827818e-01  7.9136136e-05  1.00000e+00  8.15582e-05  8.15582e-05
7.119251384e-01  7.9036540e-05  1.00000e+00  8.15610e-05  8.15610e-05
7.120675234e-01  7.8943064e-05  1.00000e+00  8.15631e-05  8.15631e-05
7.122099369e-01  7.8855408e-05  1.00000e+00  8.15646e-05  8.15646e-05
7.123523789e-01  7.8772823e-05  1.00000e+00  8.15655e-05  8.15655e-05
7.124948494e-01  7.8696782e-05  1.00000e+00  8.15659e-05  8.15659e-05
7.126373483e-01  7.8631422e-05  1.00000e+00  8.15657e-05  8.15657e-05
7.127798758e-01  7.8581705e-05  1.00000e+00  8.15653e-05  8.15653e-05
7.129224318e-01  7.8550114e-05  1.00000e+00  8.15645e-05  8.15645e-05
7.130650163e-01  7.8533806e-05  1.00000e+00  8.15636e-05  8.15636e-05
7.132076293e-01  7.8523578e-05  1.00000e+00  8.15627e-05  8.15627e-05
7.133502708e-01  7.8505871e-05  1.00000e+00  8.15616e-05  8.15616e-05
7.134929408e-01  7.8466256e-05  1.00000e+00  8.15605e-05  8.15605e-05
7.136356394e-01  7.8393883e-05  1.00000e+00  8.15589e-05  8.15589e-05
7.137783666e-01  7.8284595e-05  1.00000e+00  8.15568e-05  8.15568e-05
7.139211222e-01  7.8142848e-05  1.00000e+00  8.15538e-05  8.15538e-05
7.140639065e-01  7.7980810e-05  1.00000e+00  8.15498e-05  8.15498e-05
7.142067192e-01  7.7817913e-05  1.00000e+00  8.15447e-05  8.15447e-05
7.143495606e-01  7.7675442e-05  1.00000e+00  8.15387e-05  8.15387e-05
7.144924305e-01  7.7572785e-05  1.00000e+00  8.15318e-05  8.15318e-05
7.146353290e-01  7.7518274e-05  1.00000e+00  8.15244e-05  8.15244e-05
7.147782560e-01  7.7503873e-05  1.00000e+00  8.15169e-05  8.15169e-05
7.149212117e-01  7.7496318e-05  1.00000e+00  8.15093e-05  8.15093e-05
7.150641959e-01  7.7434528e-05  1.00000e+00  8.15017e-05  8.15017e-05
7.152072088e-01  7.7233246e-05  1.00000e+00  8.14932e-05  8.14932e-05
7.153502502e-01  7.6788558e-05  1.00000e+00  8.14827e-05  8.14827e-05
7.154933203e-01  7.5991311e-05  1.00000e+00  8.14681e-05  8.14681e-05
7.156364189e-01  7.4747108e-05  1.00000e+00  8.14466e-05  8.14466e-05
7.157795462e-01  7.2992778e-05  1.00000e+00  8.14151e-05  8.14151e-05
7.159227021e-01  7.0721691e-05  1.00000e+00  8.13701e-05  8.13701e-05
7.160658867e-01  6.7997411e-05  1.00000e+00  8.13083e-05  8.13083e-05
7.162090998e-01  6.4963311e-05  1.00000e+00  8.12271e-05  8.12271e-05
7.163523417e-01  6.1831686e-05  1.00000e+00  8.11253e-05  8.11253e-05
7.164956121e-01  5.8857274e-05  1.00000e+00  8.10031e-05  8.10031e-05
7.166389113e-01  5.6296754e-05  1.00000e+00  8.08627e-05  8.08627e-05
7.167822390e-01  5.4355606e-05  1.00000e+00  8.07078e-05  8.07078e-05
7.169255955e-01  5.3140208e-05  1.00000e+00  8.05430e-05  8.05430e-05
7.170689806e-01  5.2626180e-05  1.00000e+00  8.03735e-05  8.03735e-05
7.172123944e-01  5.2654595e-05  1.00000e+00  8.02036e-05  8.02036e-05
7.173558369e-01  5.2962367e-05  1.00000e+00  8.00362e-05  8.00362e-05
7.174993080e-01  5.3252514e-05  1.00000e+00  7.98721e-05  7.98721e-05
7.176428079e-01  5.3291621e-05  1.00000e+00  7.97103e-05  7.97103e-05
7.177863365e-01  5.3008401e-05  1.00000e+00  7.95488e-05  7.95488e-05
7.179298937e-01  5.2562457e-05  1.00000e+00  7.93857e-05  7.93857e-05
7.180734797e-01  5.2339065e-05  1.00000e+00  7.92212e-05  7.92212e-05
7.182170944e-01  5.2852120e-05  1.00000e+00  7.90585e-05  7.90585e-05
7.183607378e-01  5.4580764e-05  1.00000e+00  7.89042e-05  7.89042e-05
7.185044100e-01  5.7785699e-05  1.00000e+00  7.87677e-05  7.87677e-05
7.186481109e-01  6.2381849e-05  1.00000e+00  7.86587e-05  7.86587e-05
7.187918405e-01  6.7918319e-05  1.00000e+00  7.85853e-05  7.85853e-05
7.189355988e-01  7.3678352e-05  1.00000e+00  7.85513e-05  7.85513e-05
7.190793860e-01  7.8865160e-05  1.00000e+00  7.85553e-05  7.85553e-05
7.192232018e-01  8.2810630e-05  1.00000e+00  7.85907e-05  7.85907e-05
7.193670465e-01  8.5148064e-05  1.00000e+00  7.86474e-05  7.86474e-05
7.195109199e-01  8.5908269e-05  1.00000e+00  7.87143e-05  7.87143e-05
7.196548221e-01  8.5520784e-05  1.00000e+00  7.87817e-05  7.87817e-05
7.197987530e-01  8.4723254e-05  1.00000e+00  7.88442e-05  7.88442e-05
7.199427128e-01  8.4386948e-05  1.00000e+00  7.89018e-05  7.89018e-05
7.200867013e-01  8.5295048e-05  1.00000e+00  7.89607e-05  7.89607e-05
7.202307187e-01  8.7919364e-05  1.00000e+00  7.90309e-05  7.90309e-05
7.203747648e-01  9.2262904e-05  1.00000e+00  7.91243e-05  7.91243e-05
7.205188398e-01  9.7822460e-05  1.00000e+00  7.92512e-05  7.92512e-05
7.206629435e-01  1.0369999e-04  1.00000e+00  7.94167e-05  7.94167e-05
7.208070761e-01  1.0882796e-04  1.00000e+00  7.96191e-05  7.96191e-05
7.209512375e-01  1.1224882e-04  1.00000e+00  7.98497e-05  7.98497e-05
7.210954278e-01  1.1334949e-04  1.00000e+00  8.00945e-05  8.00945e-05
7.212396469e-01  1.1198138e-04  1.00000e+00  8.03368e-05  8.03368e-05
7.213838948e-01  1.0844034e-04  1.00000e+00  8.05606e-05  8.05606e-05
7.215281716e-01  1.0332954e-04  1.00000e+00  8.07533e-05  8.07533e-05
7.216724772e-01  9.7351343e-05  1.00000e+00  8.09068e-05  8.09068e-05
7.218168117e-01  9.1127939e-05  1.00000e+00  8.10175e-05  8.10175e-05
7.219611751e-01  8.5072291e-05  1.00000e+00  8.10857e-05  8.10857e-05
7.221055673e-01  7.9359573e-05  1.00000e+00  8.11135e-05  8.11135e-05
7.222499884e-01  7.3973488e-05  1.00000e+00  8.11035e-05  8.11035e-05
7.223944384e-01  6.8812213e-05  1.00000e+00  8.10579e-05  8.10579e-05
7.225389173e-01  6.3809023e-05  1.00000e+00  8.09782e-05  8.09782e-05
7.226834251e-01  5.9033123e-05  1.00000e+00  8.08658e-05  8.08658e-05
7.228279618e-01  5.4739320e-05  1.00000e+00  8.07232e-05  8.07232e-05
7.229725274e-01  5.1343008e-05  1.00000e+00  8.05552e-05  8.05552e-05
7.231171219e-01  4.9323764e-05  1.00000e+00  8.03697e-05  8.03697e-05
7.232617453e-01  4.9080513e-05  1.00000e+00  8.01776e-05  8.01776e-05
7.234063977e-01  5.0793827e-05  1.00000e+00  7.99916e-05  7.99916e-05
7.235510789e-01  5.4346653e-05  1.00000e+00  7.98247e-05  7.98247e-05
7.236957891e-01  5.9333461e-05  1.00000e+00  7.96881e-05  7.96881e-05
7.238405283e-01  6.5153917e-05  1.00000e+00  7.95894e-05  7.95894e-05
7.239852964e-01  7.1142923e-05  1.00000e+00  7.95316e-05  7.95316e-05
7.241300935e-01  7.6686573e-05  1.00000e+00  7.95136e-05  7.95136e-05
7.242749195e-01  8.1305744e-05  1.00000e+00  7.95303e-05  7.95303e-05
7.244197745e-01  8.4695444e-05  1.00000e+00  7.95743e-05  7.95743e-05
7.245646584e-01  8.6743175e-05  1.00000e+00  7.96364e-05  7.96364e-05
7.247095714e-01  8.7538110e-05  1.00000e+00  7.97076e-05  7.97076e-05
7.248545133e-01  8.7351012e-05  1.00000e+00  7.97803e-05  7.97803e-05
7.249994842e-01  8.6576517e-05  1.00000e+00  7.98491e-05  7.98491e-05
7.251444841e-01  8.5625370e-05  1.00000e+00  7.99114e-05  7.99114e-05
7.252895130e-01  8.4798610e-05  1.00000e+00  7.99671e-05  7.99671e-05
7.254345709e-01  8.4201276e-05  1.00000e+00  8.00177e-05  8.00177e-05
7.255796578e-01  8.3738970e-05  1.00000e+00  8.00645e-05  8.00645e-05
7.257247737e-01  8.3206054e-05  1.00000e+00  8.01077e-05  8.01077e-05
7.258699187e-01  8.2414959e-05  1.00000e+00  8.01463e-05  8.01463e-05
7.260150927e-01  8.1300970e-05  1.00000e+00  8.01782e-05  8.01782e-05
7.261602957e-01  7.9945496e-05  1.00000e+00  8.02015e-05  8.02015e-05
7.263055277e-01  7.8510356e-05  1.00000e+00  8.02151e-05  8.02151e-05
7.264507888e-01  7.7143863e-05  1.00000e+00  8.02192e-05  8.02192e-05
7.265960790e-01  7.5917203e-05  1.00000e+00  8.02144e-05  8.02144e-05
7.267413982e-01  7.4841752e-05  1.00000e+00  8.02020e-05  8.02020e-05
7.268867465e-01  7.3952571e-05  1.00000e+00  8.01829e-05  8.01829e-05
7.270321238e-01  7.3392192e-05  1.00000e+00  8.01590e-05  8.01590e-05
7.271775303e-01  7.3427887e-05  1.00000e+00  8.01332e-05  8.01332e-05
7.273229658e-01  7.4361676e-05  1.00000e+00  8.01108e-05  8.01108e-05
7.274684304e-01  7.6364842e-05  1.00000e+00  8.00982e-05  8.00982e-05
7.276139241e-01  7.9311571e-05  1.00000e+00  8.01026e-05  8.01026e-05
7.277594468e-01  8.2721971e-05  1.00000e+00  8.01287e-05  8.01287e-05
7.279049987e-01  8.5849263e-05  1.00000e+00  8.01771e-05  8.01771e-05
7.280505797e-01  8.7909243e-05  1.00000e+00  8.02431e-05  8.02431e-05
7.281961898e-01  8.8359251e-05  1.00000e+00  8.03174e-05  8.03174e-05
7.283418291e-01  8.7115067e-05  1.00000e+00  8.03886e-05  8.03886e-05
7.284874974e-01  8.4604307e-05  1.00000e+00  8.04463e-05  8.04463e-05
7.286331949e-01  8.1635099e-05  1.00000e+00  8.04847e-05  8.04847e-05
7.287789216e-01  7.9118230e-05  1.00000e+00  8.05040e-05  8.05040e-05
7.289246774e-01  7.7755697e-05  1.00000e+00  8.05097e-05  8.05097e-05
7.290704623e-01  7.7812897e-05  1.00000e+00  8.05110e-05  8.05110e-05
7.292162764e-01  7.9057369e-05  1.00000e+00  8.05168e-05  8.05168e-05
7.293621197e-01  8.0879010e-05  1.00000e+00  8.05333e-05  8.05333e-05
7.295079921e-01  8.2539443e-05  1.00000e+00  8.05618e-05  8.05618e-05
7.296538937e-01  8.3444596e-05  1.00000e+00  8.05990e-05  8.05990e-05
7.297998245e-01  8.3339503e-05  1.00000e+00  8.06388e-05  8.06388e-05
7.299457844e-01  8.2358944e-05  1.00000e+00  8.06745e-05  8.06745e-05
7.300917736e-01  8.0930145e-05  1.00000e+00  8.07017e-05  8.07017e-05
7.302377919e-01  7.9586671e-05  1.00000e+00  8.07191e-05  8.07191e-05
7.303838395e-01  7.8771278e-05  1.00000e+00  8.07289e-05  8.07289e-05
7.305299163e-01  7.8704092e-05  1.00000e+00  8.07357e-05  8.07357e-05
7.306760222e-01  7.9356697e-05  1.00000e+00  8.07444e-05  8.07444e-05
7.308221574e-01  8.0514583e-05  1.00000e+00  8.07593e-05  8.07593e-05
7.309683219e-01  8.1895536e-05  1.00000e+00  8.07827e-05  8.07827e-05
7.311145155e-01  8.3259126e-05  1.00000e+00  8.08154e-05  8.08154e-05
7.312607384e-01  8.4470323e-05  1.00000e+00  8.08565e-05  8.08565e-05
7.314069906e-01  8.5505383e-05  1.00000e+00  8.09048e-05  8.09048e-05
7.315532720e-01  8.6406614e-05  1.00000e+00  8.09594e-05  8.09594e-05
7.316995826e-01  8.7218004e-05  1.00000e+00  8.10193e-05  8.10193e-05
7.318459226e-01  8.7933056e-05  1.00000e+00  8.10840e-05  8.10840e-05
7.319922917e-01  8.8477267e-05  1.00000e+00  8.11525e-05  8.11525e-05
7.321386902e-01  8.8732363e-05  1.00000e+00  8.12234e-05  8.12234e-05
7.322851179e-01  8.8586716e-05  1.00000e+00  8.12943e-05  8.12943e-05
7.324315750e-01  8.7993393e-05  1.00000e+00  8.13623e-05  8.13623e-05
7.325780613e-01  8.7003089e-05  1.00000e+00  8.14244e-05  8.14244e-05
7.327245769e-01  8.5764397e-05  1.00000e+00  8.14787e-05  8.14787e-05
7.328711218e-01  8.4485549e-05  1.00000e+00  8.15240e-05  8.15240e-05
7.330176960e-01  8.3373486e-05  1.00000e+00  8.15610e-05  8.15610e-05
7.331642996e-01  8.2573437e-05  1.00000e+00  8.15913e-05  8.15913e-05
7.333109324e-01  8.2128703e-05  1.00000e+00  8.16172e-05  8.16172e-05
7.334575946e-01  8.1975234e-05  1.00000e+00  8.16410e-05  8.16410e-05
7.336042861e-01  8.1970213e-05  1.00000e+00  8.16642e-05  8.16642e-05
7.337510070e-01  8.1946531e-05  1.00000e+00  8.16873e-05  8.16873e-05
7.338977572e-01  8.1770231e-05  1.00000e+00  8.17096e-05  8.17096e-05
7.340445367e-01  8.1382464e-05  1.00000e+00  8.17300e-05  8.17300e-05
7.341913457e-01  8.0812134e-05  1.00000e+00  8.17469e-05  8.17469e-05
7.343381839e-01  8.0156096e-05  1.00000e+00  8.17597e-05  8.17597e-05
7.344850516e-01  7.9535007e-05  1.00000e+00  8.17680e-05  8.17680e-05
7.346319486e-01  7.9047777e-05  1.00000e+00  8.17725e-05  8.17725e-05
7.347788750e-01  7.8738482e-05  1.00000e+00  8.17744e-05  8.17744e-05
7.349258307e-01  7.8588637e-05  1.00000e+00  8.17747e-05  8.17747e-05
7.350728159e-01  7.8533396e-05  1.00000e+00  8.17744e-05  8.17744e-05
7.352198305e-01  7.8494693e-05  1.00000e+00  8.17739e-05  8.17739e-05
7.353668744e-01  7.8413606e-05  1.00000e+00  8.17730e-05  8.17730e-05
7.355139478e-01  7.8273433e-05  1.00000e+00  8.17714e-05  8.17714e-05
7.356610506e-01  7.8103531e-05  1.00000e+00  8.17687e-05  8.17687e-05
7.358081828e-01  7.7966211e-05  1.00000e+00  8.17650e-05  8.17650e-05
7.359553444e-01  7.7932270e-05  1.00000e+00  8.17607e-05  8.17607e-05
7.361025355e-01  7.8057335e-05  1.00000e+00  8.17567e-05  8.17567e-05
7.362497560e-01  7.8364774e-05  1.00000e+00  8.17543e-05  8.17543e-05
7.363970060e-01  7.8840967e-05  1.00000e+00  8.17544e-05  8.17544e-05
7.365442854e-01  7.9440232e-05  1.00000e+00  8.17582e-05  8.17582e-05
7.366915942e-01  8.0094655e-05  1.00000e+00  8.17661e-05  8.17661e-05
7.368389325e-01  8.0725791e-05  1.00000e+00  8.17784e-05  8.17784e-05
7.369863003e-01  8.1255482e-05  1.00000e+00  8.17945e-05  8.17945e-05
7.371336976e-01  8.1616452e-05  1.00000e+00  8.18135e-05  8.18135e-05
7.372811243e-01  8.1763634e-05  1.00000e+00  8.18341e-05  8.18341e-05
7.374285806e-01  8.1684400e-05  1.00000e+00  8.18548e-05  8.18548e-05
7.375760663e-01  8.1404128e-05  1.00000e+00  8.18742e-05  8.18742e-05
7.377235815e-01  8.0982991e-05  1.00000e+00  8.18911e-05  8.18911e-05
7.378711262e-01  8.0503083e-05  1.00000e+00  8.19049e-05  8.19049e-05
7.380187004e-01  8.0047538e-05  1.00000e+00  8.19154e-05  8.19154e-05
7.381663042e-01  7.9680615e-05  1.00000e+00  8.19232e-05  8.19232e-05
7.383139374e-01  7.9434625e-05  1.00000e+00  8.19288e-05  8.19288e-05
7.384616002e-01  7.9309006e-05  1.00000e+00  8.19332e-05  8.19332e-05
7.386092925e-01  7.9280403e-05  1.00000e+00  8.19370e-05  8.19370e-05
7.387570144e-01  7.9318823e-05  1.00000e+00  8.19409e-05  8.19409e-05
7.389047658e-01  7.9401271e-05  1.00000e+00  8.19452e-05  8.19452e-05
7.390525468e-01  7.9517730e-05  1.00000e+00  8.19501e-05  8.19501e-05
7.392003573e-01  7.9667975e-05  1.00000e+00  8.19559e-05  8.19559e-05
7.393481973e-01  7.9852173e-05  1.00000e+00  8.19628e-05  8.19628e-05
7.394960670e-01  8.0061577e-05  1.00000e+00  8.19710e-05  8.19710e-05
7.396439662e-01  8.0273406e-05  1.00000e+00  8.19806e-05  8.19806e-05
7.397918950e-01  8.0453818e-05  1.00000e+00  8.19914e-05  8.19914e-05
7.399398534e-01  8.0566492e-05  1.00000e+00  8.20031e-05  8.20031e-05
7.400878413e-01  8.0584181e-05  1.00000e+00  8.20153e-05  8.20153e-05
7.402358589e-01  8.0498130e-05  1.00000e+00  8.20272e-05  8.20272e-05
7.403839061e-01  8.0321935e-05  1.00000e+00  8.20381e-05  8.20381e-05
7.405319828e-01  8.0088161e-05  1.00000e+00  8.20476e-05  8.20476e-05
7.406800892e-01  7.9839325e-05  1.00000e+00  8.20554e-05  8.20554e-05
7.408282253e-01  7.9616131e-05  1.00000e+00  8.20616e-05  8.20616e-05
7.409763909e-01  7.9446859e-05  1.00000e+00  8.20665e-05  8.20665e-05
7.411245862e-01  7.9341708e-05  1.00000e+00  8.20704e-05  8.20704e-05
7.412728111e-01  7.9293329e-05  1.00000e+00  8.20738e-05  8.20738e-05
7.414210657e-01  7.9282663e-05  1.00000e+00  8.20770e-05  8.20770e-05
7.415693499e-01  7.9287856e-05  1.00000e+00  8.20802e-05  8.20802e-05
7.417176637e-01  7.9292347e-05  1.00000e+00  8.20835e-05  8.20835e-05
7.418660073e-01  7.9289514e-05  1.00000e+00  8.20867e-05  8.20867e-05
7.420143805e-01  7.9282402e-05  1.00000e+00  8.20900e-05  8.20900e-05
7.421627834e-01  7.9279684e-05  1.00000e+00  8.20931e-05  8.20931e-05
7.423112159e-01  7.9289461e-05  1.00000e+00  8.20963e-05  8.20963e-05
7.424596782e-01  7.9314083e-05  1.00000e+00  8.20996e-05  8.20996e-05
7.426081701e-01  7.9347918e-05  1.00000e+00  8.21031e-05  8.21031e-05
7.427566917e-01  7.9378817e-05  1.00000e+00  8.21068e-05  8.21068e-05
7.429052431e-01  7.9392684e-05  1.00000e+00  8.21106e-05  8.21106e-05
7.430538241e-01  7.9378849e-05  1.00000e+00  8.21145e-05  8.21145e-05
7.432024349e-01  7.9333991e-05  1.00000e+00  8.21181e-05  8.21181e-05
7.433510754e-01  7.9263349e-05  1.00000e+00  8.21214e-05  8.21214e-05
7.434997456e-01  7.9178914e-05  1.00000e+00  8.21241e-05  8.21241e-05
7.436484455e-01  7.9095392e-05  1.00000e+00  8.21262e-05  8.21262e-05
7.437971752e-01  7.9025648e-05  1.00000e+00  8.21279e-05  8.21279e-05
7.439459347e-01  7.8977186e-05  1.00000e+00  8.21291e-05  8.21291e-05
7.440947238e-01  7.8950789e-05  1.00000e+00  8.21301e-05  8.21301e-05
7.442435428e-01  7.8941388e-05  1.00000e+00  8.21311e-05  8.21311e-05
7.443923915e-01  7.8940648e-05  1.00000e+00  8.21319e-05  8.21319e-05
7.445412700e-01  7.8940300e-05  1.00000e+00  8.21328e-05  8.21328e-05
7.446901782e-01  7.8934686e-05  1.00000e+00  8.21337e-05  8.21337e-05
7.448391163e-01  7.8922198e-05  1.00000e+00  8.21345e-05  8.21345e-05
7.449880841e-01  7.8904964e-05  1.00000e+00  8.21352e-05  8.21352e-05
7.451370817e-01  7.8887251e-05  1.00000e+00  8.21358e-05  8.21358e-05
7.452861091e-01  7.8873460e-05  1.00000e+00  8.21364e-05  8.21364e-05
7.454351663e-01  7.8866410e-05  1.00000e+00  8.21368e-05  8.21368e-05
7.455842534e-01  7.8866533e-05  1.00000e+00  8.21372e-05  8.21372e-05
7.457333702e-01  7.8872036e-05  1.00000e+00  8.21377e-05  8.21377e-05
7.458825169e-01  7.8879915e-05  1.00000e+00  8.21382e-05  8.21382e-05
7.460316934e-01  7.8887212e-05  1.00000e+00  8.21388e-05  8.21388e-05
7.461808997e-01  7.8892071e-05  1.00000e+00  8.21394e-05  8.21394e-05
7.463301359e-01  7.8894283e-05  1.00000e+00  8.21400e-05  8.21400e-05
7.464794020e-01  7.8895118e-05  1.00000e+00  8.21406e-05  8.21406e-05
7.466286978e-01  7.8896655e-05  1.00000e+00  8.21412e-05  8.21412e-05
7.467780236e-01  7.8900882e-05  1.00000e+00  8.21419e-05  8.21419e-05
7.469273792e-01  7.8908962e-05  1.00000e+00  8.21426e-05  8.21426e-05
7.470767647e-01  7.8920916e-05  1.00000e+00  8.21433e-05  8.21433e-05
7.472261800e-01  7.8935795e-05  1.00000e+00  8.21441e-05  8.21441e-05
7.473756252e-01  7.8952170e-05  1.00000e+00  8.21451e-05  8.21451e-05
7.475251004e-01  7.8968716e-05  1.00000e+00  8.21461e-05  8.21461e-05
7.476746054e-01  7.8984569e-05  1.00000e+00  8.21472e-05  8.21472e-05
7.478241403e-01  7.8999434e-05  1.00000e+00  8.21484e-05  8.21484e-05
7.479737051e-01  7.9013439e-05  1.00000e+00  8.21497e-05  8.21497e-05
7.481232999e-01  7.9026885e-05  1.00000e+00  8.21511e-05  8.21511e-05
7.482729245e-01  7.9040056e-05  1.00000e+00  8.21526e-05  8.21526e-05
7.484225791e-01  7.9053139e-05  1.00000e+00  8.21541e-05  8.21541e-05
7.485722636e-01  7.9066248e-05  1.00000e+00  8.21557e-05  8.21557e-05
7.487219781e-01  7.9079465e-05  1.00000e+00  8.21574e-05  8.21574e-05
7.488717225e-01  7.9092880e-05  1.00000e+00  8.21592e-05  8.21592e-05
7.490214968e-01  7.9106562e-05  1.00000e+00  8.21610e-05  8.21610e-05
7.491713011e-01  7.9120521e-05  1.00000e+00  8.21629e-05  8.21629e-05
7.493211354e-01  7.9134697e-05  1.00000e+00  8.21648e-05  8.21648e-05
7.494709996e-01  7.9148985e-05  1.00000e+00  8.21669e-05  8.21669e-05
7.496208938e-01  7.9163309e-05  1.00000e+00  8.21690e-05  8.21690e-05
7.497708180e-01  7.9177694e-05  1.00000e+00  8.21712e-05  8.21712e-05
7.499207722e-01  7.9192286e-05  1.00000e+00  8.21735e-05  8.21735e-05
7.500707563e-01  7.9207278e-05  1.00000e+00  8.21759e-05  8.21759e-05
7.502207705e-01  7.9222773e-05  1.00000e+00  8.21783e-05  8.21783e-05
7.503708146e-01  7.9238607e-05  1.00000e+00  8.21808e-05  8.21808e-05
7.505208888e-01  7.9254267e-05  1.00000e+00  8.21834e-05  8.21834e-05
7.506709930e-01  7.9268923e-05  1.00000e+00  8.21861e-05  8.21861e-05
7.508211272e-01  7.9281607e-05  1.00000e+00  8.21889e-05  8.21889e-05
7.509712914e-01  7.9291472e-05  1.00000e+00  8.21917e-05  8.21917e-05
7.511214856e-01  7.9298030e-05  1.00000e+00  8.21946e-05  8.21946e-05
7.512717099e-01  7.9301274e-05  1.00000e+00  8.21975e-05  8.21975e-05
7.514219643e-01  7.9301633e-05  1.00000e+00  8.22004e-05  8.22004e-05
7.515722487e-01  7.9299794e-05  1.00000e+00  8.22033e-05  8.22033e-05
7.517225631e-01  7.9296464e-05  1.00000e+00  8.22061e-05  8.22061e-05
7.518729076e-01  7.9292172e-05  1.00000e+00  8.22089e-05  8.22089e-05
7.520232822e-01  7.9287170e-05  1.00000e+00  8.22117e-05  8.22117e-05
7.521736869e-01  7.9281455e-05  1.00000e+00  8.22144e-05  8.22144e-05
7.523241216e-01  7.9274858e-05  1.00000e+00  8.22171e-05  8.22171e-05
7.524745864e-01  7.9267164e-05  1.00000e+00  8.22197e-05  8.22197e-05
7.526250814e-01  7.9258204e-05  1.00000e+00  8.22223e-05  8.22223e-05
7.527756064e-01  7.9247913e-05  1.00000e+00  8.22248e-05  8.22248e-05
7.529261615e-01  7.9236362e-05  1.00000e+00  8.22273e-05  8.22273e-05
7.530767467e-01  7.9223761e-05  1.00000e+00  8.22296e-05  8.22296e-05
7.532273621e-01  7.9210449e-05  1.00000e+00  8.22319e-05  8.22319e-05
7.533780075e-01  7.9196852e-05  1.00000e+00  8.22341e-05  8.22341e-05
7.535286831e-01  7.9183408e-05  1.00000e+00  8.22362e-05  8.22362e-05
7.536793889e-01  7.9170468e-05  1.00000e+00  8.22382e-05  8.22382e-05
7.538301248e-01  7.9158223e-05  1.00000e+00  8.22402e-05  8.22402e-05
7.539808908e-01  7.9146663e-05  1.00000e+00  8.22420e-05  8.22420e-05
7.541316870e-01  7.9135623e-05  1.00000e+00  8.22439e-05  8.22439e-05
7.542825133e-01  7.9124870e-05  1.00000e+00  8.22456e-05  8.22456e-05
7.544333698e-01  7.9114212e-05  1.00000e+00  8.22473e-05  8.22473e-05
7.545842565e-01  7.9103572e-05  1.00000e+00  8.22489e-05  8.22489e-05
7.547351733e-01  7.9092977e-05  1.00000e+00  8.22505e-05  8.22505e-05
7.548861204e-01  7.9082497e-05  1.00000e+00  8.22520e-05  8.22520e-05
7.550370976e-01  7.9072128e-05  1.00000e+00  8.22534e-05  8.22534e-05
7.551881050e-01  7.9061671e-05  1.00000e+00  8.22548e-05  8.22548e-05
7.553391426e-01  7.9050647e-05  1.00000e+00  8.22561e-05  8.22561e-05
7.554902105e-01  7.9038259e-05  1.00000e+00  8.22574e-05  8.22574e-05
7.556413085e-01  7.9023387e-05  1.00000e+00  8.22585e-05  8.22585e-05
7.557924368e-01  7.9004627e-05  1.00000e+00  8.22596e-05  8.22596e-05
7.559435952e-01  7.8980346e-05  1.00000e+00  8.22606e-05  8.22606e-05
7.560947840e-01  7.8948708e-05  1.00000e+00  8.22613e-05  8.22613e-05
7.562460029e-01  7.8907661e-05  1.00000e+00  8.22619e-05  8.22619e-05
7.563972521e-01  7.8854750e-05  1.00000e+00  8.22622e-05  8.22622e-05
7.565485316e-01  7.8781930e-05  1.00000e+00  8.22620e-05  8.22620e-05
7.566998413e-01  7.8677436e-05  1.00000e+00  8.22614e-05  8.22614e-05
7.568511812e-01  7.8515062e-05  1.00000e+00  8.22598e-05  8.22598e-05
7.570025515e-01  7.8242391e-05  1.00000e+00  8.22570e-05  8.22570e-05
7.571539520e-01  7.7745772e-05  1.00000e+00  8.22517e-05  8.22517e-05
7.573053828e-01  7.6804025e-05  1.00000e+00  8.22421e-05  8.22421e-05
7.574568439e-01  7.5000349e-05  1.00000e+00  8.22239e-05  8.22239e-05
7.576083352e-01  7.1607708e-05  1.00000e+00  8.21896e-05  8.21896e-05
7.577598569e-01  6.5439077e-05  1.00000e+00  8.21254e-05  8.21254e-05
7.579114089e-01  5.4711075e-05  1.00000e+00  8.20082e-05  8.20082e-05
7.580629912e-01  3.6986226e-05  1.00000e+00  8.18012e-05  8.18012e-05
7.582146037e-01  9.2844648e-06  1.00000e+00  8.14505e-05  8.14505e-05
7.583662467e-01 -3.1524692e-05  1.00000e+00  8.08820e-05  8.08820e-05
7.585179199e-01 -8.8009595e-05  1.00000e+00  8.00035e-05  8.00035e-05
7.586696235e-01 -1.6121223e-04  1.00000e+00  7.87110e-05  7.87110e-05
7.588213574e-01 -2.4963888e-04  1.00000e+00  7.69018e-05  7.69018e-05
7.589731217e-01 -3.4855795e-04  1.00000e+00  7.44939e-05  7.44939e-05
7.591249163e-01 -4.4996155e-04  1.00000e+00  7.14471e-05  7.14471e-05
7.592767413e-01 -5.4339281e-04  1.00000e+00  6.77818e-05  6.77818e-05
7.594285967e-01 -6.1756287e-04  1.00000e+00  6.35898e-05  6.35898e-05
7.595804824e-01 -6.6239779e-04  1.00000e+00  5.90325e-05  5.90325e-05
7.597323985e-01 -6.7087912e-04  1.00000e+00  5.43267e-05  5.43267e-05
7.598843449e-01 -6.4020703e-04  1.00000e+00  4.97203e-05  4.97203e-05
7.600363218e-01 -5.7192002e-04  1.00000e+00  4.54635e-05  4.54635e-05
7.601883291e-01 -4.7118400e-04  1.00000e+00  4.17830e-05  4.17830e-05
7.603403667e-01 -3.4560746e-04  1.00000e+00  3.88620e-05  3.88620e-05
7.604924348e-01 -2.0407799e-04  1.00000e+00  3.68287e-05  3.68287e-05
7.606445333e-01 -5.6036409e-05  1.00000e+00  3.57509e-05  3.57509e-05
7.607966622e-01  8.8869576e-05  1.00000e+00  3.56340e-05  3.56340e-05
7.609488215e-01  2.2089849e-04  1.00000e+00  3.64204e-05  3.64204e-05
7.611010113e-01  3.3046908e-04  1.00000e+00  3.79901e-05  3.79901e-05
7.612532315e-01  4.0890249e-04  1.00000e+00  4.01640e-05  4.01640e-05
7.614054822e-01  4.4963885e-04  1.00000e+00  4.27143e-05  4.27143e-05
7.615577633e-01  4.4969493e-04  1.00000e+00  4.53824e-05  4.53824e-05
7.617100748e-01  4.1091983e-04  1.00000e+00  4.79074e-05  4.79074e-05
7.618624168e-01  3.4042739e-04  1.00000e+00  5.00592e-05  5.00592e-05
7.620147893e-01  2.4984147e-04  1.00000e+00  5.16699e-05  5.16699e-05
7.621671923e-01  1.5339641e-04  1.00000e+00  5.26579e-05  5.26579e-05
7.623196257e-01  6.5277157e-05  1.00000e+00  5.30354e-05  5.30354e-05
7.624720896e-01 -3.0522273e-06  1.00000e+00  5.28990e-05  5.28990e-05
7.626245840e-01 -4.4752614e-05  1.00000e+00  5.24045e-05  5.24045e-05
7.627771090e-01 -5.8274375e-05  1.00000e+00  5.17339e-05  5.17339e-05
7.629296644e-01 -4.6773831e-05  1.00000e+00  5.10627e-05  5.10627e-05
7.630822503e-01 -1.6586382e-05  1.00000e+00  5.05333e-05  5.05333e-05
7.632348668e-01  2.4666298e-05  1.00000e+00  5.02416e-05  5.02416e-05
7.633875137e-01  6.9775666e-05  1.00000e+00  5.02337e-05  5.02337e-05
7.635401912e-01  1.1311795e-04  1.00000e+00  5.05139e-05  5.05139e-05
7.636928993e-01  1.5116404e-04  1.00000e+00  5.10564e-05  5.10564e-05
7.638456379e-01  1.8242940e-04  1.00000e+00  5.18197e-05  5.18197e-05
7.639984070e-01  2.0699460e-04  1.00000e+00  5.27582e-05  5.27582e-05
7.641512067e-01  2.2588054e-04  1.00000e+00  5.38304e-05  5.38304e-05
7.643040369e-01  2.4043200e-04  1.00000e+00  5.50030e-05  5.50030e-05
7.644568977e-01  2.5184126e-04  1.00000e+00  5.62513e-05  5.62513e-05
7.646097891e-01  2.6088305e-04  1.00000e+00  5.75574e-05  5.75574e-05
7.647627111e-01  2.6785540e-04  1.00000e+00  5.89066e-05  5.89066e-05
7.649156636e-01  2.7267682e-04  1.00000e+00  6.02854e-05  6.02854e-05
7.650686467e-01  2.7507384e-04  1.00000e+00  6.16788e-05  6.16788e-05
7.652216605e-01  2.7477581e-04  1.00000e+00  6.30702e-05  6.30702e-05
7.653747048e-01  2.7167430e-04  1.00000e+00  6.44418e-05  6.44418e-05
7.655277797e-01  2.6591891e-04  1.00000e+00  6.57761e-05  6.57761e-05
7.656808853e-01  2.5793476e-04  1.00000e+00  6.70574e-05  6.70574e-05
7.658340215e-01  2.4835731e-04  1.00000e+00  6.82737e-05  6.82737e-05
7.659871883e-01  2.3794812e-04  1.00000e+00  6.94176e-05  6.94176e-05
7.661403857e-01  2.2744848e-04  1.00000e+00  7.04866e-05  7.04866e-05
7.662936138e-01  2.1748048e-04  1.00000e+00  7.14828e-05  7.14828e-05
7.664468725e-01  2.0842097e-04  1.00000e+00  7.24113e-05  7.24113e-05
7.666001619e-01  2.0036456e-04  1.00000e+00  7.32789e-05  7.32789e-05
7.667534819e-01  1.9315668e-04  1.00000e+00  7.40922e-05  7.40922e-05
7.669068326e-01  1.8645644e-04  1.00000e+00  7.48558e-05  7.48558e-05
7.670602140e-01  1.7989091e-04  1.00000e+00  7.55722e-05  7.55722e-05
7.672136260e-01  1.7316301e-04  1.00000e+00  7.62415e-05  7.62415e-05
7.673670687e-01  1.6612649e-04  1.00000e+00  7.68625e-05  7.68625e-05
7.675205422e-01  1.5883176e-04  1.00000e+00  7.74335e-05  7.74335e-05
7.676740463e-01  1.5147220e-04  1.00000e+00  7.79538e-05  7.79538e-05
7.678275811e-01  1.4430423e-04  1.00000e+00  7.84241e-05  7.84241e-05
7.679811466e-01  1.3758900e-04  1.00000e+00  7.88468e-05  7.88468e-05
7.681347428e-01  1.3151558e-04  1.00000e+00  7.92258e-05  7.92258e-05
7.682883698e-01  1.2616751e-04  1.00000e+00  7.95658e-05  7.95658e-05
7.684420274e-01  1.2154462e-04  1.00000e+00  7.98717e-05  7.98717e-05
7.685957159e-01  1.1757434e-04  1.00000e+00  8.01481e-05  8.01481e-05
7.687494350e-01  1.1413862e-04  1.00000e+00  8.03992e-05  8.03992e-05
7.689031849e-01  1.1111536e-04  1.00000e+00  8.06281e-05  8.06281e-05
7.690569655e-01  1.0840478e-04  1.00000e+00  8.08372e-05  8.08372e-05
7.692107769e-01  1.0592192e-04  1.00000e+00  8.10284e-05  8.10284e-05
7.693646191e-01  1.0361678e-04  1.00000e+00  8.12031e-05  8.12031e-05
7.695184920e-01  1.0146643e-04  1.00000e+00  8.13625e-05  8.13625e-05
7.696723957e-01  9.9457470e-05  1.00000e+00  8.15075e-05  8.15075e-05
7.698263302e-01  9.7572694e-05  1.00000e+00  8.16392e-05  8.16392e-05
7.699802954e-01  9.5788481e-05  1.00000e+00  8.17583e-05  8.17583e-05
7.701342915e-01  9.4079971e-05  1.00000e+00  8.18655e-05  8.18655e-05
7.702883184e-01  9.2413128e-05  1.00000e+00  8.19612e-05  8.19612e-05
7.704423760e-01  9.0767885e-05  1.00000e+00  8.20458e-05  8.20458e-05
7.705964645e-01  8.9144468e-05  1.00000e+00  8.21194e-05  8.21194e-05
7.707505838e-01  8.7563495e-05  1.00000e+00  8.21823e-05  8.21823e-05
7.709047339e-01  8.6060463e-05  1.00000e+00  8.22350e-05  8.22350e-05
7.710589148e-01  8.4680027e-05  1.00000e+00  8.22781e-05  8.22781e-05
7.712131266e-01  8.3465054e-05  1.00000e+00  8.23127e-05  8.23127e-05
7.713673693e-01  8.2445319e-05  1.00000e+00  8.23399e-05  8.23399e-05
7.715216427e-01  8.1631259e-05  1.00000e+00  8.23611e-05  8.23611e-05
7.716759471e-01  8.1015452e-05  1.00000e+00  8.23776e-05  8.23776e-05
7.718302822e-01  8.0575951e-05  1.00000e+00  8.23908e-05  8.23908e-05
7.719846483e-01  8.0280896e-05  1.00000e+00  8.24015e-05  8.24015e-05
7.721390452e-01  8.0094296e-05  1.00000e+00  8.24106e-05  8.24106e-05
7.722934730e-01  7.9982676e-05  1.00000e+00  8.24188e-05  8.24188e-05
7.724479317e-01  7.9918135e-05  1.00000e+00  8.24264e-05  8.24264e-05
7.726024213e-01  7.9879161e-05  1.00000e+00  8.24337e-05  8.24337e-05
7.727569418e-01  7.9850151e-05  1.00000e+00  8.24407e-05  8.24407e-05
7.729114932e-01  7.9821666e-05  1.00000e+00  8.24475e-05  8.24475e-05
7.730660755e-01  7.9788325e-05  1.00000e+00  8.24541e-05  8.24541e-05
7.732206887e-01  7.9748594e-05  1.00000e+00  8.24604e-05  8.24604e-05
7.733753328e-01  7.9701866e-05  1.00000e+00  8.24664e-05  8.24664e-05
7.735300079e-01  7.9649138e-05  1.00000e+00  8.24721e-05  8.24721e-05
7.736847139e-01  7.9591943e-05  1.00000e+00  8.24775e-05  8.24775e-05
7.738394509e-01  7.9532155e-05  1.00000e+00  8.24824e-05  8.24824e-05
7.739942188e-01  7.9471608e-05  1.00000e+00  8.24869e-05  8.24869e-05
7.741490176e-01  7.9411829e-05  1.00000e+00  8.24911e-05  8.24911e-05
7.743038474e-01  7.9354145e-05  1.00000e+00  8.24949e-05  8.24949e-05
7.744587082e-01  7.9299490e-05  1.00000e+00  8.24983e-05  8.24983e-05
7.746135999e-01  7.9248514e-05  1.00000e+00  8.25013e-05  8.25013e-05
7.747685226e-01  7.9201554e-05  1.00000e+00  8.25041e-05  8.25041e-05
7.749234763e-01  7.9158751e-05  1.00000e+00  8.25065e-05  8.25065e-05
7.750784610e-01  7.9120058e-05  1.00000e+00  8.25087e-05  8.25087e-05
7.752334767e-01  7.9085276e-05  1.00000e+00  8.25107e-05  8.25107e-05
7.753885234e-01  7.9054064e-05  1.00000e+00  8.25124e-05  8.25124e-05
7.755436011e-01  7.9025845e-05  1.00000e+00  8.25140e-05  8.25140e-05
7.756987098e-01  7.9000096e-05  1.00000e+00  8.25154e-05  8.25154e-05
7.758538496e-01  7.8976286e-05  1.00000e+00  8.25166e-05  8.25166e-05
7.760090204e-01  7.8954131e-05  1.00000e+00  8.25177e-05  8.25177e-05
7.761642222e-01  7.8933606e-05  1.00000e+00  8.25187e-05  8.25187e-05
7.763194550e-01  7.8914879e-05  1.00000e+00  8.25195e-05  8.25195e-05
7.764747189e-01  7.8898323e-05  1.00000e+00  8.25203e-05  8.25203e-05
7.766300138e-01  7.8884354e-05  1.00000e+00  8.25209e-05  8.25209e-05
7.767853398e-01  7.8873314e-05  1.00000e+00  8.25214e-05  8.25214e-05
7.769406969e-01  7.8865456e-05  1.00000e+00  8.25219e-05  8.25219e-05
7.770960850e-01  7.8860872e-05  1.00000e+00  8.25224e-05  8.25224e-05
7.772515043e-01  7.8859485e-05  1.00000e+00  8.25229e-05  8.25229e-05
7.774069546e-01  7.8861071e-05  1.00000e+00  8.25233e-05  8.25233e-05
7.775624360e-01  7.8865299e-05  1.00000e+00  8.25238e-05  8.25238e-05
7.777179484e-01  7.8871680e-05  1.00000e+00  8.25242e-05  8.25242e-05
7.778734920e-01  7.8879677e-05  1.00000e+00  8.25248e-05  8.25248e-05
7.780290667e-01  7.8888760e-05  1.00000e+00  8.25254e-05  8.25254e-05
7.781846725e-01  7.8898498e-05  1.00000e+00  8.25260e-05  8.25260e-05
7.783403095e-01  7.8908641e-05  1.00000e+00  8.25267e-05  8.25267e-05
7.784959775e-01  7.8919172e-05  1.00000e+00  8.25274e-05  8.25274e-05
7.786516767e-01  7.8930298e-05  1.00000e+00  8.25283e-05  8.25283e-05
7.788074071e-01  7.8942327e-05  1.00000e+00  8.25291e-05  8.25291e-05
7.789631686e-01  7.8955570e-05  1.00000e+00  8.25301e-05  8.25301e-05
7.791189612e-01  7.8970228e-05  1.00000e+00  8.25311e-05  8.25311e-05
7.792747850e-01  7.8986362e-05  1.00000e+00  8.25322e-05  8.25322e-05
7.794306399e-01  7.9003933e-05  1.00000e+00  8.25334e-05  8.25334e-05
7.795865261e-01  7.9022903e-05  1.00000e+00  8.25347e-05  8.25347e-05
7.797424434e-01  7.9043284e-05  1.00000e+00  8.25361e-05  8.25361e-05
7.798983919e-01  7.9065096e-05  1.00000e+00  8.25377e-05  8.25377e-05
7.800543715e-01  7.9088210e-05  1.00000e+00  8.25394e-05  8.25394e-05
7.802103824e-01  7.9112170e-05  1.00000e+00  8.25412e-05  8.25412e-05
7.803664245e-01  7.9136087e-05  1.00000e+00  8.25431e-05  8.25431e-05
7.805224978e-01  7.9158728e-05  1.00000e+00  8.25452e-05  8.25452e-05
7.806786023e-01  7.9178793e-05  1.00000e+00  8.25474e-05  8.25474e-05
7.808347380e-01  7.9195302e-05  1.00000e+00  8.25497e-05  8.25497e-05
7.809909049e-01  7.9207934e-05  1.00000e+00  8.25520e-05  8.25520e-05
7.811471031e-01  7.9217187e-05  1.00000e+00  8.25545e-05  8.25545e-05
7.813033325e-01  7.9224250e-05  1.00000e+00  8.25569e-05  8.25569e-05
7.814595932e-01  7.9230649e-05  1.00000e+00  8.25594e-05  8.25594e-05
7.816158851e-01  7.9237757e-05  1.00000e+00  8.25619e-05  8.25619e-05
7.817722083e-01  7.9246336e-05  1.00000e+00  8.25644e-05  8.25644e-05
7.819285627e-01  7.9256256e-05  1.00000e+00  8.25670e-05  8.25670e-05
7.820849485e-01  7.9266462e-05  1.00000e+00  8.25696e-05  8.25696e-05
7.822413654e-01  7.9275233e-05  1.00000e+00  8.25723e-05  8.25723e-05
7.823978137e-01  7.9280633e-05  1.00000e+00  8.25750e-05  8.25750e-05
7.825542933e-01  7.9281049e-05  1.00000e+00  8.25777e-05  8.25777e-05
7.827108041e-01  7.9275655e-05  1.00000e+00  8.25804e-05  8.25804e-05
7.828673463e-01  7.9264637e-05  1.00000e+00  8.25830e-05  8.25830e-05
7.830239198e-01  7.9249204e-05  1.00000e+00  8.25856e-05  8.25856e-05
7.831805246e-01  7.9231312e-05  1.00000e+00  8.25880e-05  8.25880e-05
7.833371607e-01  7.9213221e-05  1.00000e+00  8.25903e-05  8.25903e-05
7.834938281e-01  7.9196938e-05  1.00000e+00  8.25924e-05  8.25924e-05
7.836505269e-01  7.9183741e-05  1.00000e+00  8.25945e-05  8.25945e-05
7.838072570e-01  7.9174012e-05  1.00000e+00  8.25965e-05  8.25965e-05
7.839640184e-01  7.9167207e-05  1.00000e+00  8.25985e-05  8.25985e-05
7.841208112e-01  7.9162157e-05  1.00000e+00  8.26004e-05  8.26004e-05
7.842776354e-01  7.9157504e-05  1.00000e+00  8.26022e-05  8.26022e-05
7.844344909e-01  7.9151763e-05  1.00000e+00  8.26041e-05  8.26041e-05
7.845913778e-01  7.9143043e-05  1.00000e+00  8.26059e-05  8.26059e-05
7.847482961e-01  7.9128464e-05  1.00000e+00  8.26076e-05  8.26076e-05
7.849052457e-01  7.9103701e-05  1.00000e+00  8.26092e-05  8.26092e-05
7.850622268e-01  7.9062651e-05  1.00000e+00  8.26107e-05  8.26107e-05
7.852192392e-01  7.8998459e-05  1.00000e+00  8.26118e-05  8.26118e-05
7.853762831e-01  7.8905290e-05  1.00000e+00  8.26124e-05  8.26124e-05
7.855333583e-01  7.8780863e-05  1.00000e+00  8.26123e-05  8.26123e-05
7.856904650e-01  7.8628948e-05  1.00000e+00  8.26114e-05  8.26114e-05
7.858476031e-01  7.8460515e-05  1.00000e+00  8.26095e-05  8.26095e-05
7.860047726e-01  7.8292753e-05  1.00000e+00  8.26065e-05  8.26065e-05
7.861619736e-01  7.8145613e-05  1.00000e+00  8.26026e-05  8.26026e-05
7.863192060e-01  7.8036764e-05  1.00000e+00  8.25979e-05  8.25979e-05
7.864764698e-01  7.7976712e-05  1.00000e+00  8.25927e-05  8.25927e-05
7.866337651e-01  7.7965980e-05  1.00000e+00  8.25873e-05  8.25873e-05
7.867910919e-01  7.7996012e-05  1.00000e+00  8.25821e-05  8.25821e-05
7.869484501e-01  7.8052295e-05  1.00000e+00  8.25772e-05  8.25772e-05
7.871058398e-01  7.8119265e-05  1.00000e+00  8.25727e-05  8.25727e-05
7.872632609e-01  7.8183394e-05  1.00000e+00  8.25687e-05  8.25687e-05
7.874207136e-01  7.8233539e-05  1.00000e+00  8.25651e-05  8.25651e-05
7.875781977e-01  7.8257923e-05  1.00000e+00  8.25617e-05  8.25617e-05
7.877357134e-01  7.8240866e-05  1.00000e+00  8.25585e-05  8.25585e-05
7.878932605e-01  7.8161844e-05  1.00000e+00  8.25550e-05  8.25550e-05
7.880508392e-01  7.7999583e-05  1.00000e+00  8.25507e-05  8.25507e-05
7.882084493e-01  7.7740350e-05  1.00000e+00  8.25452e-05  8.25452e-05
7.883660910e-01  7.7388497e-05  1.00000e+00  8.25379e-05  8.25379e-05
7.885237642e-01  7.6974493e-05  1.00000e+00  8.25281e-05  8.25281e-05
7.886814690e-01  7.6556037e-05  1.00000e+00  8.25158e-05  8.25158e-05
7.888392053e-01  7.6210014e-05  1.00000e+00  8.25011e-05  8.25011e-05
7.889969731e-01  7.6015679e-05  1.00000e+00  8.24847e-05  8.24847e-05
7.891547725e-01  7.6033522e-05  1.00000e+00  8.24679e-05  8.24679e-05
7.893126035e-01  7.6287240e-05  1.00000e+00  8.24521e-05  8.24521e-05
7.894704660e-01  7.6754027e-05  1.00000e+00  8.24386e-05  8.24386e-05
7.896283601e-01  7.7369330e-05  1.00000e+00  8.24287e-05  8.24287e-05
7.897862858e-01  7.8043497e-05  1.00000e+00  8.24229e-05  8.24229e-05
7.899442430e-01  7.8685745e-05  1.00000e+00  8.24214e-05  8.24214e-05
7.901022319e-01  7.9226977e-05  1.00000e+00  8.24237e-05  8.24237e-05
7.902602523e-01  7.9632003e-05  1.00000e+00  8.24289e-05  8.24289e-05
7.904183044e-01  7.9899349e-05  1.00000e+00  8.24363e-05  8.24363e-05
7.905763880e-01  8.0049386e-05  1.00000e+00  8.24449e-05  8.24449e-05
7.907345033e-01  8.0107965e-05  1.00000e+00  8.24541e-05  8.24541e-05
7.908926502e-01  8.0093137e-05  1.00000e+00  8.24634e-05  8.24634e-05
7.910508287e-01  8.0010962e-05  1.00000e+00  8.24723e-05  8.24723e-05
7.912090389e-01  7.9861138e-05  1.00000e+00  8.24805e-05  8.24805e-05
7.913672807e-01  7.9648630e-05  1.00000e+00  8.24875e-05  8.24875e-05
7.915255542e-01  7.9393927e-05  1.00000e+00  8.24930e-05  8.24930e-05
7.916838593e-01  7.9136924e-05  1.00000e+00  8.24969e-05  8.24969e-05
7.918421961e-01  7.8931171e-05  1.00000e+00  8.24992e-05  8.24992e-05
7.920005645e-01  7.8831713e-05  1.00000e+00  8.25005e-05  8.25005e-05
7.921589646e-01  7.8881251e-05  1.00000e+00  8.25017e-05  8.25017e-05
7.923173964e-01  7.9100101e-05  1.00000e+00  8.25037e-05  8.25037e-05
7.924758599e-01  7.9481621e-05  1.00000e+00  8.25076e-05  8.25076e-05
7.926343550e-01  7.9992977e-05  1.00000e+00  8.25143e-05  8.25143e-05
7.927928819e-01  8.0578808e-05  1.00000e+00  8.25244e-05  8.25244e-05
7.929514405e-01  8.1166985e-05  1.00000e+00  8.25382e-05  8.25382e-05
7.931100308e-01  8.1677180e-05  1.00000e+00  8.25555e-05  8.25555e-05
7.932686528e-01  8.2032718e-05  1.00000e+00  8.25753e-05  8.25753e-05
7.934273065e-01  8.2174397e-05  1.00000e+00  8.25967e-05  8.25967e-05
7.935859920e-01  8.2073519e-05  1.00000e+00  8.26181e-05  8.26181e-05
7.937447092e-01  8.1738177e-05  1.00000e+00  8.26380e-05  8.26380e-05
7.939034581e-01  8.1210125e-05  1.00000e+00  8.26551e-05  8.26551e-05
7.940622388e-01  8.0551935e-05  1.00000e+00  8.26683e-05  8.26683e-05
7.942210513e-01  7.9828856e-05  1.00000e+00  8.26772e-05  8.26772e-05
7.943798955e-01  7.9092049e-05  1.00000e+00  8.26814e-05  8.26814e-05
7.945387714e-01  7.8368296e-05  1.00000e+00  8.26810e-05  8.26810e-05
7.946976792e-01  7.7659894e-05  1.00000e+00  8.26761e-05  8.26761e-05
7.948566187e-01  7.6955232e-05  1.00000e+00  8.26669e-05  8.26669e-05
7.950155901e-01  7.6246616e-05  1.00000e+00  8.26533e-05  8.26533e-05
7.951745932e-01  7.5549988e-05  1.00000e+00  8.26354e-05  8.26354e-05
7.953336281e-01  7.4918890e-05  1.00000e+00  8.26134e-05  8.26134e-05
7.954926948e-01  7.4445296e-05  1.00000e+00  8.25881e-05  8.25881e-05
7.956517934e-01  7.4243373e-05  1.00000e+00  8.25607e-05  8.25607e-05
7.958109237e-01  7.4417622e-05  1.00000e+00  8.25334e-05  8.25334e-05
7.959700859e-01  7.5024137e-05  1.00000e+00  8.25086e-05  8.25086e-05
7.961292799e-01  7.6040985e-05  1.00000e+00  8.24891e-05  8.24891e-05
7.962885058e-01  7.7359657e-05  1.00000e+00  8.24772e-05  8.24772e-05
7.964477635e-01  7.8804726e-05  1.00000e+00  8.24740e-05  8.24740e-05
7.966070530e-01  8.0176032e-05  1.00000e+00  8.24798e-05  8.24798e-05
7.967663744e-01  8.1296867e-05  1.00000e+00  8.24934e-05  8.24934e-05
7.969257277e-01  8.2052719e-05  1.00000e+00  8.25128e-05  8.25128e-05
7.970851129e-01  8.2406507e-05  1.00000e+00  8.25357e-05  8.25357e-05
7.972445299e-01  8.2390872e-05  1.00000e+00  8.25595e-05  8.25595e-05
7.974039788e-01  8.2084435e-05  1.00000e+00  8.25820e-05  8.25820e-05
7.975634596e-01  8.1585575e-05  1.00000e+00  8.26020e-05  8.26020e-05
7.977229723e-01  8.0991481e-05  1.00000e+00  8.26183e-05  8.26183e-05
7.978825169e-01  8.0386776e-05  1.00000e+00  8.26308e-05  8.26308e-05
7.980420934e-01  7.9836711e-05  1.00000e+00  8.26396e-05  8.26396e-05
7.982017018e-01  7.9383556e-05  1.00000e+00  8.26452e-05  8.26452e-05
7.983613421e-01  7.9042564e-05  1.00000e+00  8.26482e-05  8.26482e-05
7.985210144e-01  7.8800639e-05  1.00000e+00  8.26495e-05  8.26495e-05
7.986807186e-01  7.8619523e-05  1.00000e+00  8.26495e-05  8.26495e-05
7.988404548e-01  7.8447539e-05  1.00000e+00  8.26484e-05  8.26484e-05
7.990002228e-01  7.8236391e-05  1.00000e+00  8.26462e-05  8.26462e-05
7.991600229e-01  7.7958788e-05  1.00000e+00  8.26425e-05  8.26425e-05
7.993198549e-01  7.7619540e-05  1.00000e+00  8.26368e-05  8.26368e-05
7.994797189e-01  7.7255723e-05  1.00000e+00  8.26290e-05  8.26290e-05
7.996396148e-01  7.6925636e-05  1.00000e+00  8.26191e-05  8.26191e-05
7.997995427e-01  7.6690627e-05  1.00000e+00  8.26075e-05  8.26075e-05
7.999595026e-01  7.6597707e-05  1.00000e+00  8.25948e-05  8.25948e-05
8.001194945e-01  7.6667773e-05  1.00000e+00  8.25822e-05  8.25822e-05
8.002795184e-01  7.6893696e-05  1.00000e+00  8.25706e-05  8.25706e-05
8.004395743e-01  7.7245695e-05  1.00000e+00  8.25609e-05  8.25609e-05
8.005996623e-01  7.7680614e-05  1.00000e+00  8.25538e-05  8.25538e-05
8.007597822e-01  7.8149763e-05  1.00000e+00  8.25495e-05  8.25495e-05
8.009199341e-01  7.8604448e-05  1.00000e+00  8.25482e-05  8.25482e-05
8.010801181e-01  7.8999013e-05  1.00000e+00  8.25495e-05  8.25495e-05
8.012403342e-01  7.9294085e-05  1.00000e+00  8.25531e-05  8.25531e-05
8.014005822e-01  7.9461892e-05  1.00000e+00  8.25580e-05  8.25580e-05
8.015608623e-01  7.9493037e-05  1.00000e+00  8.25636e-05  8.25636e-05
8.017211745e-01  7.9402273e-05  1.00000e+00  8.25690e-05  8.25690e-05
8.018815187e-01  7.9228771e-05  1.00000e+00  8.25735e-05  8.25735e-05
8.020418951e-01  7.9029037e-05  1.00000e+00  8.25768e-05  8.25768e-05
8.022023034e-01  7.8862469e-05  1.00000e+00  8.25789e-05  8.25789e-05
8.023627439e-01  7.8774121e-05  1.00000e+00  8.25802e-05  8.25802e-05
8.025232164e-01  7.8781794e-05  1.00000e+00  8.25813e-05  8.25813e-05
8.026837211e-01  7.8872602e-05  1.00000e+00  8.25827e-05  8.25827e-05
8.028442578e-01  7.9010989e-05  1.00000e+00  8.25848e-05  8.25848e-05
8.030048267e-01  7.9154266e-05  1.00000e+00  8.25878e-05  8.25878e-05
8.031654276e-01  7.9269546e-05  1.00000e+00  8.25916e-05  8.25916e-05
8.033260607e-01  7.9344709e-05  1.00000e+00  8.25961e-05  8.25961e-05
8.034867259e-01  7.9390708e-05  1.00000e+00  8.26008e-05  8.26008e-05
8.036474233e-01  7.9435335e-05  1.00000e+00  8.26058e-05  8.26058e-05
8.038081528e-01  7.9512482e-05  1.00000e+00  8.26112e-05  8.26112e-05
8.039689144e-01  7.9650077e-05  1.00000e+00  8.26172e-05  8.26172e-05
8.041297082e-01  7.9860973e-05  1.00000e+00  8.26242e-05  8.26242e-05
8.042905341e-01  8.0136577e-05  1.00000e+00  8.26328e-05  8.26328e-05
8.044513922e-01  8.0446204e-05  1.00000e+00  8.26431e-05  8.26431e-05
8.046122825e-01  8.0740967e-05  1.00000e+00  8.26553e-05  8.26553e-05
8.047732050e-01  8.0964626e-05  1.00000e+00  8.26691e-05  8.26691e-05
8.049341596e-01  8.1067116e-05  1.00000e+00  8.26838e-05  8.26838e-05
8.050951464e-01  8.1018431e-05  1.00000e+00  8.26987e-05  8.26987e-05
8.052561655e-01  8.0816834e-05  1.00000e+00  8.27126e-05  8.27126e-05
8.054172167e-01  8.0489842e-05  1.00000e+00  8.27249e-05  8.27249e-05
8.055783001e-01  8.0086606e-05  1.00000e+00  8.27349e-05  8.27349e-05
8.057394158e-01  7.9665389e-05  1.00000e+00  8.27422e-05  8.27422e-05
8.059005637e-01  7.9280043e-05  1.00000e+00  8.27469e-05  8.27469e-05
8.060617438e-01  7.8969688e-05  1.00000e+00  8.27495e-05  8.27495e-05
8.062229562e-01  7.8753550e-05  1.00000e+00  8.27504e-05  8.27504e-05
8.063842007e-01  7.8630668e-05  1.00000e+00  8.27503e-05  8.27503e-05
8.065454776e-01  7.8584002e-05  1.00000e+00  8.27497e-05  8.27497e-05
8.067067867e-01  7.8585681e-05  1.00000e+00  8.27490e-05  8.27490e-05
8.068681280e-01  7.8603691e-05  1.00000e+00  8.27484e-05  8.27484e-05
8.070295017e-01  7.8607565e-05  1.00000e+00  8.27479e-05  8.27479e-05
8.071909076e-01  7.8573415e-05  1.00000e+00  8.27473e-05  8.27473e-05
8.073523457e-01  7.8487650e-05  1.00000e+00  8.27464e-05  8.27464e-05
8.075138162e-01  7.8348855e-05  1.00000e+00  8.27449e-05  8.27449e-05
8.076753190e-01  7.8167744e-05  1.00000e+00  8.27423e-05  8.27423e-05
8.078368540e-01  7.7963916e-05  1.00000e+00  8.27386e-05  8.27386e-05
8.079984214e-01  7.7761007e-05  1.00000e+00  8.27336e-05  8.27336e-05
8.081600211e-01  7.7580246e-05  1.00000e+00  8.27275e-05  8.27275e-05
8.083216531e-01  7.7435444e-05  1.00000e+00  8.27205e-05  8.27205e-05
8.084833174e-01  7.7331159e-05  1.00000e+00  8.27127e-05  8.27127e-05
8.086450141e-01  7.7263933e-05  1.00000e+00  8.27044e-05  8.27044e-05
8.088067431e-01  7.7226521e-05  1.00000e+00  8.26959e-05  8.26959e-05
8.089685044e-01  7.7212484e-05  1.00000e+00  8.26873e-05  8.26873e-05
8.091302981e-01  7.7217431e-05  1.00000e+00  8.26788e-05  8.26788e-05
8.092921242e-01  7.7236588e-05  1.00000e+00  8.26703e-05  8.26703e-05
8.094539826e-01  7.7259527e-05  1.00000e+00  8.26621e-05  8.26621e-05
8.096158734e-01  7.7265143e-05  1.00000e+00  8.26540e-05  8.26540e-05
8.097777966e-01  7.7222033e-05  1.00000e+00  8.26459e-05  8.26459e-05
8.099397522e-01  7.7095539e-05  1.00000e+00  8.26374e-05  8.26374e-05
8.101017401e-01  7.6862049e-05  1.00000e+00  8.26278e-05  8.26278e-05
8.102637605e-01  7.6522340e-05  1.00000e+00  8.26165e-05  8.26165e-05
8.104258132e-01  7.6108699e-05  1.00000e+00  8.26030e-05  8.26030e-05
8.105878984e-01  7.5681641e-05  1.00000e+00  8.25869e-05  8.25869e-05
8.107500160e-01  7.5310323e-05  1.00000e+00  8.25684e-05  8.25684e-05
8.109121660e-01  7.5047886e-05  1.00000e+00  8.25481e-05  8.25481e-05
8.110743484e-01  7.4907828e-05  1.00000e+00  8.25266e-05  8.25266e-05
8.112365633e-01  7.4852192e-05  1.00000e+00  8.25048e-05  8.25048e-05
8.113988106e-01  7.4795010e-05  1.00000e+00  8.24827e-05  8.24827e-05
8.115610903e-01  7.4621001e-05  1.00000e+00  8.24602e-05  8.24602e-05
8.117234026e-01  7.4211818e-05  1.00000e+00  8.24361e-05  8.24361e-05
8.118857472e-01  7.3472393e-05  1.00000e+00  8.24087e-05  8.24087e-05
8.120481244e-01  7.2351927e-05  1.00000e+00  8.23757e-05  8.23757e-05
8.122105340e-01  7.0855534e-05  1.00000e+00  8.23349e-05  8.23349e-05
8.123729761e-01  6.9054122e-05  1.00000e+00  8.22841e-05  8.22841e-05
8.125354507e-01  6.7088183e-05  1.00000e+00  8.22220e-05  8.22220e-05
8.126979578e-01  6.5154315e-05  1.00000e+00  8.21481e-05  8.21481e-05
8.128604974e-01  6.3479521e-05  1.00000e+00  8.20634e-05  8.20634e-05
8.130230695e-01  6.2266527e-05  1.00000e+00  8.19703e-05  8.19703e-05
8.131856741e-01  6.1632277e-05  1.00000e+00  8.18720e-05  8.18720e-05
8.133483112e-01  6.1559911e-05  1.00000e+00  8.17721e-05  8.17721e-05
8.135109809e-01  6.1886717e-05  1.00000e+00  8.16737e-05  8.16737e-05
8.136736831e-01  6.2344132e-05  1.00000e+00  8.15785e-05  8.15785e-05
8.138364178e-01  6.2641351e-05  1.00000e+00  8.14863e-05  8.14863e-05
8.139991851e-01  6.2560001e-05  1.00000e+00  8.13954e-05  8.13954e-05
8.141619850e-01  6.2018821e-05  1.00000e+00  8.13032e-05  8.13032e-05
8.143248174e-01  6.1079754e-05  1.00000e+00  8.12069e-05  8.12069e-05
8.144876823e-01  5.9901516e-05  1.00000e+00  8.11047e-05  8.11047e-05
8.146505799e-01  5.8657138e-05  1.00000e+00  8.09955e-05  8.09955e-05
8.148135100e-01  5.7462876e-05  1.00000e+00  8.08795e-05  8.08795e-05
8.149764727e-01  5.6346020e-05  1.00000e+00  8.07570e-05  8.07570e-05
8.151394680e-01  5.5270860e-05  1.00000e+00  8.06286e-05  8.06286e-05
8.153024959e-01  5.4221862e-05  1.00000e+00  8.04945e-05  8.04945e-05
8.154655564e-01  5.3296416e-05  1.00000e+00  8.03549e-05  8.03549e-05
8.156286495e-01  5.2765698e-05  1.00000e+00  8.02116e-05  8.02116e-05
8.157917752e-01  5.3054749e-05  1.00000e+00  8.00681e-05  8.00681e-05
8.159549336e-01  5.4620417e-05  1.00000e+00  7.99308e-05  7.99308e-05
8.161181245e-01  5.7764410e-05  1.00000e+00  7.98087e-05  7.98087e-05
8.162813482e-01  6.2443570e-05  1.00000e+00  7.97114e-05  7.97114e-05
8.164446044e-01  6.8186116e-05  1.00000e+00  7.96469e-05  7.96469e-05
8.166078934e-01  7.4158733e-05  1.00000e+00  7.96192e-05  7.96192e-05
8.167712149e-01  7.9397736e-05  1.00000e+00  7.96266e-05  7.96266e-05
8.169345692e-01  8.3121760e-05  1.00000e+00  7.96618e-05  7.96618e-05
8.170979561e-01  8.4994227e-05  1.00000e+00  7.97141e-05  7.97141e-05
8.172613757e-01  8.5230856e-05  1.00000e+00  7.97724e-05  7.97724e-05
8.174248280e-01  8.4490045e-05  1.00000e+00  7.98284e-05  7.98284e-05
8.175883129e-01  8.3596009e-05  1.00000e+00  7.98787e-05  7.98787e-05
8.177518306e-01  8.3206369e-05  1.00000e+00  7.99245e-05  7.99245e-05
8.179153810e-01  8.3571533e-05  1.00000e+00  7.99699e-05  7.99699e-05
8.180789640e-01  8.4486985e-05  1.00000e+00  8.00191e-05  8.00191e-05
8.182425798e-01  8.5451982e-05  1.00000e+00  8.00740e-05  8.00740e-05
8.184062283e-01  8.5950287e-05  1.00000e+00  8.01334e-05  8.01334e-05
8.185699096e-01  8.5720382e-05  1.00000e+00  8.01933e-05  8.01933e-05
8.187336236e-01  8.4893744e-05  1.00000e+00  8.02494e-05  8.02494e-05
8.188973703e-01  8.3956357e-05  1.00000e+00  8.02995e-05  8.02995e-05
8.190611498e-01  8.3567982e-05  1.00000e+00  8.03449e-05  8.03449e-05
8.192249620e-01  8.4330549e-05  1.00000e+00  8.03908e-05  8.03908e-05
8.193888070e-01  8.6585574e-05  1.00000e+00  8.04456e-05  8.04456e-05
8.195526847e-01  9.0309655e-05  1.00000e+00  8.05183e-05  8.05183e-05
8.197165953e-01  9.5097624e-05  1.00000e+00  8.06170e-05  8.06170e-05
8.198805386e-01  1.0023913e-04  1.00000e+00  8.07458e-05  8.07458e-05
8.200445147e-01  1.0484544e-04  1.00000e+00  8.09041e-05  8.09041e-05
8.202085236e-01  1.0802426e-04  1.00000e+00  8.10859e-05  8.10859e-05
8.203725653e-01  1.0905241e-04  1.00000e+00  8.12798e-05  8.12798e-05
8.205366398e-01  1.0752219e-04  1.00000e+00  8.14712e-05  8.14712e-05
8.207007472e-01  1.0339314e-04  1.00000e+00  8.16443e-05  8.16443e-05
8.208648873e-01  9.6938549e-05  1.00000e+00  8.17839e-05  8.17839e-05
8.210290603e-01  8.8600810e-05  1.00000e+00  8.18772e-05  8.18772e-05
8.211932661e-01  7.8828026e-05  1.00000e+00  8.19146e-05  8.19146e-05
8.213575048e-01  6.7968954e-05  1.00000e+00  8.18886e-05  8.18886e-05
8.215217763e-01  5.6296293e-05  1.00000e+00  8.17938e-05  8.17938e-05
8.216860806e-01  4.4154222e-05  1.00000e+00  8.16267e-05  8.16267e-05
8.218504178e-01  3.2178418e-05  1.00000e+00  8.13864e-05  8.13864e-05
8.220147879e-01  2.1472995e-05  1.00000e+00  8.10776e-05  8.10776e-05
8.221791909e-01  1.3609455e-05  1.00000e+00  8.07129e-05  8.07129e-05
8.223436267e-01  1.0387280e-05  1.00000e+00  8.03154e-05  8.03154e-05
8.225080954e-01  1.3366814e-05  1.00000e+00  7.99186e-05  7.99186e-05
8.226725970e-01  2.3314585e-05  1.00000e+00  7.95632e-05  7.95632e-05
8.228371316e-01  3.9764383e-05  1.00000e+00  7.92908e-05  7.92908e-05
8.230016990e-01  6.0897538e-05  1.00000e+00  7.91357e-05  7.91357e-05
8.231662993e-01  8.3844007e-05  1.00000e+00  7.91175e-05  7.91175e-05
8.233309326e-01  1.0532845e-04  1.00000e+00  7.92367e-05  7.92367e-05
8.234955988e-01  1.2246471e-04  1.00000e+00  7.94744e-05  7.94744e-05
8.236602979e-01  1.3341325e-04  1.00000e+00  7.97973e-05  7.97973e-05
8.238250300e-01  1.3768465e-04  1.00000e+00  8.01648e-05  8.01648e-05
8.239897950e-01  1.3602951e-04  1.00000e+00  8.05378e-05  8.05378e-05
8.241545929e-01  1.3000094e-04  1.00000e+00  8.08845e-05  8.08845e-05
8.243194238e-01  1.2140144e-04  1.00000e+00  8.11838e-05  8.11838e-05
8.244842877e-01  1.1182604e-04  1.00000e+00  8.14253e-05  8.14253e-05
8.246491846e-01  1.0242932e-04  1.00000e+00  8.16071e-05  8.16071e-05
8.248141144e-01  9.3932535e-05  1.00000e+00  8.17330e-05  8.17330e-05
8.249790772e-01  8.6767974e-05  1.00000e+00  8.18102e-05  8.18102e-05
8.251440731e-01  8.1227801e-05  1.00000e+00  8.18481e-05  8.18481e-05
8.253091019e-01  7.7527027e-05  1.00000e+00  8.18575e-05  8.18575e-05
8.254741637e-01  7.5743926e-05  1.00000e+00  8.18501e-05  8.18501e-05
8.256392585e-01  7.5708152e-05  1.00000e+00  8.18372e-05  8.18372e-05
8.258043864e-01  7.6920696e-05  1.00000e+00  8.18284e-05  8.18284e-05
8.259695473e-01  7.8583962e-05  1.00000e+00  8.18288e-05  8.18288e-05
8.261347412e-01  7.9759561e-05  1.00000e+00  8.18383e-05  8.18383e-05
8.262999681e-01  7.9614864e-05  1.00000e+00  8.18513e-05  8.18513e-05
8.264652281e-01  7.7670716e-05  1.00000e+00  8.18582e-05  8.18582e-05
8.266305212e-01  7.3958557e-05  1.00000e+00  8.18477e-05  8.18477e-05
8.267958473e-01  6.9027256e-05  1.00000e+00  8.18107e-05  8.18107e-05
8.269612064e-01  6.3805005e-05  1.00000e+00  8.17426e-05  8.17426e-05
8.271265987e-01  5.9341121e-05  1.00000e+00  8.16448e-05  8.16448e-05
8.272920240e-01  5.6525901e-05  1.00000e+00  8.15251e-05  8.15251e-05
8.274574824e-01  5.5864027e-05  1.00000e+00  8.13953e-05  8.13953e-05
8.276229739e-01  5.7382469e-05  1.00000e+00  8.12689e-05  8.12689e-05
8.277884985e-01  6.0680590e-05  1.00000e+00  8.11581e-05  8.11581e-05
8.279540562e-01  6.5101532e-05  1.00000e+00  8.10717e-05  8.10717e-05
8.281196470e-01  6.9947340e-05  1.00000e+00  8.10143e-05  8.10143e-05
8.282852709e-01  7.4658267e-05  1.00000e+00  8.09865e-05  8.09865e-05
8.284509280e-01  7.8896914e-05  1.00000e+00  8.09862e-05  8.09862e-05
8.286166182e-01  8.2533306e-05  1.00000e+00  8.10099e-05  8.10099e-05
8.287823415e-01  8.5554941e-05  1.00000e+00  8.10537e-05  8.10537e-05
8.289480980e-01  8.7966305e-05  1.00000e+00  8.11137e-05  8.11137e-05
8.291138876e-01  8.9726002e-05  1.00000e+00  8.11862e-05  8.11862e-05
8.292797104e-01  9.0749394e-05  1.00000e+00  8.12668e-05  8.12668e-05
8.294455663e-01  9.0967748e-05  1.00000e+00  8.13507e-05  8.13507e-05
8.296114554e-01  9.0401547e-05  1.00000e+00  8.14331e-05  8.14331e-05
8.297773777e-01  8.9210606e-05  1.00000e+00  8.15096e-05  8.15096e-05
8.299433332e-01  8.7677096e-05  1.00000e+00  8.15772e-05  8.15772e-05
8.301093218e-01  8.6126859e-05  1.00000e+00  8.16350e-05  8.16350e-05
8.302753437e-01  8.4813653e-05  1.00000e+00  8.16836e-05  8.16836e-05
8.304413988e-01  8.3820602e-05  1.00000e+00  8.17250e-05  8.17250e-05
8.306074871e-01  8.3031535e-05  1.00000e+00  8.17609e-05  8.17609e-05
8.307736086e-01  8.2193337e-05  1.00000e+00  8.17917e-05  8.17917e-05
8.309397633e-01  8.1054569e-05  1.00000e+00  8.18165e-05  8.18165e-05
8.311059512e-01  7.9517933e-05  1.00000e+00  8.18331e-05  8.18331e-05
8.312721724e-01  7.7740275e-05  1.00000e+00  8.18394e-05  8.18394e-05
8.314384269e-01  7.6120054e-05  1.00000e+00  8.18352e-05  8.18352e-05
8.316047145e-01  7.5175330e-05  1.00000e+00  8.18229e-05  8.18229e-05
8.317710355e-01  7.5346603e-05  1.00000e+00  8.18081e-05  8.18081e-05
8.319373897e-01  7.6809353e-05  1.00000e+00  8.17984e-05  8.17984e-05
8.321037772e-01  7.9378327e-05  1.00000e+00  8.18010e-05  8.18010e-05
8.322701979e-01  8.2538763e-05  1.00000e+00  8.18213e-05  8.18213e-05
8.324366520e-01  8.5607519e-05  1.00000e+00  8.18607e-05  8.18607e-05
8.326031393e-01  8.7952935e-05  1.00000e+00  8.19165e-05  8.19165e-05
8.327696599e-01  8.9188438e-05  1.00000e+00  8.19831e-05  8.19831e-05
8.329362139e-01  8.9272178e-05  1.00000e+00  8.20532e-05  8.20532e-05
8.331028011e-01  8.8480629e-05  1.00000e+00  8.21207e-05  8.21207e-05
8.332694217e-01  8.7280639e-05  1.00000e+00  8.21815e-05  8.21815e-05
8.334360755e-01  8.6151259e-05  1.00000e+00  8.22347e-05  8.22347e-05
8.336027628e-01  8.5433204e-05  1.00000e+00  8.22819e-05  8.22819e-05
8.337694833e-01  8.5244389e-05  1.00000e+00  8.23260e-05  8.23260e-05
8.339362372e-01  8.5480615e-05  1.00000e+00  8.23701e-05  8.23701e-05
8.341030245e-01  8.5883824e-05  1.00000e+00  8.24161e-05  8.24161e-05
8.342698451e-01  8.6150125e-05  1.00000e+00  8.24639e-05  8.24639e-05
8.344366990e-01  8.6034667e-05  1.00000e+00  8.25121e-05  8.25121e-05
8.346035864e-01  8.5421969e-05  1.00000e+00  8.25578e-05  8.25578e-05
8.347705071e-01  8.4351815e-05  1.00000e+00  8.25982e-05  8.25982e-05
8.349374612e-01  8.2993296e-05  1.00000e+00  8.26309e-05  8.26309e-05
8.351044487e-01  8.1586263e-05  1.00000e+00  8.26549e-05  8.26549e-05
8.352714696e-01  8.0368977e-05  1.00000e+00  8.26708e-05  8.26708e-05
8.354385239e-01  7.9518004e-05  1.00000e+00  8.26803e-05  8.26803e-05
8.356056116e-01  7.9111055e-05  1.00000e+00  8.26859e-05  8.26859e-05
8.357727327e-01  7.9122746e-05  1.00000e+00  8.26903e-05  8.26903e-05
8.359398872e-01  7.9444532e-05  1.00000e+00  8.26957e-05  8.26957e-05
8.361070752e-01  7.9923761e-05  1.00000e+00  8.27037e-05  8.27037e-05
8.362742966e-01  8.0404840e-05  1.00000e+00  8.27145e-05  8.27145e-05
8.364415515e-01  8.0767365e-05  1.00000e+00  8.27279e-05  8.27279e-05
8.366088398e-01  8.0947765e-05  1.00000e+00  8.27429e-05  8.27429e-05
8.367761616e-01  8.0944744e-05  1.00000e+00  8.27584e-05  8.27584e-05
8.369435168e-01  8.0807961e-05  1.00000e+00  8.27733e-05  8.27733e-05
8.371109055e-01  8.0614275e-05  1.00000e+00  8.27871e-05  8.27871e-05
8.372783277e-01  8.0440510e-05  1.00000e+00  8.27997e-05  8.27997e-05
8.374457833e-01  8.0339299e-05  1.00000e+00  8.28114e-05  8.28114e-05
8.376132725e-01  8.0326742e-05  1.00000e+00  8.28227e-05  8.28227e-05
8.377807952e-01  8.0385451e-05  1.00000e+00  8.28341e-05  8.28341e-05
8.379483513e-01  8.0476853e-05  1.00000e+00  8.28459e-05  8.28459e-05
8.381159410e-01  8.0560944e-05  1.00000e+00  8.28582e-05  8.28582e-05
8.382835642e-01  8.0609555e-05  1.00000e+00  8.28708e-05  8.28708e-05
8.384512209e-01  8.0611088e-05  1.00000e+00  8.28836e-05  8.28836e-05
8.386189111e-01  8.0565795e-05  1.00000e+00  8.28961e-05  8.28961e-05
8.387866349e-01  8.0477103e-05  1.00000e+00  8.29082e-05  8.29082e-05
8.389543922e-01  8.0344754e-05  1.00000e+00  8.29195e-05  8.29195e-05
8.391221831e-01  8.0164369e-05  1.00000e+00  8.29299e-05  8.29299e-05
8.392900076e-01  7.9931647e-05  1.00000e+00  8.29390e-05  8.29390e-05
8.394578656e-01  7.9647517e-05  1.00000e+00  8.29465e-05  8.29465e-05
8.396257571e-01  7.9322678e-05  1.00000e+00  8.29521e-05  8.29521e-05
8.397936823e-01  7.8977737e-05  1.00000e+00  8.29556e-05  8.29556e-05
8.399616410e-01  7.8642149e-05  1.00000e+00  8.29571e-05  8.29571e-05
8.401296333e-01  7.8351530e-05  1.00000e+00  8.29567e-05  8.29567e-05
8.402976593e-01  7.8142294e-05  1.00000e+00  8.29548e-05  8.29548e-05
8.404657188e-01  7.8045967e-05  1.00000e+00  8.29519e-05  8.29519e-05
8.406338119e-01  7.8082071e-05  1.00000e+00  8.29489e-05  8.29489e-05
8.408019387e-01  7.8251384e-05  1.00000e+00  8.29465e-05  8.29465e-05
8.409700991e-01  7.8534239e-05  1.00000e+00  8.29456e-05  8.29456e-05
8.411382931e-01  7.8893354e-05  1.00000e+00  8.29466e-05  8.29466e-05
8.413065208e-01  7.9281395e-05  1.00000e+00  8.29498e-05  8.29498e-05
8.414747821e-01  7.9648965e-05  1.00000e+00  8.29554e-05  8.29554e-05
8.416430770e-01  7.9951328e-05  1.00000e+00  8.29630e-05  8.29630e-05
8.418114057e-01  8.0152021e-05  1.00000e+00  8.29721e-05  8.29721e-05
8.419797679e-01  8.0225292e-05  1.00000e+00  8.29820e-05  8.29820e-05
8.421481639e-01  8.0158993e-05  1.00000e+00  8.29918e-05  8.29918e-05
8.423165935e-01  7.9958633e-05  1.00000e+00  8.30008e-05  8.30008e-05
8.424850568e-01  7.9650705e-05  1.00000e+00  8.30083e-05  8.30083e-05
8.426535538e-01  7.9282114e-05  1.00000e+00  8.30136e-05  8.30136e-05
8.428220846e-01  7.8913681e-05  1.00000e+00  8.30167e-05  8.30167e-05
8.429906490e-01  7.8608311e-05  1.00000e+00  8.30177e-05  8.30177e-05
8.431592471e-01  7.8416877e-05  1.00000e+00  8.30172e-05  8.30172e-05
8.433278790e-01  7.8367069e-05  1.00000e+00  8.30160e-05  8.30160e-05
8.434965445e-01  7.8458025e-05  1.00000e+00  8.30150e-05  8.30150e-05
8.436652438e-01  7.8662926e-05  1.00000e+00  8.30148e-05  8.30148e-05
8.438339769e-01  7.8937143e-05  1.00000e+00  8.30161e-05  8.30161e-05
8.440027437e-01  7.9229593e-05  1.00000e+00  8.30192e-05  8.30192e-05
8.441715442e-01  7.9493160e-05  1.00000e+00  8.30239e-05  8.30239e-05
8.443403785e-01  7.9692317e-05  1.00000e+00  8.30301e-05  8.30301e-05
8.445092466e-01  7.9806711e-05  1.00000e+00  8.30371e-05  8.30371e-05
8.446781485e-01  7.9830965e-05  1.00000e+00  8.30446e-05  8.30446e-05
8.448470841e-01  7.9772937e-05  1.00000e+00  8.30519e-05  8.30519e-05
8.450160535e-01  7.9650323e-05  1.00000e+00  8.30586e-05  8.30586e-05
8.451850567e-01  7.9487761e-05  1.00000e+00  8.30644e-05  8.30644e-05
8.453540937e-01  7.9313365e-05  1.00000e+00  8.30692e-05  8.30692e-05
8.455231646e-01  7.9154743e-05  1.00000e+00  8.30730e-05  8.30730e-05
8.456922692e-01  7.9034115e-05  1.00000e+00  8.30759e-05  8.30759e-05
8.458614076e-01  7.8963540e-05  1.00000e+00  8.30782e-05  8.30782e-05
8.460305799e-01  7.8941493e-05  1.00000e+00  8.30802e-05  8.30802e-05
8.461997860e-01  7.8952781e-05  1.00000e+00  8.30823e-05  8.30823e-05
8.463690260e-01  7.8972283e-05  1.00000e+00  8.30844e-05  8.30844e-05
8.465382998e-01  7.8972121e-05  1.00000e+00  8.30866e-05  8.30866e-05
8.467076075e-01  7.8930135e-05  1.00000e+00  8.30887e-05  8.30887e-05
8.468769490e-01  7.8836652e-05  1.00000e+00  8.30904e-05  8.30904e-05
8.470463244e-01  7.8697596e-05  1.00000e+00  8.30914e-05  8.30914e-05
8.472157336e-01  7.8532523e-05  1.00000e+00  8.30915e-05  8.30915e-05
8.473851768e-01  7.8368905e-05  1.00000e+00  8.30906e-05  8.30906e-05
8.475546538e-01  7.8234379e-05  1.00000e+00  8.30889e-05  8.30889e-05
8.477241648e-01  7.8149266e-05  1.00000e+00  8.30865e-05  8.30865e-05
8.478937096e-01  7.8122095e-05  1.00000e+00  8.30838e-05  8.30838e-05
8.480632883e-01  7.8148702e-05  1.00000e+00  8.30811e-05  8.30811e-05
8.482329010e-01  7.8215222e-05  1.00000e+00  8.30788e-05  8.30788e-05
8.484025476e-01  7.8302827e-05  1.00000e+00  8.30769e-05  8.30769e-05
8.485722281e-01  7.8393162e-05  1.00000e+00  8.30756e-05  8.30756e-05
8.487419425e-01  7.8471966e-05  1.00000e+00  8.30749e-05  8.30749e-05
8.489116909e-01  7.8530422e-05  1.00000e+00  8.30746e-05  8.30746e-05
8.490814732e-01  7.8564083e-05  1.00000e+00  8.30745e-05  8.30745e-05
8.492512895e-01  7.8570903e-05  1.00000e+00  8.30746e-05  8.30746e-05
8.494211398e-01  7.8549467e-05  1.00000e+00  8.30747e-05  8.30747e-05
8.495910240e-01  7.8498424e-05  1.00000e+00  8.30746e-05  8.30746e-05
8.497609422e-01  7.8417141e-05  1.00000e+00  8.30741e-05  8.30741e-05
8.499308944e-01  7.8307434e-05  1.00000e+00  8.30731e-05  8.30731e-05
8.501008806e-01  7.8175183e-05  1.00000e+00  8.30714e-05  8.30714e-05
8.502709008e-01  7.8031698e-05  1.00000e+00  8.30688e-05  8.30688e-05
8.504409550e-01  7.7893834e-05  1.00000e+00  8.30654e-05  8.30654e-05
8.506110431e-01  7.7782655e-05  1.00000e+00  8.30613e-05  8.30613e-05
8.507811654e-01  7.7720326e-05  1.00000e+00  8.30568e-05  8.30568e-05
8.509513216e-01  7.7725666e-05  1.00000e+00  8.30520e-05  8.30520e-05
8.511215119e-01  7.7809225e-05  1.00000e+00  8.30476e-05  8.30476e-05
8.512917362e-01  7.7969298e-05  1.00000e+00  8.30439e-05  8.30439e-05
8.514619945e-01  7.8190606e-05  1.00000e+00  8.30414e-05  8.30414e-05
8.516322869e-01  7.8446334e-05  1.00000e+00  8.30404e-05  8.30404e-05
8.518026134e-01  7.8703189e-05  1.00000e+00  8.30409e-05  8.30409e-05
8.519729739e-01  7.8928047e-05  1.00000e+00  8.30428e-05  8.30428e-05
8.521433685e-01  7.9094121e-05  1.00000e+00  8.30459e-05  8.30459e-05
8.523137971e-01  7.9185373e-05  1.00000e+00  8.30498e-05  8.30498e-05
8.524842599e-01  7.9198170e-05  1.00000e+00  8.30540e-05  8.30540e-05
8.526547568e-01  7.9140761e-05  1.00000e+00  8.30580e-05  8.30580e-05
8.528252877e-01  7.9030938e-05  1.00000e+00  8.30614e-05  8.30614e-05
8.529958528e-01  7.8892901e-05  1.00000e+00  8.30641e-05  8.30641e-05
8.531664519e-01  7.8753560e-05  1.00000e+00  8.30659e-05  8.30659e-05
8.533370852e-01  7.8638415e-05  1.00000e+00  8.30669e-05  8.30669e-05
8.535077526e-01  7.8567545e-05  1.00000e+00  8.30673e-05  8.30673e-05
8.536784542e-01  7.8552156e-05  1.00000e+00  8.30674e-05  8.30674e-05
8.538491899e-01  7.8592441e-05  1.00000e+00  8.30676e-05  8.30676e-05
8.540199597e-01  7.8677728e-05  1.00000e+00  8.30682e-05  8.30682e-05
8.541907637e-01  7.8789097e-05  1.00000e+00  8.30693e-05  8.30693e-05
8.543616019e-01  7.8904304e-05  1.00000e+00  8.30711e-05  8.30711e-05
8.545324742e-01  7.9003575e-05  1.00000e+00  8.30736e-05  8.30736e-05
8.547033807e-01  7.9074517e-05  1.00000e+00  8.30765e-05  8.30765e-05
8.548743214e-01  7.9114569e-05  1.00000e+00  8.30798e-05  8.30798e-05
8.550452962e-01  7.9129929e-05  1.00000e+00  8.30832e-05  8.30832e-05
8.552163053e-01  7.9131686e-05  1.00000e+00  8.30866e-05  8.30866e-05
8.553873485e-01  7.9130254e-05  1.00000e+00  8.30900e-05  8.30900e-05
8.555584260e-01  7.9131116e-05  1.00000e+00  8.30934e-05  8.30934e-05
8.557295377e-01  7.9132910e-05  1.00000e+00  8.30968e-05  8.30968e-05
8.559006836e-01  7.9128935e-05  1.00000e+00  8.31002e-05  8.31002e-05
8.560718637e-01  7.9111023e-05  1.00000e+00  8.31035e-05  8.31035e-05
8.562430781e-01  7.9074275e-05  1.00000e+00  8.31066e-05  8.31066e-05
8.564143267e-01  7.9020376e-05  1.00000e+00  8.31094e-05  8.31094e-05
8.565856096e-01  7.8958256e-05  1.00000e+00  8.31119e-05  8.31119e-05
8.567569267e-01  7.8901684e-05  1.00000e+00  8.31140e-05  8.31140e-05
8.569282781e-01  7.8864836e-05  1.00000e+00  8.31158e-05  8.31158e-05
8.570996638e-01  7.8857404e-05  1.00000e+00  8.31175e-05  8.31175e-05
8.572710837e-01  7.8881132e-05  1.00000e+00  8.31193e-05  8.31193e-05
8.574425379e-01  7.8929070e-05  1.00000e+00  8.31212e-05  8.31212e-05
8.576140264e-01  7.8987691e-05  1.00000e+00  8.31235e-05  8.31235e-05
8.577855492e-01  7.9041121e-05  1.00000e+00  8.31261e-05  8.31261e-05
8.579571063e-01  7.9076040e-05  1.00000e+00  8.31290e-05  8.31290e-05
8.581286978e-01  7.9085502e-05  1.00000e+00  8.31320e-05  8.31320e-05
8.583003235e-01  7.9070479e-05  1.00000e+00  8.31350e-05  8.31350e-05
8.584719836e-01  7.9038989e-05  1.00000e+00  8.31378e-05  8.31378e-05
8.586436780e-01  7.9003040e-05  1.00000e+00  8.31404e-05  8.31404e-05
8.588154067e-01  7.8974528e-05  1.00000e+00  8.31428e-05  8.31428e-05
8.589871698e-01  7.8961580e-05  1.00000e+00  8.31451e-05  8.31451e-05
8.591589672e-01  7.8966257e-05  1.00000e+00  8.31473e-05  8.31473e-05
8.593307990e-01  7.8984484e-05  1.00000e+00  8.31496e-05  8.31496e-05
8.595026652e-01  7.9007867e-05  1.00000e+00  8.31520e-05  8.31520e-05
8.596745657e-01  7.9026891e-05  1.00000e+00  8.31546e-05  8.31546e-05
8.598465006e-01  7.9034121e-05  1.00000e+00  8.31572e-05  8.31572e-05
8.600184699e-01  7.9026403e-05  1.00000e+00  8.31598e-05  8.31598e-05
8.601904736e-01  7.9005383e-05  1.00000e+00  8.31623e-05  8.31623e-05
8.603625117e-01  7.8976273e-05  1.00000e+00  8.31647e-05  8.31647e-05
8.605345842e-01  7.8945646e-05  1.00000e+00  8.31668e-05  8.31668e-05
8.607066911e-01  7.8919062e-05  1.00000e+00  8.31688e-05  8.31688e-05
8.608788325e-01  7.8899471e-05  1.00000e+00  8.31707e-05  8.31707e-05
8.610510082e-01  7.8886822e-05  1.00000e+00  8.31724e-05  8.31724e-05
8.612232184e-01  7.8878874e-05  1.00000e+00  8.31741e-05  8.31741e-05
8.613954631e-01  7.8872771e-05  1.00000e+00  8.31758e-05  8.31758e-05
8.615677422e-01  7.8866594e-05  1.00000e+00  8.31774e-05  8.31774e-05
8.617400557e-01  7.8860361e-05  1.00000e+00  8.31790e-05  8.31790e-05
8.619124037e-01  7.8856073e-05  1.00000e+00  8.31805e-05  8.31805e-05
8.620847862e-01  7.8856873e-05  1.00000e+00  8.31820e-05  8.31820e-05
8.622572032e-01  7.8865675e-05  1.00000e+00  8.31836e-05  8.31836e-05
8.624296546e-01  7.8883897e-05  1.00000e+00  8.31852e-05  8.31852e-05
8.626021405e-01  7.8910708e-05  1.00000e+00  8.31870e-05  8.31870e-05
8.627746610e-01  7.8943076e-05  1.00000e+00  8.31890e-05  8.31890e-05
8.629472159e-01  7.8976502e-05  1.00000e+00  8.31911e-05  8.31911e-05
8.631198053e-01  7.9006182e-05  1.00000e+00  8.31934e-05  8.31934e-05
8.632924293e-01  7.9028073e-05  1.00000e+00  8.31959e-05  8.31959e-05
8.634650878e-01  7.9039659e-05  1.00000e+00  8.31985e-05  8.31985e-05
8.636377808e-01  7.9040162e-05  1.00000e+00  8.32011e-05  8.32011e-05
8.638105084e-01  7.9030316e-05  1.00000e+00  8.32037e-05  8.32037e-05
8.639832705e-01  7.9011874e-05  1.00000e+00  8.32062e-05  8.32062e-05
8.641560671e-01  7.8987101e-05  1.00000e+00  8.32086e-05  8.32086e-05
8.643288983e-01  7.8958383e-05  1.00000e+00  8.32109e-05  8.32109e-05
8.645017641e-01  7.8928021e-05  1.00000e+00  8.32129e-05  8.32129e-05
8.646746645e-01  7.8898159e-05  1.00000e+00  8.32148e-05  8.32148e-05
8.648475994e-01  7.8870744e-05  1.00000e+00  8.32165e-05  8.32165e-05
8.650205689e-01  7.8847495e-05  1.00000e+00  8.32181e-05  8.32181e-05
8.651935730e-01  7.8829786e-05  1.00000e+00  8.32196e-05  8.32196e-05
8.653666117e-01  7.8818519e-05  1.00000e+00  8.32209e-05  8.32209e-05
8.655396851e-01  7.8813991e-05  1.00000e+00  8.32223e-05  8.32223e-05
8.657127930e-01  7.8815810e-05  1.00000e+00  8.32236e-05  8.32236e-05
8.658859356e-01  7.8822934e-05  1.00000e+00  8.32250e-05  8.32250e-05
8.660591127e-01  7.8833820e-05  1.00000e+00  8.32264e-05  8.32264e-05
8.662323246e-01  7.8846678e-05  1.00000e+00  8.32279e-05  8.32279e-05
8.664055710e-01  7.8859759e-05  1.00000e+00  8.32295e-05  8.32295e-05
8.665788521e-01  7.8871586e-05  1.00000e+00  8.32311e-05  8.32311e-05
8.667521679e-01  7.8881052e-05  1.00000e+00  8.32328e-05  8.32328e-05
8.669255183e-01  7.8887367e-05  1.00000e+00  8.32346e-05  8.32346e-05
8.670989034e-01  7.8889902e-05  1.00000e+00  8.32364e-05  8.32364e-05
8.672723232e-01  7.8888046e-05  1.00000e+00  8.32382e-05  8.32382e-05
8.674457777e-01  7.8881171e-05  1.00000e+00  8.32399e-05  8.32399e-05
8.676192668e-01  7.8868817e-05  1.00000e+00  8.32417e-05  8.32417e-05
8.677927907e-01  7.8851052e-05  1.00000e+00  8.32433e-05  8.32433e-05
8.679663493e-01  7.8828885e-05  1.00000e+00  8.32448e-05  8.32448e-05
8.681399425e-01  7.8804536e-05  1.00000e+00  8.32462e-05  8.32462e-05
8.683135705e-01  7.8781374e-05  1.00000e+00  8.32474e-05  8.32474e-05
8.684872332e-01  7.8763320e-05  1.00000e+00  8.32486e-05  8.32486e-05
8.686609307e-01  7.8753879e-05  1.00000e+00  8.32496e-05  8.32496e-05
8.688346629e-01  7.8754998e-05  1.00000e+00  8.32507e-05  8.32507e-05
8.690084298e-01  7.8766203e-05  1.00000e+00  8.32518e-05  8.32518e-05
8.691822315e-01  7.8784376e-05  1.00000e+00  8.32530e-05  8.32530e-05
8.693560679e-01  7.8804362e-05  1.00000e+00  8.32543e-05  8.32543e-05
8.695299391e-01  7.8820267e-05  1.00000e+00  8.32557e-05  8.32557e-05
8.697038451e-01  7.8827029e-05  1.00000e+00  8.32571e-05  8.32571e-05
8.698777859e-01  7.8821771e-05  1.00000e+00  8.32586e-05  8.32586e-05
8.700517615e-01  7.8804527e-05  1.00000e+00  8.32600e-05  8.32600e-05
8.702257718e-01  7.8778193e-05  1.00000e+00  8.32613e-05  8.32613e-05
8.703998170e-01  7.8747842e-05  1.00000e+00  8.32624e-05  8.32624e-05
8.705738969e-01  7.8719606e-05  1.00000e+00  8.32634e-05  8.32634e-05
8.707480117e-01  7.8699406e-05  1.00000e+00  8.32642e-05  8.32642e-05
8.709221613e-01  7.8691736e-05  1.00000e+00  8.32649e-05  8.32649e-05
8.710963457e-01  7.8698676e-05  1.00000e+00  8.32657e-05  8.32657e-05
8.712705650e-01  7.8719328e-05  1.00000e+00  8.32665e-05  8.32665e-05
8.714448191e-01  7.8749873e-05  1.00000e+00  8.32675e-05  8.32675e-05
8.716191081e-01  7.8784343e-05  1.00000e+00  8.32687e-05  8.32687e-05
8.717934319e-01  7.8815992e-05  1.00000e+00  8.32701e-05  8.32701e-05
8.719677906e-01  7.8838920e-05  1.00000e+00  8.32716e-05  8.32716e-05
8.721421842e-01  7.8849442e-05  1.00000e+00  8.32733e-05  8.32733e-05
8.723166126e-01  7.8846775e-05  1.00000e+00  8.32750e-05  8.32750e-05
8.724910759e-01  7.8832873e-05  1.00000e+00  8.32766e-05  8.32766e-05
8.726655741e-01  7.8811541e-05  1.00000e+00  8.32782e-05  8.32782e-05
8.728401072e-01  7.8787196e-05  1.00000e+00  8.32796e-05  8.32796e-05
8.730146753e-01  7.8763728e-05  1.00000e+00  8.32809e-05  8.32809e-05
8.731892782e-01  7.8743743e-05  1.00000e+00  8.32820e-05  8.32820e-05
8.733639161e-01  7.8728331e-05  1.00000e+00  8.32831e-05  8.32831e-05
8.735385888e-01  7.8717264e-05  1.00000e+00  8.32841e-05  8.32841e-05
8.737132966e-01  7.8709460e-05  1.00000e+00  8.32850e-05  8.32850e-05
8.738880392e-01  7.8703513e-05  1.00000e+00  8.32859e-05  8.32859e-05
8.740628168e-01  7.8698119e-05  1.00000e+00  8.32867e-05  8.32867e-05
8.742376294e-01  7.8692339e-05  1.00000e+00  8.32876e-05  8.32876e-05
8.744124769e-01  7.8685656e-05  1.00000e+00  8.32884e-05  8.32884e-05
8.745873594e-01  7.8677921e-05  1.00000e+00  8.32892e-05  8.32892e-05
8.747622769e-01  7.8669238e-05  1.00000e+00  8.32899e-05  8.32899e-05
8.749372293e-01  7.8659942e-05  1.00000e+00  8.32906e-05  8.32906e-05
8.751122168e-01  7.8650576e-05  1.00000e+00  8.32912e-05  8.32912e-05
8.752872392e-01  7.8641917e-05  1.00000e+00  8.32918e-05  8.32918e-05
8.754622967e-01  7.8634935e-05  1.00000e+00  8.32924e-05  8.32924e-05
8.756373891e-01  7.8630529e-05  1.00000e+00  8.32929e-05  8.32929e-05
8.758125166e-01  7.8629222e-05  1.00000e+00  8.32935e-05  8.32935e-05
8.759876791e-01  7.8630799e-05  1.00000e+00  8.32940e-05  8.32940e-05
8.761628766e-01  7.8634127e-05  1.00000e+00  8.32946e-05  8.32946e-05
8.763381092e-01  7.8637224e-05  1.00000e+00  8.32951e-05  8.32951e-05
8.765133768e-01  7.8637640e-05  1.00000e+00  8.32958e-05  8.32958e-05
8.766886795e-01  7.8633036e-05  1.00000e+00  8.32964e-05  8.32964e-05
8.768640173e-01  7.8621865e-05  1.00000e+00  8.32969e-05  8.32969e-05
8.770393901e-01  7.8603906e-05  1.00000e+00  8.32974e-05  8.32974e-05
8.772147979e-01  7.8580646e-05  1.00000e+00  8.32978e-05  8.32978e-05
8.773902409e-01  7.8555214e-05  1.00000e+00  8.32980e-05  8.32980e-05
8.775657189e-01  7.8531885e-05  1.00000e+00  8.32981e-05  8.32981e-05
8.777412321e-01  7.8515091e-05  1.00000e+00  8.32981e-05  8.32981e-05
8.779167803e-01  7.8508136e-05  1.00000e+00  8.32981e-05  8.32981e-05
8.780923637e-01  7.8512015e-05  1.00000e+00  8.32980e-05  8.32980e-05
8.782679822e-01  7.8524646e-05  1.00000e+00  8.32980e-05  8.32980e-05
8.784436358e-01  7.8541020e-05  1.00000e+00  8.32981e-05  8.32981e-05
8.786193245e-01  7.8554249e-05  1.00000e+00  8.32983e-05  8.32983e-05
8.787950484e-01  7.8557340e-05  1.00000e+00  8.32986e-05  8.32986e-05
8.789708074e-01  7.8545155e-05  1.00000e+00  8.32988e-05  8.32988e-05
8.791466015e-01  7.8515946e-05  1.00000e+00  8.32989e-05  8.32989e-05
8.793224308e-01  7.8472010e-05  1.00000e+00  8.32989e-05  8.32989e-05
8.794982953e-01  7.8419124e-05  1.00000e+00  8.32985e-05  8.32985e-05
8.796741950e-01  7.8364885e-05  1.00000e+00  8.32979e-05  8.32979e-05
8.798501298e-01  7.8316341e-05  1.00000e+00  8.32970e-05  8.32970e-05
8.800260999e-01  7.8277778e-05  1.00000e+00  8.32958e-05  8.32958e-05
8.802021051e-01  7.8249268e-05  1.00000e+00  8.32944e-05  8.32944e-05
8.803781455e-01  7.8226821e-05  1.00000e+00  8.32930e-05  8.32930e-05
8.805542211e-01  7.8204011e-05  1.00000e+00  8.32914e-05  8.32914e-05
8.807303320e-01  7.8174659e-05  1.00000e+00  8.32897e-05  8.32897e-05
8.809064780e-01  7.8135558e-05  1.00000e+00  8.32878e-05  8.32878e-05
8.810826593e-01  7.8088224e-05  1.00000e+00  8.32856e-05  8.32856e-05
8.812588759e-01  7.8038936e-05  1.00000e+00  8.32833e-05  8.32833e-05
8.814351276e-01  7.7997004e-05  1.00000e+00  8.32806e-05  8.32806e-05
8.816114147e-01  7.7971755e-05  1.00000e+00  8.32778e-05  8.32778e-05
8.817877369e-01  7.7969352e-05  1.00000e+00  8.32750e-05  8.32750e-05
8.819640945e-01  7.7990603e-05  1.00000e+00  8.32722e-05  8.32722e-05
8.821404873e-01  7.8030823e-05  1.00000e+00  8.32696e-05  8.32696e-05
8.823169154e-01  7.8081825e-05  1.00000e+00  8.32673e-05  8.32673e-05
8.824933788e-01  7.8135518e-05  1.00000e+00  8.32654e-05  8.32654e-05
8.826698775e-01  7.8187772e-05  1.00000e+00  8.32638e-05  8.32638e-05
8.828464114e-01  7.8240105e-05  1.00000e+00  8.32625e-05  8.32625e-05
8.830229807e-01  7.8298776e-05  1.00000e+00  8.32615e-05  8.32615e-05
8.831995853e-01  7.8371015e-05  1.00000e+00  8.32609e-05  8.32609e-05
8.833762252e-01  7.8459962e-05  1.00000e+00  8.32608e-05  8.32608e-05
8.835529005e-01  7.8560672e-05  1.00000e+00  8.32613e-05  8.32613e-05
8.837296111e-01  7.8658845e-05  1.00000e+00  8.32624e-05  8.32624e-05
8.839063570e-01  7.8733154e-05  1.00000e+00  8.32639e-05  8.32639e-05
8.840831383e-01  7.8760423e-05  1.00000e+00  8.32658e-05  8.32658e-05
8.842599549e-01  7.8721881e-05  1.00000e+00  8.32677e-05  8.32677e-05
8.844368069e-01  7.8608858e-05  1.00000e+00  8.32691e-05  8.32691e-05
8.846136942e-01  7.8426282e-05  1.00000e+00  8.32696e-05  8.32696e-05
8.847906170e-01  7.8193771e-05  1.00000e+00  8.32690e-05  8.32690e-05
8.849675751e-01  7.7943017e-05  1.00000e+00  8.32669e-05  8.32669e-05
8.851445686e-01  7.7712664e-05  1.00000e+00  8.32634e-05  8.32634e-05
8.853215975e-01  7.7540491e-05  1.00000e+00  8.32588e-05  8.32588e-05
8.854986619e-01  7.7454727e-05  1.00000e+00  8.32535e-05  8.32535e-05
8.856757616e-01  7.7466755e-05  1.00000e+00  8.32480e-05  8.32480e-05
8.858528967e-01  7.7567586e-05  1.00000e+00  8.32428e-05  8.32428e-05
8.860300673e-01  7.7729773e-05  1.00000e+00  8.32385e-05  8.32385e-05
8.862072733e-01  7.7914468e-05  1.00000e+00  8.32352e-05  8.32352e-05
8.863845148e-01  7.8081525e-05  1.00000e+00  8.32331e-05  8.32331e-05
8.865617917e-01  7.8199702e-05  1.00000e+00  8.32318e-05  8.32318e-05
8.867391040e-01  7.8253974e-05  1.00000e+00  8.32310e-05  8.32310e-05
8.869164519e-01  7.8248908e-05  1.00000e+00  8.32303e-05  8.32303e-05
8.870938352e-01  7.8207303e-05  1.00000e+00  8.32295e-05  8.32295e-05
8.872712539e-01  7.8164941e-05  1.00000e+00  8.32285e-05  8.32285e-05
8.874487082e-01  7.8161530e-05  1.00000e+00  8.32273e-05  8.32273e-05
8.876261979e-01  7.8229474e-05  1.00000e+00  8.32263e-05  8.32263e-05
8.878037232e-01  7.8382299e-05  1.00000e+00  8.32259e-05  8.32259e-05
8.879812839e-01  7.8607060e-05  1.00000e+00  8.32267e-05  8.32267e-05
8.881588802e-01  7.8864087e-05  1.00000e+00  8.32288e-05  8.32288e-05
8.883365119e-01  7.9096120e-05  1.00000e+00  8.32324e-05  8.32324e-05
8.885141792e-01  7.9245054e-05  1.00000e+00  8.32372e-05  8.32372e-05
8.886918821e-01  7.9270608e-05  1.00000e+00  8.32424e-05  8.32424e-05
8.888696204e-01  7.9164155e-05  1.00000e+00  8.32474e-05  8.32474e-05
8.890473944e-01  7.8952201e-05  1.00000e+00  8.32514e-05  8.32514e-05
8.892252038e-01  7.8688089e-05  1.00000e+00  8.32540e-05  8.32540e-05
8.894030489e-01  7.8434881e-05  1.00000e+00  8.32551e-05  8.32551e-05
8.895809295e-01  7.8245376e-05  1.00000e+00  8.32549e-05  8.32549e-05
8.897588457e-01  7.8146763e-05  1.00000e+00  8.32538e-05  8.32538e-05
8.899367975e-01  7.8133951e-05  1.00000e+00  8.32524e-05  8.32524e-05
8.901147848e-01  7.8172678e-05  1.00000e+00  8.32511e-05  8.32511e-05
8.902928078e-01  7.8212547e-05  1.00000e+00  8.32501e-05  8.32501e-05
8.904708663e-01  7.8202076e-05  1.00000e+00  8.32492e-05  8.32492e-05
8.906489605e-01  7.8102801e-05  1.00000e+00  8.32480e-05  8.32480e-05
8.908270903e-01  7.7897450e-05  1.00000e+00  8.32459e-05  8.32459e-05
8.910052557e-01  7.7589053e-05  1.00000e+00  8.32424e-05  8.32424e-05
8.911834568e-01  7.7192897e-05  1.00000e+00  8.32368e-05  8.32368e-05
8.913616935e-01  7.6724542e-05  1.00000e+00  8.32288e-05  8.32288e-05
8.915399658e-01  7.6190959e-05  1.00000e+00  8.32180e-05  8.32180e-05
8.917182738e-01  7.5587574e-05  1.00000e+00  8.32039e-05  8.32039e-05
8.918966174e-01  7.4906191e-05  1.00000e+00  8.31862e-05  8.31862e-05
8.920749968e-01  7.4151584e-05  1.00000e+00  8.31645e-05  8.31645e-05
8.922534118e-01  7.3359153e-05  1.00000e+00  8.31384e-05  8.31384e-05
8.924318625e-01  7.2598588e-05  1.00000e+00  8.31080e-05  8.31080e-05
8.926103488e-01  7.1962909e-05  1.00000e+00  8.30736e-05  8.30736e-05
8.927888709e-01  7.1535286e-05  1.00000e+00  8.30364e-05  8.30364e-05
8.929674287e-01  7.1346233e-05  1.00000e+00  8.29975e-05  8.29975e-05
8.931460222e-01  7.1343134e-05  1.00000e+00  8.29584e-05  8.29584e-05
8.933246514e-01  7.1376873e-05  1.00000e+00  8.29197e-05  8.29197e-05
8.935033163e-01  7.1226144e-05  1.00000e+00  8.28810e-05  8.28810e-05
8.936820170e-01  7.0647883e-05  1.00000e+00  8.28406e-05  8.28406e-05
8.938607534e-01  6.9442388e-05  1.00000e+00  8.27954e-05  8.27954e-05
8.940395255e-01  6.7515640e-05  1.00000e+00  8.27414e-05  8.27414e-05
8.942183334e-01  6.4911420e-05  1.00000e+00  8.26746e-05  8.26746e-05
8.943971771e-01  6.1814716e-05  1.00000e+00  8.25917e-05  8.25917e-05
8.945760565e-01  5.8512260e-05  1.00000e+00  8.24905e-05  8.24905e-05
8.947549717e-01  5.5322995e-05  1.00000e+00  8.23710e-05  8.23710e-05
8.949339227e-01  5.2524097e-05  1.00000e+00  8.22348e-05  8.22348e-05
8.951129095e-01  5.0281658e-05  1.00000e+00  8.20847e-05  8.20847e-05
8.952919321e-01  4.8635602e-05  1.00000e+00  8.19242e-05  8.19242e-05
8.954709905e-01  4.7539212e-05  1.00000e+00  8.17567e-05  8.17567e-05
8.956500847e-01  4.6940533e-05  1.00000e+00  8.15852e-05  8.15852e-05
8.958292147e-01  4.6856406e-05  1.00000e+00  8.14127e-05  8.14127e-05
8.960083805e-01  4.7407946e-05  1.00000e+00  8.12423e-05  8.12423e-05
8.961875822e-01  4.8762539e-05  1.00000e+00  8.10783e-05  8.10783e-05
8.963668197e-01  5.1021750e-05  1.00000e+00  8.09256e-05  8.09256e-05
8.965460931e-01  5.4088317e-05  1.00000e+00  8.07892e-05  8.07892e-05
8.967254023e-01  5.7577228e-05  1.00000e+00  8.06727e-05  8.06727e-05
8.969047474e-01  6.0826362e-05  1.00000e+00  8.05767e-05  8.05767e-05
8.970841283e-01  6.2985625e-05  1.00000e+00  8.04973e-05  8.04973e-05
8.972635452e-01  6.3203208e-05  1.00000e+00  8.04257e-05  8.04257e-05
8.974429979e-01  6.0838365e-05  1.00000e+00  8.03486e-05  8.03486e-05
8.976224865e-01  5.5695312e-05  1.00000e+00  8.02503e-05  8.02503e-05
8.978020110e-01  4.8207225e-05  1.00000e+00  8.01160e-05  8.01160e-05
8.979815714e-01  3.9529488e-05  1.00000e+00  7.99351e-05  7.99351e-05
8.981611677e-01  3.1444359e-05  1.00000e+00  7.97059e-05  7.97059e-05
8.983407999e-01  2.6040915e-05  1.00000e+00  7.94379e-05  7.94379e-05
8.985204681e-01  2.5200745e-05  1.00000e+00  7.91525e-05  7.91525e-05
8.987001722e-01  2.9989182e-05  1.00000e+00  7.88796e-05  7.88796e-05
8.988799122e-01  4.0202127e-05  1.00000e+00  7.86516e-05  7.86516e-05
8.990596882e-01  5.4268214e-05  1.00000e+00  7.84956e-05  7.84956e-05
8.992395001e-01  6.9602875e-05  1.00000e+00  7.84266e-05  7.84266e-05
8.994193480e-01  8.3357895e-05  1.00000e+00  7.84431e-05  7.84431e-05
8.995992319e-01  9.3263502e-05  1.00000e+00  7.85287e-05  7.85287e-05
8.997791517e-01  9.8255203e-05  1.00000e+00  7.86570e-05  7.86570e-05
8.999591076e-01  9.8632584e-05  1.00000e+00  7.88000e-05  7.88000e-05
9.001390994e-01  9.5714008e-05  1.00000e+00  7.89341e-05  7.89341e-05
9.003191272e-01  9.1197005e-05  1.00000e+00  7.90454e-05  7.90454e-05
9.004991910e-01  8.6530739e-05  1.00000e+00  7.91291e-05  7.91291e-05
9.006792909e-01  8.2557349e-05  1.00000e+00  7.91872e-05  7.91872e-05
9.008594267e-01  7.9524867e-05  1.00000e+00  7.92247e-05  7.92247e-05
9.010395986e-01  7.7363343e-05  1.00000e+00  7.92472e-05  7.92472e-05
9.012198065e-01  7.6018989e-05  1.00000e+00  7.92594e-05  7.92594e-05
9.014000505e-01  7.5665033e-05  1.00000e+00  7.92664e-05  7.92664e-05
9.015803305e-01  7.6698772e-05  1.00000e+00  7.92751e-05  7.92751e-05
9.017606466e-01  7.9575891e-05  1.00000e+00  7.92947e-05  7.92947e-05
9.019409987e-01  8.4579501e-05  1.00000e+00  7.93367e-05  7.93367e-05
9.021213869e-01  9.1642627e-05  1.00000e+00  7.94132e-05  7.94132e-05
9.023018112e-01  1.0027583e-04  1.00000e+00  7.95347e-05  7.95347e-05
9.024822715e-01  1.0960448e-04  1.00000e+00  7.97076e-05  7.97076e-05
9.026627680e-01  1.1850549e-04  1.00000e+00  7.99325e-05  7.99325e-05
9.028433006e-01  1.2579881e-04  1.00000e+00  8.02034e-05  8.02034e-05
9.030238692e-01  1.3046232e-04  1.00000e+00  8.05076e-05  8.05076e-05
9.032044740e-01  1.3183352e-04  1.00000e+00  8.08279e-05  8.08279e-05
9.033851149e-01  1.2975855e-04  1.00000e+00  8.11444e-05  8.11444e-05
9.035657919e-01  1.2461804e-04  1.00000e+00  8.14384e-05  8.14384e-05
9.037465051e-01  1.1723992e-04  1.00000e+00  8.16944e-05  8.16944e-05
9.039272544e-01  1.0868581e-04  1.00000e+00  8.19027e-05  8.19027e-05
9.041080398e-01  9.9989169e-05  1.00000e+00  8.20600e-05  8.20600e-05
9.042888614e-01  9.1941788e-05  1.00000e+00  8.21680e-05  8.21680e-05
9.044697192e-01  8.4958132e-05  1.00000e+00  8.22321e-05  8.22321e-05
9.046506131e-01  7.9088341e-05  1.00000e+00  8.22590e-05  8.22590e-05
9.048315433e-01  7.4104632e-05  1.00000e+00  8.22547e-05  8.22547e-05
9.050125096e-01  6.9638909e-05  1.00000e+00  8.22235e-05  8.22235e-05
9.051935121e-01  6.5296425e-05  1.00000e+00  8.21674e-05  8.21674e-05
9.053745508e-01  6.0748758e-05  1.00000e+00  8.20863e-05  8.20863e-05
9.055556257e-01  5.5788908e-05  1.00000e+00  8.19784e-05  8.19784e-05
9.057367368e-01  5.0378347e-05  1.00000e+00  8.18414e-05  8.18414e-05
9.059178842e-01  4.4698637e-05  1.00000e+00  8.16732e-05  8.16732e-05
9.060990677e-01  3.9169396e-05  1.00000e+00  8.14735e-05  8.14735e-05
9.062802875e-01  3.4429850e-05  1.00000e+00  8.12451e-05  8.12451e-05
9.064615436e-01  3.1234857e-05  1.00000e+00  8.09949e-05  8.09949e-05
9.066428359e-01  3.0264682e-05  1.00000e+00  8.07337e-05  8.07337e-05
9.068241645e-01  3.1923130e-05  1.00000e+00  8.04757e-05  8.04757e-05
9.070055293e-01  3.6150613e-05  1.00000e+00  8.02360e-05  8.02360e-05
9.071869304e-01  4.2393415e-05  1.00000e+00  8.00279e-05  8.00279e-05
9.073683678e-01  4.9732944e-05  1.00000e+00  7.98604e-05  7.98604e-05
9.075498415e-01  5.7150652e-05  1.00000e+00  7.97365e-05  7.97365e-05
9.077313514e-01  6.3827594e-05  1.00000e+00  7.96540e-05  7.96540e-05
9.079128977e-01  6.9352547e-05  1.00000e+00  7.96071e-05  7.96071e-05
9.080944803e-01  7.3748262e-05  1.00000e+00  7.95888e-05  7.95888e-05
9.082760992e-01  7.7318135e-05  1.00000e+00  7.95932e-05  7.95932e-05
9.084577544e-01  8.0396100e-05  1.00000e+00  7.96166e-05  7.96166e-05
9.086394460e-01  8.3134904e-05  1.00000e+00  7.96565e-05  7.96565e-05
9.088211739e-01  8.5416419e-05  1.00000e+00  7.97107e-05  7.97107e-05
9.090029381e-01  8.6937787e-05  1.00000e+00  7.97757e-05  7.97757e-05
9.091847387e-01  8.7408909e-05  1.00000e+00  7.98462e-05  7.98462e-05
9.093665756e-01  8.6764131e-05  1.00000e+00  7.99159e-05  7.99159e-05
9.095484489e-01  8.5285392e-05  1.00000e+00  7.99789e-05  7.99789e-05
9.097303586e-01  8.3564631e-05  1.00000e+00  8.00321e-05  8.00321e-05
9.099123047e-01  8.2322149e-05  1.00000e+00  8.00762e-05  8.00762e-05
9.100942872e-01  8.2134839e-05  1.00000e+00  8.01157e-05  8.01157e-05
9.102763060e-01  8.3199812e-05  1.00000e+00  8.01575e-05  8.01575e-05
9.104583613e-01  8.5231638e-05  1.00000e+00  8.02081e-05  8.02081e-05
9.106404530e-01  8.7531855e-05  1.00000e+00  8.02713e-05  8.02713e-05
9.108225810e-01  8.9235018e-05  1.00000e+00  8.03460e-05  8.03460e-05
9.110047456e-01  8.9612920e-05  1.00000e+00  8.04265e-05  8.04265e-05
9.111869465e-01  8.8318862e-05  1.00000e+00  8.05042e-05  8.05042e-05
9.113691839e-01  8.5449411e-05  1.00000e+00  8.05694e-05  8.05694e-05
9.115514577e-01  8.1410992e-05  1.00000e+00  8.06144e-05  8.06144e-05
9.117337680e-01  7.6671227e-05  1.00000e+00  8.06340e-05  8.06340e-05
9.119161148e-01  7.1531048e-05  1.00000e+00  8.06251e-05  8.06251e-05
9.120984980e-01  6.6078674e-05  1.00000e+00  8.05860e-05  8.05860e-05
9.122809177e-01  6.0354917e-05  1.00000e+00  8.05152e-05  8.05152e-05
9.124633739e-01  5.4635816e-05  1.00000e+00  8.04119e-05  8.04119e-05
9.126458666e-01  4.9660323e-05  1.00000e+00  8.02781e-05  8.02781e-05
9.128283957e-01  4.6621032e-05  1.00000e+00  8.01215e-05  8.01215e-05
9.130109614e-01  4.6840535e-05  1.00000e+00  7.99569e-05  7.99569e-05
9.131935636e-01  5.1236100e-05  1.00000e+00  7.98059e-05  7.98059e-05
9.133762023e-01  5.9794569e-05  1.00000e+00  7.96929e-05  7.96929e-05
9.135588776e-01  7.1301181e-05  1.00000e+00  7.96385e-05  7.96385e-05
9.137415893e-01  8.3474415e-05  1.00000e+00  7.96533e-05  7.96533e-05
9.139243377e-01  9.3526084e-05  1.00000e+00  7.97327e-05  7.97327e-05
9.141071225e-01  9.8981475e-05  1.00000e+00  7.98572e-05  7.98572e-05
9.142899439e-01  9.8483326e-05  1.00000e+00  7.99957e-05  7.99957e-05
9.144728019e-01  9.2295352e-05  1.00000e+00  8.01141e-05  8.01141e-05
9.146556965e-01  8.2323867e-05  1.00000e+00  8.01847e-05  8.01847e-05
9.148386276e-01  7.1604124e-05  1.00000e+00  8.01944e-05  8.01944e-05
9.150215954e-01  6.3395718e-05  1.00000e+00  8.01485e-05  8.01485e-05
9.152045997e-01  6.0180525e-05  1.00000e+00  8.00692e-05  8.00692e-05
9.153876406e-01  6.2884993e-05  1.00000e+00  7.99886e-05  7.99886e-05
9.155707181e-01  7.0598756e-05  1.00000e+00  7.99388e-05  7.99388e-05
9.157538323e-01  8.0885281e-05  1.00000e+00  7.99419e-05  7.99419e-05
9.159369830e-01  9.0579732e-05  1.00000e+00  8.00035e-05  8.00035e-05
9.161201704e-01  9.6800526e-05  1.00000e+00  8.01114e-05  8.01114e-05
9.163033945e-01  9.7828441e-05  1.00000e+00  8.02400e-05  8.02400e-05
9.164866551e-01  9.3583218e-05  1.00000e+00  8.03587e-05  8.03587e-05
9.166699525e-01  8.5565501e-05  1.00000e+00  8.04409e-05  8.04409e-05
9.168532865e-01  7.6319324e-05  1.00000e+00  8.04723e-05  8.04723e-05
9.170366571e-01  6.8625809e-05  1.00000e+00  8.04539e-05  8.04539e-05
9.172200645e-01  6.4691848e-05  1.00000e+00  8.04015e-05  8.04015e-05
9.174035085e-01  6.5579980e-05  1.00000e+00  8.03404e-05  8.03404e-05
9.175869892e-01  7.1021618e-05  1.00000e+00  8.02979e-05  8.02979e-05
9.177705066e-01  7.9634440e-05  1.00000e+00  8.02963e-05  8.02963e-05
9.179540607e-01  8.9428318e-05  1.00000e+00  8.03481e-05  8.03481e-05
9.181376515e-01  9.8401794e-05  1.00000e+00  8.04539e-05  8.04539e-05
9.183212790e-01  1.0506207e-04  1.00000e+00  8.06042e-05  8.06042e-05
9.185049433e-01  1.0871083e-04  1.00000e+00  8.07833e-05  8.07833e-05
9.186886443e-01  1.0946225e-04  1.00000e+00  8.09739e-05  8.09739e-05
9.188723820e-01  1.0803983e-04  1.00000e+00  8.11612e-05  8.11612e-05
9.190561565e-01  1.0544486e-04  1.00000e+00  8.13357e-05  8.13357e-05
9.192399677e-01  1.0261177e-04  1.00000e+00  8.14934e-05  8.14934e-05
9.194238157e-01  1.0013921e-04  1.00000e+00  8.16349e-05  8.16349e-05
9.196077004e-01  9.8172840e-05  1.00000e+00  8.17631e-05  8.17631e-05
9.197916220e-01  9.6452226e-05  1.00000e+00  8.18803e-05  8.18803e-05
9.199755803e-01  9.4495130e-05  1.00000e+00  8.19867e-05  8.19867e-05
9.201595754e-01  9.1855023e-05  1.00000e+00  8.20796e-05  8.20796e-05
9.203436073e-01  8.8344282e-05  1.00000e+00  8.21546e-05  8.21546e-05
9.205276761e-01  8.4143343e-05  1.00000e+00  8.22072e-05  8.22072e-05
9.207117816e-01  7.9766797e-05  1.00000e+00  8.22348e-05  8.22348e-05
9.208959240e-01  7.5900049e-05  1.00000e+00  8.22385e-05  8.22385e-05
9.210801031e-01  7.3184095e-05  1.00000e+00  8.22232e-05  8.22232e-05
9.212643192e-01  7.2017022e-05  1.00000e+00  8.21967e-05  8.21967e-05
9.214485720e-01  7.2442275e-05  1.00000e+00  8.21683e-05  8.21683e-05
9.216328617e-01  7.4145097e-05  1.00000e+00  8.21463e-05  8.21463e-05
9.218171883e-01  7.6544737e-05  1.00000e+00  8.21363e-05  8.21363e-05
9.220015517e-01  7.8952332e-05  1.00000e+00  8.21404e-05  8.21404e-05
9.221859521e-01  8.0743400e-05  1.00000e+00  8.21567e-05  8.21567e-05
9.223703893e-01  8.1497491e-05  1.00000e+00  8.21803e-05  8.21803e-05
9.225548633e-01  8.1070171e-05  1.00000e+00  8.22047e-05  8.22047e-05
9.227393743e-01  7.9592249e-05  1.00000e+00  8.22236e-05  8.22236e-05
9.229239222e-01  7.7392457e-05  1.00000e+00  8.22317e-05  8.22317e-05
9.231085070e-01  7.4895008e-05  1.00000e+00  8.22263e-05  8.22263e-05
9.232931287e-01  7.2513553e-05  1.00000e+00  8.22070e-05  8.22070e-05
9.234777873e-01  7.0577585e-05  1.00000e+00  8.21753e-05  8.21753e-05
9.236624828e-01  6.9302165e-05  1.00000e+00  8.21346e-05  8.21346e-05
9.238472153e-01  6.8799489e-05  1.00000e+00  8.20890e-05  8.20890e-05
9.240319848e-01  6.9101188e-05  1.00000e+00  8.20431e-05  8.20431e-05
9.242167912e-01  7.0182521e-05  1.00000e+00  8.20014e-05  8.20014e-05
9.244016345e-01  7.1961643e-05  1.00000e+00  8.19680e-05  8.19680e-05
9.245865149e-01  7.4289562e-05  1.00000e+00  8.19465e-05  8.19465e-05
9.247714322e-01  7.6936033e-05  1.00000e+00  8.19394e-05  8.19394e-05
9.249563865e-01  7.9600378e-05  1.00000e+00  8.19475e-05  8.19475e-05
9.251413777e-01  8.1956317e-05  1.00000e+00  8.19699e-05  8.19699e-05
9.253264060e-01  8.3710232e-05  1.00000e+00  8.20041e-05  8.20041e-05
9.255114713e-01  8.4647457e-05  1.00000e+00  8.20458e-05  8.20458e-05
9.256965736e-01  8.4638974e-05  1.00000e+00  8.20900e-05  8.20900e-05
9.258817129e-01  8.3600059e-05  1.00000e+00  8.21310e-05  8.21310e-05
9.260668892e-01  8.1432633e-05  1.00000e+00  8.21629e-05  8.21629e-05
9.262521026e-01  7.7993095e-05  1.00000e+00  8.21789e-05  8.21789e-05
9.264373530e-01  7.3132053e-05  1.00000e+00  8.21714e-05  8.21714e-05
9.266226405e-01  6.6796573e-05  1.00000e+00  8.21324e-05  8.21324e-05
9.268079650e-01  5.9180578e-05  1.00000e+00  8.20539e-05  8.20539e-05
9.269933266e-01  5.0811914e-05  1.00000e+00  8.19303e-05  8.19303e-05
9.271787253e-01  4.2552939e-05  1.00000e+00  8.17599e-05  8.17599e-05
9.273641610e-01  3.5441190e-05  1.00000e+00  8.15464e-05  8.15464e-05
9.275496339e-01  3.0433785e-05  1.00000e+00  8.12992e-05  8.12992e-05
9.277351438e-01  2.8109516e-05  1.00000e+00  8.10324e-05  8.10324e-05
9.279206908e-01  2.8433940e-05  1.00000e+00  8.07615e-05  8.07615e-05
9.281062750e-01  3.0688715e-05  1.00000e+00  8.04997e-05  8.04997e-05
9.282918962e-01  3.3618130e-05  1.00000e+00  8.02547e-05  8.02547e-05
9.284775546e-01  3.5720618e-05  1.00000e+00  8.00259e-05  8.00259e-05
9.286632501e-01  3.5647983e-05  1.00000e+00  7.98048e-05  7.98048e-05
9.288489828e-01  3.2544007e-05  1.00000e+00  7.95763e-05  7.95763e-05
9.290347526e-01  2.6236694e-05  1.00000e+00  7.93225e-05  7.93225e-05
9.292205595e-01  1.7208957e-05  1.00000e+00  7.90265e-05  7.90265e-05
9.294064036e-01  6.3497044e-06  1.00000e+00  7.86755e-05  7.86755e-05
9.295922849e-01 -5.3827050e-06  1.00000e+00  7.82622e-05  7.82622e-05
9.297782034e-01 -1.7258219e-05  1.00000e+00  7.77842e-05  7.77842e-05
9.299641590e-01 -2.8935353e-05  1.00000e+00  7.72421e-05  7.72421e-05
9.301501518e-01 -4.0391182e-05  1.00000e+00  7.66378e-05  7.66378e-05
9.303361819e-01 -5.1717221e-05  1.00000e+00  7.59723e-05  7.59723e-05
9.305222491e-01 -6.2836562e-05  1.00000e+00  7.52470e-05  7.52470e-05
9.307083535e-01 -7.3288285e-05  1.00000e+00  7.44644e-05  7.44644e-05
9.308944952e-01 -8.2166573e-05  1.00000e+00  7.36308e-05  7.36308e-05
9.310806741e-01 -8.8229428e-05  1.00000e+00  7.27588e-05  7.27588e-05
9.312668903e-01 -9.0165647e-05  1.00000e+00  7.18682e-05  7.18682e-05
9.314531436e-01 -8.6944277e-05  1.00000e+00  7.09854e-05  7.09854e-05
9.316394343e-01 -7.8150692e-05  1.00000e+00  7.01411e-05  7.01411e-05
9.318257621e-01 -6.4263780e-05  1.00000e+00  6.93655e-05  6.93655e-05
9.320121273e-01 -4.6772881e-05  1.00000e+00  6.86835e-05  6.86835e-05
9.321985297e-01 -2.8105725e-05  1.00000e+00  6.81084e-05  6.81084e-05
9.323849694e-01 -1.1307437e-05  1.00000e+00  6.76380e-05  6.76380e-05
9.325714464e-01  5.6095466e-07  1.00000e+00  6.72527e-05  6.72527e-05
9.327579607e-01  5.1800668e-06  1.00000e+00  6.69170e-05  6.69170e-05
9.329445123e-01  1.7637387e-06  1.00000e+00  6.65869e-05  6.65869e-05
9.331311012e-01 -8.3932728e-06  1.00000e+00  6.62194e-05  6.62194e-05
9.333177274e-01 -2.1879878e-05  1.00000e+00  6.57853e-05  6.57853e-05
9.335043910e-01 -3.3818602e-05  1.00000e+00  6.52794e-05  6.52794e-05
9.336910919e-01 -3.9106502e-05  1.00000e+00  6.47251e-05  6.47251e-05
9.338778301e-01 -3.3963881e-05  1.00000e+00  6.41717e-05  6.41717e-05
9.340646056e-01 -1.7288669e-05  1.00000e+00  6.36826e-05  6.36826e-05
9.342514186e-01  8.7732380e-06  1.00000e+00  6.33178e-05  6.33178e-05
9.344382688e-01  3.9368793e-05  1.00000e+00  6.31172e-05  6.31172e-05
9.346251565e-01  6.8457264e-05  1.00000e+00  6.30887e-05  6.30887e-05
9.348120815e-01  9.0881935e-05  1.00000e+00  6.32077e-05  6.32077e-05
9.349990439e-01  1.0403515e-04  1.00000e+00  6.34272e-05  6.34272e-05
9.351860438e-01  1.0847940e-04  1.00000e+00  6.36945e-05  6.36945e-05
9.353730810e-01  1.0722138e-04  1.00000e+00  6.39678e-05  6.39678e-05
9.355601556e-01  1.0399040e-04  1.00000e+00  6.42255e-05  6.42255e-05
9.357472676e-01  1.0147267e-04  1.00000e+00  6.44648e-05  6.44648e-05
9.359344171e-01  1.0033799e-04  1.00000e+00  6.46927e-05  6.46927e-05
9.361216039e-01  9.9448973e-05  1.00000e+00  6.49144e-05  6.49144e-05
9.363088283e-01  9.7052310e-05  1.00000e+00  6.51265e-05  6.51265e-05
9.364960900e-01  9.2167728e-05  1.00000e+00  6.53172e-05  6.53172e-05
9.366833892e-01  8.5441530e-05  1.00000e+00  6.54736e-05  6.54736e-05
9.368707259e-01  7.9084130e-05  1.00000e+00  6.55910e-05  6.55910e-05
9.370581001e-01  7.6053239e-05  1.00000e+00  6.56799e-05  6.56799e-05
9.372455117e-01  7.9022143e-05  1.00000e+00  6.57667e-05  6.57667e-05
9.374329608e-01  8.9595502e-05  1.00000e+00  6.58905e-05  6.58905e-05
9.376204474e-01  1.0799757e-04  1.00000e+00  6.60949e-05  6.60949e-05
9.378079715e-01  1.3317015e-04  1.00000e+00  6.64212e-05  6.64212e-05
9.379955331e-01  1.6299628e-04  1.00000e+00  6.69015e-05  6.69015e-05
9.381831322e-01  1.9454280e-04  1.00000e+00  6.75531e-05  6.75531e-05
9.383707688e-01  2.2429115e-04  1.00000e+00  6.83754e-05  6.83754e-05
9.385584430e-01  2.4845026e-04  1.00000e+00  6.93468e-05  6.93468e-05
9.387461546e-01  2.6349384e-04  1.00000e+00  7.04250e-05  7.04250e-05
9.389339039e-01  2.6684185e-04  1.00000e+00  7.15505e-05  7.15505e-05
9.391216907e-01  2.5749183e-04  1.00000e+00  7.26536e-05  7.26536e-05
9.393095150e-01  2.3638979e-04  1.00000e+00  7.36649e-05  7.36649e-05
9.394973769e-01  2.0628861e-04  1.00000e+00  7.45257e-05  7.45257e-05
9.396852764e-01  1.7114912e-04  1.00000e+00  7.51969e-05  7.51969e-05
9.398732134e-01  1.3523597e-04  1.00000e+00  7.56630e-05  7.56630e-05
9.400611881e-01  1.0223912e-04  1.00000e+00  7.59315e-05  7.59315e-05
9.402492003e-01  7.4654922e-05  1.00000e+00  7.60274e-05  7.60274e-05
9.404372502e-01  5.3547309e-05  1.00000e+00  7.59856e-05  7.59856e-05
9.406253376e-01  3.8630201e-05  1.00000e+00  7.58430e-05  7.58430e-05
9.408134627e-01  2.8584913e-05  1.00000e+00  7.56318e-05  7.56318e-05
9.410016254e-01  2.1403205e-05  1.00000e+00  7.53743e-05  7.53743e-05
9.411898257e-01  1.4805169e-05  1.00000e+00  7.50806e-05  7.50806e-05
9.413780637e-01  6.7454476e-06  1.00000e+00  7.47483e-05  7.47483e-05
9.415663393e-01 -4.0160284e-06  1.00000e+00  7.43653e-05  7.43653e-05
9.417546525e-01 -1.7400721e-05  1.00000e+00  7.39164e-05  7.39164e-05
9.419430035e-01 -3.1779667e-05  1.00000e+00  7.33909e-05  7.33909e-05
9.421313921e-01 -4.4279261e-05  1.00000e+00  7.27912e-05  7.27912e-05
9.423198183e-01 -5.1708939e-05  1.00000e+00  7.21373e-05  7.21373e-05
9.425082823e-01 -5.1773055e-05  1.00000e+00  7.14648e-05  7.14648e-05
9.426967840e-01 -4.4072080e-05  1.00000e+00  7.08173e-05  7.08173e-05
9.428853233e-01 -3.0342244e-05  1.00000e+00  7.02344e-05  7.02344e-05
9.430739004e-01 -1.3681636e-05  1.00000e+00  6.97412e-05  6.97412e-05
9.432625152e-01  2.8833577e-06  1.00000e+00  6.93449e-05  6.93449e-05
9.434511677e-01  1.7829190e-05  1.00000e+00  6.90394e-05  6.90394e-05
9.436398579e-01  3.1704535e-05  1.00000e+00  6.88156e-05  6.88156e-05
9.438285859e-01  4.6452480e-05  1.00000e+00  6.86722e-05  6.86722e-05
9.440173516e-01  6.3829163e-05  1.00000e+00  6.86189e-05  6.86189e-05
9.442061551e-01  8.3770583e-05  1.00000e+00  6.86709e-05  6.86709e-05
9.443949963e-01  1.0367150e-04  1.00000e+00  6.88360e-05  6.88360e-05
9.445838753e-01  1.1911446e-04  1.00000e+00  6.91017e-05  6.91017e-05
9.447727921e-01  1.2578143e-04  1.00000e+00  6.94299e-05  6.94299e-05
9.449617466e-01  1.2157067e-04  1.00000e+00  6.97640e-05  6.97640e-05
9.451507390e-01  1.0791034e-04  1.00000e+00  7.00451e-05  7.00451e-05
9.453397691e-01  8.9554548e-05  1.00000e+00  7.02325e-05  7.02325e-05
9.455288371e-01  7.2918294e-05  1.00000e+00  7.03178e-05  7.03178e-05
9.457179428e-01  6.3706213e-05  1.00000e+00  7.03279e-05  7.03279e-05
9.459070864e-01  6.4845238e-05  1.00000e+00  7.03143e-05  7.03143e-05
9.460962678e-01  7.5567445e-05  1.00000e+00  7.03347e-05  7.03347e-05
9.462854871e-01  9.1850501e-05  1.00000e+00  7.04328e-05  7.04328e-05
9.464747442e-01  1.0802908e-04  1.00000e+00  7.06239e-05  7.06239e-05
9.466640391e-01  1.1881949e-04  1.00000e+00  7.08917e-05  7.08917e-05
9.468533720e-01  1.2102122e-04  1.00000e+00  7.11957e-05  7.11957e-05
9.470427426e-01  1.1439777e-04  1.00000e+00  7.14856e-05  7.14856e-05
9.472321512e-01  1.0150969e-04  1.00000e+00  7.17178e-05  7.17178e-05
9.474215976e-01  8.6652156e-05  1.00000e+00  7.18691e-05  7.18691e-05
9.476110819e-01  7.4272443e-05  1.00000e+00  7.19415e-05  7.19415e-05
9.478006041e-01  6.7369501e-05  1.00000e+00  7.19585e-05  7.19585e-05
9.479901643e-01  6.6388202e-05  1.00000e+00  7.19536e-05  7.19536e-05
9.481797623e-01  6.9042333e-05  1.00000e+00  7.19549e-05  7.19549e-05
9.483693982e-01  7.1199662e-05  1.00000e+00  7.19718e-05  7.19718e-05
9.485590721e-01  6.8643219e-05  1.00000e+00  7.19893e-05  7.19893e-05
9.487487839e-01  5.9032485e-05  1.00000e+00  7.19735e-05  7.19735e-05
9.489385337e-01  4.3360420e-05  1.00000e+00  7.18861e-05  7.18861e-05
9.491283214e-01  2.6125746e-05  1.00000e+00  7.17045e-05  7.17045e-05
9.493181471e-01  1.4063478e-05  1.00000e+00  7.14385e-05  7.14385e-05
9.495080107e-01  1.3782128e-05  1.00000e+00  7.11363e-05  7.11363e-05
9.496979123e-01  2.9137319e-05  1.00000e+00  7.08763e-05  7.08763e-05
9.498878519e-01  5.9404943e-05  1.00000e+00  7.07460e-05  7.07460e-05
9.500778295e-01  9.8930405e-05  1.00000e+00  7.08145e-05  7.08145e-05
9.502678450e-01  1.3850840e-04  1.00000e+00  7.11082e-05  7.11082e-05
9.504578986e-01  1.6804400e-04  1.00000e+00  7.15982e-05  7.15982e-05
9.506479902e-01  1.7958033e-04  1.00000e+00  7.22038e-05  7.22038e-05
9.508381198e-01  1.6972738e-04  1.00000e+00  7.28121e-05  7.28121e-05
9.510282874e-01  1.4071113e-04  1.00000e+00  7.33072e-05  7.33072e-05
9.512184930e-01  9.9692561e-05  1.00000e+00  7.36007e-05  7.36007e-05
9.514087367e-01  5.6702528e-05  1.00000e+00  7.36533e-05  7.36533e-05
9.515990185e-01  2.1842819e-05  1.00000e+00  7.34838e-05  7.34838e-05
9.517893383e-01  2.6531862e-06  1.00000e+00  7.31612e-05  7.31612e-05
9.519796962e-01  2.3793617e-06  1.00000e+00  7.27848e-05  7.27848e-05
9.521700921e-01  1.9500758e-05  1.00000e+00  7.24584e-05  7.24584e-05
9.523605261e-01  4.8573080e-05  1.00000e+00  7.22653e-05  7.22653e-05
9.525509982e-01  8.1955111e-05  1.00000e+00  7.22508e-05  7.22508e-05
9.527415084e-01  1.1186214e-04  1.00000e+00  7.24164e-05  7.24164e-05
9.529320567e-01  1.3224910e-04  1.00000e+00  7.27239e-05  7.27239e-05
9.531226431e-01  1.4000909e-04  1.00000e+00  7.31094e-05  7.31094e-05
9.533132677e-01  1.3531465e-04  1.00000e+00  7.35012e-05  7.35012e-05
9.535039303e-01  1.2110989e-04  1.00000e+00  7.38369e-05  7.38369e-05
9.536946311e-01  1.0198317e-04  1.00000e+00  7.40758e-05  7.40758e-05
9.538853700e-01  8.2768616e-05  1.00000e+00  7.42045e-05  7.42045e-05
9.540761471e-01  6.7261659e-05  1.00000e+00  7.42343e-05  7.42343e-05
9.542669623e-01  5.7447078e-05  1.00000e+00  7.41927e-05  7.41927e-05
9.544578157e-01  5.3348713e-05  1.00000e+00  7.41128e-05  7.41128e-05
9.546487073e-01  5.3521159e-05  1.00000e+00  7.40230e-05  7.40230e-05
9.548396370e-01  5.5894097e-05  1.00000e+00  7.39417e-05  7.39417e-05
9.550306050e-01  5.8666852e-05  1.00000e+00  7.38758e-05  7.38758e-05
9.552216111e-01  6.0892370e-05  1.00000e+00  7.38243e-05  7.38243e-05
9.554126554e-01  6.2630976e-05  1.00000e+00  7.37840e-05  7.37840e-05
9.556037379e-01  6.4711183e-05  1.00000e+00  7.37540e-05  7.37540e-05
9.557948587e-01  6.8282266e-05  1.00000e+00  7.37393e-05  7.37393e-05
9.559860177e-01  7.4333831e-05  1.00000e+00  7.37510e-05  7.37510e-05
9.561772149e-01  8.3324534e-05  1.00000e+00  7.38043e-05  7.38043e-05
9.563684503e-01  9.4903203e-05  1.00000e+00  7.39149e-05  7.39149e-05
9.565597240e-01  1.0779829e-04  1.00000e+00  7.40937e-05  7.40937e-05
9.567510359e-01  1.1991344e-04  1.00000e+00  7.43424e-05  7.43424e-05
9.569423861e-01  1.2867652e-04  1.00000e+00  7.46491e-05  7.46491e-05
9.571337746e-01  1.3169102e-04  1.00000e+00  7.49882e-05  7.49882e-05
9.573252014e-01  1.2746798e-04  1.00000e+00  7.53228e-05  7.53228e-05
9.575166664e-01  1.1599249e-04  1.00000e+00  7.56120e-05  7.56120e-05
9.577081698e-01  9.8898253e-05  1.00000e+00  7.58193e-05  7.58193e-05
9.578997114e-01  7.9121351e-05  1.00000e+00  7.59216e-05  7.59216e-05
9.580912913e-01  6.0215357e-05  1.00000e+00  7.59141e-05  7.59141e-05
9.582829096e-01  4.5521554e-05  1.00000e+00  7.58116e-05  7.58116e-05
9.584745662e-01  3.7515857e-05  1.00000e+00  7.56455e-05  7.56455e-05
9.586662611e-01  3.7401992e-05  1.00000e+00  7.54571e-05  7.54571e-05
9.588579943e-01  4.4990760e-05  1.00000e+00  7.52905e-05  7.52905e-05
9.590497659e-01  5.8770541e-05  1.00000e+00  7.51849e-05  7.51849e-05
9.592415759e-01  7.6221135e-05  1.00000e+00  7.51679e-05  7.51679e-05
9.594334242e-01  9.4289243e-05  1.00000e+00  7.52510e-05  7.52510e-05
9.596253109e-01  1.1001407e-04  1.00000e+00  7.54289e-05  7.54289e-05
9.598172359e-01  1.2116555e-04  1.00000e+00  7.56815e-05  7.56815e-05
9.600091994e-01  1.2665253e-04  1.00000e+00  7.59795e-05  7.59795e-05
9.602012012e-01  1.2660066e-04  1.00000e+00  7.62909e-05  7.62909e-05
9.603932415e-01  1.2203380e-04  1.00000e+00  7.65875e-05  7.65875e-05
9.605853201e-01  1.1436430e-04  1.00000e+00  7.68479e-05  7.68479e-05
9.607774372e-01  1.0494555e-04  1.00000e+00  7.70591e-05  7.70591e-05
9.609695927e-01  9.4867324e-05  1.00000e+00  7.72146e-05  7.72146e-05
9.611617866e-01  8.5063910e-05  1.00000e+00  7.73137e-05  7.73137e-05
9.613540190e-01  7.6511061e-05  1.00000e+00  7.73608e-05  7.73608e-05
9.615462898e-01  7.0349533e-05  1.00000e+00  7.73662e-05  7.73662e-05
9.617385990e-01  6.7710992e-05  1.00000e+00  7.73465e-05  7.73465e-05
9.619309467e-01  6.9304876e-05  1.00000e+00  7.73237e-05  7.73237e-05
9.621233329e-01  7.4947012e-05  1.00000e+00  7.73213e-05  7.73213e-05
9.623157576e-01  8.3312798e-05  1.00000e+00  7.73585e-05  7.73585e-05
9.625082207e-01  9.2136983e-05  1.00000e+00  7.74443e-05  7.74443e-05
9.627007224e-01  9.8828271e-05  1.00000e+00  7.75740e-05  7.75740e-05
9.628932625e-01  1.0133989e-04  1.00000e+00  7.77294e-05  7.77294e-05
9.630858412e-01  9.8908236e-05  1.00000e+00  7.78844e-05  7.78844e-05
9.632784583e-01  9.2369672e-05  1.00000e+00  7.80131e-05  7.80131e-05
9.634711140e-01  8.3899821e-05  1.00000e+00  7.80985e-05  7.80985e-05
9.636638083e-01  7.6285886e-05  1.00000e+00  7.81375e-05  7.81375e-05
9.638565410e-01  7.1987916e-05  1.00000e+00  7.81422e-05  7.81422e-05
9.640493123e-01  7.2366910e-05  1.00000e+00  7.81355e-05  7.81355e-05
9.642421222e-01  7.7301773e-05  1.00000e+00  7.81438e-05  7.81438e-05
9.644349706e-01  8.5294508e-05  1.00000e+00  7.81887e-05  7.81887e-05
9.646278576e-01  9.3985947e-05  1.00000e+00  7.82807e-05  7.82807e-05
9.648207832e-01  1.0087725e-04  1.00000e+00  7.84166e-05  7.84166e-05
9.650137473e-01  1.0406595e-04  1.00000e+00  7.85805e-05  7.85805e-05
9.652067501e-01  1.0277229e-04  1.00000e+00  7.87490e-05  7.87490e-05
9.653997914e-01  9.7564150e-05  1.00000e+00  7.88983e-05  7.88983e-05
9.655928714e-01  9.0193377e-05  1.00000e+00  7.90110e-05  7.90110e-05
9.657859900e-01  8.3090804e-05  1.00000e+00  7.90819e-05  7.90819e-05
9.659791472e-01  7.8661944e-05  1.00000e+00  7.91194e-05  7.91194e-05
9.661723430e-01  7.8568403e-05  1.00000e+00  7.91434e-05  7.91434e-05
9.663655775e-01  8.3253640e-05  1.00000e+00  7.91800e-05  7.91800e-05
9.665588506e-01  9.1838894e-05  1.00000e+00  7.92536e-05  7.92536e-05
9.667521624e-01  1.0243354e-04  1.00000e+00  7.93809e-05  7.93809e-05
9.669455128e-01  1.1274213e-04  1.00000e+00  7.95663e-05  7.95663e-05
9.671389019e-01  1.2076061e-04  1.00000e+00  7.98023e-05  7.98023e-05
9.673323297e-01  1.2530217e-04  1.00000e+00  8.00723e-05  8.00723e-05
9.675257961e-01  1.2621289e-04  1.00000e+00  8.03560e-05  8.03560e-05
9.677193013e-01  1.2421293e-04  1.00000e+00  8.06348e-05  8.06348e-05
9.679128452e-01  1.2047157e-04  1.00000e+00  8.08958e-05  8.08958e-05
9.681064277e-01  1.1611160e-04  1.00000e+00  8.11326e-05  8.11326e-05
9.683000490e-01  1.1182460e-04  1.00000e+00  8.13440e-05  8.13440e-05
9.684937090e-01  1.0774636e-04  1.00000e+00  8.15313e-05  8.15313e-05
9.686874078e-01  1.0360037e-04  1.00000e+00  8.16951e-05  8.16951e-05
9.688811452e-01  9.9003511e-05  1.00000e+00  8.18340e-05  8.18340e-05
9.690749215e-01  9.3779394e-05  1.00000e+00  8.19451e-05  8.19451e-05
9.692687365e-01  8.8115404e-05  1.00000e+00  8.20254e-05  8.20254e-05
9.694625902e-01  8.2545289e-05  1.00000e+00  8.20739e-05  8.20739e-05
9.696564827e-01  7.7745379e-05  1.00000e+00  8.20932e-05  8.20932e-05
9.698504140e-01  7.4265638e-05  1.00000e+00  8.20893e-05  8.20893e-05
9.700443841e-01  7.2317393e-05  1.00000e+00  8.20704e-05  8.20704e-05
9.702383930e-01  7.1703198e-05  1.00000e+00  8.20446e-05  8.20446e-05
9.704324407e-01  7.1908136e-05  1.00000e+00  8.20181e-05  8.20181e-05
9.706265271e-01  7.2311599e-05  1.00000e+00  8.19937e-05  8.19937e-05
9.708206525e-01  7.2421642e-05  1.00000e+00  8.19710e-05  8.19710e-05
9.710148166e-01  7.2015252e-05  1.00000e+00  8.19476e-05  8.19476e-05
9.712090195e-01  7.1150324e-05  1.00000e+00  8.19209e-05  8.19209e-05
9.714032614e-01  7.0050288e-05  1.00000e+00  8.18887e-05  8.18887e-05
9.715975420e-01  6.8929600e-05  1.00000e+00  8.18506e-05  8.18506e-05
9.717918615e-01  6.7844083e-05  1.00000e+00  8.18065e-05  8.18065e-05
9.719862199e-01  6.6656147e-05  1.00000e+00  8.17566e-05  8.17566e-05
9.721806171e-01  6.5094129e-05  1.00000e+00  8.16994e-05  8.16994e-05
9.723750533e-01  6.2901775e-05  1.00000e+00  8.16324e-05  8.16324e-05
9.725695283e-01  5.9991502e-05  1.00000e+00  8.15516e-05  8.15516e-05
9.727640422e-01  5.6551941e-05  1.00000e+00  8.14537e-05  8.14537e-05
9.729585950e-01  5.3062359e-05  1.00000e+00  8.13368e-05  8.13368e-05
9.731531867e-01  5.0199012e-05  1.00000e+00  8.12028e-05  8.12028e-05
9.733478173e-01  4.8651552e-05  1.00000e+00  8.10569e-05  8.10569e-05
9.735424869e-01  4.8908535e-05  1.00000e+00  8.09080e-05  8.09080e-05
9.737371954e-01  5.1084594e-05  1.00000e+00  8.07666e-05  8.07666e-05
9.739319428e-01  5.4856766e-05  1.00000e+00  8.06425e-05  8.06425e-05
9.741267292e-01  5.9540718e-05  1.00000e+00  8.05427e-05  8.05427e-05
9.743215546e-01  6.4292022e-05  1.00000e+00  8.04699e-05  8.04699e-05
9.745164189e-01  6.8361548e-05  1.00000e+00  8.04220e-05  8.04220e-05
9.747113222e-01  7.1332216e-05  1.00000e+00  8.03939e-05  8.03939e-05
9.749062644e-01  7.3242284e-05  1.00000e+00  8.03793e-05  8.03793e-05
9.751012457e-01  7.4580636e-05  1.00000e+00  8.03735e-05  8.03735e-05
9.752962659e-01  7.6130019e-05  1.00000e+00  8.03753e-05  8.03753e-05
9.754913252e-01  7.8704506e-05  1.00000e+00  8.03880e-05  8.03880e-05
9.756864234e-01  8.2851227e-05  1.00000e+00  8.04189e-05  8.04189e-05
9.758815607e-01  8.8608193e-05  1.00000e+00  8.04771e-05  8.04771e-05
9.760767370e-01  9.5401103e-05  1.00000e+00  8.05698e-05  8.05698e-05
9.762719524e-01  1.0212719e-04  1.00000e+00  8.06998e-05  8.06998e-05
9.764672068e-01  1.0743296e-04  1.00000e+00  8.08630e-05  8.08630e-05
9.766625002e-01  1.1009417e-04  1.00000e+00  8.10479e-05  8.10479e-05
9.768578327e-01  1.0938591e-04  1.00000e+00  8.12375e-05  8.12375e-05
9.770532043e-01  1.0531319e-04  1.00000e+00  8.14129e-05  8.14129e-05
9.772486149e-01  9.8623317e-05  1.00000e+00  8.15575e-05  8.15575e-05
9.774440647e-01  9.0590990e-05  1.00000e+00  8.16602e-05  8.16602e-05
9.776395535e-01  8.2651407e-05  1.00000e+00  8.17178e-05  8.17178e-05
9.778350814e-01  7.6010551e-05  1.00000e+00  8.17345e-05  8.17345e-05
9.780306484e-01  7.1373139e-05  1.00000e+00  8.17198e-05  8.17198e-05
9.782262545e-01  6.8868399e-05  1.00000e+00  8.16855e-05  8.16855e-05
9.784218998e-01  6.8178321e-05  1.00000e+00  8.16428e-05  8.16428e-05
9.786175842e-01  6.8797157e-05  1.00000e+00  8.16003e-05  8.16003e-05
9.788133077e-01  7.0292392e-05  1.00000e+00  8.15639e-05  8.15639e-05
9.790090703e-01  7.2456990e-05  1.00000e+00  8.15378e-05  8.15378e-05
9.792048721e-01  7.5308292e-05  1.00000e+00  8.15256e-05  8.15256e-05
9.794007131e-01  7.8962673e-05  1.00000e+00  8.15312e-05  8.15312e-05
9.795965933e-01  8.3451588e-05  1.00000e+00  8.15591e-05  8.15591e-05
9.797925126e-01  8.8583699e-05  1.00000e+00  8.16135e-05  8.16135e-05
9.799884711e-01  9.3901594e-05  1.00000e+00  8.16966e-05  8.16966e-05
9.801844688e-01  9.8743428e-05  1.00000e+00  8.18076e-05  8.18076e-05
9.803805057e-01  1.0239581e-04  1.00000e+00  8.19416e-05  8.19416e-05
9.805765818e-01  1.0426392e-04  1.00000e+00  8.20904e-05  8.20904e-05
9.807726971e-01  1.0403329e-04  1.00000e+00  8.22431e-05  8.22431e-05
9.809688516e-01  1.0174873e-04  1.00000e+00  8.23881e-05  8.23881e-05
9.811650454e-01  9.7812571e-05  1.00000e+00  8.25151e-05  8.25151e-05
9.813612784e-01  9.2895443e-05  1.00000e+00  8.26168e-05  8.26168e-05
9.815575507e-01  8.7791140e-05  1.00000e+00  8.26901e-05  8.26901e-05
9.817538622e-01  8.3259173e-05  1.00000e+00  8.27363e-05  8.27363e-05
9.819502129e-01  7.9889989e-05  1.00000e+00  8.27603e-05  8.27603e-05
9.821466030e-01  7.8012868e-05  1.00000e+00  8.27696e-05  8.27696e-05
9.823430323e-01  7.7660677e-05  1.00000e+00  8.27727e-05  8.27727e-05
9.825395009e-01  7.8584696e-05  1.00000e+00  8.27775e-05  8.27775e-05
9.827360088e-01  8.0320651e-05  1.00000e+00  8.27898e-05  8.27898e-05
9.829325560e-01  8.2291607e-05  1.00000e+00  8.28125e-05  8.28125e-05
9.831291425e-01  8.3941226e-05  1.00000e+00  8.28452e-05  8.28452e-05
9.833257684e-01  8.4861237e-05  1.00000e+00  8.28850e-05  8.28850e-05
9.835224335e-01  8.4882653e-05  1.00000e+00  8.29273e-05  8.29273e-05
9.837191380e-01  8.4107476e-05  1.00000e+00  8.29672e-05  8.29672e-05
9.839158818e-01  8.2865710e-05  1.00000e+00  8.30012e-05  8.30012e-05
9.841126650e-01  8.1607887e-05  1.00000e+00  8.30279e-05  8.30279e-05
9.843094875e-01  8.0771092e-05  1.00000e+00  8.30486e-05  8.30486e-05
9.845063494e-01  8.0650039e-05  1.00000e+00  8.30665e-05  8.30665e-05
9.847032507e-01  8.1313933e-05  1.00000e+00  8.30857e-05  8.30857e-05
9.849001914e-01  8.2591735e-05  1.00000e+00  8.31103e-05  8.31103e-05
9.850971714e-01  8.4130023e-05  1.00000e+00  8.31426e-05  8.31426e-05
9.852941908e-01  8.5500175e-05  1.00000e+00  8.31830e-05  8.31830e-05
9.854912497e-01  8.6320420e-05  1.00000e+00  8.32294e-05  8.32294e-05
9.856883479e-01  8.6355639e-05  1.00000e+00  8.32779e-05  8.32779e-05
9.858854856e-01  8.5569272e-05  1.00000e+00  8.33242e-05  8.33242e-05
9.860826627e-01  8.4116089e-05  1.00000e+00  8.33640e-05  8.33640e-05
9.862798792e-01  8.2289136e-05  1.00000e+00  8.33945e-05  8.33945e-05
9.864771352e-01  8.0438486e-05  1.00000e+00  8.34146e-05  8.34146e-05
9.866744306e-01  7.8888251e-05  1.00000e+00  8.34252e-05  8.34252e-05
9.868717655e-01  7.7868648e-05  1.00000e+00  8.34286e-05  8.34286e-05
9.870691399e-01  7.7478482e-05  1.00000e+00  8.34281e-05  8.34281e-05
9.872665537e-01  7.7675848e-05  1.00000e+00  8.34271e-05  8.34271e-05
9.874640070e-01  7.8302686e-05  1.00000e+00  8.34284e-05  8.34284e-05
9.876614998e-01  7.9130088e-05  1.00000e+00  8.34339e-05  8.34339e-05
9.878590321e-01  7.9915210e-05  1.00000e+00  8.34438e-05  8.34438e-05
9.880566039e-01  8.0454619e-05  1.00000e+00  8.34574e-05  8.34574e-05
9.882542152e-01  8.0625107e-05  1.00000e+00  8.34729e-05  8.34729e-05
9.884518661e-01  8.0400665e-05  1.00000e+00  8.34883e-05  8.34883e-05
9.886495564e-01  7.9846302e-05  1.00000e+00  8.35014e-05  8.35014e-05
9.888472863e-01  7.9093199e-05  1.00000e+00  8.35108e-05  8.35108e-05
9.890450558e-01  7.8303022e-05  1.00000e+00  8.35158e-05  8.35158e-05
9.892428648e-01  7.7630805e-05  1.00000e+00  8.35168e-05  8.35168e-05
9.894407134e-01  7.7194650e-05  1.00000e+00  8.35147e-05  8.35147e-05
9.896386015e-01  7.7053717e-05  1.00000e+00  8.35111e-05  8.35111e-05
9.898365293e-01  7.7202068e-05  1.00000e+00  8.35076e-05  8.35076e-05
9.900344966e-01  7.7574932e-05  1.00000e+00  8.35055e-05  8.35055e-05
9.902325035e-01  7.8067406e-05  1.00000e+00  8.35059e-05  8.35059e-05
9.904305500e-01  7.8560501e-05  1.00000e+00  8.35091e-05  8.35091e-05
9.906286361e-01  7.8948091e-05  1.00000e+00  8.35148e-05  8.35148e-05
9.908267618e-01  7.9157727e-05  1.00000e+00  8.35221e-05  8.35221e-05
9.910249271e-01  7.9161280e-05  1.00000e+00  8.35299e-05  8.35299e-05
9.912231321e-01  7.8974693e-05  1.00000e+00  8.35372e-05  8.35372e-05
9.914213768e-01  7.8649451e-05  1.00000e+00  8.35430e-05  8.35430e-05
9.916196610e-01  7.8259913e-05  1.00000e+00  8.35468e-05  8.35468e-05
9.918179850e-01  7.7889117e-05  1.00000e+00  8.35483e-05  8.35483e-05
9.920163486e-01  7.7615632e-05  1.00000e+00  8.35480e-05  8.35480e-05
9.922147518e-01  7.7499422e-05  1.00000e+00  8.35465e-05  8.35465e-05
9.924131948e-01  7.7571053e-05  1.00000e+00  8.35448e-05  8.35448e-05
9.926116774e-01  7.7823893e-05  1.00000e+00  8.35441e-05  8.35441e-05
9.928101998e-01  7.8214036e-05  1.00000e+00  8.35451e-05  8.35451e-05
9.930087618e-01  7.8669278e-05  1.00000e+00  8.35485e-05  8.35485e-05
9.932073636e-01  7.9105876e-05  1.00000e+00  8.35544e-05  8.35544e-05
9.934060050e-01  7.9448442e-05  1.00000e+00  8.35624e-05  8.35624e-05
9.936046862e-01  7.9646734e-05  1.00000e+00  8.35719e-05  8.35719e-05
9.938034072e-01  7.9684302e-05  1.00000e+00  8.35821e-05  8.35821e-05
9.940021678e-01  7.9577165e-05  1.00000e+00  8.35920e-05  8.35920e-05
9.942009683e-01  7.9364701e-05  1.00000e+00  8.36010e-05  8.36010e-05
9.943998085e-01  7.9096679e-05  1.00000e+00  8.36086e-05  8.36086e-05
9.945986884e-01  7.8821425e-05  1.00000e+00  8.36146e-05  8.36146e-05
9.947976082e-01  7.8576931e-05  1.00000e+00  8.36192e-05  8.36192e-05
9.949965677e-01  7.8386602e-05  1.00000e+00  8.36226e-05  8.36226e-05
9.951955670e-01  7.8258403e-05  1.00000e+00  8.36251e-05  8.36251e-05
9.953946061e-01  7.8186729e-05  1.00000e+00  8.36270e-05  8.36270e-05
9.955936850e-01  7.8156102e-05  1.00000e+00  8.36286e-05  8.36286e-05
9.957928038e-01  7.8146430e-05  1.00000e+00  8.36302e-05  8.36302e-05
9.959919623e-01  7.8138266e-05  1.00000e+00  8.36316e-05  8.36316e-05
9.961911607e-01  7.8117438e-05  1.00000e+00  8.36331e-05  8.36331e-05
9.963903990e-01  7.8077676e-05  1.00000e+00  8.36343e-05  8.36343e-05
9.965896770e-01  7.8020707e-05  1.00000e+00  8.36353e-05  8.36353e-05
9.967889950e-01  7.7953985e-05  1.00000e+00  8.36360e-05  8.36360e-05
9.969883528e-01  7.7887299e-05  1.00000e+00  8.36363e-05  8.36363e-05
9.971877504e-01  7.7829239e-05  1.00000e+00  8.36363e-05  8.36363e-05
9.973871880e-01  7.7784380e-05  1.00000e+00  8.36360e-05  8.36360e-05
9.975866654e-01  7.7752287e-05  1.00000e+00  8.36355e-05  8.36355e-05
9.977861828e-01  7.7728261e-05  1.00000e+00  8.36349e-05  8.36349e-05
9.979857400e-01  7.7705637e-05  1.00000e+00  8.36342e-05  8.36342e-05
9.981853372e-01  7.7679676e-05  1.00000e+00  8.36334e-05  8.36334e-05
9.983849742e-01  7.7650378e-05  1.00000e+00  8.36324e-05  8.36324e-05
9.985846512e-01  7.7624404e-05  1.00000e+00  8.36313e-05  8.36313e-05
9.987843681e-01  7.7613693e-05  1.00000e+00  8.36301e-05  8.36301e-05
9.989841250e-01  7.7630705e-05  1.00000e+00  8.36289e-05  8.36289e-05
9.991839218e-01  7.7681667e-05  1.00000e+00  8.36280e-05  8.36280e-05
9.993837586e-01  7.7759851e-05  1.00000e+00  8.36274e-05  8.36274e-05
9.995836354e-01  7.7841940e-05  1.00000e+00  8.36272e-05  8.36272e-05
9.997835521e-01  7.7889966e-05  1.00000e+00  8.36275e-05  8.36275e-05
9.999835088e-01  7.7859422e-05  1.00000e+00  8.36278e-05  8.36278e-05
1.000183506e+00  7.7712902e-05  1.00000e+00  8.36277e-05  8.36277e-05
1.000383542e+00  7.7434913e-05  1.00000e+00  8.36264e-05  8.36264e-05
1.000583619e+00  7.7044239e-05  1.00000e+00  8.36233e-05  8.36233e-05
1.000783736e+00  7.6598124e-05  1.00000e+00  8.36180e-05  8.36180e-05
1.000983892e+00  7.6185555e-05  1.00000e+00  8.36103e-05  8.36103e-05
1.001184089e+00  7.5909076e-05  1.00000e+00  8.36007e-05  8.36007e-05
1.001384326e+00  7.5858751e-05  1.00000e+00  8.35903e-05  8.35903e-05
1.001584603e+00  7.6085097e-05  1.00000e+00  8.35803e-05  8.35803e-05
1.001784920e+00  7.6580137e-05  1.00000e+00  8.35724e-05  8.35724e-05
1.001985277e+00  7.7273221e-05  1.00000e+00  8.35678e-05  8.35678e-05
1.002185674e+00  7.8045389e-05  1.00000e+00  8.35673e-05  8.35673e-05
1.002386111e+00  7.8758931e-05  1.00000e+00  8.35709e-05  8.35709e-05
1.002586588e+00  7.9293118e-05  1.00000e+00  8.35779e-05  8.35779e-05
1.002787105e+00  7.9575246e-05  1.00000e+00  8.35872e-05  8.35872e-05
1.002987663e+00  7.9596327e-05  1.00000e+00  8.35972e-05  8.35972e-05
1.003188260e+00  7.9407107e-05  1.00000e+00  8.36067e-05  8.36067e-05
1.003388898e+00  7.9096782e-05  1.00000e+00  8.36148e-05  8.36148e-05
1.003589576e+00  7.8762691e-05  1.00000e+00  8.36211e-05  8.36211e-05
1.003790294e+00  7.8482106e-05  1.00000e+00  8.36256e-05  8.36256e-05
1.003991052e+00  7.8295264e-05  1.00000e+00  8.36288e-05  8.36288e-05
1.004191850e+00  7.8203742e-05  1.00000e+00  8.36313e-05  8.36313e-05
1.004392688e+00  7.8181781e-05  1.00000e+00  8.36334e-05  8.36334e-05
1.004593567e+00  7.8194143e-05  1.00000e+00  8.36356e-05  8.36356e-05
1.004794486e+00  7.8211695e-05  1.00000e+00  8.36378e-05  8.36378e-05
1.004995445e+00  7.8219543e-05  1.00000e+00  8.36402e-05  8.36402e-05
1.005196444e+00  7.8216212e-05  1.00000e+00  8.36425e-05  8.36425e-05
1.005397483e+00  7.8206381e-05  1.00000e+00  8.36448e-05  8.36448e-05
1.005598562e+00  7.8192917e-05  1.00000e+00  8.36470e-05  8.36470e-05
1.005799682e+00  7.8172140e-05  1.00000e+00  8.36491e-05  8.36491e-05
1.006000842e+00  7.8133864e-05  1.00000e+00  8.36511e-05  8.36511e-05
1.006202042e+00  7.8065720e-05  1.00000e+00  8.36528e-05  8.36528e-05
1.006403283e+00  7.7958926e-05  1.00000e+00  8.36540e-05  8.36540e-05
1.006604563e+00  7.7811795e-05  1.00000e+00  8.36545e-05  8.36545e-05
1.006805884e+00  7.7631007e-05  1.00000e+00  8.36541e-05  8.36541e-05
1.007007245e+00  7.7429129e-05  1.00000e+00  8.36527e-05  8.36527e-05
1.007208647e+00  7.7220125e-05  1.00000e+00  8.36502e-05  8.36502e-05
1.007410089e+00  7.7015123e-05  1.00000e+00  8.36466e-05  8.36466e-05
1.007611571e+00  7.6820281e-05  1.00000e+00  8.36420e-05  8.36420e-05
1.007813093e+00  7.6638417e-05  1.00000e+00  8.36363e-05  8.36363e-05
1.008014656e+00  7.6474292e-05  1.00000e+00  8.36297e-05  8.36297e-05
1.008216258e+00  7.6341059e-05  1.00000e+00  8.36224e-05  8.36224e-05
1.008417902e+00  7.6264725e-05  1.00000e+00  8.36145e-05  8.36145e-05
1.008619585e+00  7.6281824e-05  1.00000e+00  8.36065e-05  8.36065e-05
1.008821309e+00  7.6430491e-05  1.00000e+00  8.35990e-05  8.35990e-05
1.009023074e+00  7.6735727e-05  1.00000e+00  8.35928e-05  8.35928e-05
1.009224878e+00  7.7195203e-05  1.00000e+00  8.35886e-05  8.35886e-05
1.009426723e+00  7.7771521e-05  1.00000e+00  8.35873e-05  8.35873e-05
1.009628608e+00  7.8395096e-05  1.00000e+00  8.35893e-05  8.35893e-05
1.009830534e+00  7.8978001e-05  1.00000e+00  8.35946e-05  8.35946e-05
1.010032500e+00  7.9434498e-05  1.00000e+00  8.36028e-05  8.36028e-05
1.010234507e+00  7.9701357e-05  1.00000e+00  8.36129e-05  8.36129e-05
1.010436554e+00  7.9752338e-05  1.00000e+00  8.36238e-05  8.36238e-05
1.010638641e+00  7.9602599e-05  1.00000e+00  8.36344e-05  8.36344e-05
1.010840769e+00  7.9303003e-05  1.00000e+00  8.36437e-05  8.36437e-05
1.011042937e+00  7.8926921e-05  1.00000e+00  8.36511e-05  8.36511e-05
1.011245145e+00  7.8553196e-05  1.00000e+00  8.36565e-05  8.36565e-05
1.011447394e+00  7.8249490e-05  1.00000e+00  8.36599e-05  8.36599e-05
1.011649684e+00  7.8059493e-05  1.00000e+00  8.36620e-05  8.36620e-05
1.011852014e+00  7.7995958e-05  1.00000e+00  8.36634e-05  8.36634e-05
1.012054384e+00  7.8041410e-05  1.00000e+00  8.36647e-05  8.36647e-05
1.012256795e+00  7.8155579e-05  1.00000e+00  8.36665e-05  8.36665e-05
1.012459247e+00  7.8287828e-05  1.00000e+00  8.36690e-05  8.36690e-05
1.012661738e+00  7.8390524e-05  1.00000e+00  8.36722e-05  8.36722e-05
1.012864271e+00  7.8430444e-05  1.00000e+00  8.36757e-05  8.36757e-05
1.013066844e+00  7.8394715e-05  1.00000e+00  8.36792e-05  8.36792e-05
1.013269457e+00  7.8290765e-05  1.00000e+00  8.36824e-05  8.36824e-05
1.013472111e+00  7.8141412e-05  1.00000e+00  8.36848e-05  8.36848e-05
1.013674805e+00  7.7976971e-05  1.00000e+00  8.36864e-05  8.36864e-05
1.013877540e+00  7.7827456e-05  1.00000e+00  8.36871e-05  8.36871e-05
1.014080316e+00  7.7716472e-05  1.00000e+00  8.36871e-05  8.36871e-05
1.014283132e+00  7.7657812e-05  1.00000e+00  8.36866e-05  8.36866e-05
1.014485988e+00  7.7654960e-05  1.00000e+00  8.36860e-05  8.36860e-05
1.014688886e+00  7.7702396e-05  1.00000e+00  8.36855e-05  8.36855e-05
1.014891823e+00  7.7787582e-05  1.00000e+00  8.36854e-05  8.36854e-05
1.015094802e+00  7.7893252e-05  1.00000e+00  8.36859e-05  8.36859e-05
1.015297821e+00  7.7999595e-05  1.00000e+00  8.36869e-05  8.36869e-05
1.015500880e+00  7.8087330e-05  1.00000e+00  8.36884e-05  8.36884e-05
1.015703980e+00  7.8141022e-05  1.00000e+00  8.36904e-05  8.36904e-05
1.015907121e+00  7.8153047e-05  1.00000e+00  8.36925e-05  8.36925e-05
1.016110303e+00  7.8126038e-05  1.00000e+00  8.36946e-05  8.36946e-05
1.016313525e+00  7.8072423e-05  1.00000e+00  8.36964e-05  8.36964e-05
1.016516787e+00  7.8010169e-05  1.00000e+00  8.36979e-05  8.36979e-05
1.016720091e+00  7.7955993e-05  1.00000e+00  8.36991e-05  8.36991e-05
1.016923435e+00  7.7918084e-05  1.00000e+00  8.37001e-05  8.37001e-05
1.017126820e+00  7.7892121e-05  1.00000e+00  8.37009e-05  8.37009e-05
1.017330245e+00  7.7862178e-05  1.00000e+00  8.37015e-05  8.37015e-05
1.017533711e+00  7.7807085e-05  1.00000e+00  8.37020e-05  8.37020e-05
1.017737218e+00  7.7710379e-05  1.00000e+00  8.37020e-05  8.37020e-05
1.017940765e+00  7.7569977e-05  1.00000e+00  8.37014e-05  8.37014e-05
1.018144353e+00  7.7403774e-05  1.00000e+00  8.37000e-05  8.37000e-05
1.018347982e+00  7.7248075e-05  1.00000e+00  8.36977e-05  8.36977e-05
1.018551652e+00  7.7148255e-05  1.00000e+00  8.36947e-05  8.36947e-05
1.018755362e+00  7.7144150e-05  1.00000e+00  8.36915e-05  8.36915e-05
1.018959113e+00  7.7255316e-05  1.00000e+00  8.36885e-05  8.36885e-05
1.019162905e+00  7.7471758e-05  1.00000e+00  8.36865e-05  8.36865e-05
1.019366738e+00  7.7754416e-05  1.00000e+00  8.36858e-05  8.36858e-05
1.019570611e+00  7.8045828e-05  1.00000e+00  8.36867e-05  8.36867e-05
1.019774525e+00  7.8286904e-05  1.00000e+00  8.36891e-05  8.36891e-05
1.019978480e+00  7.8434102e-05  1.00000e+00  8.36926e-05  8.36926e-05
1.020182476e+00  7.8470025e-05  1.00000e+00  8.36965e-05  8.36965e-05
1.020386512e+00  7.8404997e-05  1.00000e+00  8.37004e-05  8.37004e-05
1.020590589e+00  7.8269797e-05  1.00000e+00  8.37036e-05  8.37036e-05
1.020794708e+00  7.8103205e-05  1.00000e+00  8.37061e-05  8.37061e-05
1.020998866e+00  7.7939219e-05  1.00000e+00  8.37076e-05  8.37076e-05
1.021203066e+00  7.7797965e-05  1.00000e+00  8.37083e-05  8.37083e-05
1.021407307e+00  7.7682623e-05  1.00000e+00  8.37084e-05  8.37084e-05
1.021611588e+00  7.7582298e-05  1.00000e+00  8.37078e-05  8.37078e-05
1.021815911e+00  7.7479693e-05  1.00000e+00  8.37067e-05  8.37067e-05
1.022020274e+00  7.7360566e-05  1.00000e+00  8.37051e-05  8.37051e-05
1.022224678e+00  7.7222068e-05  1.00000e+00  8.37028e-05  8.37028e-05
1.022429123e+00  7.7077536e-05  1.00000e+00  8.36997e-05  8.36997e-05
1.022633609e+00  7.6955699e-05  1.00000e+00  8.36959e-05  8.36959e-05
1.022838135e+00  7.6894433e-05  1.00000e+00  8.36916e-05  8.36916e-05
1.023042703e+00  7.6930230e-05  1.00000e+00  8.36873e-05  8.36873e-05
1.023247312e+00  7.7086054e-05  1.00000e+00  8.36835e-05  8.36835e-05
1.023451961e+00  7.7361361e-05  1.00000e+00  8.36809e-05  8.36809e-05
1.023656651e+00  7.7727722e-05  1.00000e+00  8.36800e-05  8.36800e-05
1.023861383e+00  7.8132733e-05  1.00000e+00  8.36813e-05  8.36813e-05
1.024066155e+00  7.8511466e-05  1.00000e+00  8.36847e-05  8.36847e-05
1.024270968e+00  7.8803275e-05  1.00000e+00  8.36899e-05  8.36899e-05
1.024475822e+00  7.8967405e-05  1.00000e+00  8.36964e-05  8.36964e-05
1.024680718e+00  7.8992370e-05  1.00000e+00  8.37033e-05  8.37033e-05
1.024885654e+00  7.8895645e-05  1.00000e+00  8.37100e-05  8.37100e-05
1.025090631e+00  7.8714489e-05  1.00000e+00  8.37159e-05  8.37159e-05
1.025295649e+00  7.8492182e-05  1.00000e+00  8.37207e-05  8.37207e-05
1.025500708e+00  7.8265396e-05  1.00000e+00  8.37243e-05  8.37243e-05
1.025705808e+00  7.8057111e-05  1.00000e+00  8.37267e-05  8.37267e-05
1.025910949e+00  7.7876692e-05  1.00000e+00  8.37280e-05  8.37280e-05
1.026116132e+00  7.7725403e-05  1.00000e+00  8.37284e-05  8.37284e-05
1.026321355e+00  7.7603417e-05  1.00000e+00  8.37281e-05  8.37281e-05
1.026526619e+00  7.7514619e-05  1.00000e+00  8.37273e-05  8.37273e-05
1.026731924e+00  7.7467042e-05  1.00000e+00  8.37260e-05  8.37260e-05
1.026937271e+00  7.7469113e-05  1.00000e+00  8.37247e-05  8.37247e-05
1.027142658e+00  7.7524203e-05  1.00000e+00  8.37235e-05  8.37235e-05
1.027348087e+00  7.7626681e-05  1.00000e+00  8.37228e-05  8.37228e-05
1.027553556e+00  7.7761569e-05  1.00000e+00  8.37227e-05  8.37227e-05
1.027759067e+00  7.7908168e-05  1.00000e+00  8.37234e-05  8.37234e-05
1.027964619e+00  7.8045846e-05  1.00000e+00  8.37249e-05  8.37249e-05
1.028170212e+00  7.8159085e-05  1.00000e+00  8.37271e-05  8.37271e-05
1.028375846e+00  7.8240084e-05  1.00000e+00  8.37297e-05  8.37297e-05
1.028581521e+00  7.8287929e-05  1.00000e+00  8.37328e-05  8.37328e-05
1.028787237e+00  7.8305909e-05  1.00000e+00  8.37360e-05  8.37360e-05
1.028992995e+00  7.8298615e-05  1.00000e+00  8.37392e-05  8.37392e-05
1.029198793e+00  7.8270040e-05  1.00000e+00  8.37423e-05  8.37423e-05
1.029404633e+00  7.8223299e-05  1.00000e+00  8.37451e-05  8.37451e-05
1.029610514e+00  7.8161357e-05  1.00000e+00  8.37477e-05  8.37477e-05
1.029816436e+00  7.8088142e-05  1.00000e+00  8.37500e-05  8.37500e-05
1.030022399e+00  7.8009205e-05  1.00000e+00  8.37518e-05  8.37518e-05
1.030228404e+00  7.7931851e-05  1.00000e+00  8.37532e-05  8.37532e-05
1.030434450e+00  7.7864371e-05  1.00000e+00  8.37541e-05  8.37541e-05
1.030640537e+00  7.7814721e-05  1.00000e+00  8.37548e-05  8.37548e-05
1.030846665e+00  7.7788746e-05  1.00000e+00  8.37553e-05  8.37553e-05
1.031052834e+00  7.7788387e-05  1.00000e+00  8.37557e-05  8.37557e-05
1.031259045e+00  7.7810687e-05  1.00000e+00  8.37562e-05  8.37562e-05
1.031465296e+00  7.7848028e-05  1.00000e+00  8.37568e-05  8.37568e-05
1.031671589e+00  7.7889829e-05  1.00000e+00  8.37577e-05  8.37577e-05
1.031877924e+00  7.7925349e-05  1.00000e+00  8.37588e-05  8.37588e-05
1.032084299e+00  7.7946595e-05  1.00000e+00  8.37600e-05  8.37600e-05
1.032290716e+00  7.7950297e-05  1.00000e+00  8.37613e-05  8.37613e-05
1.032497174e+00  7.7938369e-05  1.00000e+00  8.37626e-05  8.37626e-05
1.032703674e+00  7.7916579e-05  1.00000e+00  8.37638e-05  8.37638e-05
1.032910214e+00  7.7892096e-05  1.00000e+00  8.37649e-05  8.37649e-05
1.033116797e+00  7.7870963e-05  1.00000e+00  8.37658e-05  8.37658e-05
1.033323420e+00  7.7856253e-05  1.00000e+00  8.37667e-05  8.37667e-05
1.033530085e+00  7.7847592e-05  1.00000e+00  8.37675e-05  8.37675e-05
1.033736791e+00  7.7841888e-05  1.00000e+00  8.37682e-05  8.37682e-05
1.033943538e+00  7.7834753e-05  1.00000e+00  8.37690e-05  8.37690e-05
1.034150327e+00  7.7821928e-05  1.00000e+00  8.37696e-05  8.37696e-05
1.034357157e+00  7.7800295e-05  1.00000e+00  8.37702e-05  8.37702e-05
1.034564028e+00  7.7768283e-05  1.00000e+00  8.37707e-05  8.37707e-05
1.034770941e+00  7.7725794e-05  1.00000e+00  8.37710e-05  8.37710e-05
1.034977895e+00  7.7674041e-05  1.00000e+00  8.37710e-05  8.37710e-05
1.035184891e+00  7.7615484e-05  1.00000e+00  8.37708e-05  8.37708e-05
1.035391928e+00  7.7553950e-05  1.00000e+00  8.37702e-05  8.37702e-05
1.035599006e+00  7.7494803e-05  1.00000e+00  8.37693e-05  8.37693e-05
1.035806126e+00  7.7444853e-05  1.00000e+00  8.37682e-05  8.37682e-05
1.036013287e+00  7.7411776e-05  1.00000e+00  8.37668e-05  8.37668e-05
1.036220490e+00  7.7402815e-05  1.00000e+00  8.37654e-05  8.37654e-05
1.036427734e+00  7.7423033e-05  1.00000e+00  8.37639e-05  8.37639e-05
1.036635019e+00  7.7473462e-05  1.00000e+00  8.37627e-05  8.37627e-05
1.036842346e+00  7.7549874e-05  1.00000e+00  8.37619e-05  8.37619e-05
1.037049715e+00  7.7642792e-05  1.00000e+00  8.37615e-05  8.37615e-05
1.037257125e+00  7.7739022e-05  1.00000e+00  8.37616e-05  8.37616e-05
1.037464576e+00  7.7824474e-05  1.00000e+00  8.37622e-05  8.37622e-05
1.037672069e+00  7.7887444e-05  1.00000e+00  8.37632e-05  8.37632e-05
1.037879604e+00  7.7921370e-05  1.00000e+00  8.37644e-05  8.37644e-05
1.038087180e+00  7.7926071e-05  1.00000e+00  8.37658e-05  8.37658e-05
1.038294797e+00  7.7907225e-05  1.00000e+00  8.37671e-05  8.37671e-05
1.038502456e+00  7.7874212e-05  1.00000e+00  8.37683e-05  8.37683e-05
1.038710156e+00  7.7837145e-05  1.00000e+00  8.37693e-05  8.37693e-05
1.038917898e+00  7.7804077e-05  1.00000e+00  8.37701e-05  8.37701e-05
1.039125682e+00  7.7779092e-05  1.00000e+00  8.37707e-05  8.37707e-05
1.039333507e+00  7.7761579e-05  1.00000e+00  8.37713e-05  8.37713e-05
1.039541374e+00  7.7746470e-05  1.00000e+00  8.37718e-05  8.37718e-05
1.039749282e+00  7.7724997e-05  1.00000e+00  8.37722e-05  8.37722e-05
1.039957232e+00  7.7685491e-05  1.00000e+00  8.37724e-05  8.37724e-05
1.040165223e+00  7.7614143e-05  1.00000e+00  8.37723e-05  8.37723e-05
1.040373256e+00  7.7496025e-05  1.00000e+00  8.37718e-05  8.37718e-05
1.040581331e+00  7.7316936e-05  1.00000e+00  8.37705e-05  8.37705e-05
1.040789447e+00  7.7066515e-05  1.00000e+00  8.37681e-05  8.37681e-05
1.040997605e+00  7.6742471e-05  1.00000e+00  8.37641e-05  8.37641e-05
1.041205805e+00  7.6354902e-05  1.00000e+00  8.37583e-05  8.37583e-05
1.041414046e+00  7.5928929e-05  1.00000e+00  8.37504e-05  8.37504e-05
1.041622329e+00  7.5503847e-05  1.00000e+00  8.37402e-05  8.37402e-05
1.041830653e+00  7.5127738e-05  1.00000e+00  8.37279e-05  8.37279e-05
1.042039019e+00  7.4848172e-05  1.00000e+00  8.37139e-05  8.37139e-05
1.042247427e+00  7.4701423e-05  1.00000e+00  8.36989e-05  8.36989e-05
1.042455877e+00  7.4703535e-05  1.00000e+00  8.36835e-05  8.36835e-05
1.042664368e+00  7.4846366e-05  1.00000e+00  8.36687e-05  8.36687e-05
1.042872901e+00  7.5099997e-05  1.00000e+00  8.36549e-05  8.36549e-05
1.043081475e+00  7.5420590e-05  1.00000e+00  8.36428e-05  8.36428e-05
1.043290092e+00  7.5760914e-05  1.00000e+00  8.36326e-05  8.36326e-05
1.043498750e+00  7.6080159e-05  1.00000e+00  8.36241e-05  8.36241e-05
1.043707449e+00  7.6350344e-05  1.00000e+00  8.36174e-05  8.36174e-05
1.043916191e+00  7.6558289e-05  1.00000e+00  8.36119e-05  8.36119e-05
1.044124974e+00  7.6703746e-05  1.00000e+00  8.36074e-05  8.36074e-05
1.044333799e+00  7.6795269e-05  1.00000e+00  8.36035e-05  8.36035e-05
1.044542666e+00  7.6845631e-05  1.00000e+00  8.36001e-05  8.36001e-05
1.044751574e+00  7.6868054e-05  1.00000e+00  8.35969e-05  8.35969e-05
1.044960525e+00  7.6873801e-05  1.00000e+00  8.35938e-05  8.35938e-05
1.045169517e+00  7.6871186e-05  1.00000e+00  8.35907e-05  8.35907e-05
1.045378551e+00  7.6865470e-05  1.00000e+00  8.35876e-05  8.35876e-05
1.045587626e+00  7.6859300e-05  1.00000e+00  8.35845e-05  8.35845e-05
1.045796744e+00  7.6853304e-05  1.00000e+00  8.35814e-05  8.35814e-05
1.046005903e+00  7.6845353e-05  1.00000e+00  8.35783e-05  8.35783e-05
1.046215104e+00  7.6830892e-05  1.00000e+00  8.35751e-05  8.35751e-05
1.046424347e+00  7.6800092e-05  1.00000e+00  8.35720e-05  8.35720e-05
1.046633632e+00  7.6731767e-05  1.00000e+00  8.35687e-05  8.35687e-05
1.046842959e+00  7.6580098e-05  1.00000e+00  8.35652e-05  8.35652e-05
1.047052328e+00  7.6247424e-05  1.00000e+00  8.35615e-05  8.35615e-05
1.047261738e+00  7.5532265e-05  1.00000e+00  8.35574e-05  8.35574e-05
1.047471190e+00  7.4036726e-05  1.00000e+00  8.35528e-05  8.35528e-05
1.047680685e+00  7.1013784e-05  1.00000e+00  8.35475e-05  8.35475e-05
1.047890221e+00  6.5136649e-05  1.00000e+00  8.35416e-05  8.35416e-05
1.048099799e+00  5.4184083e-05  1.00000e+00  8.35350e-05  8.35350e-05
1.048309419e+00  3.4661724e-05  1.00000e+00  8.35281e-05  8.35281e-05
1.048519081e+00  1.4194409e-06  1.00000e+00  8.35213e-05  8.35213e-05
1.048728785e+00 -5.2630119e-05  1.00000e+00  8.35157e-05  8.35157e-05
1.048938530e+00 -1.3655473e-04  1.00000e+00  8.35122e-05  8.35122e-05
1.049148318e+00 -2.6107489e-04  1.00000e+00  8.35124e-05  8.35124e-05
1.049358148e+00 -4.3779106e-04  1.00000e+00  8.35176e-05  8.35176e-05
1.049568019e+00 -6.7800241e-04  1.00000e+00  8.35292e-05  8.35292e-05
1.049777933e+00 -9.9128966e-04  1.00000e+00  8.35483e-05  8.35483e-05
1.049987888e+00 -1.3841458e-03  1.00000e+00  8.35756e-05  8.35756e-05
