# Wave/freq Total
5.000000000e-01  6.5512866e-07
5.001000000e-01  6.5544881e-07
5.002000200e-01  6.5582289e-07
5.003000600e-01  6.5624690e-07
5.004001200e-01  6.5671471e-07
5.005002000e-01  6.5721896e-07
5.006003001e-01  6.5775195e-07
5.007004201e-01  6.5830641e-07
5.008005602e-01  6.5887604e-07
5.009007203e-01  6.5945574e-07
5.010009005e-01  6.6004165e-07
5.011011007e-01  6.6063102e-07
5.012013209e-01  6.6122196e-07
5.013015611e-01  6.6181321e-07
5.014018215e-01  6.6240391e-07
5.015021018e-01  6.6299340e-07
5.016024022e-01  6.6358109e-07
5.017027227e-01  6.6416639e-07
5.018030633e-01  6.6474863e-07
5.019034239e-01  6.6532709e-07
5.020038046e-01  6.6590101e-07
5.021042053e-01  6.6646958e-07
5.022046262e-01  6.6703199e-07
5.023050671e-01  6.6758746e-07
5.024055281e-01  6.6813527e-07
5.025060092e-01  6.6867478e-07
5.026065104e-01  6.6920541e-07
5.027070317e-01  6.6972670e-07
5.028075731e-01  6.7023821e-07
5.029081346e-01  6.7073948e-07
5.030087163e-01  6.7123005e-07
5.031093180e-01  6.7170931e-07
5.032099399e-01  6.7217660e-07
5.033105819e-01  6.7263112e-07
5.034112440e-01  6.7307207e-07
5.035119262e-01  6.7349862e-07
5.036126286e-01  6.7391003e-07
5.037133511e-01  6.7430562e-07
5.038140938e-01  6.7468483e-07
5.039148566e-01  6.7504719e-07
5.040156396e-01  6.7539231e-07
5.041164427e-01  6.7571982e-07
5.042172660e-01  6.7602940e-07
5.043181095e-01  6.7632075e-07
5.044189731e-01  6.7659355e-07
5.045198569e-01  6.7684753e-07
5.046207609e-01  6.7708241e-07
5.047216850e-01  6.7729799e-07
5.048226293e-01  6.7749407e-07
5.049235939e-01  6.7767055e-07
5.050245786e-01  6.7782733e-07
5.051255835e-01  6.7796435e-07
5.052266086e-01  6.7808158e-07
5.053276539e-01  6.7817896e-07
5.054287195e-01  6.7825648e-07
5.055298052e-01  6.7831415e-07
5.056309112e-01  6.7835200e-07
5.057320374e-01  6.7837017e-07
5.058331838e-01  6.7836889e-07
5.059343504e-01  6.7834853e-07
5.060355373e-01  6.7830954e-07
5.061367444e-01  6.7825248e-07
5.062379717e-01  6.7817800e-07
5.063392193e-01  6.7808673e-07
5.064404872e-01  6.7797933e-07
5.065417753e-01  6.7785638e-07
5.066430836e-01  6.7771845e-07
5.067444122e-01  6.7756604e-07
5.068457611e-01  6.7739965e-07
5.069471303e-01  6.7721977e-07
5.070485197e-01  6.7702698e-07
5.071499294e-01  6.7682189e-07
5.072513594e-01  6.7660525e-07
5.073528097e-01  6.7637788e-07
5.074542802e-01  6.7614069e-07
5.075557711e-01  6.7589464e-07
5.076572822e-01  6.7564076e-07
5.077588137e-01  6.7538006e-07
5.078603654e-01  6.7511357e-07
5.079619375e-01  6.7484226e-07
5.080635299e-01  6.7456712e-07
5.081651426e-01  6.7428908e-07
5.082667756e-01  6.7400909e-07
5.083684290e-01  6.7372804e-07
5.084701027e-01  6.7344682e-07
5.085717967e-01  6.7316628e-07
5.086735111e-01  6.7288724e-07
5.087752458e-01  6.7261043e-07
5.088770008e-01  6.7233656e-07
5.089787762e-01  6.7206628e-07
5.090805720e-01  6.7180023e-07
5.091823881e-01  6.7153904e-07
5.092842246e-01  6.7128339e-07
5.093860814e-01  6.7103397e-07
5.094879586e-01  6.7079155e-07
5.095898562e-01  6.7055690e-07
5.096917742e-01  6.7033080e-07
5.097937125e-01  6.7011394e-07
5.098956713e-01  6.6990695e-07
5.099976504e-01  6.6971035e-07
5.100996499e-01  6.6952455e-07
5.102016699e-01  6.6934988e-07
5.103037102e-01  6.6918664e-07
5.104057710e-01  6.6903513e-07
5.105078521e-01  6.6889564e-07
5.106099537e-01  6.6876844e-07
5.107120757e-01  6.6865383e-07
5.108142181e-01  6.6855204e-07
5.109163809e-01  6.6846328e-07
5.110185642e-01  6.6838772e-07
5.111207679e-01  6.6832550e-07
5.112229921e-01  6.6827672e-07
5.113252367e-01  6.6824146e-07
5.114275017e-01  6.6821975e-07
5.115297872e-01  6.6821158e-07
5.116320932e-01  6.6821684e-07
5.117344196e-01  6.6823538e-07
5.118367665e-01  6.6826695e-07
5.119391338e-01  6.6831124e-07
5.120415217e-01  6.6836788e-07
5.121439300e-01  6.6843647e-07
5.122463587e-01  6.6851657e-07
5.123488080e-01  6.6860770e-07
5.124512778e-01  6.6870936e-07
5.125537680e-01  6.6882104e-07
5.126562788e-01  6.6894221e-07
5.127588100e-01  6.6907233e-07
5.128613618e-01  6.6921087e-07
5.129639341e-01  6.6935728e-07
5.130665269e-01  6.6951099e-07
5.131691402e-01  6.6967143e-07
5.132717740e-01  6.6983798e-07
5.133744284e-01  6.7001004e-07
5.134771032e-01  6.7018696e-07
5.135797987e-01  6.7036809e-07
5.136825146e-01  6.7055277e-07
5.137852511e-01  6.7074035e-07
5.138880082e-01  6.7093019e-07
5.139907858e-01  6.7112165e-07
5.140935839e-01  6.7131414e-07
5.141964027e-01  6.7150715e-07
5.142992419e-01  6.7170020e-07
5.144021018e-01  6.7189290e-07
5.145049822e-01  6.7208491e-07
5.146078832e-01  6.7227590e-07
5.147108048e-01  6.7246558e-07
5.148137469e-01  6.7265362e-07
5.149167097e-01  6.7283969e-07
5.150196930e-01  6.7302345e-07
5.151226970e-01  6.7320458e-07
5.152257215e-01  6.7338284e-07
5.153287666e-01  6.7355804e-07
5.154318324e-01  6.7373011e-07
5.155349188e-01  6.7389905e-07
5.156380258e-01  6.7406495e-07
5.157411534e-01  6.7422793e-07
5.158443016e-01  6.7438813e-07
5.159474704e-01  6.7454564e-07
5.160506599e-01  6.7470055e-07
5.161538701e-01  6.7485291e-07
5.162571008e-01  6.7500272e-07
5.163603523e-01  6.7515002e-07
5.164636243e-01  6.7529482e-07
5.165669171e-01  6.7543717e-07
5.166702304e-01  6.7557714e-07
5.167735645e-01  6.7571481e-07
5.168769192e-01  6.7585029e-07
5.169802946e-01  6.7598373e-07
5.170836906e-01  6.7611533e-07
5.171871074e-01  6.7624533e-07
5.172905448e-01  6.7637404e-07
5.173940029e-01  6.7650178e-07
5.174974817e-01  6.7662893e-07
5.176009812e-01  6.7675586e-07
5.177045014e-01  6.7688293e-07
5.178080423e-01  6.7701048e-07
5.179116039e-01  6.7713885e-07
5.180151862e-01  6.7726833e-07
5.181187893e-01  6.7739918e-07
5.182224130e-01  6.7753164e-07
5.183260575e-01  6.7766589e-07
5.184297227e-01  6.7780211e-07
5.185334087e-01  6.7794047e-07
5.186371154e-01  6.7808113e-07
5.187408428e-01  6.7822429e-07
5.188445909e-01  6.7837018e-07
5.189483599e-01  6.7851906e-07
5.190521495e-01  6.7867120e-07
5.191559600e-01  6.7882694e-07
5.192597912e-01  6.7898662e-07
5.193636431e-01  6.7915062e-07
5.194675158e-01  6.7931937e-07
5.195714093e-01  6.7949327e-07
5.196753236e-01  6.7967272e-07
5.197792587e-01  6.7985805e-07
5.198832145e-01  6.8004953e-07
5.199871912e-01  6.8024735e-07
5.200911886e-01  6.8045167e-07
5.201952069e-01  6.8066261e-07
5.202992459e-01  6.8088033e-07
5.204033058e-01  6.8110502e-07
5.205073864e-01  6.8133692e-07
5.206114879e-01  6.8157631e-07
5.207156102e-01  6.8182347e-07
5.208197533e-01  6.8207871e-07
5.209239173e-01  6.8234230e-07
5.210281020e-01  6.8261448e-07
5.211323077e-01  6.8289542e-07
5.212365341e-01  6.8318522e-07
5.213407814e-01  6.8348389e-07
5.214450496e-01  6.8379140e-07
5.215493386e-01  6.8410763e-07
5.216536485e-01  6.8443247e-07
5.217579792e-01  6.8476579e-07
5.218623308e-01  6.8510747e-07
5.219667033e-01  6.8545743e-07
5.220710966e-01  6.8581561e-07
5.221755108e-01  6.8618199e-07
5.222799459e-01  6.8655653e-07
5.223844019e-01  6.8693925e-07
5.224888788e-01  6.8733009e-07
5.225933766e-01  6.8772901e-07
5.226978952e-01  6.8813588e-07
5.228024348e-01  6.8855053e-07
5.229069953e-01  6.8897272e-07
5.230115767e-01  6.8940216e-07
5.231161790e-01  6.8983855e-07
5.232208023e-01  6.9028162e-07
5.233254464e-01  6.9073112e-07
5.234301115e-01  6.9118691e-07
5.235347975e-01  6.9164888e-07
5.236395045e-01  6.9211702e-07
5.237442324e-01  6.9259130e-07
5.238489812e-01  6.9307169e-07
5.239537510e-01  6.9355811e-07
5.240585418e-01  6.9405037e-07
5.241633535e-01  6.9454819e-07
5.242681862e-01  6.9505120e-07
5.243730398e-01  6.9555895e-07
5.244779144e-01  6.9607095e-07
5.245828100e-01  6.9658677e-07
5.246877266e-01  6.9710598e-07
5.247926641e-01  6.9762828e-07
5.248976226e-01  6.9815342e-07
5.250026022e-01  6.9868122e-07
5.251076027e-01  6.9921151e-07
5.252126242e-01  6.9974415e-07
5.253176667e-01  7.0027899e-07
5.254227303e-01  7.0081585e-07
5.255278148e-01  7.0135458e-07
5.256329204e-01  7.0189505e-07
5.257380470e-01  7.0243715e-07
5.258431946e-01  7.0298078e-07
5.259483632e-01  7.0352586e-07
5.260535529e-01  7.0407226e-07
5.261587636e-01  7.0461982e-07
5.262639953e-01  7.0516828e-07
5.263692481e-01  7.0571730e-07
5.264745220e-01  7.0626647e-07
5.265798169e-01  7.0681532e-07
5.266851329e-01  7.0736339e-07
5.267904699e-01  7.0791023e-07
5.268958280e-01  7.0845548e-07
5.270012071e-01  7.0899889e-07
5.271066074e-01  7.0954029e-07
5.272120287e-01  7.1007959e-07
5.273174711e-01  7.1061674e-07
5.274229346e-01  7.1115171e-07
5.275284192e-01  7.1168443e-07
5.276339249e-01  7.1221480e-07
5.277394517e-01  7.1274267e-07
5.278449995e-01  7.1326782e-07
5.279505685e-01  7.1379000e-07
5.280561587e-01  7.1430889e-07
5.281617699e-01  7.1482415e-07
5.282674022e-01  7.1533539e-07
5.283730557e-01  7.1584222e-07
5.284787303e-01  7.1634428e-07
5.285844261e-01  7.1684122e-07
5.286901430e-01  7.1733279e-07
5.287958810e-01  7.1781879e-07
5.289016402e-01  7.1829909e-07
5.290074205e-01  7.1877360e-07
5.291132220e-01  7.1924225e-07
5.292190446e-01  7.1970491e-07
5.293248884e-01  7.2016142e-07
5.294307534e-01  7.2061154e-07
5.295366396e-01  7.2105495e-07
5.296425469e-01  7.2149131e-07
5.297484754e-01  7.2192028e-07
5.298544251e-01  7.2234153e-07
5.299603960e-01  7.2275476e-07
5.300663881e-01  7.2315975e-07
5.301724013e-01  7.2355629e-07
5.302784358e-01  7.2394423e-07
5.303844915e-01  7.2432342e-07
5.304905684e-01  7.2469367e-07
5.305966665e-01  7.2505476e-07
5.307027859e-01  7.2540641e-07
5.308089264e-01  7.2574831e-07
5.309150882e-01  7.2608016e-07
5.310212712e-01  7.2640170e-07
5.311274755e-01  7.2671274e-07
5.312337010e-01  7.2701318e-07
5.313399477e-01  7.2730302e-07
5.314462157e-01  7.2758231e-07
5.315525049e-01  7.2785112e-07
5.316588154e-01  7.2810950e-07
5.317651472e-01  7.2835746e-07
5.318715002e-01  7.2859488e-07
5.319778745e-01  7.2882161e-07
5.320842701e-01  7.2903741e-07
5.321906870e-01  7.2924204e-07
5.322971251e-01  7.2943527e-07
5.324035845e-01  7.2961693e-07
5.325100652e-01  7.2978690e-07
5.326165673e-01  7.2994515e-07
5.327230906e-01  7.3009167e-07
5.328296352e-01  7.3022650e-07
5.329362011e-01  7.3034969e-07
5.330427884e-01  7.3046134e-07
5.331493969e-01  7.3056150e-07
5.332560268e-01  7.3065027e-07
5.333626780e-01  7.3072771e-07
5.334693505e-01  7.3079389e-07
5.335760444e-01  7.3084887e-07
5.336827596e-01  7.3089272e-07
5.337894962e-01  7.3092555e-07
5.338962541e-01  7.3094755e-07
5.340030333e-01  7.3095898e-07
5.341098339e-01  7.3096022e-07
5.342166559e-01  7.3095174e-07
5.343234992e-01  7.3093411e-07
5.344303639e-01  7.3090794e-07
5.345372500e-01  7.3087386e-07
5.346441574e-01  7.3083251e-07
5.347510863e-01  7.3078452e-07
5.348580365e-01  7.3073051e-07
5.349650081e-01  7.3067108e-07
5.350720011e-01  7.3060681e-07
5.351790155e-01  7.3053828e-07
5.352860513e-01  7.3046606e-07
5.353931085e-01  7.3039070e-07
5.355001871e-01  7.3031278e-07
5.356072872e-01  7.3023289e-07
5.357144086e-01  7.3015164e-07
5.358215515e-01  7.3006965e-07
5.359287158e-01  7.2998756e-07
5.360359016e-01  7.2990602e-07
5.361431087e-01  7.2982567e-07
5.362503374e-01  7.2974713e-07
5.363575874e-01  7.2967100e-07
5.364648589e-01  7.2959789e-07
5.365721519e-01  7.2952841e-07
5.366794663e-01  7.2946316e-07
5.367868022e-01  7.2940276e-07
5.368941596e-01  7.2934782e-07
5.370015384e-01  7.2929894e-07
5.371089387e-01  7.2925666e-07
5.372163605e-01  7.2922151e-07
5.373238038e-01  7.2919395e-07
5.374312686e-01  7.2917437e-07
5.375387548e-01  7.2916313e-07
5.376462626e-01  7.2916056e-07
5.377537918e-01  7.2916693e-07
5.378613426e-01  7.2918253e-07
5.379689148e-01  7.2920761e-07
5.380765086e-01  7.2924243e-07
5.381841239e-01  7.2928721e-07
5.382917608e-01  7.2934215e-07
5.383994191e-01  7.2940742e-07
5.385070990e-01  7.2948312e-07
5.386148004e-01  7.2956928e-07
5.387225234e-01  7.2966589e-07
5.388302679e-01  7.2977287e-07
5.389380339e-01  7.2989013e-07
5.390458215e-01  7.3001754e-07
5.391536307e-01  7.3015499e-07
5.392614614e-01  7.3030238e-07
5.393693137e-01  7.3045962e-07
5.394771876e-01  7.3062662e-07
5.395850830e-01  7.3080329e-07
5.396930000e-01  7.3098949e-07
5.398009386e-01  7.3118502e-07
5.399088988e-01  7.3138961e-07
5.400168806e-01  7.3160286e-07
5.401248840e-01  7.3182434e-07
5.402329090e-01  7.3205352e-07
5.403409555e-01  7.3228985e-07
5.404490237e-01  7.3253277e-07
5.405571135e-01  7.3278177e-07
5.406652250e-01  7.3303632e-07
5.407733580e-01  7.3329595e-07
5.408815127e-01  7.3356019e-07
5.409896890e-01  7.3382862e-07
5.410978869e-01  7.3410081e-07
5.412061065e-01  7.3437637e-07
5.413143477e-01  7.3465494e-07
5.414226106e-01  7.3493616e-07
5.415308951e-01  7.3521970e-07
5.416392013e-01  7.3550523e-07
5.417475291e-01  7.3579238e-07
5.418558786e-01  7.3608080e-07
5.419642498e-01  7.3637011e-07
5.420726427e-01  7.3665992e-07
5.421810572e-01  7.3694985e-07
5.422894934e-01  7.3723952e-07
5.423979513e-01  7.3752857e-07
5.425064309e-01  7.3781668e-07
5.426149322e-01  7.3810352e-07
5.427234552e-01  7.3838879e-07
5.428319998e-01  7.3867221e-07
5.429405662e-01  7.3895350e-07
5.430491544e-01  7.3923240e-07
5.431577642e-01  7.3950866e-07
5.432663957e-01  7.3978202e-07
5.433750490e-01  7.4005220e-07
5.434837240e-01  7.4031891e-07
5.435924208e-01  7.4058189e-07
5.437011393e-01  7.4084085e-07
5.438098795e-01  7.4109557e-07
5.439186415e-01  7.4134586e-07
5.440274252e-01  7.4159157e-07
5.441362307e-01  7.4183262e-07
5.442450579e-01  7.4206893e-07
5.443539069e-01  7.4230050e-07
5.444627777e-01  7.4252730e-07
5.445716703e-01  7.4274934e-07
5.446805846e-01  7.4296664e-07
5.447895207e-01  7.4317924e-07
5.448984786e-01  7.4338717e-07
5.450074583e-01  7.4359048e-07
5.451164598e-01  7.4378921e-07
5.452254831e-01  7.4398340e-07
5.453345282e-01  7.4417307e-07
5.454435951e-01  7.4435826e-07
5.455526838e-01  7.4453901e-07
5.456617944e-01  7.4471538e-07
5.457709267e-01  7.4488747e-07
5.458800809e-01  7.4505541e-07
5.459892569e-01  7.4521936e-07
5.460984548e-01  7.4537951e-07
5.462076745e-01  7.4553605e-07
5.463169160e-01  7.4568918e-07
5.464261794e-01  7.4583910e-07
5.465354646e-01  7.4598595e-07
5.466447717e-01  7.4612988e-07
5.467541007e-01  7.4627098e-07
5.468634515e-01  7.4640938e-07
5.469728242e-01  7.4654517e-07
5.470822187e-01  7.4667849e-07
5.471916352e-01  7.4680948e-07
5.473010735e-01  7.4693830e-07
5.474105337e-01  7.4706507e-07
5.475200158e-01  7.4718991e-07
5.476295198e-01  7.4731287e-07
5.477390457e-01  7.4743401e-07
5.478485936e-01  7.4755333e-07
5.479581633e-01  7.4767086e-07
5.480677549e-01  7.4778667e-07
5.481773685e-01  7.4790086e-07
5.482870039e-01  7.4801361e-07
5.483966613e-01  7.4812516e-07
5.485063407e-01  7.4823577e-07
5.486160419e-01  7.4834573e-07
5.487257651e-01  7.4845531e-07
5.488355103e-01  7.4856475e-07
5.489452774e-01  7.4867428e-07
5.490550665e-01  7.4878407e-07
5.491648775e-01  7.4889424e-07
5.492747104e-01  7.4900486e-07
5.493845654e-01  7.4911597e-07
5.494944423e-01  7.4922756e-07
5.496043412e-01  7.4933961e-07
5.497142621e-01  7.4945212e-07
5.498242049e-01  7.4956516e-07
5.499341697e-01  7.4967880e-07
5.500441566e-01  7.4979322e-07
5.501541654e-01  7.4990857e-07
5.502641962e-01  7.5002506e-07
5.503742491e-01  7.5014286e-07
5.504843239e-01  7.5026210e-07
5.505944208e-01  7.5038289e-07
5.507045397e-01  7.5050529e-07
5.508146806e-01  7.5062934e-07
5.509248435e-01  7.5075506e-07
5.510350285e-01  7.5088242e-07
5.511452355e-01  7.5101142e-07
5.512554645e-01  7.5114201e-07
5.513657156e-01  7.5127420e-07
5.514759888e-01  7.5140799e-07
5.515862840e-01  7.5154343e-07
5.516966012e-01  7.5168063e-07
5.518069406e-01  7.5181972e-07
5.519173019e-01  7.5196089e-07
5.520276854e-01  7.5210431e-07
5.521380909e-01  7.5225011e-07
5.522485186e-01  7.5239840e-07
5.523589683e-01  7.5254921e-07
5.524694401e-01  7.5270249e-07
5.525799339e-01  7.5285820e-07
5.526904499e-01  7.5301625e-07
5.528009880e-01  7.5317659e-07
5.529115482e-01  7.5333922e-07
5.530221305e-01  7.5350417e-07
5.531327350e-01  7.5367155e-07
5.532433615e-01  7.5384151e-07
5.533540102e-01  7.5401421e-07
5.534646810e-01  7.5418985e-07
5.535753739e-01  7.5436860e-07
5.536860890e-01  7.5455066e-07
5.537968262e-01  7.5473617e-07
5.539075856e-01  7.5492527e-07
5.540183671e-01  7.5511806e-07
5.541291708e-01  7.5531462e-07
5.542399966e-01  7.5551502e-07
5.543508446e-01  7.5571937e-07
5.544617148e-01  7.5592778e-07
5.545726071e-01  7.5614045e-07
5.546835216e-01  7.5635759e-07
5.547944583e-01  7.5657947e-07
5.549054172e-01  7.5680633e-07
5.550163983e-01  7.5703838e-07
5.551274016e-01  7.5727576e-07
5.552384271e-01  7.5751852e-07
5.553494748e-01  7.5776667e-07
5.554605447e-01  7.5802018e-07
5.555716368e-01  7.5827904e-07
5.556827511e-01  7.5854328e-07
5.557938876e-01  7.5881300e-07
5.559050464e-01  7.5908839e-07
5.560162274e-01  7.5936966e-07
5.561274307e-01  7.5965704e-07
5.562386562e-01  7.5995070e-07
5.563499039e-01  7.6025079e-07
5.564611739e-01  7.6055735e-07
5.565724661e-01  7.6087039e-07
5.566837806e-01  7.6118986e-07
5.567951174e-01  7.6151572e-07
5.569064764e-01  7.6184791e-07
5.570178577e-01  7.6218637e-07
5.571292612e-01  7.6253104e-07
5.572406871e-01  7.6288185e-07
5.573521352e-01  7.6323869e-07
5.574636057e-01  7.6360145e-07
5.575750984e-01  7.6396998e-07
5.576866134e-01  7.6434410e-07
5.577981507e-01  7.6472363e-07
5.579097104e-01  7.6510838e-07
5.580212923e-01  7.6549822e-07
5.581328966e-01  7.6589301e-07
5.582445231e-01  7.6629266e-07
5.583561720e-01  7.6669708e-07
5.584678433e-01  7.6710618e-07
5.585795368e-01  7.6751980e-07
5.586912527e-01  7.6793774e-07
5.588029910e-01  7.6835975e-07
5.589147516e-01  7.6878551e-07
5.590265345e-01  7.6921471e-07
5.591383399e-01  7.6964703e-07
5.592501675e-01  7.7008213e-07
5.593620176e-01  7.7051971e-07
5.594738900e-01  7.7095942e-07
5.595857847e-01  7.7140093e-07
5.596977019e-01  7.7184389e-07
5.598096414e-01  7.7228798e-07
5.599216034e-01  7.7273290e-07
5.600335877e-01  7.7317837e-07
5.601455944e-01  7.7362416e-07
5.602576235e-01  7.7407002e-07
5.603696750e-01  7.7451566e-07
5.604817490e-01  7.7496077e-07
5.605938453e-01  7.7540498e-07
5.607059641e-01  7.7584788e-07
5.608181053e-01  7.7628907e-07
5.609302689e-01  7.7672817e-07
5.610424550e-01  7.7716484e-07
5.611546635e-01  7.7759881e-07
5.612668944e-01  7.7802988e-07
5.613791478e-01  7.7845785e-07
5.614914236e-01  7.7888255e-07
5.616037219e-01  7.7930382e-07
5.617160426e-01  7.7972143e-07
5.618283858e-01  7.8013515e-07
5.619407515e-01  7.8054472e-07
5.620531397e-01  7.8094987e-07
5.621655503e-01  7.8135032e-07
5.622779834e-01  7.8174582e-07
5.623904390e-01  7.8213618e-07
5.625029171e-01  7.8252121e-07
5.626154177e-01  7.8290082e-07
5.627279408e-01  7.8327493e-07
5.628404863e-01  7.8364352e-07
5.629530544e-01  7.8400659e-07
5.630656450e-01  7.8436416e-07
5.631782582e-01  7.8471626e-07
5.632908938e-01  7.8506290e-07
5.634035520e-01  7.8540412e-07
5.635162327e-01  7.8573993e-07
5.636289360e-01  7.8607036e-07
5.637416618e-01  7.8639543e-07
5.638544101e-01  7.8671520e-07
5.639671810e-01  7.8702972e-07
5.640799744e-01  7.8733908e-07
5.641927904e-01  7.8764340e-07
5.643056290e-01  7.8794281e-07
5.644184901e-01  7.8823747e-07
5.645313738e-01  7.8852757e-07
5.646442801e-01  7.8881328e-07
5.647572089e-01  7.8909479e-07
5.648701604e-01  7.8937227e-07
5.649831344e-01  7.8964585e-07
5.650961310e-01  7.8991563e-07
5.652091502e-01  7.9018169e-07
5.653221921e-01  7.9044405e-07
5.654352565e-01  7.9070277e-07
5.655483436e-01  7.9095787e-07
5.656614532e-01  7.9120945e-07
5.657745855e-01  7.9145765e-07
5.658877404e-01  7.9170266e-07
5.660009180e-01  7.9194469e-07
5.661141182e-01  7.9218399e-07
5.662273410e-01  7.9242078e-07
5.663405865e-01  7.9265530e-07
5.664538546e-01  7.9288777e-07
5.665671453e-01  7.9311841e-07
5.666804588e-01  7.9334746e-07
5.667937949e-01  7.9357516e-07
5.669071536e-01  7.9380172e-07
5.670205351e-01  7.9402735e-07
5.671339392e-01  7.9425221e-07
5.672473659e-01  7.9447643e-07
5.673608154e-01  7.9470009e-07
5.674742876e-01  7.9492328e-07
5.675877824e-01  7.9514607e-07
5.677013000e-01  7.9536858e-07
5.678148403e-01  7.9559095e-07
5.679284032e-01  7.9581334e-07
5.680419889e-01  7.9603591e-07
5.681555973e-01  7.9625877e-07
5.682692284e-01  7.9648200e-07
5.683828823e-01  7.9670562e-07
5.684965588e-01  7.9692960e-07
5.686102582e-01  7.9715388e-07
5.687239802e-01  7.9737841e-07
5.688377250e-01  7.9760316e-07
5.689514926e-01  7.9782811e-07
5.690652829e-01  7.9805330e-07
5.691790959e-01  7.9827872e-07
5.692929317e-01  7.9850441e-07
5.694067903e-01  7.9873032e-07
5.695206717e-01  7.9895639e-07
5.696345758e-01  7.9918245e-07
5.697485027e-01  7.9940829e-07
5.698624524e-01  7.9963364e-07
5.699764249e-01  7.9985819e-07
5.700904202e-01  8.0008161e-07
5.702044383e-01  8.0030359e-07
5.703184792e-01  8.0052384e-07
5.704325429e-01  8.0074210e-07
5.705466294e-01  8.0095814e-07
5.706607387e-01  8.0117175e-07
5.707748708e-01  8.0138272e-07
5.708890258e-01  8.0159083e-07
5.710032036e-01  8.0179585e-07
5.711174043e-01  8.0199750e-07
5.712316277e-01  8.0219552e-07
5.713458741e-01  8.0238959e-07
5.714601432e-01  8.0257937e-07
5.715744353e-01  8.0276451e-07
5.716887502e-01  8.0294465e-07
5.718030879e-01  8.0311939e-07
5.719174485e-01  8.0328836e-07
5.720318320e-01  8.0345120e-07
5.721462384e-01  8.0360758e-07
5.722606676e-01  8.0375725e-07
5.723751198e-01  8.0389999e-07
5.724895948e-01  8.0403565e-07
5.726040927e-01  8.0416407e-07
5.727186135e-01  8.0428510e-07
5.728331573e-01  8.0439857e-07
5.729477239e-01  8.0450424e-07
5.730623134e-01  8.0460185e-07
5.731769259e-01  8.0469111e-07
5.732915613e-01  8.0477176e-07
5.734062196e-01  8.0484352e-07
5.735209008e-01  8.0490619e-07
5.736356050e-01  8.0495960e-07
5.737503321e-01  8.0500364e-07
5.738650822e-01  8.0503824e-07
5.739798552e-01  8.0506335e-07
5.740946512e-01  8.0507898e-07
5.742094701e-01  8.0508515e-07
5.743243120e-01  8.0508192e-07
5.744391769e-01  8.0506937e-07
5.745540647e-01  8.0504757e-07
5.746689755e-01  8.0501664e-07
5.747839093e-01  8.0497667e-07
5.748988661e-01  8.0492779e-07
5.750138459e-01  8.0487011e-07
5.751288486e-01  8.0480379e-07
5.752438744e-01  8.0472896e-07
5.753589232e-01  8.0464577e-07
5.754739950e-01  8.0455441e-07
5.755890898e-01  8.0445507e-07
5.757042076e-01  8.0434798e-07
5.758193484e-01  8.0423342e-07
5.759345123e-01  8.0411172e-07
5.760496992e-01  8.0398324e-07
5.761649091e-01  8.0384835e-07
5.762801421e-01  8.0370742e-07
5.763953982e-01  8.0356077e-07
5.765106772e-01  8.0340866e-07
5.766259794e-01  8.0325129e-07
5.767413046e-01  8.0308880e-07
5.768566528e-01  8.0292128e-07
5.769720242e-01  8.0274882e-07
5.770874186e-01  8.0257151e-07
5.772028360e-01  8.0238950e-07
5.773182766e-01  8.0220303e-07
5.774337403e-01  8.0201243e-07
5.775492270e-01  8.0181817e-07
5.776647369e-01  8.0162091e-07
5.777802698e-01  8.0142147e-07
5.778958259e-01  8.0122089e-07
5.780114050e-01  8.0102038e-07
5.781270073e-01  8.0082121e-07
5.782426327e-01  8.0062458e-07
5.783582812e-01  8.0043126e-07
5.784739529e-01  8.0024128e-07
5.785896477e-01  8.0005365e-07
5.787053656e-01  7.9986619e-07
5.788211067e-01  7.9967573e-07
5.789368709e-01  7.9947859e-07
5.790526583e-01  7.9927132e-07
5.791684688e-01  7.9905154e-07
5.792843025e-01  7.9881851e-07
5.794001594e-01  7.9857337e-07
5.795160394e-01  7.9831884e-07
5.796319426e-01  7.9805856e-07
5.797478690e-01  7.9779629e-07
5.798638186e-01  7.9753513e-07
5.799797913e-01  7.9727709e-07
5.800957873e-01  7.9702300e-07
5.802118064e-01  7.9677268e-07
5.803278488e-01  7.9652539e-07
5.804439144e-01  7.9628018e-07
5.805600032e-01  7.9603622e-07
5.806761152e-01  7.9579300e-07
5.807922504e-01  7.9555031e-07
5.809084088e-01  7.9530826e-07
5.810245905e-01  7.9506714e-07
5.811407954e-01  7.9482733e-07
5.812570236e-01  7.9458922e-07
5.813732750e-01  7.9435319e-07
5.814895497e-01  7.9411956e-07
5.816058476e-01  7.9388862e-07
5.817221687e-01  7.9366064e-07
5.818385132e-01  7.9343585e-07
5.819548809e-01  7.9321449e-07
5.820712718e-01  7.9299677e-07
5.821876861e-01  7.9278284e-07
5.823041236e-01  7.9257284e-07
5.824205845e-01  7.9236684e-07
5.825370686e-01  7.9216489e-07
5.826535760e-01  7.9196695e-07
5.827701067e-01  7.9177300e-07
5.828866607e-01  7.9158297e-07
5.830032381e-01  7.9139678e-07
5.831198387e-01  7.9121433e-07
5.832364627e-01  7.9103552e-07
5.833531100e-01  7.9086027e-07
5.834697806e-01  7.9068853e-07
5.835864745e-01  7.9052028e-07
5.837031918e-01  7.9035553e-07
5.838199325e-01  7.9019435e-07
5.839366965e-01  7.9003679e-07
5.840534838e-01  7.8988293e-07
5.841702945e-01  7.8973281e-07
5.842871286e-01  7.8958648e-07
5.844039860e-01  7.8944394e-07
5.845208668e-01  7.8930520e-07
5.846377710e-01  7.8917029e-07
5.847546985e-01  7.8903923e-07
5.848716495e-01  7.8891207e-07
5.849886238e-01  7.8878889e-07
5.851056215e-01  7.8866977e-07
5.852226426e-01  7.8855478e-07
5.853396872e-01  7.8844400e-07
5.854567551e-01  7.8833749e-07
5.855738464e-01  7.8823530e-07
5.856909612e-01  7.8813748e-07
5.858080994e-01  7.8804403e-07
5.859252610e-01  7.8795496e-07
5.860424461e-01  7.8787025e-07
5.861596546e-01  7.8778989e-07
5.862768865e-01  7.8771384e-07
5.863941419e-01  7.8764209e-07
5.865114207e-01  7.8757463e-07
5.866287230e-01  7.8751147e-07
5.867460487e-01  7.8745266e-07
5.868633979e-01  7.8739828e-07
5.869807706e-01  7.8734845e-07
5.870981668e-01  7.8730329e-07
5.872155864e-01  7.8726292e-07
5.873330295e-01  7.8722747e-07
5.874504961e-01  7.8719699e-07
5.875679862e-01  7.8717155e-07
5.876854998e-01  7.8715117e-07
5.878030369e-01  7.8713584e-07
5.879205975e-01  7.8712560e-07
5.880381817e-01  7.8712046e-07
5.881557893e-01  7.8712046e-07
5.882734205e-01  7.8712563e-07
5.883910751e-01  7.8713601e-07
5.885087534e-01  7.8715160e-07
5.886264551e-01  7.8717244e-07
5.887441804e-01  7.8719853e-07
5.888619292e-01  7.8722993e-07
5.889797016e-01  7.8726673e-07
5.890974976e-01  7.8730907e-07
5.892153171e-01  7.8735713e-07
5.893331601e-01  7.8741114e-07
5.894510268e-01  7.8747133e-07
5.895689170e-01  7.8753795e-07
5.896868307e-01  7.8761119e-07
5.898047681e-01  7.8769125e-07
5.899227291e-01  7.8777830e-07
5.900407136e-01  7.8787248e-07
5.901587217e-01  7.8797398e-07
5.902767535e-01  7.8808298e-07
5.903948088e-01  7.8819974e-07
5.905128878e-01  7.8832451e-07
5.906309904e-01  7.8845753e-07
5.907491166e-01  7.8859905e-07
5.908672664e-01  7.8874923e-07
5.909854399e-01  7.8890823e-07
5.911036369e-01  7.8907613e-07
5.912218577e-01  7.8925302e-07
5.913401020e-01  7.8943896e-07
5.914583701e-01  7.8963403e-07
5.915766617e-01  7.8983826e-07
5.916949771e-01  7.9005167e-07
5.918133161e-01  7.9027419e-07
5.919316787e-01  7.9050573e-07
5.920500651e-01  7.9074613e-07
5.921684751e-01  7.9099525e-07
5.922869088e-01  7.9125292e-07
5.924053662e-01  7.9151908e-07
5.925238472e-01  7.9179367e-07
5.926423520e-01  7.9207671e-07
5.927608805e-01  7.9236819e-07
5.928794326e-01  7.9266808e-07
5.929980085e-01  7.9297622e-07
5.931166081e-01  7.9329238e-07
5.932352315e-01  7.9361619e-07
5.933538785e-01  7.9394722e-07
5.934725493e-01  7.9428500e-07
5.935912438e-01  7.9462910e-07
5.937099620e-01  7.9497909e-07
5.938287040e-01  7.9533459e-07
5.939474698e-01  7.9569522e-07
5.940662593e-01  7.9606056e-07
5.941850725e-01  7.9643011e-07
5.943039095e-01  7.9680335e-07
5.944227703e-01  7.9717970e-07
5.945416549e-01  7.9755864e-07
5.946605632e-01  7.9793971e-07
5.947794953e-01  7.9832255e-07
5.948984512e-01  7.9870694e-07
5.950174309e-01  7.9909272e-07
5.951364344e-01  7.9947980e-07
5.952554617e-01  7.9986807e-07
5.953745128e-01  8.0025740e-07
5.954935877e-01  8.0064757e-07
5.956126864e-01  8.0103829e-07
5.957318089e-01  8.0142924e-07
5.958509553e-01  8.0182006e-07
5.959701255e-01  8.0221042e-07
5.960893195e-01  8.0260001e-07
5.962085374e-01  8.0298859e-07
5.963277791e-01  8.0337590e-07
5.964470446e-01  8.0376171e-07
5.965663340e-01  8.0414576e-07
5.966856473e-01  8.0452776e-07
5.968049844e-01  8.0490736e-07
5.969243454e-01  8.0528424e-07
5.970437303e-01  8.0565803e-07
5.971631390e-01  8.0602840e-07
5.972825717e-01  8.0639501e-07
5.974020282e-01  8.0675750e-07
5.975215086e-01  8.0711552e-07
5.976410129e-01  8.0746871e-07
5.977605411e-01  8.0781668e-07
5.978800932e-01  8.0815908e-07
5.979996692e-01  8.0849558e-07
5.981192692e-01  8.0882588e-07
5.982388930e-01  8.0914973e-07
5.983585408e-01  8.0946688e-07
5.984782125e-01  8.0977712e-07
5.985979081e-01  8.1008021e-07
5.987176277e-01  8.1037591e-07
5.988373712e-01  8.1066396e-07
5.989571387e-01  8.1094412e-07
5.990769301e-01  8.1121616e-07
5.991967455e-01  8.1147985e-07
5.993165849e-01  8.1173499e-07
5.994364482e-01  8.1198137e-07
5.995563355e-01  8.1221878e-07
5.996762468e-01  8.1244697e-07
5.997961820e-01  8.1266573e-07
5.999161412e-01  8.1287480e-07
6.000361245e-01  8.1307397e-07
6.001561317e-01  8.1326306e-07
6.002761629e-01  8.1344191e-07
6.003962182e-01  8.1361042e-07
6.005162974e-01  8.1376852e-07
6.006364007e-01  8.1391613e-07
6.007565279e-01  8.1405323e-07
6.008766792e-01  8.1417973e-07
6.009968546e-01  8.1429560e-07
6.011170539e-01  8.1440076e-07
6.012372774e-01  8.1449518e-07
6.013575248e-01  8.1457884e-07
6.014777963e-01  8.1465178e-07
6.015980919e-01  8.1471404e-07
6.017184115e-01  8.1476572e-07
6.018387552e-01  8.1480689e-07
6.019591229e-01  8.1483761e-07
6.020795148e-01  8.1485790e-07
6.021999307e-01  8.1486773e-07
6.023203706e-01  8.1486700e-07
6.024408347e-01  8.1485562e-07
6.025613229e-01  8.1483348e-07
6.026818352e-01  8.1480051e-07
6.028023715e-01  8.1475667e-07
6.029229320e-01  8.1470200e-07
6.030435166e-01  8.1463661e-07
6.031641253e-01  8.1456062e-07
6.032847581e-01  8.1447423e-07
6.034054151e-01  8.1437763e-07
6.035260961e-01  8.1427104e-07
6.036468014e-01  8.1415470e-07
6.037675307e-01  8.1402880e-07
6.038882842e-01  8.1389354e-07
6.040090619e-01  8.1374909e-07
6.041298637e-01  8.1359556e-07
6.042506897e-01  8.1343304e-07
6.043715398e-01  8.1326159e-07
6.044924141e-01  8.1308122e-07
6.046133126e-01  8.1289193e-07
6.047342353e-01  8.1269369e-07
6.048551821e-01  8.1248651e-07
6.049761531e-01  8.1227041e-07
6.050971484e-01  8.1204544e-07
6.052181678e-01  8.1181174e-07
6.053392114e-01  8.1156947e-07
6.054602793e-01  8.1131884e-07
6.055813713e-01  8.1106006e-07
6.057024876e-01  8.1079332e-07
6.058236281e-01  8.1051880e-07
6.059447928e-01  8.1023662e-07
6.060659818e-01  8.0994690e-07
6.061871950e-01  8.0964976e-07
6.063084324e-01  8.0934530e-07
6.064296941e-01  8.0903368e-07
6.065509801e-01  8.0871504e-07
6.066722902e-01  8.0838955e-07
6.067936247e-01  8.0805738e-07
6.069149834e-01  8.0771870e-07
6.070363664e-01  8.0737370e-07
6.071577737e-01  8.0702255e-07
6.072792053e-01  8.0666548e-07
6.074006611e-01  8.0630271e-07
6.075221412e-01  8.0593452e-07
6.076436457e-01  8.0556119e-07
6.077651744e-01  8.0518301e-07
6.078867274e-01  8.0480026e-07
6.080083048e-01  8.0441321e-07
6.081299064e-01  8.0402208e-07
6.082515324e-01  8.0362709e-07
6.083731827e-01  8.0322842e-07
6.084948574e-01  8.0282626e-07
6.086165563e-01  8.0242078e-07
6.087382796e-01  8.0201214e-07
6.088600273e-01  8.0160050e-07
6.089817993e-01  8.0118600e-07
6.091035957e-01  8.0076877e-07
6.092254164e-01  8.0034895e-07
6.093472615e-01  7.9992669e-07
6.094691309e-01  7.9950219e-07
6.095910247e-01  7.9907569e-07
6.097129429e-01  7.9864748e-07
6.098348855e-01  7.9821785e-07
6.099568525e-01  7.9778709e-07
6.100788439e-01  7.9735546e-07
6.102008596e-01  7.9692313e-07
6.103228998e-01  7.9649022e-07
6.104449644e-01  7.9605679e-07
6.105670534e-01  7.9562290e-07
6.106891668e-01  7.9518858e-07
6.108113046e-01  7.9475392e-07
6.109334669e-01  7.9431902e-07
6.110556536e-01  7.9388405e-07
6.111778647e-01  7.9344916e-07
6.113001003e-01  7.9301447e-07
6.114223603e-01  7.9258010e-07
6.115446448e-01  7.9214611e-07
6.116669537e-01  7.9171254e-07
6.117892871e-01  7.9127942e-07
6.119116450e-01  7.9084678e-07
6.120340273e-01  7.9041470e-07
6.121564341e-01  7.8998325e-07
6.122788654e-01  7.8955254e-07
6.124013212e-01  7.8912266e-07
6.125238014e-01  7.8869373e-07
6.126463062e-01  7.8826584e-07
6.127688354e-01  7.8783905e-07
6.128913892e-01  7.8741347e-07
6.130139675e-01  7.8698918e-07
6.131365703e-01  7.8656627e-07
6.132591976e-01  7.8614486e-07
6.133818494e-01  7.8572503e-07
6.135045258e-01  7.8530686e-07
6.136272267e-01  7.8489042e-07
6.137499522e-01  7.8447572e-07
6.138727021e-01  7.8406278e-07
6.139954767e-01  7.8365161e-07
6.141182758e-01  7.8324223e-07
6.142410994e-01  7.8283468e-07
6.143639477e-01  7.8242901e-07
6.144868204e-01  7.8202531e-07
6.146097178e-01  7.8162364e-07
6.147326398e-01  7.8122407e-07
6.148555863e-01  7.8082666e-07
6.149785574e-01  7.8043138e-07
6.151015531e-01  7.8003822e-07
6.152245734e-01  7.7964710e-07
6.153476183e-01  7.7925793e-07
6.154706879e-01  7.7887064e-07
6.155937820e-01  7.7848516e-07
6.157169008e-01  7.7810146e-07
6.158400441e-01  7.7771957e-07
6.159632121e-01  7.7733953e-07
6.160864048e-01  7.7696143e-07
6.162096221e-01  7.7658535e-07
6.163328640e-01  7.7621140e-07
6.164561306e-01  7.7583967e-07
6.165794218e-01  7.7547024e-07
6.167027377e-01  7.7510317e-07
6.168260782e-01  7.7473855e-07
6.169494434e-01  7.7437642e-07
6.170728333e-01  7.7401685e-07
6.171962479e-01  7.7365990e-07
6.173196871e-01  7.7330561e-07
6.174431511e-01  7.7295404e-07
6.175666397e-01  7.7260523e-07
6.176901530e-01  7.7225925e-07
6.178136911e-01  7.7191612e-07
6.179372538e-01  7.7157590e-07
6.180608413e-01  7.7123860e-07
6.181844534e-01  7.7090422e-07
6.183080903e-01  7.7057273e-07
6.184317519e-01  7.7024407e-07
6.185554383e-01  7.6991815e-07
6.186791494e-01  7.6959490e-07
6.188028852e-01  7.6927422e-07
6.189266458e-01  7.6895605e-07
6.190504311e-01  7.6864036e-07
6.191742412e-01  7.6832714e-07
6.192980760e-01  7.6801639e-07
6.194219357e-01  7.6770809e-07
6.195458200e-01  7.6740224e-07
6.196697292e-01  7.6709876e-07
6.197936632e-01  7.6679757e-07
6.199176219e-01  7.6649854e-07
6.200416054e-01  7.6620154e-07
6.201656137e-01  7.6590644e-07
6.202896469e-01  7.6561314e-07
6.204137048e-01  7.6532153e-07
6.205377875e-01  7.6503154e-07
6.206618951e-01  7.6474310e-07
6.207860275e-01  7.6445613e-07
6.209101847e-01  7.6417055e-07
6.210343667e-01  7.6388628e-07
6.211585736e-01  7.6360322e-07
6.212828053e-01  7.6332130e-07
6.214070619e-01  7.6304043e-07
6.215313433e-01  7.6276051e-07
6.216556495e-01  7.6248146e-07
6.217799807e-01  7.6220314e-07
6.219043367e-01  7.6192542e-07
6.220287175e-01  7.6164814e-07
6.221531233e-01  7.6137116e-07
6.222775539e-01  7.6109435e-07
6.224020094e-01  7.6081765e-07
6.225264898e-01  7.6054100e-07
6.226509951e-01  7.6026442e-07
6.227755253e-01  7.5998791e-07
6.229000804e-01  7.5971150e-07
6.230246604e-01  7.5943518e-07
6.231492654e-01  7.5915889e-07
6.232738952e-01  7.5888254e-07
6.233985500e-01  7.5860600e-07
6.235232297e-01  7.5832911e-07
6.236479343e-01  7.5805170e-07
6.237726639e-01  7.5777359e-07
6.238974185e-01  7.5749461e-07
6.240221980e-01  7.5721465e-07
6.241470024e-01  7.5693359e-07
6.242718318e-01  7.5665138e-07
6.243966862e-01  7.5636798e-07
6.245215655e-01  7.5608338e-07
6.246464698e-01  7.5579757e-07
6.247713991e-01  7.5551052e-07
6.248963534e-01  7.5522219e-07
6.250213327e-01  7.5493252e-07
6.251463369e-01  7.5464144e-07
6.252713662e-01  7.5434889e-07
6.253964205e-01  7.5405480e-07
6.255214997e-01  7.5375918e-07
6.256466040e-01  7.5346205e-07
6.257717334e-01  7.5316356e-07
6.258968877e-01  7.5286418e-07
6.260220671e-01  7.5256494e-07
6.261472715e-01  7.5226799e-07
6.262725010e-01  7.5197749e-07
6.263977555e-01  7.5170071e-07
6.265230350e-01  7.5144949e-07
6.266483396e-01  7.5124149e-07
6.267736693e-01  7.5110056e-07
6.268990240e-01  7.5105562e-07
6.270244038e-01  7.5113681e-07
6.271498087e-01  7.5136888e-07
6.272752387e-01  7.5176227e-07
6.274006937e-01  7.5230406e-07
6.275261739e-01  7.5295171e-07
6.276516791e-01  7.5363298e-07
6.277772094e-01  7.5425396e-07
6.279027649e-01  7.5471491e-07
6.280283454e-01  7.5493039e-07
6.281539511e-01  7.5484810e-07
6.282795819e-01  7.5446091e-07
6.284052378e-01  7.5380791e-07
6.285309188e-01  7.5296436e-07
6.286566250e-01  7.5202375e-07
6.287823563e-01  7.5107735e-07
6.289081128e-01  7.5019708e-07
6.290338944e-01  7.4942566e-07
6.291597012e-01  7.4877514e-07
6.292855332e-01  7.4823252e-07
6.294113903e-01  7.4776943e-07
6.295372725e-01  7.4735235e-07
6.296631800e-01  7.4695087e-07
6.297891126e-01  7.4654259e-07
6.299150705e-01  7.4611469e-07
6.300410535e-01  7.4566286e-07
6.301670617e-01  7.4518880e-07
6.302930951e-01  7.4469733e-07
6.304191537e-01  7.4419389e-07
6.305452375e-01  7.4368275e-07
6.306713466e-01  7.4316631e-07
6.307974809e-01  7.4264514e-07
6.309236404e-01  7.4211873e-07
6.310498251e-01  7.4158646e-07
6.311760351e-01  7.4104861e-07
6.313022703e-01  7.4050680e-07
6.314285307e-01  7.3996404e-07
6.315548164e-01  7.3942417e-07
6.316811274e-01  7.3889119e-07
6.318074636e-01  7.3836845e-07
6.319338251e-01  7.3785824e-07
6.320602119e-01  7.3736154e-07
6.321866239e-01  7.3687823e-07
6.323130612e-01  7.3640735e-07
6.324395238e-01  7.3594744e-07
6.325660117e-01  7.3549680e-07
6.326925250e-01  7.3505372e-07
6.328190635e-01  7.3461654e-07
6.329456273e-01  7.3418382e-07
6.330722164e-01  7.3375435e-07
6.331988308e-01  7.3332726e-07
6.333254706e-01  7.3290199e-07
6.334521357e-01  7.3247826e-07
6.335788261e-01  7.3205597e-07
6.337055419e-01  7.3163502e-07
6.338322830e-01  7.3121528e-07
6.339590495e-01  7.3079644e-07
6.340858413e-01  7.3037806e-07
6.342126584e-01  7.2995963e-07
6.343395010e-01  7.2954063e-07
6.344663689e-01  7.2912061e-07
6.345932621e-01  7.2869928e-07
6.347201808e-01  7.2827648e-07
6.348471248e-01  7.2785216e-07
6.349740943e-01  7.2742637e-07
6.351010891e-01  7.2699916e-07
6.352281093e-01  7.2657060e-07
6.353551549e-01  7.2614072e-07
6.354822259e-01  7.2570958e-07
6.356093224e-01  7.2527720e-07
6.357364443e-01  7.2484366e-07
6.358635915e-01  7.2440903e-07
6.359907643e-01  7.2397343e-07
6.361179624e-01  7.2353699e-07
6.362451860e-01  7.2309987e-07
6.363724350e-01  7.2266219e-07
6.364997095e-01  7.2222408e-07
6.366270095e-01  7.2178561e-07
6.367543349e-01  7.2134680e-07
6.368816857e-01  7.2090761e-07
6.370090621e-01  7.2046792e-07
6.371364639e-01  7.2002756e-07
6.372638912e-01  7.1958635e-07
6.373913440e-01  7.1914410e-07
6.375188222e-01  7.1870060e-07
6.376463260e-01  7.1825571e-07
6.377738553e-01  7.1780924e-07
6.379014100e-01  7.1736106e-07
6.380289903e-01  7.1691101e-07
6.381565961e-01  7.1645896e-07
6.382842274e-01  7.1600481e-07
6.384118843e-01  7.1554852e-07
6.385395667e-01  7.1509014e-07
6.386672746e-01  7.1462976e-07
6.387950080e-01  7.1416759e-07
6.389227670e-01  7.1370383e-07
6.390505516e-01  7.1323872e-07
6.391783617e-01  7.1277246e-07
6.393061974e-01  7.1230523e-07
6.394340586e-01  7.1183717e-07
6.395619454e-01  7.1136840e-07
6.396898578e-01  7.1089906e-07
6.398177958e-01  7.1042933e-07
6.399457593e-01  7.0995940e-07
6.400737485e-01  7.0948953e-07
6.402017632e-01  7.0902000e-07
6.403298036e-01  7.0855114e-07
6.404578695e-01  7.0808327e-07
6.405859611e-01  7.0761671e-07
6.407140783e-01  7.0715177e-07
6.408422211e-01  7.0668875e-07
6.409703896e-01  7.0622791e-07
6.410985836e-01  7.0576952e-07
6.412268034e-01  7.0531380e-07
6.413550487e-01  7.0486096e-07
6.414833197e-01  7.0441121e-07
6.416116164e-01  7.0396470e-07
6.417399387e-01  7.0352158e-07
6.418682867e-01  7.0308197e-07
6.419966604e-01  7.0264595e-07
6.421250597e-01  7.0221359e-07
6.422534847e-01  7.0178492e-07
6.423819354e-01  7.0135996e-07
6.425104118e-01  7.0093867e-07
6.426389139e-01  7.0052100e-07
6.427674417e-01  7.0010687e-07
6.428959951e-01  6.9969617e-07
6.430245743e-01  6.9928880e-07
6.431531793e-01  6.9888460e-07
6.432818099e-01  6.9848341e-07
6.434104663e-01  6.9808500e-07
6.435391484e-01  6.9768914e-07
6.436678562e-01  6.9729554e-07
6.437965898e-01  6.9690391e-07
6.439253491e-01  6.9651397e-07
6.440541341e-01  6.9612543e-07
6.441829450e-01  6.9573802e-07
6.443117816e-01  6.9535147e-07
6.444406439e-01  6.9496549e-07
6.445695320e-01  6.9457977e-07
6.446984459e-01  6.9419403e-07
6.448273856e-01  6.9380801e-07
6.449563511e-01  6.9342151e-07
6.450853424e-01  6.9303444e-07
6.452143595e-01  6.9264678e-07
6.453434023e-01  6.9225858e-07
6.454724710e-01  6.9186996e-07
6.456015655e-01  6.9148100e-07
6.457306858e-01  6.9109174e-07
6.458598320e-01  6.9070218e-07
6.459890039e-01  6.9031225e-07
6.461182017e-01  6.8992189e-07
6.462474254e-01  6.8953106e-07
6.463766748e-01  6.8913980e-07
6.465059502e-01  6.8874827e-07
6.466352514e-01  6.8835674e-07
6.467645784e-01  6.8796558e-07
6.468939313e-01  6.8757520e-07
6.470233101e-01  6.8718605e-07
6.471527148e-01  6.8679849e-07
6.472821453e-01  6.8641282e-07
6.474116018e-01  6.8602921e-07
6.475410841e-01  6.8564772e-07
6.476705923e-01  6.8526830e-07
6.478001264e-01  6.8489088e-07
6.479296864e-01  6.8451532e-07
6.480592724e-01  6.8414152e-07
6.481888842e-01  6.8376943e-07
6.483185220e-01  6.8339904e-07
6.484481857e-01  6.8303038e-07
6.485778753e-01  6.8266351e-07
6.487075909e-01  6.8229849e-07
6.488373324e-01  6.8193536e-07
6.489670999e-01  6.8157409e-07
6.490968933e-01  6.8121460e-07
6.492267127e-01  6.8085671e-07
6.493565580e-01  6.8050023e-07
6.494864294e-01  6.8014494e-07
6.496163266e-01  6.7979065e-07
6.497462499e-01  6.7943723e-07
6.498761992e-01  6.7908464e-07
6.500061744e-01  6.7873291e-07
6.501361756e-01  6.7838210e-07
6.502662029e-01  6.7803232e-07
6.503962561e-01  6.7768360e-07
6.505263354e-01  6.7733595e-07
6.506564406e-01  6.7698928e-07
6.507865719e-01  6.7664343e-07
6.509167292e-01  6.7629814e-07
6.510469126e-01  6.7595308e-07
6.511771220e-01  6.7560784e-07
6.513073574e-01  6.7526193e-07
6.514376189e-01  6.7491479e-07
6.515679064e-01  6.7456586e-07
6.516982200e-01  6.7421462e-07
6.518285596e-01  6.7386067e-07
6.519589253e-01  6.7350377e-07
6.520893171e-01  6.7314392e-07
6.522197350e-01  6.7278127e-07
6.523501789e-01  6.7241612e-07
6.524806489e-01  6.7204886e-07
6.526111451e-01  6.7167982e-07
6.527416673e-01  6.7130927e-07
6.528722156e-01  6.7093739e-07
6.530027901e-01  6.7056421e-07
6.531333906e-01  6.7018970e-07
6.532640173e-01  6.6981378e-07
6.533946701e-01  6.6943637e-07
6.535253491e-01  6.6905745e-07
6.536560541e-01  6.6867705e-07
6.537867853e-01  6.6829530e-07
6.539175427e-01  6.6791238e-07
6.540483262e-01  6.6752849e-07
6.541791359e-01  6.6714384e-07
6.543099717e-01  6.6675854e-07
6.544408337e-01  6.6637269e-07
6.545717219e-01  6.6598629e-07
6.547026362e-01  6.6559935e-07
6.548335767e-01  6.6521186e-07
6.549645434e-01  6.6482385e-07
6.550955364e-01  6.6443539e-07
6.552265555e-01  6.6404663e-07
6.553576008e-01  6.6365773e-07
6.554886723e-01  6.6326891e-07
6.556197700e-01  6.6288037e-07
6.557508940e-01  6.6249227e-07
6.558820442e-01  6.6210474e-07
6.560132206e-01  6.6171785e-07
6.561444232e-01  6.6133160e-07
6.562756521e-01  6.6094595e-07
6.564069072e-01  6.6056085e-07
6.565381886e-01  6.6017624e-07
6.566694962e-01  6.5979210e-07
6.568008301e-01  6.5940845e-07
6.569321903e-01  6.5902533e-07
6.570635767e-01  6.5864277e-07
6.571949895e-01  6.5826083e-07
6.573264285e-01  6.5787952e-07
6.574578937e-01  6.5749886e-07
6.575893853e-01  6.5711883e-07
6.577209032e-01  6.5673942e-07
6.578524474e-01  6.5636061e-07
6.579840179e-01  6.5598242e-07
6.581156147e-01  6.5560482e-07
6.582472378e-01  6.5522783e-07
6.583788872e-01  6.5485145e-07
6.585105630e-01  6.5447572e-07
6.586422651e-01  6.5410066e-07
6.587739936e-01  6.5372631e-07
6.589057484e-01  6.5335268e-07
6.590375295e-01  6.5297979e-07
6.591693370e-01  6.5260765e-07
6.593011709e-01  6.5223623e-07
6.594330311e-01  6.5186552e-07
6.595649178e-01  6.5149550e-07
6.596968307e-01  6.5112614e-07
6.598287701e-01  6.5075743e-07
6.599607359e-01  6.5038935e-07
6.600927280e-01  6.5002191e-07
6.602247465e-01  6.4965510e-07
6.603567915e-01  6.4928897e-07
6.604888629e-01  6.4892355e-07
6.606209606e-01  6.4855887e-07
6.607530848e-01  6.4819497e-07
6.608852354e-01  6.4783186e-07
6.610174125e-01  6.4746951e-07
6.611496160e-01  6.4710786e-07
6.612818459e-01  6.4674680e-07
6.614141023e-01  6.4638615e-07
6.615463851e-01  6.4602574e-07
6.616786944e-01  6.4566533e-07
6.618110301e-01  6.4530469e-07
6.619433923e-01  6.4494356e-07
6.620757810e-01  6.4458170e-07
6.622081961e-01  6.4421885e-07
6.623406378e-01  6.4385470e-07
6.624731059e-01  6.4348896e-07
6.626056005e-01  6.4312128e-07
6.627381216e-01  6.4275130e-07
6.628706693e-01  6.4237865e-07
6.630032434e-01  6.4200297e-07
6.631358441e-01  6.4162395e-07
6.632684712e-01  6.4124133e-07
6.634011249e-01  6.4085490e-07
6.635338051e-01  6.4046453e-07
6.636665119e-01  6.4007012e-07
6.637992452e-01  6.3967162e-07
6.639320051e-01  6.3926903e-07
6.640647915e-01  6.3886238e-07
6.641976044e-01  6.3845172e-07
6.643304439e-01  6.3803715e-07
6.644633100e-01  6.3761880e-07
6.645962027e-01  6.3719683e-07
6.647291219e-01  6.3677142e-07
6.648620677e-01  6.3634281e-07
6.649950402e-01  6.3591124e-07
6.651280392e-01  6.3547702e-07
6.652610648e-01  6.3504047e-07
6.653941170e-01  6.3460196e-07
6.655271958e-01  6.3416185e-07
6.656603013e-01  6.3372047e-07
6.657934333e-01  6.3327812e-07
6.659265920e-01  6.3283502e-07
6.660597773e-01  6.3239133e-07
6.661929893e-01  6.3194708e-07
6.663262279e-01  6.3150228e-07
6.664594931e-01  6.3105687e-07
6.665927850e-01  6.3061080e-07
6.667261036e-01  6.3016405e-07
6.668594488e-01  6.2971664e-07
6.669928207e-01  6.2926869e-07
6.671262192e-01  6.2882033e-07
6.672596445e-01  6.2837173e-07
6.673930964e-01  6.2792305e-07
6.675265750e-01  6.2747440e-07
6.676600804e-01  6.2702584e-07
6.677936124e-01  6.2657736e-07
6.679271711e-01  6.2612890e-07
6.680607565e-01  6.2568037e-07
6.681943687e-01  6.2523170e-07
6.683280076e-01  6.2478285e-07
6.684616732e-01  6.2433382e-07
6.685953655e-01  6.2388468e-07
6.687290846e-01  6.2343554e-07
6.688628304e-01  6.2298651e-07
6.689966029e-01  6.2253776e-07
6.691304023e-01  6.2208939e-07
6.692642283e-01  6.2164152e-07
6.693980812e-01  6.2119421e-07
6.695319608e-01  6.2074752e-07
6.696658672e-01  6.2030146e-07
6.697998004e-01  6.1985604e-07
6.699337603e-01  6.1941127e-07
6.700677471e-01  6.1896713e-07
6.702017606e-01  6.1852362e-07
6.703358010e-01  6.1808077e-07
6.704698681e-01  6.1763857e-07
6.706039621e-01  6.1719707e-07
6.707380829e-01  6.1675632e-07
6.708722305e-01  6.1631639e-07
6.710064050e-01  6.1587736e-07
6.711406063e-01  6.1543932e-07
6.712748344e-01  6.1500237e-07
6.714090893e-01  6.1456660e-07
6.715433712e-01  6.1413211e-07
6.716776798e-01  6.1369898e-07
6.718120154e-01  6.1326731e-07
6.719463778e-01  6.1283719e-07
6.720807671e-01  6.1240873e-07
6.722151832e-01  6.1198203e-07
6.723496262e-01  6.1155715e-07
6.724840962e-01  6.1113413e-07
6.726185930e-01  6.1071298e-07
6.727531167e-01  6.1029366e-07
6.728876673e-01  6.0987612e-07
6.730222449e-01  6.0946030e-07
6.731568493e-01  6.0904615e-07
6.732914807e-01  6.0863368e-07
6.734261390e-01  6.0822288e-07
6.735608242e-01  6.0781379e-07
6.736955364e-01  6.0740643e-07
6.738302755e-01  6.0700079e-07
6.739650415e-01  6.0659683e-07
6.740998345e-01  6.0619449e-07
6.742346545e-01  6.0579363e-07
6.743695014e-01  6.0539412e-07
6.745043753e-01  6.0499582e-07
6.746392762e-01  6.0459860e-07
6.747742041e-01  6.0420236e-07
6.749091589e-01  6.0380701e-07
6.750441407e-01  6.0341244e-07
6.751791496e-01  6.0301857e-07
6.753141854e-01  6.0262527e-07
6.754492482e-01  6.0223242e-07
6.755843381e-01  6.0183992e-07
6.757194550e-01  6.0144768e-07
6.758545988e-01  6.0105566e-07
6.759897698e-01  6.0066387e-07
6.761249677e-01  6.0027235e-07
6.762601927e-01  5.9988118e-07
6.763954447e-01  5.9949044e-07
6.765307238e-01  5.9910026e-07
6.766660300e-01  5.9871072e-07
6.768013632e-01  5.9832194e-07
6.769367235e-01  5.9793403e-07
6.770721108e-01  5.9754712e-07
6.772075252e-01  5.9716132e-07
6.773429667e-01  5.9677679e-07
6.774784353e-01  5.9639368e-07
6.776139310e-01  5.9601217e-07
6.777494538e-01  5.9563246e-07
6.778850037e-01  5.9525475e-07
6.780205807e-01  5.9487928e-07
6.781561848e-01  5.9450630e-07
6.782918160e-01  5.9413606e-07
6.784274744e-01  5.9376884e-07
6.785631599e-01  5.9340489e-07
6.786988725e-01  5.9304447e-07
6.788346123e-01  5.9268781e-07
6.789703792e-01  5.9233513e-07
6.791061733e-01  5.9198661e-07
6.792419945e-01  5.9164241e-07
6.793778429e-01  5.9130263e-07
6.795137185e-01  5.9096739e-07
6.796496213e-01  5.9063675e-07
6.797855512e-01  5.9031075e-07
6.799215083e-01  5.8998945e-07
6.800574926e-01  5.8967287e-07
6.801935041e-01  5.8936099e-07
6.803295428e-01  5.8905382e-07
6.804656087e-01  5.8875133e-07
6.806017018e-01  5.8845346e-07
6.807378222e-01  5.8816016e-07
6.808739697e-01  5.8787136e-07
6.810101445e-01  5.8758696e-07
6.811463465e-01  5.8730688e-07
6.812825758e-01  5.8703099e-07
6.814188323e-01  5.8675917e-07
6.815551161e-01  5.8649131e-07
6.816914271e-01  5.8622728e-07
6.818277654e-01  5.8596693e-07
6.819641310e-01  5.8571012e-07
6.821005238e-01  5.8545667e-07
6.822369439e-01  5.8520638e-07
6.823733913e-01  5.8495898e-07
6.825098660e-01  5.8471415e-07
6.826463679e-01  5.8447151e-07
6.827828972e-01  5.8423058e-07
6.829194538e-01  5.8399085e-07
6.830560377e-01  5.8375173e-07
6.831926489e-01  5.8351264e-07
6.833292874e-01  5.8327298e-07
6.834659533e-01  5.8303219e-07
6.836026465e-01  5.8278978e-07
6.837393670e-01  5.8254528e-07
6.838761149e-01  5.8229831e-07
6.840128901e-01  5.8204849e-07
6.841496927e-01  5.8179552e-07
6.842865226e-01  5.8153924e-07
6.844233799e-01  5.8127957e-07
6.845602646e-01  5.8101683e-07
6.846971766e-01  5.8075239e-07
6.848341161e-01  5.8048959e-07
6.849710829e-01  5.8023583e-07
6.851080771e-01  5.8000600e-07
6.852450987e-01  5.7982777e-07
6.853821477e-01  5.7974877e-07
6.855192242e-01  5.7984488e-07
6.856563280e-01  5.8022742e-07
6.857934593e-01  5.8104556e-07
6.859306180e-01  5.8247875e-07
6.860678041e-01  5.8471502e-07
6.862050177e-01  5.8791342e-07
6.863422587e-01  5.9215463e-07
6.864795271e-01  5.9739065e-07
6.866168230e-01  6.0340889e-07
6.867541464e-01  6.0982708e-07
6.868914972e-01  6.1612867e-07
6.870288755e-01  6.2173693e-07
6.871662813e-01  6.2611276e-07
6.873037145e-01  6.2885233e-07
6.874411753e-01  6.2975971e-07
6.875786635e-01  6.2887687e-07
6.877161793e-01  6.2646619e-07
6.878537225e-01  6.2295367e-07
6.879912932e-01  6.1884864e-07
6.881288915e-01  6.1465872e-07
6.882665173e-01  6.1081588e-07
6.884041706e-01  6.0762405e-07
6.885418514e-01  6.0523366e-07
6.886795598e-01  6.0364393e-07
6.888172957e-01  6.0272907e-07
6.889550592e-01  6.0228157e-07
6.890928502e-01  6.0206280e-07
6.892306687e-01  6.0185054e-07
6.893685149e-01  6.0147416e-07
6.895063886e-01  6.0083247e-07
6.896442899e-01  5.9989379e-07
6.897822187e-01  5.9868226e-07
6.899201752e-01  5.9725684e-07
6.900581592e-01  5.9568994e-07
6.901961708e-01  5.9405015e-07
6.903342101e-01  5.9239155e-07
6.904722769e-01  5.9074942e-07
6.906103714e-01  5.8914049e-07
6.907484934e-01  5.8756633e-07
6.908866431e-01  5.8601818e-07
6.910248205e-01  5.8448257e-07
6.911630254e-01  5.8294691e-07
6.913012580e-01  5.8140416e-07
6.914395183e-01  5.7985560e-07
6.915778062e-01  5.7831118e-07
6.917161217e-01  5.7678701e-07
6.918544650e-01  5.7530100e-07
6.919928359e-01  5.7386824e-07
6.921312344e-01  5.7249752e-07
6.922696607e-01  5.7119043e-07
6.924081146e-01  5.6994258e-07
6.925465962e-01  5.6874657e-07
6.926851055e-01  5.6759493e-07
6.928236426e-01  5.6648223e-07
6.929622073e-01  5.6540576e-07
6.931007997e-01  5.6436485e-07
6.932394199e-01  5.6335992e-07
6.933780678e-01  5.6239158e-07
6.935167434e-01  5.6146015e-07
6.936554467e-01  5.6056580e-07
6.937941778e-01  5.5970875e-07
6.939329367e-01  5.5888935e-07
6.940717233e-01  5.5810792e-07
6.942105376e-01  5.5736453e-07
6.943493797e-01  5.5665854e-07
6.944882496e-01  5.5598852e-07
6.946271472e-01  5.5535238e-07
6.947660727e-01  5.5474758e-07
6.949050259e-01  5.5417152e-07
6.950440069e-01  5.5362179e-07
6.951830157e-01  5.5309622e-07
6.953220523e-01  5.5259273e-07
6.954611167e-01  5.5210910e-07
6.956002089e-01  5.5164279e-07
6.957393290e-01  5.5119092e-07
6.958784768e-01  5.5075034e-07
6.960176525e-01  5.5031806e-07
6.961568561e-01  5.4989161e-07
6.962960874e-01  5.4946938e-07
6.964353466e-01  5.4905068e-07
6.965746337e-01  5.4863576e-07
6.967139486e-01  5.4822548e-07
6.968532914e-01  5.4782097e-07
6.969926621e-01  5.4742324e-07
6.971320606e-01  5.4703292e-07
6.972714870e-01  5.4665020e-07
6.974109413e-01  5.4627478e-07
6.975504235e-01  5.4590606e-07
6.976899336e-01  5.4554328e-07
6.978294716e-01  5.4518568e-07
6.979690375e-01  5.4483262e-07
6.981086313e-01  5.4448359e-07
6.982482530e-01  5.4413821e-07
6.983879027e-01  5.4379617e-07
6.985275802e-01  5.4345716e-07
6.986672858e-01  5.4312083e-07
6.988070192e-01  5.4278677e-07
6.989467806e-01  5.4245461e-07
6.990865700e-01  5.4212405e-07
6.992263873e-01  5.4179497e-07
6.993662326e-01  5.4146746e-07
6.995061058e-01  5.4114183e-07
6.996460070e-01  5.4081855e-07
6.997859362e-01  5.4049815e-07
6.999258934e-01  5.4018111e-07
7.000658786e-01  5.3986781e-07
7.002058918e-01  5.3955843e-07
7.003459330e-01  5.3925301e-07
7.004860021e-01  5.3895146e-07
7.006260993e-01  5.3865368e-07
7.007662246e-01  5.3835961e-07
7.009063778e-01  5.3806928e-07
7.010465591e-01  5.3778280e-07
7.011867684e-01  5.3750034e-07
7.013270058e-01  5.3722202e-07
7.014672712e-01  5.3694788e-07
7.016075646e-01  5.3667783e-07
7.017478861e-01  5.3641166e-07
7.018882357e-01  5.3614908e-07
7.020286133e-01  5.3588977e-07
7.021690191e-01  5.3563342e-07
7.023094529e-01  5.3537978e-07
7.024499148e-01  5.3512861e-07
7.025904047e-01  5.3487974e-07
7.027309228e-01  5.3463307e-07
7.028714690e-01  5.3438864e-07
7.030120433e-01  5.3414661e-07
7.031526457e-01  5.3390727e-07
7.032932762e-01  5.3367097e-07
7.034339349e-01  5.3343803e-07
7.035746217e-01  5.3320862e-07
7.037153366e-01  5.3298268e-07
7.038560797e-01  5.3275997e-07
7.039968509e-01  5.3254008e-07
7.041376503e-01  5.3232262e-07
7.042784778e-01  5.3210732e-07
7.044193335e-01  5.3189406e-07
7.045602174e-01  5.3168292e-07
7.047011294e-01  5.3147408e-07
7.048420696e-01  5.3126767e-07
7.049830380e-01  5.3106373e-07
7.051240346e-01  5.3086213e-07
7.052650595e-01  5.3066259e-07
7.054061125e-01  5.3046477e-07
7.055471937e-01  5.3026832e-07
7.056883031e-01  5.3007302e-07
7.058294408e-01  5.2987875e-07
7.059706067e-01  5.2968552e-07
7.061118008e-01  5.2949340e-07
7.062530232e-01  5.2930249e-07
7.063942738e-01  5.2911284e-07
7.065355526e-01  5.2892445e-07
7.066768597e-01  5.2873727e-07
7.068181951e-01  5.2855124e-07
7.069595587e-01  5.2836629e-07
7.071009506e-01  5.2818241e-07
7.072423708e-01  5.2799957e-07
7.073838193e-01  5.2781777e-07
7.075252961e-01  5.2763700e-07
7.076668011e-01  5.2745722e-07
7.078083345e-01  5.2727835e-07
7.079498962e-01  5.2710034e-07
7.080914861e-01  5.2692316e-07
7.082331044e-01  5.2674684e-07
7.083747511e-01  5.2657146e-07
7.085164260e-01  5.2639714e-07
7.086581293e-01  5.2622402e-07
7.087998609e-01  5.2605222e-07
7.089416209e-01  5.2588180e-07
7.090834092e-01  5.2571283e-07
7.092252259e-01  5.2554533e-07
7.093670709e-01  5.2537933e-07
7.095089444e-01  5.2521487e-07
7.096508461e-01  5.2505203e-07
7.097927763e-01  5.2489093e-07
7.099347349e-01  5.2473171e-07
7.100767218e-01  5.2457454e-07
7.102187372e-01  5.2441963e-07
7.103607809e-01  5.2426720e-07
7.105028531e-01  5.2411748e-07
7.106449536e-01  5.2397072e-07
7.107870826e-01  5.2382712e-07
7.109292400e-01  5.2368690e-07
7.110714259e-01  5.2355024e-07
7.112136402e-01  5.2341732e-07
7.113558829e-01  5.2328833e-07
7.114981541e-01  5.2316346e-07
7.116404537e-01  5.2304290e-07
7.117827818e-01  5.2292687e-07
7.119251384e-01  5.2281553e-07
7.120675234e-01  5.2270904e-07
7.122099369e-01  5.2260750e-07
7.123523789e-01  5.2251095e-07
7.124948494e-01  5.2241936e-07
7.126373483e-01  5.2233264e-07
7.127798758e-01  5.2225062e-07
7.129224318e-01  5.2217306e-07
7.130650163e-01  5.2209969e-07
7.132076293e-01  5.2203018e-07
7.133502708e-01  5.2196415e-07
7.134929408e-01  5.2190122e-07
7.136356394e-01  5.2184095e-07
7.137783666e-01  5.2178284e-07
7.139211222e-01  5.2172631e-07
7.140639065e-01  5.2167066e-07
7.142067192e-01  5.2161509e-07
7.143495606e-01  5.2155867e-07
7.144924305e-01  5.2150036e-07
7.146353290e-01  5.2143907e-07
7.147782560e-01  5.2137367e-07
7.149212117e-01  5.2130307e-07
7.150641959e-01  5.2122629e-07
7.152072088e-01  5.2114249e-07
7.153502502e-01  5.2105104e-07
7.154933203e-01  5.2095148e-07
7.156364189e-01  5.2084357e-07
7.157795462e-01  5.2072728e-07
7.159227021e-01  5.2060268e-07
7.160658867e-01  5.2046999e-07
7.162090998e-01  5.2032944e-07
7.163523417e-01  5.2018122e-07
7.164956121e-01  5.2002543e-07
7.166389113e-01  5.1986203e-07
7.167822390e-01  5.1969078e-07
7.169255955e-01  5.1951131e-07
7.170689806e-01  5.1932319e-07
7.172123944e-01  5.1912605e-07
7.173558369e-01  5.1891972e-07
7.174993080e-01  5.1870431e-07
7.176428079e-01  5.1848030e-07
7.177863365e-01  5.1824831e-07
7.179298937e-01  5.1800897e-07
7.180734797e-01  5.1776249e-07
7.182170944e-01  5.1750836e-07
7.183607378e-01  5.1724520e-07
7.185044100e-01  5.1697089e-07
7.186481109e-01  5.1668293e-07
7.187918405e-01  5.1637908e-07
7.189355988e-01  5.1605802e-07
7.190793860e-01  5.1571984e-07
7.192232018e-01  5.1536622e-07
7.193670465e-01  5.1500022e-07
7.195109199e-01  5.1462578e-07
7.196548221e-01  5.1424692e-07
7.197987530e-01  5.1386690e-07
7.199427128e-01  5.1348755e-07
7.200867013e-01  5.1310887e-07
7.202307187e-01  5.1272909e-07
7.203747648e-01  5.1234530e-07
7.205188398e-01  5.1195439e-07
7.206629435e-01  5.1155412e-07
7.208070761e-01  5.1114409e-07
7.209512375e-01  5.1072617e-07
7.210954278e-01  5.1030436e-07
7.212396469e-01  5.0988412e-07
7.213838948e-01  5.0947140e-07
7.215281716e-01  5.0907160e-07
7.216724772e-01  5.0868887e-07
7.218168117e-01  5.0832576e-07
7.219611751e-01  5.0798334e-07
7.221055673e-01  5.0766155e-07
7.222499884e-01  5.0735971e-07
7.223944384e-01  5.0707689e-07
7.225389173e-01  5.0681212e-07
7.226834251e-01  5.0656435e-07
7.228279618e-01  5.0633229e-07
7.229725274e-01  5.0611410e-07
7.231171219e-01  5.0590724e-07
7.232617453e-01  5.0570847e-07
7.234063977e-01  5.0551404e-07
7.235510789e-01  5.0532018e-07
7.236957891e-01  5.0512351e-07
7.238405283e-01  5.0492150e-07
7.239852964e-01  5.0471268e-07
7.241300935e-01  5.0449673e-07
7.242749195e-01  5.0427429e-07
7.244197745e-01  5.0404682e-07
7.245646584e-01  5.0381624e-07
7.247095714e-01  5.0358462e-07
7.248545133e-01  5.0335381e-07
7.249994842e-01  5.0312506e-07
7.251444841e-01  5.0289881e-07
7.252895130e-01  5.0267466e-07
7.254345709e-01  5.0245166e-07
7.255796578e-01  5.0222865e-07
7.257247737e-01  5.0200481e-07
7.258699187e-01  5.0177981e-07
7.260150927e-01  5.0155382e-07
7.261602957e-01  5.0132728e-07
7.263055277e-01  5.0110055e-07
7.264507888e-01  5.0087369e-07
7.265960790e-01  5.0064641e-07
7.267413982e-01  5.0041825e-07
7.268867465e-01  5.0018864e-07
7.270321238e-01  4.9995704e-07
7.271775303e-01  4.9972275e-07
7.273229658e-01  4.9948481e-07
7.274684304e-01  4.9924194e-07
7.276139241e-01  4.9899274e-07
7.277594468e-01  4.9873615e-07
7.279049987e-01  4.9847197e-07
7.280505797e-01  4.9820131e-07
7.281961898e-01  4.9792662e-07
7.283418291e-01  4.9765128e-07
7.284874974e-01  4.9737882e-07
7.286331949e-01  4.9711207e-07
7.287789216e-01  4.9685249e-07
7.289246774e-01  4.9659993e-07
7.290704623e-01  4.9635297e-07
7.292162764e-01  4.9610958e-07
7.293621197e-01  4.9586799e-07
7.295079921e-01  4.9562730e-07
7.296538937e-01  4.9538775e-07
7.297998245e-01  4.9515054e-07
7.299457844e-01  4.9491734e-07
7.300917736e-01  4.9468969e-07
7.302377919e-01  4.9446853e-07
7.303838395e-01  4.9425407e-07
7.305299163e-01  4.9404582e-07
7.306760222e-01  4.9384300e-07
7.308221574e-01  4.9364476e-07
7.309683219e-01  4.9345052e-07
7.311145155e-01  4.9325994e-07
7.312607384e-01  4.9307296e-07
7.314069906e-01  4.9288958e-07
7.315532720e-01  4.9270982e-07
7.316995826e-01  4.9253364e-07
7.318459226e-01  4.9236103e-07
7.319922917e-01  4.9219210e-07
7.321386902e-01  4.9202714e-07
7.322851179e-01  4.9186667e-07
7.324315750e-01  4.9171137e-07
7.325780613e-01  4.9156191e-07
7.327245769e-01  4.9141887e-07
7.328711218e-01  4.9128255e-07
7.330176960e-01  4.9115297e-07
7.331642996e-01  4.9102985e-07
7.333109324e-01  4.9091274e-07
7.334575946e-01  4.9080110e-07
7.336042861e-01  4.9069447e-07
7.337510070e-01  4.9059250e-07
7.338977572e-01  4.9049501e-07
7.340445367e-01  4.9040192e-07
7.341913457e-01  4.9031318e-07
7.343381839e-01  4.9022867e-07
7.344850516e-01  4.9014812e-07
7.346319486e-01  4.9007116e-07
7.347788750e-01  4.8999729e-07
7.349258307e-01  4.8992604e-07
7.350728159e-01  4.8985702e-07
7.352198305e-01  4.8978994e-07
7.353668744e-01  4.8972462e-07
7.355139478e-01  4.8966093e-07
7.356610506e-01  4.8959870e-07
7.358081828e-01  4.8953764e-07
7.359553444e-01  4.8947734e-07
7.361025355e-01  4.8941728e-07
7.362497560e-01  4.8935685e-07
7.363970060e-01  4.8929548e-07
7.365442854e-01  4.8923270e-07
7.366915942e-01  4.8916819e-07
7.368389325e-01  4.8910187e-07
7.369863003e-01  4.8903388e-07
7.371336976e-01  4.8896462e-07
7.372811243e-01  4.8889469e-07
7.374285806e-01  4.8882482e-07
7.375760663e-01  4.8875586e-07
7.377235815e-01  4.8868858e-07
7.378711262e-01  4.8862365e-07
7.380187004e-01  4.8856155e-07
7.381663042e-01  4.8850254e-07
7.383139374e-01  4.8844667e-07
7.384616002e-01  4.8839391e-07
7.386092925e-01  4.8834413e-07
7.387570144e-01  4.8829726e-07
7.389047658e-01  4.8825328e-07
7.390525468e-01  4.8821224e-07
7.392003573e-01  4.8817425e-07
7.393481973e-01  4.8813943e-07
7.394960670e-01  4.8810787e-07
7.396439662e-01  4.8807967e-07
7.397918950e-01  4.8805488e-07
7.399398534e-01  4.8803357e-07
7.400878413e-01  4.8801581e-07
7.402358589e-01  4.8800176e-07
7.403839061e-01  4.8799158e-07
7.405319828e-01  4.8798547e-07
7.406800892e-01  4.8798363e-07
7.408282253e-01  4.8798623e-07
7.409763909e-01  4.8799339e-07
7.411245862e-01  4.8800517e-07
7.412728111e-01  4.8802162e-07
7.414210657e-01  4.8804275e-07
7.415693499e-01  4.8806861e-07
7.417176637e-01  4.8809926e-07
7.418660073e-01  4.8813478e-07
7.420143805e-01  4.8817526e-07
7.421627834e-01  4.8822074e-07
7.423112159e-01  4.8827122e-07
7.424596782e-01  4.8832664e-07
7.426081701e-01  4.8838687e-07
7.427566917e-01  4.8845174e-07
7.429052431e-01  4.8852104e-07
7.430538241e-01  4.8859456e-07
7.432024349e-01  4.8867207e-07
7.433510754e-01  4.8875332e-07
7.434997456e-01  4.8883800e-07
7.436484455e-01  4.8892574e-07
7.437971752e-01  4.8901609e-07
7.439459347e-01  4.8910853e-07
7.440947238e-01  4.8920249e-07
7.442435428e-01  4.8929744e-07
7.443923915e-01  4.8939283e-07
7.445412700e-01  4.8948822e-07
7.446901782e-01  4.8958322e-07
7.448391163e-01  4.8967749e-07
7.449880841e-01  4.8977068e-07
7.451370817e-01  4.8986235e-07
7.452861091e-01  4.8995193e-07
7.454351663e-01  4.9003869e-07
7.455842534e-01  4.9012171e-07
7.457333702e-01  4.9019994e-07
7.458825169e-01  4.9027225e-07
7.460316934e-01  4.9033756e-07
7.461808997e-01  4.9039485e-07
7.463301359e-01  4.9044322e-07
7.464794020e-01  4.9048196e-07
7.466286978e-01  4.9051047e-07
7.467780236e-01  4.9052828e-07
7.469273792e-01  4.9053498e-07
7.470767647e-01  4.9053023e-07
7.472261800e-01  4.9051368e-07
7.473756252e-01  4.9048497e-07
7.475251004e-01  4.9044370e-07
7.476746054e-01  4.9038942e-07
7.478241403e-01  4.9032161e-07
7.479737051e-01  4.9023970e-07
7.481232999e-01  4.9014308e-07
7.482729245e-01  4.9003118e-07
7.484225791e-01  4.8990344e-07
7.485722636e-01  4.8975942e-07
7.487219781e-01  4.8959880e-07
7.488717225e-01  4.8942139e-07
7.490214968e-01  4.8922713e-07
7.491713011e-01  4.8901610e-07
7.493211354e-01  4.8878843e-07
7.494709996e-01  4.8854439e-07
7.496208938e-01  4.8828430e-07
7.497708180e-01  4.8800859e-07
7.499207722e-01  4.8771779e-07
7.500707563e-01  4.8741251e-07
7.502207705e-01  4.8709344e-07
7.503708146e-01  4.8676138e-07
7.505208888e-01  4.8641715e-07
7.506709930e-01  4.8606164e-07
7.508211272e-01  4.8569580e-07
7.509712914e-01  4.8532062e-07
7.511214856e-01  4.8493715e-07
7.512717099e-01  4.8454653e-07
7.514219643e-01  4.8414992e-07
7.515722487e-01  4.8374856e-07
7.517225631e-01  4.8334371e-07
7.518729076e-01  4.8293661e-07
7.520232822e-01  4.8252847e-07
7.521736869e-01  4.8212041e-07
7.523241216e-01  4.8171341e-07
7.524745864e-01  4.8130833e-07
7.526250814e-01  4.8090590e-07
7.527756064e-01  4.8050675e-07
7.529261615e-01  4.8011142e-07
7.530767467e-01  4.7972046e-07
7.532273621e-01  4.7933439e-07
7.533780075e-01  4.7895377e-07
7.535286831e-01  4.7857915e-07
7.536793889e-01  4.7821109e-07
7.538301248e-01  4.7785006e-07
7.539808908e-01  4.7749645e-07
7.541316870e-01  4.7715054e-07
7.542825133e-01  4.7681240e-07
7.544333698e-01  4.7648201e-07
7.545842565e-01  4.7615916e-07
7.547351733e-01  4.7584359e-07
7.548861204e-01  4.7553494e-07
7.550370976e-01  4.7523291e-07
7.551881050e-01  4.7493724e-07
7.553391426e-01  4.7464778e-07
7.554902105e-01  4.7436451e-07
7.556413085e-01  4.7408755e-07
7.557924368e-01  4.7381709e-07
7.559435952e-01  4.7355340e-07
7.560947840e-01  4.7329673e-07
7.562460029e-01  4.7304725e-07
7.563972521e-01  4.7280511e-07
7.565485316e-01  4.7257041e-07
7.566998413e-01  4.7234336e-07
7.568511812e-01  4.7212440e-07
7.570025515e-01  4.7191474e-07
7.571539520e-01  4.7171723e-07
7.573053828e-01  4.7153828e-07
7.574568439e-01  4.7139125e-07
7.576083352e-01  4.7130250e-07
7.577598569e-01  4.7132078e-07
7.579114089e-01  4.7153097e-07
7.580629912e-01  4.7207121e-07
7.582146037e-01  4.7315105e-07
7.583662467e-01  4.7506483e-07
7.585179199e-01  4.7819228e-07
7.586696235e-01  4.8297708e-07
7.588213574e-01  4.8987707e-07
7.589731217e-01  4.9928660e-07
7.591249163e-01  5.1144164e-07
7.592767413e-01  5.2632872e-07
7.594285967e-01  5.4362335e-07
7.595804824e-01  5.6268060e-07
7.597323985e-01  5.8258757e-07
7.598843449e-01  6.0226893e-07
7.600363218e-01  6.2062109e-07
7.601883291e-01  6.3664259e-07
7.603403667e-01  6.4953390e-07
7.604924348e-01  6.5875261e-07
7.606445333e-01  6.6402764e-07
7.607966622e-01  6.6534756e-07
7.609488215e-01  6.6293981e-07
7.611010113e-01  6.5725280e-07
7.612532315e-01  6.4893959e-07
7.614054822e-01  6.3883225e-07
7.615577633e-01  6.2789326e-07
7.617100748e-01  6.1713375e-07
7.618624168e-01  6.0750119e-07
7.620147893e-01  5.9975527e-07
7.621671923e-01  5.9435961e-07
7.623196257e-01  5.9141950e-07
7.624720896e-01  5.9068553e-07
7.626245840e-01  5.9162438e-07
7.627771090e-01  5.9353808e-07
7.629296644e-01  5.9570153e-07
7.630822503e-01  5.9748474e-07
7.632348668e-01  5.9843457e-07
7.633875137e-01  5.9830579e-07
7.635401912e-01  5.9704538e-07
7.636928993e-01  5.9474452e-07
7.638456379e-01  5.9157649e-07
7.639984070e-01  5.8773835e-07
7.641512067e-01  5.8340804e-07
7.643040369e-01  5.7872172e-07
7.644568977e-01  5.7377017e-07
7.646097891e-01  5.6860853e-07
7.647627111e-01  5.6327217e-07
7.649156636e-01  5.5779197e-07
7.650686467e-01  5.5220527e-07
7.652216605e-01  5.4656088e-07
7.653747048e-01  5.4091897e-07
7.655277797e-01  5.3534726e-07
7.656808853e-01  5.2991533e-07
7.658340215e-01  5.2468806e-07
7.659871883e-01  5.1971918e-07
7.661403857e-01  5.1504589e-07
7.662936138e-01  5.1068582e-07
7.664468725e-01  5.0663738e-07
7.666001619e-01  5.0288352e-07
7.667534819e-01  4.9939863e-07
7.669068326e-01  4.9615636e-07
7.670602140e-01  4.9313618e-07
7.672136260e-01  4.9032698e-07
7.673670687e-01  4.8772657e-07
7.675205422e-01  4.8533826e-07
7.676740463e-01  4.8316625e-07
7.678275811e-01  4.8121092e-07
7.679811466e-01  4.7946624e-07
7.681347428e-01  4.7791950e-07
7.682883698e-01  4.7655230e-07
7.684420274e-01  4.7534306e-07
7.685957159e-01  4.7426950e-07
7.687494350e-01  4.7331036e-07
7.689031849e-01  4.7244659e-07
7.690569655e-01  4.7166189e-07
7.692107769e-01  4.7094253e-07
7.693646191e-01  4.7027697e-07
7.695184920e-01  4.6965585e-07
7.696723957e-01  4.6907200e-07
7.698263302e-01  4.6852058e-07
7.699802954e-01  4.6799944e-07
7.701342915e-01  4.6750941e-07
7.702883184e-01  4.6705384e-07
7.704423760e-01  4.6663771e-07
7.705964645e-01  4.6626656e-07
7.707505838e-01  4.6594516e-07
7.709047339e-01  4.6567643e-07
7.710589148e-01  4.6546096e-07
7.712131266e-01  4.6529702e-07
7.713673693e-01  4.6518095e-07
7.715216427e-01  4.6510767e-07
7.716759471e-01  4.6507130e-07
7.718302822e-01  4.6506568e-07
7.719846483e-01  4.6508482e-07
7.721390452e-01  4.6512320e-07
7.722934730e-01  4.6517615e-07
7.724479317e-01  4.6524011e-07
7.726024213e-01  4.6531272e-07
7.727569418e-01  4.6539284e-07
7.729114932e-01  4.6548029e-07
7.730660755e-01  4.6557556e-07
7.732206887e-01  4.6567941e-07
7.733753328e-01  4.6579256e-07
7.735300079e-01  4.6591540e-07
7.736847139e-01  4.6604794e-07
7.738394509e-01  4.6618987e-07
7.739942188e-01  4.6634059e-07
7.741490176e-01  4.6649937e-07
7.743038474e-01  4.6666544e-07
7.744587082e-01  4.6683805e-07
7.746135999e-01  4.6701647e-07
7.747685226e-01  4.6720000e-07
7.749234763e-01  4.6738793e-07
7.750784610e-01  4.6757956e-07
7.752334767e-01  4.6777420e-07
7.753885234e-01  4.6797118e-07
7.755436011e-01  4.6816988e-07
7.756987098e-01  4.6836967e-07
7.758538496e-01  4.6856996e-07
7.760090204e-01  4.6877006e-07
7.761642222e-01  4.6896924e-07
7.763194550e-01  4.6916663e-07
7.764747189e-01  4.6936126e-07
7.766300138e-01  4.6955208e-07
7.767853398e-01  4.6973796e-07
7.769406969e-01  4.6991779e-07
7.770960850e-01  4.7009050e-07
7.772515043e-01  4.7025504e-07
7.774069546e-01  4.7041045e-07
7.775624360e-01  4.7055580e-07
7.777179484e-01  4.7069022e-07
7.778734920e-01  4.7081288e-07
7.780290667e-01  4.7092299e-07
7.781846725e-01  4.7101978e-07
7.783403095e-01  4.7110252e-07
7.784959775e-01  4.7117054e-07
7.786516767e-01  4.7122319e-07
7.788074071e-01  4.7125993e-07
7.789631686e-01  4.7128034e-07
7.791189612e-01  4.7128416e-07
7.792747850e-01  4.7127132e-07
7.794306399e-01  4.7124194e-07
7.795865261e-01  4.7119632e-07
7.797424434e-01  4.7113479e-07
7.798983919e-01  4.7105771e-07
7.800543715e-01  4.7096532e-07
7.802103824e-01  4.7085769e-07
7.803664245e-01  4.7073479e-07
7.805224978e-01  4.7059645e-07
7.806786023e-01  4.7044257e-07
7.808347380e-01  4.7027311e-07
7.809909049e-01  4.7008824e-07
7.811471031e-01  4.6988831e-07
7.813033325e-01  4.6967386e-07
7.814595932e-01  4.6944552e-07
7.816158851e-01  4.6920401e-07
7.817722083e-01  4.6895005e-07
7.819285627e-01  4.6868437e-07
7.820849485e-01  4.6840774e-07
7.822413654e-01  4.6812099e-07
7.823978137e-01  4.6782509e-07
7.825542933e-01  4.6752112e-07
7.827108041e-01  4.6721028e-07
7.828673463e-01  4.6689378e-07
7.830239198e-01  4.6657285e-07
7.831805246e-01  4.6624853e-07
7.833371607e-01  4.6592173e-07
7.834938281e-01  4.6559310e-07
7.836505269e-01  4.6526313e-07
7.838072570e-01  4.6493215e-07
7.839640184e-01  4.6460047e-07
7.841208112e-01  4.6426840e-07
7.842776354e-01  4.6393636e-07
7.844344909e-01  4.6360492e-07
7.845913778e-01  4.6327479e-07
7.847482961e-01  4.6294682e-07
7.849052457e-01  4.6262197e-07
7.850622268e-01  4.6230121e-07
7.852192392e-01  4.6198550e-07
7.853762831e-01  4.6167564e-07
7.855333583e-01  4.6137228e-07
7.856904650e-01  4.6107583e-07
7.858476031e-01  4.6078647e-07
7.860047726e-01  4.6050417e-07
7.861619736e-01  4.6022876e-07
7.863192060e-01  4.5995995e-07
7.864764698e-01  4.5969740e-07
7.866337651e-01  4.5944080e-07
7.867910919e-01  4.5918986e-07
7.869484501e-01  4.5894434e-07
7.871058398e-01  4.5870403e-07
7.872632609e-01  4.5846876e-07
7.874207136e-01  4.5823839e-07
7.875781977e-01  4.5801280e-07
7.877357134e-01  4.5779191e-07
7.878932605e-01  4.5757568e-07
7.880508392e-01  4.5736409e-07
7.882084493e-01  4.5715712e-07
7.883660910e-01  4.5695472e-07
7.885237642e-01  4.5675676e-07
7.886814690e-01  4.5656302e-07
7.888392053e-01  4.5637313e-07
7.889969731e-01  4.5618662e-07
7.891547725e-01  4.5600294e-07
7.893126035e-01  4.5582148e-07
7.894704660e-01  4.5564165e-07
7.896283601e-01  4.5546296e-07
7.897862858e-01  4.5528505e-07
7.899442430e-01  4.5510775e-07
7.901022319e-01  4.5493104e-07
7.902602523e-01  4.5475502e-07
7.904183044e-01  4.5457979e-07
7.905763880e-01  4.5440536e-07
7.907345033e-01  4.5423161e-07
7.908926502e-01  4.5405831e-07
7.910508287e-01  4.5388514e-07
7.912090389e-01  4.5371182e-07
7.913672807e-01  4.5353818e-07
7.915255542e-01  4.5336422e-07
7.916838593e-01  4.5319008e-07
7.918421961e-01  4.5301599e-07
7.920005645e-01  4.5284224e-07
7.921589646e-01  4.5266904e-07
7.923173964e-01  4.5249654e-07
7.924758599e-01  4.5232478e-07
7.926343550e-01  4.5215370e-07
7.927928819e-01  4.5198318e-07
7.929514405e-01  4.5181309e-07
7.931100308e-01  4.5164341e-07
7.932686528e-01  4.5147426e-07
7.934273065e-01  4.5130602e-07
7.935859920e-01  4.5113933e-07
7.937447092e-01  4.5097501e-07
7.939034581e-01  4.5081402e-07
7.940622388e-01  4.5065724e-07
7.942210513e-01  4.5050539e-07
7.943798955e-01  4.5035891e-07
7.945387714e-01  4.5021796e-07
7.946976792e-01  4.5008242e-07
7.948566187e-01  4.4995199e-07
7.950155901e-01  4.4982630e-07
7.951745932e-01  4.4970492e-07
7.953336281e-01  4.4958748e-07
7.954926948e-01  4.4947359e-07
7.956517934e-01  4.4936286e-07
7.958109237e-01  4.4925486e-07
7.959700859e-01  4.4914909e-07
7.961292799e-01  4.4904506e-07
7.962885058e-01  4.4894233e-07
7.964477635e-01  4.4884064e-07
7.966070530e-01  4.4873992e-07
7.967663744e-01  4.4864033e-07
7.969257277e-01  4.4854222e-07
7.970851129e-01  4.4844601e-07
7.972445299e-01  4.4835211e-07
7.974039788e-01  4.4826082e-07
7.975634596e-01  4.4817231e-07
7.977229723e-01  4.4808662e-07
7.978825169e-01  4.4800366e-07
7.980420934e-01  4.4792326e-07
7.982017018e-01  4.4784526e-07
7.983613421e-01  4.4776946e-07
7.985210144e-01  4.4769573e-07
7.986807186e-01  4.4762396e-07
7.988404548e-01  4.4755405e-07
7.990002228e-01  4.4748590e-07
7.991600229e-01  4.4741938e-07
7.993198549e-01  4.4735430e-07
7.994797189e-01  4.4729041e-07
7.996396148e-01  4.4722748e-07
7.997995427e-01  4.4716525e-07
7.999595026e-01  4.4710355e-07
8.001194945e-01  4.4704226e-07
8.002795184e-01  4.4698134e-07
8.004395743e-01  4.4692082e-07
8.005996623e-01  4.4686077e-07
8.007597822e-01  4.4680129e-07
8.009199341e-01  4.4674248e-07
8.010801181e-01  4.4668446e-07
8.012403342e-01  4.4662736e-07
8.014005822e-01  4.4657134e-07
8.015608623e-01  4.4651663e-07
8.017211745e-01  4.4646354e-07
8.018815187e-01  4.4641249e-07
8.020418951e-01  4.4636392e-07
8.022023034e-01  4.4631832e-07
8.023627439e-01  4.4627610e-07
8.025232164e-01  4.4623757e-07
8.026837211e-01  4.4620283e-07
8.028442578e-01  4.4617183e-07
8.030048267e-01  4.4614438e-07
8.031654276e-01  4.4612022e-07
8.033260607e-01  4.4609909e-07
8.034867259e-01  4.4608082e-07
8.036474233e-01  4.4606531e-07
8.038081528e-01  4.4605260e-07
8.039689144e-01  4.4604278e-07
8.041297082e-01  4.4603603e-07
8.042905341e-01  4.4603254e-07
8.044513922e-01  4.4603254e-07
8.046122825e-01  4.4603628e-07
8.047732050e-01  4.4604411e-07
8.049341596e-01  4.4605643e-07
8.050951464e-01  4.4607377e-07
8.052561655e-01  4.4609671e-07
8.054172167e-01  4.4612585e-07
8.055783001e-01  4.4616171e-07
8.057394158e-01  4.4620473e-07
8.059005637e-01  4.4625516e-07
8.060617438e-01  4.4631319e-07
8.062229562e-01  4.4637887e-07
8.063842007e-01  4.4645225e-07
8.065454776e-01  4.4653335e-07
8.067067867e-01  4.4662220e-07
8.068681280e-01  4.4671878e-07
8.070295017e-01  4.4682298e-07
8.071909076e-01  4.4693461e-07
8.073523457e-01  4.4705330e-07
8.075138162e-01  4.4717858e-07
8.076753190e-01  4.4730988e-07
8.078368540e-01  4.4744658e-07
8.079984214e-01  4.4758804e-07
8.081600211e-01  4.4773365e-07
8.083216531e-01  4.4788285e-07
8.084833174e-01  4.4803516e-07
8.086450141e-01  4.4819015e-07
8.088067431e-01  4.4834743e-07
8.089685044e-01  4.4850664e-07
8.091302981e-01  4.4866736e-07
8.092921242e-01  4.4882917e-07
8.094539826e-01  4.4899165e-07
8.096158734e-01  4.4915443e-07
8.097777966e-01  4.4931729e-07
8.099397522e-01  4.4948023e-07
8.101017401e-01  4.4964345e-07
8.102637605e-01  4.4980732e-07
8.104258132e-01  4.4997227e-07
8.105878984e-01  4.5013869e-07
8.107500160e-01  4.5030680e-07
8.109121660e-01  4.5047663e-07
8.110743484e-01  4.5064803e-07
8.112365633e-01  4.5082074e-07
8.113988106e-01  4.5099449e-07
8.115610903e-01  4.5116903e-07
8.117234026e-01  4.5134426e-07
8.118857472e-01  4.5152012e-07
8.120481244e-01  4.5169661e-07
8.122105340e-01  4.5187372e-07
8.123729761e-01  4.5205135e-07
8.125354507e-01  4.5222929e-07
8.126979578e-01  4.5240714e-07
8.128604974e-01  4.5258433e-07
8.130230695e-01  4.5276012e-07
8.131856741e-01  4.5293366e-07
8.133483112e-01  4.5310413e-07
8.135109809e-01  4.5327089e-07
8.136736831e-01  4.5343358e-07
8.138364178e-01  4.5359223e-07
8.139991851e-01  4.5374722e-07
8.141619850e-01  4.5389918e-07
8.143248174e-01  4.5404884e-07
8.144876823e-01  4.5419681e-07
8.146505799e-01  4.5434351e-07
8.148135100e-01  4.5448906e-07
8.149764727e-01  4.5463327e-07
8.151394680e-01  4.5477574e-07
8.153024959e-01  4.5491573e-07
8.154655564e-01  4.5505215e-07
8.156286495e-01  4.5518335e-07
8.157917752e-01  4.5530689e-07
8.159549336e-01  4.5541951e-07
8.161181245e-01  4.5551722e-07
8.162813482e-01  4.5559585e-07
8.164446044e-01  4.5565171e-07
8.166078934e-01  4.5568250e-07
8.167712149e-01  4.5568780e-07
8.169345692e-01  4.5566926e-07
8.170979561e-01  4.5563010e-07
8.172613757e-01  4.5557416e-07
8.174248280e-01  4.5550484e-07
8.175883129e-01  4.5542429e-07
8.177518306e-01  4.5533310e-07
8.179153810e-01  4.5523062e-07
8.180789640e-01  4.5511570e-07
8.182425798e-01  4.5498740e-07
8.184062283e-01  4.5484557e-07
8.185699096e-01  4.5469080e-07
8.187336236e-01  4.5452408e-07
8.188973703e-01  4.5434623e-07
8.190611498e-01  4.5415734e-07
8.192249620e-01  4.5395654e-07
8.193888070e-01  4.5374203e-07
8.195526847e-01  4.5351140e-07
8.197165953e-01  4.5326218e-07
8.198805386e-01  4.5299244e-07
8.200445147e-01  4.5270149e-07
8.202085236e-01  4.5239041e-07
8.203725653e-01  4.5206225e-07
8.205366398e-01  4.5172185e-07
8.207007472e-01  4.5137525e-07
8.208648873e-01  4.5102885e-07
8.210290603e-01  4.5068857e-07
8.211932661e-01  4.5035939e-07
8.213575048e-01  4.5004521e-07
8.215217763e-01  4.4974899e-07
8.216860806e-01  4.4947292e-07
8.218504178e-01  4.4921826e-07
8.220147879e-01  4.4898480e-07
8.221791909e-01  4.4876994e-07
8.223436267e-01  4.4856787e-07
8.225080954e-01  4.4836924e-07
8.226725970e-01  4.4816184e-07
8.228371316e-01  4.4793235e-07
8.230016990e-01  4.4766878e-07
8.231662993e-01  4.4736313e-07
8.233309326e-01  4.4701323e-07
8.234955988e-01  4.4662327e-07
8.236602979e-01  4.4620285e-07
8.238250300e-01  4.4576479e-07
8.239897950e-01  4.4532247e-07
8.241545929e-01  4.4488757e-07
8.243194238e-01  4.4446869e-07
8.244842877e-01  4.4407101e-07
8.246491846e-01  4.4369677e-07
8.248141144e-01  4.4334609e-07
8.249790772e-01  4.4301767e-07
8.251440731e-01  4.4270921e-07
8.253091019e-01  4.4241755e-07
8.254741637e-01  4.4213882e-07
8.256392585e-01  4.4186883e-07
8.258043864e-01  4.4160375e-07
8.259695473e-01  4.4134094e-07
8.261347412e-01  4.4107967e-07
8.262999681e-01  4.4082138e-07
8.264652281e-01  4.4056931e-07
8.266305212e-01  4.4032764e-07
8.267958473e-01  4.4010021e-07
8.269612064e-01  4.3988939e-07
8.271265987e-01  4.3969528e-07
8.272920240e-01  4.3951562e-07
8.274574824e-01  4.3934623e-07
8.276229739e-01  4.3918200e-07
8.277884985e-01  4.3901795e-07
8.279540562e-01  4.3885015e-07
8.281196470e-01  4.3867620e-07
8.282852709e-01  4.3849519e-07
8.284509280e-01  4.3830737e-07
8.286166182e-01  4.3811373e-07
8.287823415e-01  4.3791560e-07
8.289480980e-01  4.3771450e-07
8.291138876e-01  4.3751217e-07
8.292797104e-01  4.3731060e-07
8.294455663e-01  4.3711199e-07
8.296114554e-01  4.3691859e-07
8.297773777e-01  4.3673235e-07
8.299433332e-01  4.3655451e-07
8.301093218e-01  4.3638541e-07
8.302753437e-01  4.3622440e-07
8.304413988e-01  4.3607017e-07
8.306074871e-01  4.3592115e-07
8.307736086e-01  4.3577611e-07
8.309397633e-01  4.3563452e-07
8.311059512e-01  4.3549661e-07
8.312721724e-01  4.3536317e-07
8.314384269e-01  4.3523499e-07
8.316047145e-01  4.3511239e-07
8.317710355e-01  4.3499484e-07
8.319373897e-01  4.3488102e-07
8.321037772e-01  4.3476919e-07
8.322701979e-01  4.3465777e-07
8.324366520e-01  4.3454596e-07
8.326031393e-01  4.3443403e-07
8.327696599e-01  4.3432323e-07
8.329362139e-01  4.3421543e-07
8.331028011e-01  4.3411248e-07
8.332694217e-01  4.3401565e-07
8.334360755e-01  4.3392531e-07
8.336027628e-01  4.3384090e-07
8.337694833e-01  4.3376113e-07
8.339362372e-01  4.3368441e-07
8.341030245e-01  4.3360926e-07
8.342698451e-01  4.3353467e-07
8.344366990e-01  4.3346022e-07
8.346035864e-01  4.3338612e-07
8.347705071e-01  4.3331309e-07
8.349374612e-01  4.3324216e-07
8.351044487e-01  4.3317443e-07
8.352714696e-01  4.3311090e-07
8.354385239e-01  4.3305229e-07
8.356056116e-01  4.3299900e-07
8.357727327e-01  4.3295107e-07
8.359398872e-01  4.3290818e-07
8.361070752e-01  4.3286980e-07
8.362742966e-01  4.3283522e-07
8.364415515e-01  4.3280369e-07
8.366088398e-01  4.3277449e-07
8.367761616e-01  4.3274697e-07
8.369435168e-01  4.3272060e-07
8.371109055e-01  4.3269496e-07
8.372783277e-01  4.3266975e-07
8.374457833e-01  4.3264475e-07
8.376132725e-01  4.3261985e-07
8.377807952e-01  4.3259506e-07
8.379483513e-01  4.3257050e-07
8.381159410e-01  4.3254640e-07
8.382835642e-01  4.3252314e-07
8.384512209e-01  4.3250116e-07
8.386189111e-01  4.3248089e-07
8.387866349e-01  4.3246270e-07
8.389543922e-01  4.3244672e-07
8.391221831e-01  4.3243290e-07
8.392900076e-01  4.3242093e-07
8.394578656e-01  4.3241035e-07
8.396257571e-01  4.3240071e-07
8.397936823e-01  4.3239173e-07
8.399616410e-01  4.3238338e-07
8.401296333e-01  4.3237603e-07
8.402976593e-01  4.3237030e-07
8.404657188e-01  4.3236700e-07
8.406338119e-01  4.3236683e-07
8.408019387e-01  4.3237029e-07
8.409700991e-01  4.3237744e-07
8.411382931e-01  4.3238797e-07
8.413065208e-01  4.3240122e-07
8.414747821e-01  4.3241639e-07
8.416430770e-01  4.3243270e-07
8.418114057e-01  4.3244960e-07
8.419797679e-01  4.3246687e-07
8.421481639e-01  4.3248472e-07
8.423165935e-01  4.3250366e-07
8.424850568e-01  4.3252448e-07
8.426535538e-01  4.3254805e-07
8.428220846e-01  4.3257516e-07
8.429906490e-01  4.3260643e-07
8.431592471e-01  4.3264212e-07
8.433278790e-01  4.3268217e-07
8.434965445e-01  4.3272614e-07
8.436652438e-01  4.3277333e-07
8.438339769e-01  4.3282283e-07
8.440027437e-01  4.3287367e-07
8.441715442e-01  4.3292499e-07
8.443403785e-01  4.3297614e-07
8.445092466e-01  4.3302679e-07
8.446781485e-01  4.3307703e-07
8.448470841e-01  4.3312729e-07
8.450160535e-01  4.3317834e-07
8.451850567e-01  4.3323107e-07
8.453540937e-01  4.3328643e-07
8.455231646e-01  4.3334521e-07
8.456922692e-01  4.3340799e-07
8.458614076e-01  4.3347509e-07
8.460305799e-01  4.3354666e-07
8.461997860e-01  4.3362282e-07
8.463690260e-01  4.3370382e-07
8.465382998e-01  4.3379016e-07
8.467076075e-01  4.3388260e-07
8.468769490e-01  4.3398212e-07
8.470463244e-01  4.3408973e-07
8.472157336e-01  4.3420626e-07
8.473851768e-01  4.3433218e-07
8.475546538e-01  4.3446752e-07
8.477241648e-01  4.3461194e-07
8.478937096e-01  4.3476478e-07
8.480632883e-01  4.3492531e-07
8.482329010e-01  4.3509281e-07
8.484025476e-01  4.3526672e-07
8.485722281e-01  4.3544668e-07
8.487419425e-01  4.3563245e-07
8.489116909e-01  4.3582391e-07
8.490814732e-01  4.3602103e-07
8.492512895e-01  4.3622379e-07
8.494211398e-01  4.3643224e-07
8.495910240e-01  4.3664645e-07
8.497609422e-01  4.3686654e-07
8.499308944e-01  4.3709255e-07
8.501008806e-01  4.3732435e-07
8.502709008e-01  4.3756157e-07
8.504409550e-01  4.3780349e-07
8.506110431e-01  4.3804902e-07
8.507811654e-01  4.3829676e-07
8.509513216e-01  4.3854505e-07
8.511215119e-01  4.3879214e-07
8.512917362e-01  4.3903624e-07
8.514619945e-01  4.3927561e-07
8.516322869e-01  4.3950854e-07
8.518026134e-01  4.3973331e-07
8.519729739e-01  4.3994809e-07
8.521433685e-01  4.4015087e-07
8.523137971e-01  4.4033943e-07
8.524842599e-01  4.4051138e-07
8.526547568e-01  4.4066424e-07
8.528252877e-01  4.4079563e-07
8.529958528e-01  4.4090344e-07
8.531664519e-01  4.4098612e-07
8.533370852e-01  4.4104283e-07
8.535077526e-01  4.4107359e-07
8.536784542e-01  4.4107931e-07
8.538491899e-01  4.4106167e-07
8.540199597e-01  4.4102291e-07
8.541907637e-01  4.4096555e-07
8.543616019e-01  4.4089215e-07
8.545324742e-01  4.4080510e-07
8.547033807e-01  4.4070647e-07
8.548743214e-01  4.4059802e-07
8.550452962e-01  4.4048119e-07
8.552163053e-01  4.4035711e-07
8.553873485e-01  4.4022664e-07
8.555584260e-01  4.4009042e-07
8.557295377e-01  4.3994893e-07
8.559006836e-01  4.3980253e-07
8.560718637e-01  4.3965162e-07
8.562430781e-01  4.3949665e-07
8.564143267e-01  4.3933830e-07
8.565856096e-01  4.3917739e-07
8.567569267e-01  4.3901492e-07
8.569282781e-01  4.3885188e-07
8.570996638e-01  4.3868908e-07
8.572710837e-01  4.3852701e-07
8.574425379e-01  4.3836571e-07
8.576140264e-01  4.3820475e-07
8.577855492e-01  4.3804332e-07
8.579571063e-01  4.3788036e-07
8.581286978e-01  4.3771478e-07
8.583003235e-01  4.3754562e-07
8.584719836e-01  4.3737216e-07
8.586436780e-01  4.3719400e-07
8.588154067e-01  4.3701105e-07
8.589871698e-01  4.3682344e-07
8.591589672e-01  4.3663150e-07
8.593307990e-01  4.3643562e-07
8.595026652e-01  4.3623620e-07
8.596745657e-01  4.3603363e-07
8.598465006e-01  4.3582826e-07
8.600184699e-01  4.3562042e-07
8.601904736e-01  4.3541044e-07
8.603625117e-01  4.3519860e-07
8.605345842e-01  4.3498518e-07
8.607066911e-01  4.3477043e-07
8.608788325e-01  4.3455450e-07
8.610510082e-01  4.3433749e-07
8.612232184e-01  4.3411938e-07
8.613954631e-01  4.3390005e-07
8.615677422e-01  4.3367933e-07
8.617400557e-01  4.3345700e-07
8.619124037e-01  4.3323291e-07
8.620847862e-01  4.3300700e-07
8.622572032e-01  4.3277942e-07
8.624296546e-01  4.3255058e-07
8.626021405e-01  4.3232113e-07
8.627746610e-01  4.3209202e-07
8.629472159e-01  4.3186438e-07
8.631198053e-01  4.3163941e-07
8.632924293e-01  4.3141832e-07
8.634650878e-01  4.3120214e-07
8.636377808e-01  4.3099170e-07
8.638105084e-01  4.3078750e-07
8.639832705e-01  4.3058978e-07
8.641560671e-01  4.3039852e-07
8.643288983e-01  4.3021352e-07
8.645017641e-01  4.3003452e-07
8.646746645e-01  4.2986122e-07
8.648475994e-01  4.2969335e-07
8.650205689e-01  4.2953066e-07
8.651935730e-01  4.2937292e-07
8.653666117e-01  4.2921982e-07
8.655396851e-01  4.2907097e-07
8.657127930e-01  4.2892583e-07
8.658859356e-01  4.2878372e-07
8.660591127e-01  4.2864386e-07
8.662323246e-01  4.2850543e-07
8.664055710e-01  4.2836768e-07
8.665788521e-01  4.2823001e-07
8.667521679e-01  4.2809208e-07
8.669255183e-01  4.2795386e-07
8.670989034e-01  4.2781564e-07
8.672723232e-01  4.2767809e-07
8.674457777e-01  4.2754223e-07
8.676192668e-01  4.2740933e-07
8.677927907e-01  4.2728081e-07
8.679663493e-01  4.2715801e-07
8.681399425e-01  4.2704193e-07
8.683135705e-01  4.2693298e-07
8.684872332e-01  4.2683076e-07
8.686609307e-01  4.2673407e-07
8.688346629e-01  4.2664101e-07
8.690084298e-01  4.2654929e-07
8.691822315e-01  4.2645673e-07
8.693560679e-01  4.2636168e-07
8.695299391e-01  4.2626334e-07
8.697038451e-01  4.2616190e-07
8.698777859e-01  4.2605836e-07
8.700517615e-01  4.2595424e-07
8.702257718e-01  4.2585114e-07
8.703998170e-01  4.2575044e-07
8.705738969e-01  4.2565305e-07
8.707480117e-01  4.2555941e-07
8.709221613e-01  4.2546959e-07
8.710963457e-01  4.2538343e-07
8.712705650e-01  4.2530069e-07
8.714448191e-01  4.2522116e-07
8.716191081e-01  4.2514468e-07
8.717934319e-01  4.2507115e-07
8.719677906e-01  4.2500050e-07
8.721421842e-01  4.2493264e-07
8.723166126e-01  4.2486746e-07
8.724910759e-01  4.2480479e-07
8.726655741e-01  4.2474441e-07
8.728401072e-01  4.2468605e-07
8.730146753e-01  4.2462946e-07
8.731892782e-01  4.2457440e-07
8.733639161e-01  4.2452073e-07
8.735385888e-01  4.2446845e-07
8.737132966e-01  4.2441763e-07
8.738880392e-01  4.2436843e-07
8.740628168e-01  4.2432102e-07
8.742376294e-01  4.2427556e-07
8.744124769e-01  4.2423216e-07
8.745873594e-01  4.2419088e-07
8.747622769e-01  4.2415176e-07
8.749372293e-01  4.2411484e-07
8.751122168e-01  4.2408019e-07
8.752872392e-01  4.2404788e-07
8.754622967e-01  4.2401796e-07
8.756373891e-01  4.2399042e-07
8.758125166e-01  4.2396515e-07
8.759876791e-01  4.2394195e-07
8.761628766e-01  4.2392053e-07
8.763381092e-01  4.2390059e-07
8.765133768e-01  4.2388185e-07
8.766886795e-01  4.2386417e-07
8.768640173e-01  4.2384755e-07
8.770393901e-01  4.2383211e-07
8.772147979e-01  4.2381811e-07
8.773902409e-01  4.2380581e-07
8.775657189e-01  4.2379546e-07
8.777412321e-01  4.2378721e-07
8.779167803e-01  4.2378107e-07
8.780923637e-01  4.2377694e-07
8.782679822e-01  4.2377465e-07
8.784436358e-01  4.2377397e-07
8.786193245e-01  4.2377474e-07
8.787950484e-01  4.2377690e-07
8.789708074e-01  4.2378048e-07
8.791466015e-01  4.2378566e-07
8.793224308e-01  4.2379265e-07
8.794982953e-01  4.2380168e-07
8.796741950e-01  4.2381291e-07
8.798501298e-01  4.2382642e-07
8.800260999e-01  4.2384219e-07
8.802021051e-01  4.2386017e-07
8.803781455e-01  4.2388032e-07
8.805542211e-01  4.2390263e-07
8.807303320e-01  4.2392717e-07
8.809064780e-01  4.2395406e-07
8.810826593e-01  4.2398342e-07
8.812588759e-01  4.2401527e-07
8.814351276e-01  4.2404947e-07
8.816114147e-01  4.2408573e-07
8.817877369e-01  4.2412359e-07
8.819640945e-01  4.2416254e-07
8.821404873e-01  4.2420211e-07
8.823169154e-01  4.2424192e-07
8.824933788e-01  4.2428175e-07
8.826698775e-01  4.2432144e-07
8.828464114e-01  4.2436077e-07
8.830229807e-01  4.2439935e-07
8.831995853e-01  4.2443646e-07
8.833762252e-01  4.2447116e-07
8.835529005e-01  4.2450236e-07
8.837296111e-01  4.2452911e-07
8.839063570e-01  4.2455087e-07
8.840831383e-01  4.2456770e-07
8.842599549e-01  4.2458036e-07
8.844368069e-01  4.2459022e-07
8.846136942e-01  4.2459907e-07
8.847906170e-01  4.2460887e-07
8.849675751e-01  4.2462143e-07
8.851445686e-01  4.2463819e-07
8.853215975e-01  4.2466018e-07
8.854986619e-01  4.2468789e-07
8.856757616e-01  4.2472139e-07
8.858528967e-01  4.2476036e-07
8.860300673e-01  4.2480413e-07
8.862072733e-01  4.2485170e-07
8.863845148e-01  4.2490167e-07
8.865617917e-01  4.2495229e-07
8.867391040e-01  4.2500149e-07
8.869164519e-01  4.2504712e-07
8.870938352e-01  4.2508713e-07
8.872712539e-01  4.2511993e-07
8.874487082e-01  4.2514456e-07
8.876261979e-01  4.2516086e-07
8.878037232e-01  4.2516934e-07
8.879812839e-01  4.2517110e-07
8.881588802e-01  4.2516755e-07
8.883365119e-01  4.2516014e-07
8.885141792e-01  4.2515015e-07
8.886918821e-01  4.2513851e-07
8.888696204e-01  4.2512566e-07
8.890473944e-01  4.2511158e-07
8.892252038e-01  4.2509573e-07
8.894030489e-01  4.2507723e-07
8.895809295e-01  4.2505498e-07
8.897588457e-01  4.2502782e-07
8.899367975e-01  4.2499473e-07
8.901147848e-01  4.2495500e-07
8.902928078e-01  4.2490833e-07
8.904708663e-01  4.2485498e-07
8.906489605e-01  4.2479577e-07
8.908270903e-01  4.2473213e-07
8.910052557e-01  4.2466595e-07
8.911834568e-01  4.2459956e-07
8.913616935e-01  4.2453545e-07
8.915399658e-01  4.2447614e-07
8.917182738e-01  4.2442392e-07
8.918966174e-01  4.2438074e-07
8.920749968e-01  4.2434801e-07
8.922534118e-01  4.2432666e-07
8.924318625e-01  4.2431704e-07
8.926103488e-01  4.2431903e-07
8.927888709e-01  4.2433213e-07
8.929674287e-01  4.2435558e-07
8.931460222e-01  4.2438852e-07
8.933246514e-01  4.2443014e-07
8.935033163e-01  4.2447978e-07
8.936820170e-01  4.2453706e-07
8.938607534e-01  4.2460188e-07
8.940395255e-01  4.2467434e-07
8.942183334e-01  4.2475463e-07
8.943971771e-01  4.2484287e-07
8.945760565e-01  4.2493895e-07
8.947549717e-01  4.2504244e-07
8.949339227e-01  4.2515251e-07
8.951129095e-01  4.2526805e-07
8.952919321e-01  4.2538776e-07
8.954709905e-01  4.2551027e-07
8.956500847e-01  4.2563418e-07
8.958292147e-01  4.2575811e-07
8.960083805e-01  4.2588048e-07
8.961875822e-01  4.2599947e-07
8.963668197e-01  4.2611298e-07
8.965460931e-01  4.2621883e-07
8.967254023e-01  4.2631514e-07
8.969047474e-01  4.2640091e-07
8.970841283e-01  4.2647656e-07
8.972635452e-01  4.2654432e-07
8.974429979e-01  4.2660822e-07
8.976224865e-01  4.2667358e-07
8.978020110e-01  4.2674605e-07
8.979815714e-01  4.2683013e-07
8.981611677e-01  4.2692758e-07
8.983407999e-01  4.2703610e-07
8.985204681e-01  4.2714881e-07
8.987001722e-01  4.2725489e-07
8.988799122e-01  4.2734159e-07
8.990596882e-01  4.2739701e-07
8.992395001e-01  4.2741301e-07
8.994193480e-01  4.2738725e-07
8.995992319e-01  4.2732354e-07
8.997791517e-01  4.2723045e-07
8.999591076e-01  4.2711879e-07
9.001390994e-01  4.2699879e-07
9.003191272e-01  4.2687817e-07
9.004991910e-01  4.2676151e-07
9.006792909e-01  4.2665081e-07
9.008594267e-01  4.2654657e-07
9.010395986e-01  4.2644870e-07
9.012198065e-01  4.2635671e-07
9.014000505e-01  4.2626930e-07
9.015803305e-01  4.2618366e-07
9.017606466e-01  4.2609512e-07
9.019409987e-01  4.2599734e-07
9.021213869e-01  4.2588319e-07
9.023018112e-01  4.2574604e-07
9.024822715e-01  4.2558110e-07
9.026627680e-01  4.2538644e-07
9.028433006e-01  4.2516361e-07
9.030238692e-01  4.2491763e-07
9.032044740e-01  4.2465634e-07
9.033851149e-01  4.2438933e-07
9.035657919e-01  4.2412650e-07
9.037465051e-01  4.2387661e-07
9.039272544e-01  4.2364612e-07
9.041080398e-01  4.2343862e-07
9.042888614e-01  4.2325490e-07
9.044697192e-01  4.2309357e-07
9.046506131e-01  4.2295200e-07
9.048315433e-01  4.2282729e-07
9.050125096e-01  4.2271698e-07
9.051935121e-01  4.2261949e-07
9.053745508e-01  4.2253426e-07
9.055556257e-01  4.2246165e-07
9.057367368e-01  4.2240275e-07
9.059178842e-01  4.2235897e-07
9.060990677e-01  4.2233148e-07
9.062802875e-01  4.2232045e-07
9.064615436e-01  4.2232439e-07
9.066428359e-01  4.2233957e-07
9.068241645e-01  4.2236005e-07
9.070055293e-01  4.2237828e-07
9.071869304e-01  4.2238630e-07
9.073683678e-01  4.2237726e-07
9.075498415e-01  4.2234665e-07
9.077313514e-01  4.2229298e-07
9.079128977e-01  4.2221769e-07
9.080944803e-01  4.2212430e-07
9.082760992e-01  4.2201733e-07
9.084577544e-01  4.2190132e-07
9.086394460e-01  4.2178018e-07
9.088211739e-01  4.2165717e-07
9.090029381e-01  4.2153496e-07
9.091847387e-01  4.2141588e-07
9.093665756e-01  4.2130190e-07
9.095484489e-01  4.2119431e-07
9.097303586e-01  4.2109339e-07
9.099123047e-01  4.2099812e-07
9.100942872e-01  4.2090629e-07
9.102763060e-01  4.2081517e-07
9.104583613e-01  4.2072239e-07
9.106404530e-01  4.2062695e-07
9.108225810e-01  4.2052979e-07
9.110047456e-01  4.2043367e-07
9.111869465e-01  4.2034241e-07
9.113691839e-01  4.2025971e-07
9.115514577e-01  4.2018809e-07
9.117337680e-01  4.2012834e-07
9.119161148e-01  4.2007978e-07
9.120984980e-01  4.2004111e-07
9.122809177e-01  4.2001130e-07
9.124633739e-01  4.1999008e-07
9.126458666e-01  4.1997755e-07
9.128283957e-01  4.1997308e-07
9.130109614e-01  4.1997410e-07
9.131935636e-01  4.1997536e-07
9.133762023e-01  4.1996937e-07
9.135588776e-01  4.1994809e-07
9.137415893e-01  4.1990530e-07
9.139243377e-01  4.1983897e-07
9.141071225e-01  4.1975255e-07
9.142899439e-01  4.1965468e-07
9.144728019e-01  4.1955716e-07
9.146556965e-01  4.1947177e-07
9.148386276e-01  4.1940695e-07
9.150215954e-01  4.1936526e-07
9.152045997e-01  4.1934272e-07
9.153876406e-01  4.1933006e-07
9.155707181e-01  4.1931566e-07
9.157538323e-01  4.1928915e-07
9.159369830e-01  4.1924460e-07
9.161201704e-01  4.1918210e-07
9.163033945e-01  4.1910752e-07
9.164866551e-01  4.1903035e-07
9.166699525e-01  4.1896063e-07
9.168532865e-01  4.1890584e-07
9.170366571e-01  4.1886879e-07
9.172200645e-01  4.1884702e-07
9.174035085e-01  4.1883384e-07
9.175869892e-01  4.1882037e-07
9.177705066e-01  4.1879809e-07
9.179540607e-01  4.1876082e-07
9.181376515e-01  4.1870602e-07
9.183212790e-01  4.1863476e-07
9.185049433e-01  4.1855095e-07
9.186886443e-01  4.1845995e-07
9.188723820e-01  4.1836720e-07
9.190561565e-01  4.1827716e-07
9.192399677e-01  4.1819271e-07
9.194238157e-01  4.1811517e-07
9.196077004e-01  4.1804473e-07
9.197916220e-01  4.1798104e-07
9.199755803e-01  4.1792381e-07
9.201595754e-01  4.1787317e-07
9.203436073e-01  4.1782969e-07
9.205276761e-01  4.1779408e-07
9.207117816e-01  4.1776669e-07
9.208959240e-01  4.1774712e-07
9.210801031e-01  4.1773401e-07
9.212643192e-01  4.1772513e-07
9.214485720e-01  4.1771780e-07
9.216328617e-01  4.1770950e-07
9.218171883e-01  4.1769832e-07
9.220015517e-01  4.1768339e-07
9.221859521e-01  4.1766495e-07
9.223703893e-01  4.1764412e-07
9.225548633e-01  4.1762255e-07
9.227393743e-01  4.1760199e-07
9.229239222e-01  4.1758395e-07
9.231085070e-01  4.1756942e-07
9.232931287e-01  4.1755890e-07
9.234777873e-01  4.1755237e-07
9.236624828e-01  4.1754947e-07
9.238472153e-01  4.1754956e-07
9.240319848e-01  4.1755179e-07
9.242167912e-01  4.1755509e-07
9.244016345e-01  4.1755819e-07
9.245865149e-01  4.1755966e-07
9.247714322e-01  4.1755803e-07
9.249563865e-01  4.1755204e-07
9.251413777e-01  4.1754089e-07
9.253264060e-01  4.1752444e-07
9.255114713e-01  4.1750328e-07
9.256965736e-01  4.1747864e-07
9.258817129e-01  4.1745228e-07
9.260668892e-01  4.1742628e-07
9.262521026e-01  4.1740300e-07
9.264373530e-01  4.1738500e-07
9.266226405e-01  4.1737498e-07
9.268079650e-01  4.1737553e-07
9.269933266e-01  4.1738867e-07
9.271787253e-01  4.1741523e-07
9.273641610e-01  4.1745436e-07
9.275496339e-01  4.1750319e-07
9.277351438e-01  4.1755721e-07
9.279206908e-01  4.1761100e-07
9.281062750e-01  4.1765957e-07
9.282918962e-01  4.1769960e-07
9.284775546e-01  4.1773046e-07
9.286632501e-01  4.1775458e-07
9.288489828e-01  4.1777717e-07
9.290347526e-01  4.1780526e-07
9.292205595e-01  4.1784667e-07
9.294064036e-01  4.1790900e-07
9.295922849e-01  4.1799909e-07
9.297782034e-01  4.1812296e-07
9.299641590e-01  4.1828591e-07
9.301501518e-01  4.1849264e-07
9.303361819e-01  4.1874700e-07
9.305222491e-01  4.1905121e-07
9.307083535e-01  4.1940469e-07
9.308944952e-01  4.1980293e-07
9.310806741e-01  4.2023671e-07
9.312668903e-01  4.2069230e-07
9.314531436e-01  4.2115256e-07
9.316394343e-01  4.2159908e-07
9.318257621e-01  4.2201475e-07
9.320121273e-01  4.2238647e-07
9.321985297e-01  4.2270749e-07
9.323849694e-01  4.2297904e-07
9.325714464e-01  4.2321091e-07
9.327579607e-01  4.2342074e-07
9.329445123e-01  4.2363184e-07
9.331311012e-01  4.2386906e-07
9.333177274e-01  4.2415327e-07
9.335043910e-01  4.2449521e-07
9.336910919e-01  4.2489044e-07
9.338778301e-01  4.2531739e-07
9.340646056e-01  4.2574012e-07
9.342514186e-01  4.2611607e-07
9.344382688e-01  4.2640690e-07
9.346251565e-01  4.2658901e-07
9.348120815e-01  4.2665972e-07
9.349990439e-01  4.2663653e-07
9.351860438e-01  4.2654979e-07
9.353730810e-01  4.2643184e-07
9.355601556e-01  4.2630753e-07
9.357472676e-01  4.2618990e-07
9.359344171e-01  4.2608212e-07
9.361216039e-01  4.2598348e-07
9.363088283e-01  4.2589542e-07
9.364960900e-01  4.2582405e-07
9.366833892e-01  4.2577807e-07
9.368707259e-01  4.2576355e-07
9.370581001e-01  4.2577869e-07
9.372455117e-01  4.2581128e-07
9.374329608e-01  4.2583990e-07
9.376204474e-01  4.2583794e-07
9.378079715e-01  4.2577876e-07
9.379955331e-01  4.2564020e-07
9.381831322e-01  4.2540782e-07
9.383707688e-01  4.2507679e-07
9.385584430e-01  4.2465294e-07
9.387461546e-01  4.2415294e-07
9.389339039e-01  4.2360340e-07
9.391216907e-01  4.2303834e-07
9.393095150e-01  4.2249512e-07
9.394973769e-01  4.2200931e-07
9.396852764e-01  4.2160974e-07
9.398732134e-01  4.2131495e-07
9.400611881e-01  4.2113199e-07
9.402492003e-01  4.2105747e-07
9.404372502e-01  4.2108041e-07
9.406253376e-01  4.2118575e-07
9.408134627e-01  4.2135785e-07
9.410016254e-01  4.2158325e-07
9.411898257e-01  4.2185280e-07
9.413780637e-01  4.2216268e-07
9.415663393e-01  4.2251407e-07
9.417546525e-01  4.2291101e-07
9.419430035e-01  4.2335651e-07
9.421313921e-01  4.2384789e-07
9.423198183e-01  4.2437289e-07
9.425082823e-01  4.2490888e-07
9.426967840e-01  4.2542601e-07
9.428853233e-01  4.2589376e-07
9.430739004e-01  4.2628854e-07
9.432625152e-01  4.2659861e-07
9.434511677e-01  4.2682413e-07
9.436398579e-01  4.2697228e-07
9.438285859e-01  4.2705007e-07
9.440173516e-01  4.2705904e-07
9.442061551e-01  4.2699516e-07
9.443949963e-01  4.2685417e-07
9.445838753e-01  4.2663967e-07
9.447727921e-01  4.2636899e-07
9.449617466e-01  4.2607305e-07
9.451507390e-01  4.2578907e-07
9.453397691e-01  4.2554875e-07
9.455288371e-01  4.2536698e-07
9.457179428e-01  4.2523617e-07
9.459070864e-01  4.2512877e-07
9.460962678e-01  4.2500719e-07
9.462854871e-01  4.2483727e-07
9.464747442e-01  4.2460016e-07
9.466640391e-01  4.2429849e-07
9.468533720e-01  4.2395493e-07
9.470427426e-01  4.2360427e-07
9.472321512e-01  4.2328218e-07
9.474215976e-01  4.2301451e-07
9.476110819e-01  4.2281067e-07
9.478006041e-01  4.2266297e-07
9.479901643e-01  4.2255179e-07
9.481797623e-01  4.2245458e-07
9.483693982e-01  4.2235547e-07
9.485590721e-01  4.2225174e-07
9.487487839e-01  4.2215467e-07
9.489385337e-01  4.2208388e-07
9.491283214e-01  4.2205722e-07
9.493181471e-01  4.2207998e-07
9.495080107e-01  4.2213795e-07
9.496979123e-01  4.2219748e-07
9.498878519e-01  4.2221337e-07
9.500778295e-01  4.2214224e-07
9.502678450e-01  4.2195695e-07
9.504578986e-01  4.2165698e-07
9.506479902e-01  4.2127125e-07
9.508381198e-01  4.2085193e-07
9.510282874e-01  4.2046125e-07
9.512184930e-01  4.2015511e-07
9.514087367e-01  4.1996863e-07
9.515990185e-01  4.1990750e-07
9.517893383e-01  4.1994764e-07
9.519796962e-01  4.2004257e-07
9.521700921e-01  4.2013620e-07
9.523605261e-01  4.2017717e-07
9.525509982e-01  4.2013086e-07
9.527415084e-01  4.1998622e-07
9.529320567e-01  4.1975610e-07
9.531226431e-01  4.1947187e-07
9.533132677e-01  4.1917409e-07
9.535039303e-01  4.1890211e-07
9.536946311e-01  4.1868530e-07
9.538853700e-01  4.1853777e-07
9.540761471e-01  4.1845755e-07
9.542669623e-01  4.1842971e-07
9.544578157e-01  4.1843226e-07
9.546487073e-01  4.1844273e-07
9.548396370e-01  4.1844359e-07
9.550306050e-01  4.1842527e-07
9.552216111e-01  4.1838624e-07
9.554126554e-01  4.1833078e-07
9.556037379e-01  4.1826562e-07
9.557948587e-01  4.1819660e-07
9.559860177e-01  4.1812650e-07
9.561772149e-01  4.1805419e-07
9.563684503e-01  4.1797528e-07
9.565597240e-01  4.1788386e-07
9.567510359e-01  4.1777485e-07
9.569423861e-01  4.1764631e-07
9.571337746e-01  4.1750096e-07
9.573252014e-01  4.1734636e-07
9.575166664e-01  4.1719349e-07
9.577081698e-01  4.1705412e-07
9.578997114e-01  4.1693788e-07
9.580912913e-01  4.1684998e-07
9.582829096e-01  4.1679025e-07
9.584745662e-01  4.1675361e-07
9.586662611e-01  4.1673155e-07
9.588579943e-01  4.1671407e-07
9.590497659e-01  4.1669149e-07
9.592415759e-01  4.1665599e-07
9.594334242e-01  4.1660264e-07
9.596253109e-01  4.1652989e-07
9.598172359e-01  4.1643930e-07
9.600091994e-01  4.1633467e-07
9.602012012e-01  4.1622082e-07
9.603932415e-01  4.1610252e-07
9.605853201e-01  4.1598410e-07
9.607774372e-01  4.1586974e-07
9.609695927e-01  4.1576411e-07
9.611617866e-01  4.1567250e-07
9.613540190e-01  4.1560018e-07
9.615462898e-01  4.1555070e-07
9.617385990e-01  4.1552405e-07
9.619309467e-01  4.1551544e-07
9.621233329e-01  4.1551581e-07
9.623157576e-01  4.1551400e-07
9.625082207e-01  4.1550007e-07
9.627007224e-01  4.1546850e-07
9.628932625e-01  4.1541992e-07
9.630858412e-01  4.1536067e-07
9.632784583e-01  4.1530031e-07
9.634711140e-01  4.1524806e-07
9.636638083e-01  4.1520949e-07
9.638565410e-01  4.1518471e-07
9.640493123e-01  4.1516850e-07
9.642421222e-01  4.1515238e-07
9.644349706e-01  4.1512764e-07
9.646278576e-01  4.1508823e-07
9.648207832e-01  4.1503281e-07
9.650137473e-01  4.1496513e-07
9.652067501e-01  4.1489287e-07
9.653997914e-01  4.1482528e-07
9.655928714e-01  4.1477021e-07
9.657859900e-01  4.1473164e-07
9.659791472e-01  4.1470826e-07
9.661723430e-01  4.1469360e-07
9.663655775e-01  4.1467776e-07
9.665588506e-01  4.1465015e-07
9.667521624e-01  4.1460233e-07
9.669455128e-01  4.1453010e-07
9.671389019e-01  4.1443425e-07
9.673323297e-01  4.1431974e-07
9.675257961e-01  4.1419388e-07
9.677193013e-01  4.1406413e-07
9.679128452e-01  4.1393637e-07
9.681064277e-01  4.1381409e-07
9.683000490e-01  4.1369871e-07
9.684937090e-01  4.1359058e-07
9.686874078e-01  4.1349016e-07
9.688811452e-01  4.1339881e-07
9.690749215e-01  4.1331885e-07
9.692687365e-01  4.1325291e-07
9.694625902e-01  4.1320290e-07
9.696564827e-01  4.1316912e-07
9.698504140e-01  4.1314983e-07
9.700443841e-01  4.1314154e-07
9.702383930e-01  4.1313977e-07
9.704324407e-01  4.1314018e-07
9.706265271e-01  4.1313948e-07
9.708206525e-01  4.1313590e-07
9.710148166e-01  4.1312910e-07
9.712090195e-01  4.1311966e-07
9.714032614e-01  4.1310843e-07
9.715975420e-01  4.1309609e-07
9.717918615e-01  4.1308304e-07
9.719862199e-01  4.1306964e-07
9.721806171e-01  4.1305667e-07
9.723750533e-01  4.1304562e-07
9.725695283e-01  4.1303875e-07
9.727640422e-01  4.1303873e-07
9.729585950e-01  4.1304799e-07
9.731531867e-01  4.1306795e-07
9.733478173e-01  4.1309841e-07
9.735424869e-01  4.1313715e-07
9.737371954e-01  4.1318024e-07
9.739319428e-01  4.1322261e-07
9.741267292e-01  4.1325910e-07
9.743215546e-01  4.1328552e-07
9.745164189e-01  4.1329942e-07
9.747113222e-01  4.1330041e-07
9.749062644e-01  4.1328983e-07
9.751012457e-01  4.1326999e-07
9.752962659e-01  4.1324311e-07
9.754913252e-01  4.1321042e-07
9.756864234e-01  4.1317169e-07
9.758815607e-01  4.1312546e-07
9.760767370e-01  4.1306983e-07
9.762719524e-01  4.1300362e-07
9.764672068e-01  4.1292740e-07
9.766625002e-01  4.1284403e-07
9.768578327e-01  4.1275846e-07
9.770532043e-01  4.1267674e-07
9.772486149e-01  4.1260470e-07
9.774440647e-01  4.1254654e-07
9.776395535e-01  4.1250403e-07
9.778350814e-01  4.1247626e-07
9.780306484e-01  4.1246024e-07
9.782262545e-01  4.1245191e-07
9.784218998e-01  4.1244722e-07
9.786175842e-01  4.1244298e-07
9.788133077e-01  4.1243714e-07
9.790090703e-01  4.1242862e-07
9.792048721e-01  4.1241686e-07
9.794007131e-01  4.1240130e-07
9.795965933e-01  4.1238113e-07
9.797925126e-01  4.1235536e-07
9.799884711e-01  4.1232311e-07
9.801844688e-01  4.1228407e-07
9.803805057e-01  4.1223881e-07
9.805765818e-01  4.1218889e-07
9.807726971e-01  4.1213672e-07
9.809688516e-01  4.1208519e-07
9.811650454e-01  4.1203714e-07
9.813612784e-01  4.1199492e-07
9.815575507e-01  4.1195999e-07
9.817538622e-01  4.1193275e-07
9.819502129e-01  4.1191266e-07
9.821466030e-01  4.1189837e-07
9.823430323e-01  4.1188810e-07
9.825395009e-01  4.1187997e-07
9.827360088e-01  4.1187233e-07
9.829325560e-01  4.1186409e-07
9.831291425e-01  4.1185481e-07
9.833257684e-01  4.1184476e-07
9.835224335e-01  4.1183476e-07
9.837191380e-01  4.1182596e-07
9.839158818e-01  4.1181946e-07
9.841126650e-01  4.1181608e-07
9.843094875e-01  4.1181613e-07
9.845063494e-01  4.1181938e-07
9.847032507e-01  4.1182523e-07
9.849001914e-01  4.1183293e-07
9.850971714e-01  4.1184186e-07
9.852941908e-01  4.1185175e-07
9.854912497e-01  4.1186284e-07
9.856883479e-01  4.1187574e-07
9.858854856e-01  4.1189140e-07
9.860826627e-01  4.1191079e-07
9.862798792e-01  4.1193478e-07
9.864771352e-01  4.1196392e-07
9.866744306e-01  4.1199841e-07
9.868717655e-01  4.1203808e-07
9.870691399e-01  4.1208244e-07
9.872665537e-01  4.1213079e-07
9.874640070e-01  4.1218230e-07
9.876614998e-01  4.1223616e-07
9.878590321e-01  4.1229166e-07
9.880566039e-01  4.1234827e-07
9.882542152e-01  4.1240585e-07
9.884518661e-01  4.1246475e-07
9.886495564e-01  4.1252598e-07
9.888472863e-01  4.1259142e-07
9.890450558e-01  4.1266390e-07
9.892428648e-01  4.1274726e-07
9.894407134e-01  4.1284619e-07
9.896386015e-01  4.1296583e-07
9.898365293e-01  4.1311104e-07
9.900344966e-01  4.1328542e-07
9.902325035e-01  4.1348995e-07
9.904305500e-01  4.1372174e-07
9.906286361e-01  4.1397301e-07
9.908267618e-01  4.1423086e-07
9.910249271e-01  4.1447818e-07
9.912231321e-01  4.1469574e-07
9.914213768e-01  4.1486530e-07
9.916196610e-01  4.1497299e-07
9.918179850e-01  4.1501213e-07
9.920163486e-01  4.1498466e-07
9.922147518e-01  4.1490065e-07
9.924131948e-01  4.1477608e-07
9.926116774e-01  4.1462943e-07
9.928101998e-01  4.1447818e-07
9.930087618e-01  4.1433602e-07
9.932073636e-01  4.1421133e-07
9.934060050e-01  4.1410708e-07
9.936046862e-01  4.1402179e-07
9.938034072e-01  4.1395097e-07
9.940021678e-01  4.1388867e-07
9.942009683e-01  4.1382869e-07
9.943998085e-01  4.1376550e-07
9.945986884e-01  4.1369469e-07
9.947976082e-01  4.1361335e-07
9.949965677e-01  4.1352015e-07
9.951955670e-01  4.1341528e-07
9.953946061e-01  4.1330023e-07
9.955936850e-01  4.1317741e-07
9.957928038e-01  4.1304970e-07
9.959919623e-01  4.1292008e-07
9.961911607e-01  4.1279141e-07
9.963903990e-01  4.1266629e-07
9.965896770e-01  4.1254699e-07
9.967889950e-01  4.1243530e-07
9.969883528e-01  4.1233229e-07
9.971877504e-01  4.1223811e-07
9.973871880e-01  4.1215192e-07
9.975866654e-01  4.1207210e-07
9.977861828e-01  4.1199673e-07
9.979857400e-01  4.1192421e-07
9.981853372e-01  4.1185364e-07
9.983849742e-01  4.1178498e-07
9.985846512e-01  4.1171874e-07
9.987843681e-01  4.1165555e-07
9.989841250e-01  4.1159568e-07
9.991839218e-01  4.1153886e-07
9.993837586e-01  4.1148433e-07
9.995836354e-01  4.1143125e-07
9.997835521e-01  4.1137910e-07
9.999835088e-01  4.1132802e-07
1.000183506e+00  4.1127876e-07
1.000383542e+00  4.1123244e-07
1.000583619e+00  4.1119010e-07
1.000783736e+00  4.1115223e-07
1.000983892e+00  4.1111854e-07
1.001184089e+00  4.1108795e-07
1.001384326e+00  4.1105891e-07
1.001584603e+00  4.1102981e-07
1.001784920e+00  4.1099947e-07
1.001985277e+00  4.1096743e-07
1.002185674e+00  4.1093407e-07
1.002386111e+00  4.1090036e-07
1.002586588e+00  4.1086757e-07
1.002787105e+00  4.1083675e-07
1.002987663e+00  4.1080848e-07
1.003188260e+00  4.1078262e-07
1.003388898e+00  4.1075843e-07
1.003589576e+00  4.1073484e-07
1.003790294e+00  4.1071080e-07
1.003991052e+00  4.1068559e-07
1.004191850e+00  4.1065909e-07
1.004392688e+00  4.1063175e-07
1.004593567e+00  4.1060445e-07
1.004794486e+00  4.1057827e-07
1.004995445e+00  4.1055416e-07
1.005196444e+00  4.1053268e-07
1.005397483e+00  4.1051388e-07
1.005598562e+00  4.1049728e-07
1.005799682e+00  4.1048200e-07
1.006000842e+00  4.1046700e-07
1.006202042e+00  4.1045134e-07
1.006403283e+00  4.1043436e-07
1.006604563e+00  4.1041578e-07
1.006805884e+00  4.1039578e-07
1.007007245e+00  4.1037484e-07
1.007208647e+00  4.1035365e-07
1.007410089e+00  4.1033298e-07
1.007611571e+00  4.1031350e-07
1.007813093e+00  4.1029577e-07
1.008014656e+00  4.1028011e-07
1.008216258e+00  4.1026657e-07
1.008417902e+00  4.1025495e-07
1.008619585e+00  4.1024473e-07
1.008821309e+00  4.1023518e-07
1.009023074e+00  4.1022547e-07
1.009224878e+00  4.1021477e-07
1.009426723e+00  4.1020243e-07
1.009628608e+00  4.1018810e-07
1.009830534e+00  4.1017179e-07
1.010032500e+00  4.1015386e-07
1.010234507e+00  4.1013493e-07
1.010436554e+00  4.1011580e-07
1.010638641e+00  4.1009729e-07
1.010840769e+00  4.1008010e-07
1.011042937e+00  4.1006468e-07
1.011245145e+00  4.1005117e-07
1.011447394e+00  4.1003937e-07
1.011649684e+00  4.1002879e-07
1.011852014e+00  4.1001872e-07
1.012054384e+00  4.1000842e-07
1.012256795e+00  4.0999722e-07
1.012459247e+00  4.0998465e-07
1.012661738e+00  4.0997052e-07
1.012864271e+00  4.0995490e-07
1.013066844e+00  4.0993808e-07
1.013269457e+00  4.0992047e-07
1.013472111e+00  4.0990250e-07
1.013674805e+00  4.0988460e-07
1.013877540e+00  4.0986712e-07
1.014080316e+00  4.0985032e-07
1.014283132e+00  4.0983442e-07
1.014485988e+00  4.0981951e-07
1.014688886e+00  4.0980560e-07
1.014891823e+00  4.0979260e-07
1.015094802e+00  4.0978030e-07
1.015297821e+00  4.0976845e-07
1.015500880e+00  4.0975674e-07
1.015703980e+00  4.0974488e-07
1.015907121e+00  4.0973268e-07
1.016110303e+00  4.0972002e-07
1.016313525e+00  4.0970690e-07
1.016516787e+00  4.0969341e-07
1.016720091e+00  4.0967966e-07
1.016923435e+00  4.0966579e-07
1.017126820e+00  4.0965189e-07
1.017330245e+00  4.0963803e-07
1.017533711e+00  4.0962423e-07
1.017737218e+00  4.0961051e-07
1.017940765e+00  4.0959693e-07
1.018144353e+00  4.0958353e-07
1.018347982e+00  4.0957039e-07
1.018551652e+00  4.0955756e-07
1.018755362e+00  4.0954504e-07
1.018959113e+00  4.0953276e-07
1.019162905e+00  4.0952060e-07
1.019366738e+00  4.0950841e-07
1.019570611e+00  4.0949606e-07
1.019774525e+00  4.0948349e-07
1.019978480e+00  4.0947074e-07
1.020182476e+00  4.0945793e-07
1.020386512e+00  4.0944524e-07
1.020590589e+00  4.0943281e-07
1.020794708e+00  4.0942074e-07
1.020998866e+00  4.0940899e-07
1.021203066e+00  4.0939748e-07
1.021407307e+00  4.0938607e-07
1.021611588e+00  4.0937462e-07
1.021815911e+00  4.0936308e-07
1.022020274e+00  4.0935147e-07
1.022224678e+00  4.0933991e-07
1.022429123e+00  4.0932852e-07
1.022633609e+00  4.0931742e-07
1.022838135e+00  4.0930660e-07
1.023042703e+00  4.0929598e-07
1.023247312e+00  4.0928536e-07
1.023451961e+00  4.0927450e-07
1.023656651e+00  4.0926318e-07
1.023861383e+00  4.0925123e-07
1.024066155e+00  4.0923863e-07
1.024270968e+00  4.0922547e-07
1.024475822e+00  4.0921195e-07
1.024680718e+00  4.0919830e-07
1.024885654e+00  4.0918477e-07
1.025090631e+00  4.0917156e-07
1.025295649e+00  4.0915877e-07
1.025500708e+00  4.0914647e-07
1.025705808e+00  4.0913465e-07
1.025910949e+00  4.0912331e-07
1.026116132e+00  4.0911242e-07
1.026321355e+00  4.0910197e-07
1.026526619e+00  4.0909192e-07
1.026731924e+00  4.0908217e-07
1.026937271e+00  4.0907261e-07
1.027142658e+00  4.0906304e-07
1.027348087e+00  4.0905329e-07
1.027553556e+00  4.0904317e-07
1.027759067e+00  4.0903261e-07
1.027964619e+00  4.0902160e-07
1.028170212e+00  4.0901022e-07
1.028375846e+00  4.0899863e-07
1.028581521e+00  4.0898702e-07
1.028787237e+00  4.0897554e-07
1.028992995e+00  4.0896429e-07
1.029198793e+00  4.0895333e-07
1.029404633e+00  4.0894262e-07
1.029610514e+00  4.0893210e-07
1.029816436e+00  4.0892169e-07
1.030022399e+00  4.0891132e-07
1.030228404e+00  4.0890095e-07
1.030434450e+00  4.0889056e-07
1.030640537e+00  4.0888017e-07
1.030846665e+00  4.0886983e-07
1.031052834e+00  4.0885956e-07
1.031259045e+00  4.0884941e-07
1.031465296e+00  4.0883939e-07
1.031671589e+00  4.0882949e-07
1.031877924e+00  4.0881970e-07
1.032084299e+00  4.0881000e-07
1.032290716e+00  4.0880035e-07
1.032497174e+00  4.0879073e-07
1.032703674e+00  4.0878111e-07
1.032910214e+00  4.0877146e-07
1.033116797e+00  4.0876176e-07
1.033323420e+00  4.0875202e-07
1.033530085e+00  4.0874228e-07
1.033736791e+00  4.0873264e-07
1.033943538e+00  4.0872328e-07
1.034150327e+00  4.0871446e-07
1.034357157e+00  4.0870657e-07
1.034564028e+00  4.0870019e-07
1.034770941e+00  4.0869605e-07
1.034977895e+00  4.0869509e-07
1.035184891e+00  4.0869837e-07
1.035391928e+00  4.0870690e-07
1.035599006e+00  4.0872141e-07
1.035806126e+00  4.0874206e-07
1.036013287e+00  4.0876812e-07
1.036220490e+00  4.0879790e-07
1.036427734e+00  4.0882873e-07
1.036635019e+00  4.0885734e-07
1.036842346e+00  4.0888038e-07
1.037049715e+00  4.0889506e-07
1.037257125e+00  4.0889977e-07
1.037464576e+00  4.0889436e-07
1.037672069e+00  4.0888022e-07
1.037879604e+00  4.0885988e-07
1.038087180e+00  4.0883644e-07
1.038294797e+00  4.0881288e-07
1.038502456e+00  4.0879153e-07
1.038710156e+00  4.0877367e-07
1.038917898e+00  4.0875959e-07
1.039125682e+00  4.0874869e-07
1.039333507e+00  4.0873994e-07
1.039541374e+00  4.0873216e-07
1.039749282e+00  4.0872443e-07
1.039957232e+00  4.0871621e-07
1.040165223e+00  4.0870750e-07
1.040373256e+00  4.0869881e-07
1.040581331e+00  4.0869119e-07
1.040789447e+00  4.0868613e-07
1.040997605e+00  4.0868542e-07
1.041205805e+00  4.0869098e-07
1.041414046e+00  4.0870453e-07
1.041622329e+00  4.0872723e-07
1.041830653e+00  4.0875937e-07
1.042039019e+00  4.0880016e-07
1.042247427e+00  4.0884775e-07
1.042455877e+00  4.0889951e-07
1.042664368e+00  4.0895248e-07
1.042872901e+00  4.0900388e-07
1.043081475e+00  4.0905162e-07
1.043290092e+00  4.0909456e-07
1.043498750e+00  4.0913265e-07
1.043707449e+00  4.0916676e-07
1.043916191e+00  4.0919844e-07
1.044124974e+00  4.0922962e-07
1.044333799e+00  4.0926225e-07
1.044542666e+00  4.0929809e-07
1.044751574e+00  4.0933838e-07
1.044960525e+00  4.0938368e-07
1.045169517e+00  4.0943366e-07
1.045378551e+00  4.0948699e-07
1.045587626e+00  4.0954136e-07
1.045796744e+00  4.0959372e-07
1.046005903e+00  4.0964067e-07
1.046215104e+00  4.0967908e-07
1.046424347e+00  4.0970673e-07
1.046633632e+00  4.0972295e-07
1.046842959e+00  4.0972898e-07
1.047052328e+00  4.0972810e-07
1.047261738e+00  4.0972535e-07
1.047471190e+00  4.0972702e-07
1.047680685e+00  4.0973991e-07
1.047890221e+00  4.0977044e-07
1.048099799e+00  4.0982376e-07
1.048309419e+00  4.0990281e-07
1.048519081e+00  4.1000771e-07
1.048728785e+00  4.1013539e-07
1.048938530e+00  4.1027984e-07
1.049148318e+00  4.1043283e-07
1.049358148e+00  4.1058517e-07
1.049568019e+00  4.1072815e-07
1.049777933e+00  4.1085481e-07
1.049987888e+00  4.1096083e-07
